ISO-10303-21;
HEADER;
/* Generated by software containing ST-Developer
 * from STEP Tools, Inc. (www.steptools.com) 
 */

FILE_DESCRIPTION(
/* description */ (''),
/* implementation_level */ '2;1');

FILE_NAME(
/* name */ 'Bearing_Sprocket_V1.step',
/* time_stamp */ '2026-08-27T11:18:21-05:00',
/* author */ (''),
/* organization */ (''),
/* preprocessor_version */ 'ST-DEVELOPER v20.1',
/* originating_system */ 'Autodesk Translation Framework v15.8.0.0',
/* authorisation */ '');

FILE_SCHEMA (('AUTOMOTIVE_DESIGN { 1 0 10303 214 3 1 1 }'));
ENDSEC;

DATA;
#10=MECHANICAL_DESIGN_GEOMETRIC_PRESENTATION_REPRESENTATION('',(#13),#15042);
#11=SHAPE_REPRESENTATION_RELATIONSHIP('SRR','None',#15049,#12);
#12=ADVANCED_BREP_SHAPE_REPRESENTATION('',(#14),#15041);
#13=STYLED_ITEM('',(#15058),#14);
#14=MANIFOLD_SOLID_BREP('Body1',#6898);
#15=(
BOUNDED_SURFACE()
B_SPLINE_SURFACE(2,2,((#10702,#10703,#10704),(#10705,#10706,#10707),(#10708,
#10709,#10710)),.UNSPECIFIED.,.F.,.F.,.F.)
B_SPLINE_SURFACE_WITH_KNOTS((3,3),(3,3),(-9.02141376241061E-14,1.5707963267949),
(0.292471779775162,0.865584333314085),.UNSPECIFIED.)
GEOMETRIC_REPRESENTATION_ITEM()
RATIONAL_B_SPLINE_SURFACE(((1.,0.959222931875246,1.),(0.707106781186471,
0.678273039798555,0.707106781186471),(1.,0.959222931875246,1.)))
REPRESENTATION_ITEM('')
SURFACE()
);
#16=(
BOUNDED_SURFACE()
B_SPLINE_SURFACE(2,2,((#10722,#10723,#10724),(#10725,#10726,#10727),(#10728,
#10729,#10730)),.UNSPECIFIED.,.F.,.F.,.F.)
B_SPLINE_SURFACE_WITH_KNOTS((3,3),(3,3),(-2.64760249448586E-13,1.5707963267949),
(-0.27282550517142,0.27282550517142),.UNSPECIFIED.)
GEOMETRIC_REPRESENTATION_ITEM()
RATIONAL_B_SPLINE_SURFACE(((1.,0.963013399194914,1.),(0.70710678118641,
0.680953304944099,0.70710678118641),(1.,0.963013399194914,1.)))
REPRESENTATION_ITEM('')
SURFACE()
);
#17=(
BOUNDED_SURFACE()
B_SPLINE_SURFACE(2,2,((#10836,#10837,#10838),(#10839,#10840,#10841),(#10842,
#10843,#10844)),.UNSPECIFIED.,.F.,.F.,.F.)
B_SPLINE_SURFACE_WITH_KNOTS((3,3),(3,3),(-8.69959995008356E-14,1.57079632679492),
(0.685170861473885,1.2582834150128),.UNSPECIFIED.)
GEOMETRIC_REPRESENTATION_ITEM()
RATIONAL_B_SPLINE_SURFACE(((1.,0.959222931875247,1.),(0.707106781186468,
0.678273039798552,0.707106781186468),(1.,0.959222931875247,1.)))
REPRESENTATION_ITEM('')
SURFACE()
);
#18=(
BOUNDED_SURFACE()
B_SPLINE_SURFACE(2,2,((#10856,#10857,#10858),(#10859,#10860,#10861),(#10862,
#10863,#10864)),.UNSPECIFIED.,.F.,.F.,.F.)
B_SPLINE_SURFACE_WITH_KNOTS((3,3),(3,3),(-5.49268045168096E-13,1.5707963267949),
(-2.8504903816149,-2.30483937127205),.UNSPECIFIED.)
GEOMETRIC_REPRESENTATION_ITEM()
RATIONAL_B_SPLINE_SURFACE(((1.,0.963013399194913,1.),(0.70710678118639,
0.680953304944078,0.70710678118639),(1.,0.963013399194913,1.)))
REPRESENTATION_ITEM('')
SURFACE()
);
#19=(
BOUNDED_SURFACE()
B_SPLINE_SURFACE(2,2,((#10970,#10971,#10972),(#10973,#10974,#10975),(#10976,
#10977,#10978)),.UNSPECIFIED.,.F.,.F.,.F.)
B_SPLINE_SURFACE_WITH_KNOTS((3,3),(3,3),(-8.13508781176156E-14,1.57079632679495),
(1.07786994317261,1.65098249671153),.UNSPECIFIED.)
GEOMETRIC_REPRESENTATION_ITEM()
RATIONAL_B_SPLINE_SURFACE(((1.,0.959222931875247,1.),(0.707106781186364,
0.678273039798453,0.707106781186364),(1.,0.959222931875247,1.)))
REPRESENTATION_ITEM('')
SURFACE()
);
#20=(
BOUNDED_SURFACE()
B_SPLINE_SURFACE(2,2,((#10990,#10991,#10992),(#10993,#10994,#10995),(#10996,
#10997,#10998)),.UNSPECIFIED.,.F.,.F.,.F.)
B_SPLINE_SURFACE_WITH_KNOTS((3,3),(3,3),(-6.23530891756785E-13,1.5707963267949),
(-2.45779129991617,-1.91214028957334),.UNSPECIFIED.)
GEOMETRIC_REPRESENTATION_ITEM()
RATIONAL_B_SPLINE_SURFACE(((1.,0.963013399194915,1.),(0.707106781186235,
0.680953304943931,0.707106781186235),(1.,0.963013399194915,1.)))
REPRESENTATION_ITEM('')
SURFACE()
);
#21=(
BOUNDED_SURFACE()
B_SPLINE_SURFACE(2,2,((#11104,#11105,#11106),(#11107,#11108,#11109),(#11110,
#11111,#11112)),.UNSPECIFIED.,.F.,.F.,.F.)
B_SPLINE_SURFACE_WITH_KNOTS((3,3),(3,3),(-3.08391845587903E-15,1.5707963267949),
(1.47056902487133,2.04368157841026),.UNSPECIFIED.)
GEOMETRIC_REPRESENTATION_ITEM()
RATIONAL_B_SPLINE_SURFACE(((1.,0.959222931875245,1.),(0.707106781186621,
0.678273039798698,0.707106781186621),(1.,0.959222931875245,1.)))
REPRESENTATION_ITEM('')
SURFACE()
);
#22=(
BOUNDED_SURFACE()
B_SPLINE_SURFACE(2,2,((#11124,#11125,#11126),(#11127,#11128,#11129),(#11130,
#11131,#11132)),.UNSPECIFIED.,.F.,.F.,.F.)
B_SPLINE_SURFACE_WITH_KNOTS((3,3),(3,3),(-7.00223133787301E-13,1.5707963267949),
(-2.06509221821746,-1.5194412078746),.UNSPECIFIED.)
GEOMETRIC_REPRESENTATION_ITEM()
RATIONAL_B_SPLINE_SURFACE(((1.,0.963013399194911,1.),(0.707106781186288,
0.680953304943979,0.707106781186288),(1.,0.963013399194911,1.)))
REPRESENTATION_ITEM('')
SURFACE()
);
#23=(
BOUNDED_SURFACE()
B_SPLINE_SURFACE(2,2,((#11238,#11239,#11240),(#11241,#11242,#11243),(#11244,
#11245,#11246)),.UNSPECIFIED.,.F.,.F.,.F.)
B_SPLINE_SURFACE_WITH_KNOTS((3,3),(3,3),(4.59785669031395E-15,1.5707963267949),
(1.86326810657001,2.43638066010899),.UNSPECIFIED.)
GEOMETRIC_REPRESENTATION_ITEM()
RATIONAL_B_SPLINE_SURFACE(((1.,0.959222931875239,1.),(0.707106781186632,
0.678273039798704,0.707106781186632),(1.,0.959222931875239,1.)))
REPRESENTATION_ITEM('')
SURFACE()
);
#24=(
BOUNDED_SURFACE()
B_SPLINE_SURFACE(2,2,((#11258,#11259,#11260),(#11261,#11262,#11263),(#11264,
#11265,#11266)),.UNSPECIFIED.,.F.,.F.,.F.)
B_SPLINE_SURFACE_WITH_KNOTS((3,3),(3,3),(-6.36377894518728E-13,1.5707963267949),
(-1.67239313651873,-1.12674212617589),.UNSPECIFIED.)
GEOMETRIC_REPRESENTATION_ITEM()
RATIONAL_B_SPLINE_SURFACE(((1.,0.963013399194915,1.),(0.707106781186214,
0.680953304943911,0.707106781186214),(1.,0.963013399194915,1.)))
REPRESENTATION_ITEM('')
SURFACE()
);
#25=(
BOUNDED_SURFACE()
B_SPLINE_SURFACE(2,2,((#11372,#11373,#11374),(#11375,#11376,#11377),(#11378,
#11379,#11380)),.UNSPECIFIED.,.F.,.F.,.F.)
B_SPLINE_SURFACE_WITH_KNOTS((3,3),(3,3),(1.15793755323142E-14,1.57079632679492),
(2.25596718826874,2.82907974180769),.UNSPECIFIED.)
GEOMETRIC_REPRESENTATION_ITEM()
RATIONAL_B_SPLINE_SURFACE(((1.,0.959222931875242,1.),(0.707106781186621,
0.678273039798696,0.707106781186621),(1.,0.959222931875242,1.)))
REPRESENTATION_ITEM('')
SURFACE()
);
#26=(
BOUNDED_SURFACE()
B_SPLINE_SURFACE(2,2,((#11392,#11393,#11394),(#11395,#11396,#11397),(#11398,
#11399,#11400)),.UNSPECIFIED.,.F.,.F.,.F.)
B_SPLINE_SURFACE_WITH_KNOTS((3,3),(3,3),(-5.01951937403832E-13,1.5707963267949),
(-1.27969405482,-0.734043044477164),.UNSPECIFIED.)
GEOMETRIC_REPRESENTATION_ITEM()
RATIONAL_B_SPLINE_SURFACE(((1.,0.963013399194915,1.),(0.707106781186331,
0.680953304944023,0.707106781186331),(1.,0.963013399194915,1.)))
REPRESENTATION_ITEM('')
SURFACE()
);
#27=(
BOUNDED_SURFACE()
B_SPLINE_SURFACE(2,2,((#11506,#11507,#11508),(#11509,#11510,#11511),(#11512,
#11513,#11514)),.UNSPECIFIED.,.F.,.F.,.F.)
B_SPLINE_SURFACE_WITH_KNOTS((3,3),(3,3),(1.67995350484367E-14,1.5707963267949),
(-0.286556276769452,0.286556276769452),.UNSPECIFIED.)
GEOMETRIC_REPRESENTATION_ITEM()
RATIONAL_B_SPLINE_SURFACE(((1.,0.959222931875248,1.),(0.707106781186626,
0.678273039798705,0.707106781186626),(1.,0.959222931875248,1.)))
REPRESENTATION_ITEM('')
SURFACE()
);
#28=(
BOUNDED_SURFACE()
B_SPLINE_SURFACE(2,2,((#11526,#11527,#11528),(#11529,#11530,#11531),(#11532,
#11533,#11534)),.UNSPECIFIED.,.F.,.F.,.F.)
B_SPLINE_SURFACE_WITH_KNOTS((3,3),(3,3),(-2.95775657752308E-13,1.5707963267949),
(-0.886994973121271,-0.341343962778445),.UNSPECIFIED.)
GEOMETRIC_REPRESENTATION_ITEM()
RATIONAL_B_SPLINE_SURFACE(((1.,0.963013399194916,1.),(0.707106781186414,
0.680953304944104,0.707106781186414),(1.,0.963013399194916,1.)))
REPRESENTATION_ITEM('')
SURFACE()
);
#29=(
BOUNDED_SURFACE()
B_SPLINE_SURFACE(2,2,((#11640,#11641,#11642),(#11643,#11644,#11645),(#11646,
#11647,#11648)),.UNSPECIFIED.,.F.,.F.,.F.)
B_SPLINE_SURFACE_WITH_KNOTS((3,3),(3,3),(1.80233619469772E-14,1.5707963267949),
(-0.28655627676946,0.286556276769459),.UNSPECIFIED.)
GEOMETRIC_REPRESENTATION_ITEM()
RATIONAL_B_SPLINE_SURFACE(((1.,0.959222931875246,1.),(0.707106781186619,
0.678273039798697,0.707106781186619),(1.,0.959222931875246,1.)))
REPRESENTATION_ITEM('')
SURFACE()
);
#30=(
BOUNDED_SURFACE()
B_SPLINE_SURFACE(2,2,((#11660,#11661,#11662),(#11663,#11664,#11665),(#11666,
#11667,#11668)),.UNSPECIFIED.,.F.,.F.,.F.)
B_SPLINE_SURFACE_WITH_KNOTS((3,3),(3,3),(-1.97036130936601E-14,1.5707963267949),
(-0.494295891422548,0.0513551189202842),.UNSPECIFIED.)
GEOMETRIC_REPRESENTATION_ITEM()
RATIONAL_B_SPLINE_SURFACE(((1.,0.963013399194915,1.),(0.707106781186409,
0.680953304944099,0.707106781186409),(1.,0.963013399194915,1.)))
REPRESENTATION_ITEM('')
SURFACE()
);
#31=(
BOUNDED_SURFACE()
B_SPLINE_SURFACE(2,2,((#11774,#11775,#11776),(#11777,#11778,#11779),(#11780,
#11781,#11782)),.UNSPECIFIED.,.F.,.F.,.F.)
B_SPLINE_SURFACE_WITH_KNOTS((3,3),(3,3),(1.36050392046746E-14,1.57079632679492),
(-2.84912087381462,-2.27600832027572),.UNSPECIFIED.)
GEOMETRIC_REPRESENTATION_ITEM()
RATIONAL_B_SPLINE_SURFACE(((1.,0.959222931875249,1.),(0.707106781186613,
0.678273039798693,0.707106781186613),(1.,0.959222931875249,1.)))
REPRESENTATION_ITEM('')
SURFACE()
);
#32=(
BOUNDED_SURFACE()
B_SPLINE_SURFACE(2,2,((#11794,#11795,#11796),(#11797,#11798,#11799),(#11800,
#11801,#11802)),.UNSPECIFIED.,.F.,.F.,.F.)
B_SPLINE_SURFACE_WITH_KNOTS((3,3),(3,3),(-1.96991508547483E-14,1.5707963267949),
(-0.10159680972382,0.444054200619003),.UNSPECIFIED.)
GEOMETRIC_REPRESENTATION_ITEM()
RATIONAL_B_SPLINE_SURFACE(((1.,0.963013399194916,1.),(0.707106781186409,
0.680953304944099,0.707106781186409),(1.,0.963013399194916,1.)))
REPRESENTATION_ITEM('')
SURFACE()
);
#33=(
BOUNDED_SURFACE()
B_SPLINE_SURFACE(2,2,((#11908,#11909,#11910),(#11911,#11912,#11913),(#11914,
#11915,#11916)),.UNSPECIFIED.,.F.,.F.,.F.)
B_SPLINE_SURFACE_WITH_KNOTS((3,3),(3,3),(7.11419905753975E-15,1.5707963267949),
(-2.45642179211591,-1.88330923857701),.UNSPECIFIED.)
GEOMETRIC_REPRESENTATION_ITEM()
RATIONAL_B_SPLINE_SURFACE(((1.,0.959222931875249,1.),(0.707106781186619,
0.678273039798698,0.707106781186619),(1.,0.959222931875249,1.)))
REPRESENTATION_ITEM('')
SURFACE()
);
#34=(
BOUNDED_SURFACE()
B_SPLINE_SURFACE(2,2,((#11928,#11929,#11930),(#11931,#11932,#11933),(#11934,
#11935,#11936)),.UNSPECIFIED.,.F.,.F.,.F.)
B_SPLINE_SURFACE_WITH_KNOTS((3,3),(3,3),(-1.91663760643116E-14,1.5707963267949),
(0.291102271974898,0.836753282317722),.UNSPECIFIED.)
GEOMETRIC_REPRESENTATION_ITEM()
RATIONAL_B_SPLINE_SURFACE(((1.,0.963013399194916,1.),(0.707106781186407,
0.680953304944098,0.707106781186407),(1.,0.963013399194916,1.)))
REPRESENTATION_ITEM('')
SURFACE()
);
#35=(
BOUNDED_SURFACE()
B_SPLINE_SURFACE(2,2,((#12042,#12043,#12044),(#12045,#12046,#12047),(#12048,
#12049,#12050)),.UNSPECIFIED.,.F.,.F.,.F.)
B_SPLINE_SURFACE_WITH_KNOTS((3,3),(3,3),(-4.58259152629084E-16,1.57079632679492),
(-2.06372271041718,-1.49061015687827),.UNSPECIFIED.)
GEOMETRIC_REPRESENTATION_ITEM()
RATIONAL_B_SPLINE_SURFACE(((1.,0.959222931875248,1.),(0.707106781186615,
0.678273039798695,0.707106781186615),(1.,0.959222931875248,1.)))
REPRESENTATION_ITEM('')
SURFACE()
);
#36=(
BOUNDED_SURFACE()
B_SPLINE_SURFACE(2,2,((#12062,#12063,#12064),(#12065,#12066,#12067),(#12068,
#12069,#12070)),.UNSPECIFIED.,.F.,.F.,.F.)
B_SPLINE_SURFACE_WITH_KNOTS((3,3),(3,3),(-1.59581282945317E-14,1.5707963267949),
(0.683801353673626,1.22945236401645),.UNSPECIFIED.)
GEOMETRIC_REPRESENTATION_ITEM()
RATIONAL_B_SPLINE_SURFACE(((1.,0.963013399194916,1.),(0.707106781186405,
0.680953304944096,0.707106781186405),(1.,0.963013399194916,1.)))
REPRESENTATION_ITEM('')
SURFACE()
);
#37=(
BOUNDED_SURFACE()
B_SPLINE_SURFACE(2,2,((#12176,#12177,#12178),(#12179,#12180,#12181),(#12182,
#12183,#12184)),.UNSPECIFIED.,.F.,.F.,.F.)
B_SPLINE_SURFACE_WITH_KNOTS((3,3),(3,3),(-7.96228791828491E-15,1.57079632679491),
(-1.67102362871847,-1.09791107517956),.UNSPECIFIED.)
GEOMETRIC_REPRESENTATION_ITEM()
RATIONAL_B_SPLINE_SURFACE(((1.,0.959222931875248,1.),(0.707106781186612,
0.678273039798692,0.707106781186612),(1.,0.959222931875248,1.)))
REPRESENTATION_ITEM('')
SURFACE()
);
#38=(
BOUNDED_SURFACE()
B_SPLINE_SURFACE(2,2,((#12196,#12197,#12198),(#12199,#12200,#12201),(#12202,
#12203,#12204)),.UNSPECIFIED.,.F.,.F.,.F.)
B_SPLINE_SURFACE_WITH_KNOTS((3,3),(3,3),(-1.03196390848011E-14,1.5707963267949),
(1.07650043537236,1.62215144571517),.UNSPECIFIED.)
GEOMETRIC_REPRESENTATION_ITEM()
RATIONAL_B_SPLINE_SURFACE(((1.,0.963013399194917,1.),(0.707106781186404,
0.680953304944095,0.707106781186404),(1.,0.963013399194917,1.)))
REPRESENTATION_ITEM('')
SURFACE()
);
#39=(
BOUNDED_SURFACE()
B_SPLINE_SURFACE(2,2,((#12310,#12311,#12312),(#12313,#12314,#12315),(#12316,
#12317,#12318)),.UNSPECIFIED.,.F.,.F.,.F.)
B_SPLINE_SURFACE_WITH_KNOTS((3,3),(3,3),(-1.4252976923055E-14,1.5707963267949),
(-1.27832454701974,-0.705211993480815),.UNSPECIFIED.)
GEOMETRIC_REPRESENTATION_ITEM()
RATIONAL_B_SPLINE_SURFACE(((1.,0.959222931875245,1.),(0.707106781186405,
0.678273039798492,0.707106781186405),(1.,0.959222931875245,1.)))
REPRESENTATION_ITEM('')
SURFACE()
);
#40=(
BOUNDED_SURFACE()
B_SPLINE_SURFACE(2,2,((#12330,#12331,#12332),(#12333,#12334,#12335),(#12336,
#12337,#12338)),.UNSPECIFIED.,.F.,.F.,.F.)
B_SPLINE_SURFACE_WITH_KNOTS((3,3),(3,3),(-3.11056766536271E-15,1.5707963267949),
(1.46919951707107,2.01485052741389),.UNSPECIFIED.)
GEOMETRIC_REPRESENTATION_ITEM()
RATIONAL_B_SPLINE_SURFACE(((1.,0.963013399194916,1.),(0.707106781186618,
0.6809533049443,0.707106781186618),(1.,0.963013399194916,1.)))
REPRESENTATION_ITEM('')
SURFACE()
);
#41=(
BOUNDED_SURFACE()
B_SPLINE_SURFACE(2,2,((#12444,#12445,#12446),(#12447,#12448,#12449),(#12450,
#12451,#12452)),.UNSPECIFIED.,.F.,.F.,.F.)
B_SPLINE_SURFACE_WITH_KNOTS((3,3),(3,3),(-8.2634680195279E-14,1.57079632679491),
(-0.885625465321046,-0.312512911782113),.UNSPECIFIED.)
GEOMETRIC_REPRESENTATION_ITEM()
RATIONAL_B_SPLINE_SURFACE(((1.,0.959222931875244,1.),(0.707106781186456,
0.678273039798539,0.707106781186456),(1.,0.959222931875244,1.)))
REPRESENTATION_ITEM('')
SURFACE()
);
#42=(
BOUNDED_SURFACE()
B_SPLINE_SURFACE(2,2,((#12464,#12465,#12466),(#12467,#12468,#12469),(#12470,
#12471,#12472)),.UNSPECIFIED.,.F.,.F.,.F.)
B_SPLINE_SURFACE_WITH_KNOTS((3,3),(3,3),(4.5719068065457E-15,1.5707963267949),
(1.8618985987698,2.40754960911262),.UNSPECIFIED.)
GEOMETRIC_REPRESENTATION_ITEM()
RATIONAL_B_SPLINE_SURFACE(((1.,0.963013399194916,1.),(0.707106781186617,
0.6809533049443,0.707106781186617),(1.,0.963013399194916,1.)))
REPRESENTATION_ITEM('')
SURFACE()
);
#43=(
BOUNDED_SURFACE()
B_SPLINE_SURFACE(2,2,((#12578,#12579,#12580),(#12581,#12582,#12583),(#12584,
#12585,#12586)),.UNSPECIFIED.,.F.,.F.,.F.)
B_SPLINE_SURFACE_WITH_KNOTS((3,3),(3,3),(-8.78538086244465E-14,1.5707963267949),
(-0.492926383622369,0.0801861699166214),.UNSPECIFIED.)
GEOMETRIC_REPRESENTATION_ITEM()
RATIONAL_B_SPLINE_SURFACE(((1.,0.959222931875236,1.),(0.707106781186457,
0.678273039798535,0.707106781186457),(1.,0.959222931875236,1.)))
REPRESENTATION_ITEM('')
SURFACE()
);
#44=(
BOUNDED_SURFACE()
B_SPLINE_SURFACE(2,2,((#12598,#12599,#12600),(#12601,#12602,#12603),(#12604,
#12605,#12606)),.UNSPECIFIED.,.F.,.F.,.F.)
B_SPLINE_SURFACE_WITH_KNOTS((3,3),(3,3),(1.15585634482678E-14,1.5707963267949),
(2.25459768046852,2.80024869081134),.UNSPECIFIED.)
GEOMETRIC_REPRESENTATION_ITEM()
RATIONAL_B_SPLINE_SURFACE(((1.,0.963013399194915,1.),(0.707106781186619,
0.680953304944301,0.707106781186619),(1.,0.963013399194915,1.)))
REPRESENTATION_ITEM('')
SURFACE()
);
#45=(
BOUNDED_SURFACE()
B_SPLINE_SURFACE(2,2,((#12712,#12713,#12714),(#12715,#12716,#12717),(#12718,
#12719,#12720)),.UNSPECIFIED.,.F.,.F.,.F.)
B_SPLINE_SURFACE_WITH_KNOTS((3,3),(3,3),(-9.05153601306542E-14,1.5707963267949),
(-0.100227301923588,0.472885251615354),.UNSPECIFIED.)
GEOMETRIC_REPRESENTATION_ITEM()
RATIONAL_B_SPLINE_SURFACE(((1.,0.959222931875243,1.),(0.707106781186449,
0.678273039798531,0.707106781186449),(1.,0.959222931875243,1.)))
REPRESENTATION_ITEM('')
SURFACE()
);
#46=(
BOUNDED_SURFACE()
B_SPLINE_SURFACE(2,2,((#12732,#12733,#12734),(#12735,#12736,#12737),(#12738,
#12739,#12740)),.UNSPECIFIED.,.F.,.F.,.F.)
B_SPLINE_SURFACE_WITH_KNOTS((3,3),(3,3),(1.67844883564134E-14,1.5707963267949),
(-0.272825505171415,0.272825505171415),.UNSPECIFIED.)
GEOMETRIC_REPRESENTATION_ITEM()
RATIONAL_B_SPLINE_SURFACE(((1.,0.963013399194915,1.),(0.707106781186614,
0.680953304944296,0.707106781186614),(1.,0.963013399194915,1.)))
REPRESENTATION_ITEM('')
SURFACE()
);
#47=(
BOUNDED_SURFACE()
B_SPLINE_SURFACE(2,2,((#12795,#12796,#12797),(#12798,#12799,#12800),(#12801,
#12802,#12803)),.UNSPECIFIED.,.F.,.F.,.F.)
B_SPLINE_SURFACE_WITH_KNOTS((3,3),(3,3),(-1.24084751761472E-13,1.5707963267949),
(-0.286556276769477,0.286556276769476),.UNSPECIFIED.)
GEOMETRIC_REPRESENTATION_ITEM()
RATIONAL_B_SPLINE_SURFACE(((1.,0.959222931875242,1.),(0.7071067811865,0.67827303979858,
0.7071067811865),(1.,0.959222931875242,1.)))
REPRESENTATION_ITEM('')
SURFACE()
);
#48=(
BOUNDED_SURFACE()
B_SPLINE_SURFACE(2,2,((#12875,#12876,#12877),(#12878,#12879,#12880),(#12881,
#12882,#12883)),.UNSPECIFIED.,.F.,.F.,.F.)
B_SPLINE_SURFACE_WITH_KNOTS((3,3),(3,3),(-9.07578866696702E-14,1.5707963267949),
(-0.0513551189202768,0.49429589142256),.UNSPECIFIED.)
GEOMETRIC_REPRESENTATION_ITEM()
RATIONAL_B_SPLINE_SURFACE(((1.,0.963013399194914,1.),(0.707106781186449,
0.680953304944136,0.707106781186449),(1.,0.963013399194914,1.)))
REPRESENTATION_ITEM('')
SURFACE()
);
#49=(
BOUNDED_SURFACE()
B_SPLINE_SURFACE(2,2,((#12942,#12943,#12944),(#12945,#12946,#12947),(#12948,
#12949,#12950)),.UNSPECIFIED.,.F.,.F.,.F.)
B_SPLINE_SURFACE_WITH_KNOTS((3,3),(3,3),(1.36050392046744E-14,1.5707963267949),
(2.27600832027564,2.84912087381464),.UNSPECIFIED.)
GEOMETRIC_REPRESENTATION_ITEM()
RATIONAL_B_SPLINE_SURFACE(((1.,0.959222931875236,1.),(0.707106781186642,
0.678273039798712,0.707106781186642),(1.,0.959222931875236,1.)))
REPRESENTATION_ITEM('')
SURFACE()
);
#50=(
BOUNDED_SURFACE()
B_SPLINE_SURFACE(2,2,((#13019,#13020,#13021),(#13022,#13023,#13024),(#13025,
#13026,#13027)),.UNSPECIFIED.,.F.,.F.,.F.)
B_SPLINE_SURFACE_WITH_KNOTS((3,3),(3,3),(-8.93000883311986E-14,1.5707963267949),
(-0.444054200618997,0.10159680972383),.UNSPECIFIED.)
GEOMETRIC_REPRESENTATION_ITEM()
RATIONAL_B_SPLINE_SURFACE(((1.,0.963013399194916,1.),(0.707106781186453,
0.680953304944141,0.707106781186453),(1.,0.963013399194916,1.)))
REPRESENTATION_ITEM('')
SURFACE()
);
#51=(
BOUNDED_SURFACE()
B_SPLINE_SURFACE(2,2,((#13083,#13084,#13085),(#13086,#13087,#13088),(#13089,
#13090,#13091)),.UNSPECIFIED.,.F.,.F.,.F.)
B_SPLINE_SURFACE_WITH_KNOTS((3,3),(3,3),(-1.91663760643114E-14,1.5707963267949),
(-0.836753282317747,-0.291102271974896),.UNSPECIFIED.)
GEOMETRIC_REPRESENTATION_ITEM()
RATIONAL_B_SPLINE_SURFACE(((1.,0.963013399194912,1.),(0.707106781186418,
0.680953304944106,0.707106781186418),(1.,0.963013399194912,1.)))
REPRESENTATION_ITEM('')
SURFACE()
);
#52=(
BOUNDED_SURFACE()
B_SPLINE_SURFACE(2,2,((#13160,#13161,#13162),(#13163,#13164,#13165),(#13166,
#13167,#13168)),.UNSPECIFIED.,.F.,.F.,.F.)
B_SPLINE_SURFACE_WITH_KNOTS((3,3),(3,3),(7.1141990575399E-15,1.57079632679492),
(1.88330923857701,2.45642179211592),.UNSPECIFIED.)
GEOMETRIC_REPRESENTATION_ITEM()
RATIONAL_B_SPLINE_SURFACE(((1.,0.959222931875248,1.),(0.707106781186621,
0.6782730397987,0.707106781186621),(1.,0.959222931875248,1.)))
REPRESENTATION_ITEM('')
SURFACE()
);
#53=(
BOUNDED_SURFACE()
B_SPLINE_SURFACE(2,2,((#13211,#13212,#13213),(#13214,#13215,#13216),(#13217,
#13218,#13219)),.UNSPECIFIED.,.F.,.F.,.F.)
B_SPLINE_SURFACE_WITH_KNOTS((3,3),(3,3),(-4.58259152629083E-16,1.5707963267949),
(1.4906101568782,2.06372271041719),.UNSPECIFIED.)
GEOMETRIC_REPRESENTATION_ITEM()
RATIONAL_B_SPLINE_SURFACE(((1.,0.959222931875236,1.),(0.707106781186629,
0.678273039798699,0.707106781186629),(1.,0.959222931875236,1.)))
REPRESENTATION_ITEM('')
SURFACE()
);
#54=(
BOUNDED_SURFACE()
B_SPLINE_SURFACE(2,2,((#13288,#13289,#13290),(#13291,#13292,#13293),(#13294,
#13295,#13296)),.UNSPECIFIED.,.F.,.F.,.F.)
B_SPLINE_SURFACE_WITH_KNOTS((3,3),(3,3),(-1.59581282945317E-14,1.5707963267949),
(-1.22945236401645,-0.683801353673623),.UNSPECIFIED.)
GEOMETRIC_REPRESENTATION_ITEM()
RATIONAL_B_SPLINE_SURFACE(((1.,0.963013399194916,1.),(0.707106781186418,
0.680953304944108,0.707106781186418),(1.,0.963013399194916,1.)))
REPRESENTATION_ITEM('')
SURFACE()
);
#55=(
BOUNDED_SURFACE()
B_SPLINE_SURFACE(2,2,((#13352,#13353,#13354),(#13355,#13356,#13357),(#13358,
#13359,#13360)),.UNSPECIFIED.,.F.,.F.,.F.)
B_SPLINE_SURFACE_WITH_KNOTS((3,3),(3,3),(-7.96228791828477E-15,1.5707963267949),
(1.09791107517954,1.67102362871847),.UNSPECIFIED.)
GEOMETRIC_REPRESENTATION_ITEM()
RATIONAL_B_SPLINE_SURFACE(((1.,0.959222931875246,1.),(0.707106781186621,
0.678273039798698,0.707106781186621),(1.,0.959222931875246,1.)))
REPRESENTATION_ITEM('')
SURFACE()
);
#56=(
BOUNDED_SURFACE()
B_SPLINE_SURFACE(2,2,((#13429,#13430,#13431),(#13432,#13433,#13434),(#13435,
#13436,#13437)),.UNSPECIFIED.,.F.,.F.,.F.)
B_SPLINE_SURFACE_WITH_KNOTS((3,3),(3,3),(-1.03196390848013E-14,1.5707963267949),
(-1.62215144571519,-1.07650043537233),.UNSPECIFIED.)
GEOMETRIC_REPRESENTATION_ITEM()
RATIONAL_B_SPLINE_SURFACE(((1.,0.963013399194912,1.),(0.707106781186393,
0.680953304944081,0.707106781186393),(1.,0.963013399194912,1.)))
REPRESENTATION_ITEM('')
SURFACE()
);
#57=(
BOUNDED_SURFACE()
B_SPLINE_SURFACE(2,2,((#13493,#13494,#13495),(#13496,#13497,#13498),(#13499,
#13500,#13501)),.UNSPECIFIED.,.F.,.F.,.F.)
B_SPLINE_SURFACE_WITH_KNOTS((3,3),(3,3),(-1.42529769230551E-14,1.5707963267949),
(0.705211993480729,1.27832454701974),.UNSPECIFIED.)
GEOMETRIC_REPRESENTATION_ITEM()
RATIONAL_B_SPLINE_SURFACE(((1.,0.959222931875233,1.),(0.707106781186408,
0.678273039798485,0.707106781186408),(1.,0.959222931875233,1.)))
REPRESENTATION_ITEM('')
SURFACE()
);
#58=(
BOUNDED_SURFACE()
B_SPLINE_SURFACE(2,2,((#13570,#13571,#13572),(#13573,#13574,#13575),(#13576,
#13577,#13578)),.UNSPECIFIED.,.F.,.F.,.F.)
B_SPLINE_SURFACE_WITH_KNOTS((3,3),(3,3),(-3.11056766536272E-15,1.5707963267949),
(-2.0148505274139,-1.46919951707106),.UNSPECIFIED.)
GEOMETRIC_REPRESENTATION_ITEM()
RATIONAL_B_SPLINE_SURFACE(((1.,0.963013399194915,1.),(0.707106781186621,
0.680953304944303,0.707106781186621),(1.,0.963013399194915,1.)))
REPRESENTATION_ITEM('')
SURFACE()
);
#59=(
BOUNDED_SURFACE()
B_SPLINE_SURFACE(2,2,((#13634,#13635,#13636),(#13637,#13638,#13639),(#13640,
#13641,#13642)),.UNSPECIFIED.,.F.,.F.,.F.)
B_SPLINE_SURFACE_WITH_KNOTS((3,3),(3,3),(-1.83744567568726E-14,1.5707963267949),
(0.312512911782071,0.885625465321046),.UNSPECIFIED.)
GEOMETRIC_REPRESENTATION_ITEM()
RATIONAL_B_SPLINE_SURFACE(((1.,0.959222931875239,1.),(0.707106781186426,
0.678273039798506,0.707106781186426),(1.,0.959222931875239,1.)))
REPRESENTATION_ITEM('')
SURFACE()
);
#60=(
BOUNDED_SURFACE()
B_SPLINE_SURFACE(2,2,((#13711,#13712,#13713),(#13714,#13715,#13716),(#13717,
#13718,#13719)),.UNSPECIFIED.,.F.,.F.,.F.)
B_SPLINE_SURFACE_WITH_KNOTS((3,3),(3,3),(4.57190680654565E-15,1.5707963267949),
(-2.40754960911262,-1.86189859876979),.UNSPECIFIED.)
GEOMETRIC_REPRESENTATION_ITEM()
RATIONAL_B_SPLINE_SURFACE(((1.,0.963013399194916,1.),(0.707106781186632,
0.680953304944314,0.707106781186632),(1.,0.963013399194916,1.)))
REPRESENTATION_ITEM('')
SURFACE()
);
#61=(
BOUNDED_SURFACE()
B_SPLINE_SURFACE(2,2,((#13775,#13776,#13777),(#13778,#13779,#13780),(#13781,
#13782,#13783)),.UNSPECIFIED.,.F.,.F.,.F.)
B_SPLINE_SURFACE_WITH_KNOTS((3,3),(3,3),(-1.96987788190932E-14,1.5707963267949),
(-0.0801861699166978,0.492926383622278),.UNSPECIFIED.)
GEOMETRIC_REPRESENTATION_ITEM()
RATIONAL_B_SPLINE_SURFACE(((1.,0.959222931875238,1.),(0.707106781186426,
0.678273039798506,0.707106781186426),(1.,0.959222931875238,1.)))
REPRESENTATION_ITEM('')
SURFACE()
);
#62=(
BOUNDED_SURFACE()
B_SPLINE_SURFACE(2,2,((#13852,#13853,#13854),(#13855,#13856,#13857),(#13858,
#13859,#13860)),.UNSPECIFIED.,.F.,.F.,.F.)
B_SPLINE_SURFACE_WITH_KNOTS((3,3),(3,3),(1.15585634482679E-14,1.5707963267949),
(-2.80024869081134,-2.25459768046852),.UNSPECIFIED.)
GEOMETRIC_REPRESENTATION_ITEM()
RATIONAL_B_SPLINE_SURFACE(((1.,0.963013399194916,1.),(0.707106781186632,
0.680953304944314,0.707106781186632),(1.,0.963013399194916,1.)))
REPRESENTATION_ITEM('')
SURFACE()
);
#63=(
BOUNDED_SURFACE()
B_SPLINE_SURFACE(2,2,((#13916,#13917,#13918),(#13919,#13920,#13921),(#13922,
#13923,#13924)),.UNSPECIFIED.,.F.,.F.,.F.)
B_SPLINE_SURFACE_WITH_KNOTS((3,3),(3,3),(-1.97022833056343E-14,1.5707963267949),
(-0.472885251615387,0.100227301923566),.UNSPECIFIED.)
GEOMETRIC_REPRESENTATION_ITEM()
RATIONAL_B_SPLINE_SURFACE(((1.,0.959222931875242,1.),(0.707106781186404,
0.678273039798487,0.707106781186404),(1.,0.959222931875242,1.)))
REPRESENTATION_ITEM('')
SURFACE()
);
#64=(
BOUNDED_SURFACE()
B_SPLINE_SURFACE(2,2,((#13993,#13994,#13995),(#13996,#13997,#13998),(#13999,
#14000,#14001)),.UNSPECIFIED.,.F.,.F.,.F.)
B_SPLINE_SURFACE_WITH_KNOTS((3,3),(3,3),(1.67844883564134E-14,1.5707963267949),
(-0.272825505171413,0.272825505171413),.UNSPECIFIED.)
GEOMETRIC_REPRESENTATION_ITEM()
RATIONAL_B_SPLINE_SURFACE(((1.,0.963013399194916,1.),(0.707106781186608,
0.680953304944291,0.707106781186608),(1.,0.963013399194916,1.)))
REPRESENTATION_ITEM('')
SURFACE()
);
#65=(
BOUNDED_SURFACE()
B_SPLINE_SURFACE(2,2,((#14057,#14058,#14059),(#14060,#14061,#14062),(#14063,
#14064,#14065)),.UNSPECIFIED.,.F.,.F.,.F.)
B_SPLINE_SURFACE_WITH_KNOTS((3,3),(3,3),(-1.55713586356695E-13,1.5707963267949),
(-0.865584333314136,-0.292471779775169),.UNSPECIFIED.)
GEOMETRIC_REPRESENTATION_ITEM()
RATIONAL_B_SPLINE_SURFACE(((1.,0.95922293187524,1.),(0.7071067811865,0.678273039798578,
0.7071067811865),(1.,0.95922293187524,1.)))
REPRESENTATION_ITEM('')
SURFACE()
);
#66=(
BOUNDED_SURFACE()
B_SPLINE_SURFACE(2,2,((#14134,#14135,#14136),(#14137,#14138,#14139),(#14140,
#14141,#14142)),.UNSPECIFIED.,.F.,.F.,.F.)
B_SPLINE_SURFACE_WITH_KNOTS((3,3),(3,3),(1.82458147551886E-14,1.5707963267949),
(-0.272825505171412,0.272825505171412),.UNSPECIFIED.)
GEOMETRIC_REPRESENTATION_ITEM()
RATIONAL_B_SPLINE_SURFACE(((1.,0.963013399194916,1.),(0.707106781186624,
0.680953304944306,0.707106781186624),(1.,0.963013399194916,1.)))
REPRESENTATION_ITEM('')
SURFACE()
);
#67=(
BOUNDED_SURFACE()
B_SPLINE_SURFACE(2,2,((#14198,#14199,#14200),(#14201,#14202,#14203),(#14204,
#14205,#14206)),.UNSPECIFIED.,.F.,.F.,.F.)
B_SPLINE_SURFACE_WITH_KNOTS((3,3),(3,3),(-5.49268045168094E-13,1.5707963267949),
(2.30483937127207,2.85049038161489),.UNSPECIFIED.)
GEOMETRIC_REPRESENTATION_ITEM()
RATIONAL_B_SPLINE_SURFACE(((1.,0.963013399194916,1.),(0.707106781186384,
0.680953304944075,0.707106781186384),(1.,0.963013399194916,1.)))
REPRESENTATION_ITEM('')
SURFACE()
);
#68=(
BOUNDED_SURFACE()
B_SPLINE_SURFACE(2,2,((#14275,#14276,#14277),(#14278,#14279,#14280),(#14281,
#14282,#14283)),.UNSPECIFIED.,.F.,.F.,.F.)
B_SPLINE_SURFACE_WITH_KNOTS((3,3),(3,3),(-8.69959995008358E-14,1.5707963267949),
(-1.25828341501279,-0.685170861473887),.UNSPECIFIED.)
GEOMETRIC_REPRESENTATION_ITEM()
RATIONAL_B_SPLINE_SURFACE(((1.,0.959222931875249,1.),(0.707106781186455,
0.678273039798542,0.707106781186455),(1.,0.959222931875249,1.)))
REPRESENTATION_ITEM('')
SURFACE()
);
#69=(
BOUNDED_SURFACE()
B_SPLINE_SURFACE(2,2,((#14326,#14327,#14328),(#14329,#14330,#14331),(#14332,
#14333,#14334)),.UNSPECIFIED.,.F.,.F.,.F.)
B_SPLINE_SURFACE_WITH_KNOTS((3,3),(3,3),(-6.23530891756787E-13,1.5707963267949),
(1.91214028957335,2.45779129991617),.UNSPECIFIED.)
GEOMETRIC_REPRESENTATION_ITEM()
RATIONAL_B_SPLINE_SURFACE(((1.,0.963013399194916,1.),(0.707106781186223,
0.680953304943921,0.707106781186223),(1.,0.963013399194916,1.)))
REPRESENTATION_ITEM('')
SURFACE()
);
#70=(
BOUNDED_SURFACE()
B_SPLINE_SURFACE(2,2,((#14403,#14404,#14405),(#14406,#14407,#14408),(#14409,
#14410,#14411)),.UNSPECIFIED.,.F.,.F.,.F.)
B_SPLINE_SURFACE_WITH_KNOTS((3,3),(3,3),(-8.13508781176157E-14,1.57079632679492),
(-1.65098249671152,-1.07786994317262),.UNSPECIFIED.)
GEOMETRIC_REPRESENTATION_ITEM()
RATIONAL_B_SPLINE_SURFACE(((1.,0.959222931875248,1.),(0.707106781186447,
0.678273039798533,0.707106781186447),(1.,0.959222931875248,1.)))
REPRESENTATION_ITEM('')
SURFACE()
);
#71=(
BOUNDED_SURFACE()
B_SPLINE_SURFACE(2,2,((#14454,#14455,#14456),(#14457,#14458,#14459),(#14460,
#14461,#14462)),.UNSPECIFIED.,.F.,.F.,.F.)
B_SPLINE_SURFACE_WITH_KNOTS((3,3),(3,3),(-7.0258112520384E-13,1.5707963267949),
(-2.04368157841028,-1.47056902487133),.UNSPECIFIED.)
GEOMETRIC_REPRESENTATION_ITEM()
RATIONAL_B_SPLINE_SURFACE(((1.,0.959222931875241,1.),(0.70710678118627,
0.678273039798358,0.70710678118627),(1.,0.959222931875241,1.)))
REPRESENTATION_ITEM('')
SURFACE()
);
#72=(
BOUNDED_SURFACE()
B_SPLINE_SURFACE(2,2,((#14531,#14532,#14533),(#14534,#14535,#14536),(#14537,
#14538,#14539)),.UNSPECIFIED.,.F.,.F.,.F.)
B_SPLINE_SURFACE_WITH_KNOTS((3,3),(3,3),(1.0988168778228E-16,1.5707963267949),
(1.51944120787462,2.06509221821744),.UNSPECIFIED.)
GEOMETRIC_REPRESENTATION_ITEM()
RATIONAL_B_SPLINE_SURFACE(((1.,0.963013399194916,1.),(0.707106781186614,
0.680953304944297,0.707106781186614),(1.,0.963013399194916,1.)))
REPRESENTATION_ITEM('')
SURFACE()
);
#73=(
BOUNDED_SURFACE()
B_SPLINE_SURFACE(2,2,((#14595,#14596,#14597),(#14598,#14599,#14600),(#14601,
#14602,#14603)),.UNSPECIFIED.,.F.,.F.,.F.)
B_SPLINE_SURFACE_WITH_KNOTS((3,3),(3,3),(-6.96289758837045E-13,1.5707963267949),
(-2.43638066010899,-1.86326810657006),.UNSPECIFIED.)
GEOMETRIC_REPRESENTATION_ITEM()
RATIONAL_B_SPLINE_SURFACE(((1.,0.959222931875245,1.),(0.707106781186269,
0.67827303979836,0.707106781186269),(1.,0.959222931875245,1.)))
REPRESENTATION_ITEM('')
SURFACE()
);
#74=(
BOUNDED_SURFACE()
B_SPLINE_SURFACE(2,2,((#14672,#14673,#14674),(#14675,#14676,#14677),(#14678,
#14679,#14680)),.UNSPECIFIED.,.F.,.F.,.F.)
B_SPLINE_SURFACE_WITH_KNOTS((3,3),(3,3),(-7.43909818668635E-15,1.5707963267949),
(1.1267421261759,1.67239313651873),.UNSPECIFIED.)
GEOMETRIC_REPRESENTATION_ITEM()
RATIONAL_B_SPLINE_SURFACE(((1.,0.963013399194916,1.),(0.707106781186614,
0.680953304944297,0.707106781186614),(1.,0.963013399194916,1.)))
REPRESENTATION_ITEM('')
SURFACE()
);
#75=(
BOUNDED_SURFACE()
B_SPLINE_SURFACE(2,2,((#14736,#14737,#14738),(#14739,#14740,#14741),(#14742,
#14743,#14744)),.UNSPECIFIED.,.F.,.F.,.F.)
B_SPLINE_SURFACE_WITH_KNOTS((3,3),(3,3),(-5.73006210979839E-13,1.5707963267949),
(0.734043044477148,1.27969405482),.UNSPECIFIED.)
GEOMETRIC_REPRESENTATION_ITEM()
RATIONAL_B_SPLINE_SURFACE(((1.,0.963013399194913,1.),(0.707106781186379,
0.680953304944069,0.707106781186379),(1.,0.963013399194913,1.)))
REPRESENTATION_ITEM('')
SURFACE()
);
#76=(
BOUNDED_SURFACE()
B_SPLINE_SURFACE(2,2,((#14813,#14814,#14815),(#14816,#14817,#14818),(#14819,
#14820,#14821)),.UNSPECIFIED.,.F.,.F.,.F.)
B_SPLINE_SURFACE_WITH_KNOTS((3,3),(3,3),(1.15793755323143E-14,1.57079632679491),
(-2.82907974180768,-2.25596718826875),.UNSPECIFIED.)
GEOMETRIC_REPRESENTATION_ITEM()
RATIONAL_B_SPLINE_SURFACE(((1.,0.959222931875244,1.),(0.70710678118662,
0.678273039798696,0.70710678118662),(1.,0.959222931875244,1.)))
REPRESENTATION_ITEM('')
SURFACE()
);
#77=(
BOUNDED_SURFACE()
B_SPLINE_SURFACE(2,2,((#14864,#14865,#14866),(#14867,#14868,#14869),(#14870,
#14871,#14872)),.UNSPECIFIED.,.F.,.F.,.F.)
B_SPLINE_SURFACE_WITH_KNOTS((3,3),(3,3),(-4.06627049341738E-13,1.5707963267949),
(-0.286556276769476,0.286556276769476),.UNSPECIFIED.)
GEOMETRIC_REPRESENTATION_ITEM()
RATIONAL_B_SPLINE_SURFACE(((1.,0.959222931875242,1.),(0.707106781186287,
0.678273039798375,0.707106781186287),(1.,0.959222931875242,1.)))
REPRESENTATION_ITEM('')
SURFACE()
);
#78=(
BOUNDED_SURFACE()
B_SPLINE_SURFACE(2,2,((#14941,#14942,#14943),(#14944,#14945,#14946),(#14947,
#14948,#14949)),.UNSPECIFIED.,.F.,.F.,.F.)
B_SPLINE_SURFACE_WITH_KNOTS((3,3),(3,3),(-8.92159885283294E-14,1.5707963267949),
(0.34134396277845,0.886994973121279),.UNSPECIFIED.)
GEOMETRIC_REPRESENTATION_ITEM()
RATIONAL_B_SPLINE_SURFACE(((1.,0.963013399194915,1.),(0.707106781186453,
0.680953304944141,0.707106781186453),(1.,0.963013399194915,1.)))
REPRESENTATION_ITEM('')
SURFACE()
);
#79=B_SPLINE_CURVE_WITH_KNOTS('',3,(#10687,#10688,#10689,#10690,#10691,
#10692,#10693,#10694,#10695,#10696,#10697,#10698,#10699,#10700),
 .UNSPECIFIED.,.F.,.F.,(4,2,2,2,2,2,4),(0.325552423187014,0.337857303533396,
0.355927059611243,0.382084439468445,0.435591400704738,0.575256482827629,
0.610845191924985),.UNSPECIFIED.);
#80=B_SPLINE_CURVE_WITH_KNOTS('',3,(#10736,#10737,#10738,#10739,#10740,
#10741,#10742,#10743,#10744,#10745,#10746,#10747,#10748,#10749),
 .UNSPECIFIED.,.F.,.F.,(4,2,2,2,2,2,4),(0.544444458064753,0.599718085195533,
0.758014075174727,0.819670390840815,0.844161146811062,0.863290559467816,
0.866502340723676),.UNSPECIFIED.);
#81=B_SPLINE_CURVE_WITH_KNOTS('',3,(#10821,#10822,#10823,#10824,#10825,
#10826,#10827,#10828,#10829,#10830,#10831,#10832,#10833,#10834),
 .UNSPECIFIED.,.F.,.F.,(4,2,2,2,2,2,4),(0.325552423221514,0.337857303584428,
0.355927059686102,0.382084439563057,0.435591400813186,0.575256482969507,
0.610845192074834),.UNSPECIFIED.);
#82=B_SPLINE_CURVE_WITH_KNOTS('',3,(#10870,#10871,#10872,#10873,#10874,
#10875,#10876,#10877,#10878,#10879,#10880,#10881,#10882,#10883),
 .UNSPECIFIED.,.F.,.F.,(4,2,2,2,2,2,4),(0.544444457474774,0.599718084479773,
0.758014074066447,0.819670389563215,0.844161145507883,0.86329055817953,
0.866502339437401),.UNSPECIFIED.);
#83=B_SPLINE_CURVE_WITH_KNOTS('',3,(#10955,#10956,#10957,#10958,#10959,
#10960,#10961,#10962,#10963,#10964,#10965,#10966,#10967,#10968),
 .UNSPECIFIED.,.F.,.F.,(4,2,2,2,2,2,4),(0.325552423147265,0.337857303510748,
0.355927059609911,0.382084439512313,0.435591400865556,0.575256483262629,
0.610845192423906),.UNSPECIFIED.);
#84=B_SPLINE_CURVE_WITH_KNOTS('',3,(#11004,#11005,#11006,#11007,#11008,
#11009,#11010,#11011,#11012,#11013,#11014,#11015,#11016,#11017),
 .UNSPECIFIED.,.F.,.F.,(4,2,2,2,2,2,4),(0.544444457807318,0.599718084883325,
0.758014074691578,0.819670390283727,0.844161146243744,0.863290558908569,
0.866502340165537),.UNSPECIFIED.);
#85=B_SPLINE_CURVE_WITH_KNOTS('',3,(#11089,#11090,#11091,#11092,#11093,
#11094,#11095,#11096,#11097,#11098,#11099,#11100,#11101,#11102),
 .UNSPECIFIED.,.F.,.F.,(4,2,2,2,2,2,4),(0.325552423257935,0.337857303619513,
0.355927059721124,0.382084439583187,0.435591400777376,0.575256482803158,
0.610845191877946),.UNSPECIFIED.);
#86=B_SPLINE_CURVE_WITH_KNOTS('',3,(#11138,#11139,#11140,#11141,#11142,
#11143,#11144,#11145,#11146,#11147,#11148,#11149,#11150,#11151),
 .UNSPECIFIED.,.F.,.F.,(4,2,2,2,2,2,4),(0.544444457808423,0.599718084884257,
0.758014074691874,0.819670390283984,0.844161146255708,0.863290558939245,
0.866502340199361),.UNSPECIFIED.);
#87=B_SPLINE_CURVE_WITH_KNOTS('',3,(#11223,#11224,#11225,#11226,#11227,
#11228,#11229,#11230,#11231,#11232,#11233,#11234,#11235,#11236),
 .UNSPECIFIED.,.F.,.F.,(4,2,2,2,2,2,4),(0.325552423167631,0.337857303521887,
0.355927059609546,0.382084439487452,0.435591400777112,0.575256483025324,
0.61084519215176),.UNSPECIFIED.);
#88=B_SPLINE_CURVE_WITH_KNOTS('',3,(#11272,#11273,#11274,#11275,#11276,
#11277,#11278,#11279,#11280,#11281,#11282,#11283,#11284,#11285),
 .UNSPECIFIED.,.F.,.F.,(4,2,2,2,2,2,4),(0.544444457697257,0.599718084745995,
0.758014074470073,0.81967039002774,0.844161145996088,0.863290558685764,
0.866502339946887),.UNSPECIFIED.);
#89=B_SPLINE_CURVE_WITH_KNOTS('',3,(#11357,#11358,#11359,#11360,#11361,
#11362,#11363,#11364,#11365,#11366,#11367,#11368,#11369,#11370),
 .UNSPECIFIED.,.F.,.F.,(4,2,2,2,2,2,4),(0.325552423157088,0.337857303493461,
0.355927059556402,0.382084439404639,0.435591400644526,0.575256482776134,
0.610845191875403),.UNSPECIFIED.);
#90=B_SPLINE_CURVE_WITH_KNOTS('',3,(#11406,#11407,#11408,#11409,#11410,
#11411,#11412,#11413,#11414,#11415,#11416,#11417,#11418,#11419),
 .UNSPECIFIED.,.F.,.F.,(4,2,2,2,2,2,4),(0.544444458068612,0.599718085200189,
0.758014075182146,0.81967039084895,0.844161146851226,0.863290559559414,
0.866502340823919),.UNSPECIFIED.);
#91=B_SPLINE_CURVE_WITH_KNOTS('',3,(#11491,#11492,#11493,#11494,#11495,
#11496,#11497,#11498,#11499,#11500,#11501,#11502,#11503,#11504),
 .UNSPECIFIED.,.F.,.F.,(4,2,2,2,2,2,4),(0.325552423270741,0.337857303635476,
0.355927059742049,0.38208443960409,0.435591400785583,0.575256482779524,
0.610845191846652),.UNSPECIFIED.);
#92=B_SPLINE_CURVE_WITH_KNOTS('',3,(#11540,#11541,#11542,#11543,#11544,
#11545,#11546,#11547,#11548,#11549,#11550,#11551,#11552,#11553),
 .UNSPECIFIED.,.F.,.F.,(4,2,2,2,2,2,4),(0.544444457729747,0.599718084788561,
0.75801407454634,0.81967039011785,0.844161146082408,0.863290558761423,0.866502340020781),
 .UNSPECIFIED.);
#93=B_SPLINE_CURVE_WITH_KNOTS('',3,(#11625,#11626,#11627,#11628,#11629,
#11630,#11631,#11632,#11633,#11634,#11635,#11636,#11637,#11638),
 .UNSPECIFIED.,.F.,.F.,(4,2,2,2,2,2,4),(0.325552423212097,0.337857303576741,
0.355927059680434,0.382084439563573,0.435591400832072,0.575256483031157,
0.610845192146225),.UNSPECIFIED.);
#94=B_SPLINE_CURVE_WITH_KNOTS('',3,(#11674,#11675,#11676,#11677,#11678,
#11679,#11680,#11681,#11682,#11683,#11684,#11685,#11686,#11687),
 .UNSPECIFIED.,.F.,.F.,(4,2,2,2,2,2,4),(0.544444458139501,0.599718085286138,
0.758014075314975,0.819670391001993,0.844161146993718,0.863290559678383,
0.866502340938968),.UNSPECIFIED.);
#95=B_SPLINE_CURVE_WITH_KNOTS('',3,(#11759,#11760,#11761,#11762,#11763,
#11764,#11765,#11766,#11767,#11768,#11769,#11770,#11771,#11772),
 .UNSPECIFIED.,.F.,.F.,(4,2,2,2,2,2,4),(0.325552423208779,0.337857303573328,
0.355927059676843,0.382084439560132,0.435591400829481,0.575256483029054,
0.61084519214403),.UNSPECIFIED.);
#96=B_SPLINE_CURVE_WITH_KNOTS('',3,(#11808,#11809,#11810,#11811,#11812,
#11813,#11814,#11815,#11816,#11817,#11818,#11819,#11820,#11821),
 .UNSPECIFIED.,.F.,.F.,(4,2,2,2,2,2,4),(0.544444457975659,0.599718085084806,
0.758014074998015,0.819670390636596,0.844161146633721,0.863290559342923,
0.866502340607536),.UNSPECIFIED.);
#97=B_SPLINE_CURVE_WITH_KNOTS('',3,(#11893,#11894,#11895,#11896,#11897,
#11898,#11899,#11900,#11901,#11902,#11903,#11904,#11905,#11906),
 .UNSPECIFIED.,.F.,.F.,(4,2,2,2,2,2,4),(0.325552423193499,0.337857303544774,
0.35592705962948,0.382084439492594,0.435591400734074,0.575256482868839,
0.610845191968104),.UNSPECIFIED.);
#98=B_SPLINE_CURVE_WITH_KNOTS('',3,(#11942,#11943,#11944,#11945,#11946,
#11947,#11948,#11949,#11950,#11951,#11952,#11953,#11954,#11955),
 .UNSPECIFIED.,.F.,.F.,(4,2,2,2,2,2,4),(0.544444458105788,0.599718085245968,
0.758014075254377,0.819670390933362,0.844161146939799,0.863290559650732,
0.866502340915749),.UNSPECIFIED.);
#99=B_SPLINE_CURVE_WITH_KNOTS('',3,(#12027,#12028,#12029,#12030,#12031,
#12032,#12033,#12034,#12035,#12036,#12037,#12038,#12039,#12040),
 .UNSPECIFIED.,.F.,.F.,(4,2,2,2,2,2,4),(0.325552423255401,0.337857303623231,
0.355927059733157,0.38208443960566,0.435591400818139,0.57525648288411,0.610845191967507),
 .UNSPECIFIED.);
#100=B_SPLINE_CURVE_WITH_KNOTS('',3,(#12076,#12077,#12078,#12079,#12080,
#12081,#12082,#12083,#12084,#12085,#12086,#12087,#12088,#12089),
 .UNSPECIFIED.,.F.,.F.,(4,2,2,2,2,2,4),(0.544444458074156,0.599718085207356,
0.758014075193835,0.81967039086382,0.844161146874501,0.863290559595073,
0.866502340861684),.UNSPECIFIED.);
#101=B_SPLINE_CURVE_WITH_KNOTS('',3,(#12161,#12162,#12163,#12164,#12165,
#12166,#12167,#12168,#12169,#12170,#12171,#12172,#12173,#12174),
 .UNSPECIFIED.,.F.,.F.,(4,2,2,2,2,2,4),(0.325552423147914,0.337857303499497,
0.355927059582582,0.382084439462904,0.435591400773921,0.575256483072654,
0.610845192210553),.UNSPECIFIED.);
#102=B_SPLINE_CURVE_WITH_KNOTS('',3,(#12210,#12211,#12212,#12213,#12214,
#12215,#12216,#12217,#12218,#12219,#12220,#12221,#12222,#12223),
 .UNSPECIFIED.,.F.,.F.,(4,2,2,2,2,2,4),(0.544444457812457,0.599718084889999,
0.758014074702662,0.819670390297408,0.84416114625539,0.863290558916388,
0.866502340172776),.UNSPECIFIED.);
#103=B_SPLINE_CURVE_WITH_KNOTS('',3,(#12295,#12296,#12297,#12298,#12299,
#12300,#12301,#12302,#12303,#12304,#12305,#12306,#12307,#12308),
 .UNSPECIFIED.,.F.,.F.,(4,2,2,2,2,2,4),(0.325552423203523,0.337857303558797,
0.355927059649413,0.382084439516555,0.435591400758397,0.575256482893402,
0.610845191993226),.UNSPECIFIED.);
#104=B_SPLINE_CURVE_WITH_KNOTS('',3,(#12344,#12345,#12346,#12347,#12348,
#12349,#12350,#12351,#12352,#12353,#12354,#12355,#12356,#12357),
 .UNSPECIFIED.,.F.,.F.,(4,2,2,2,2,2,4),(0.544444457780255,0.599718084850622,
0.758014074638288,0.819670390221224,0.844161146200423,0.863290558898987,
0.866502340161588),.UNSPECIFIED.);
#105=B_SPLINE_CURVE_WITH_KNOTS('',3,(#12429,#12430,#12431,#12432,#12433,
#12434,#12435,#12436,#12437,#12438,#12439,#12440,#12441,#12442),
 .UNSPECIFIED.,.F.,.F.,(4,2,2,2,2,2,4),(0.325552423271929,0.337857303637632,
0.355927059745421,0.382084439607867,0.435591400787814,0.575256482777833,
0.610845191843717),.UNSPECIFIED.);
#106=B_SPLINE_CURVE_WITH_KNOTS('',3,(#12478,#12479,#12480,#12481,#12482,
#12483,#12484,#12485,#12486,#12487,#12488,#12489,#12490,#12491),
 .UNSPECIFIED.,.F.,.F.,(4,2,2,2,2,2,4),(0.544444457875976,0.599718084966077,
0.758014074817729,0.819670390429951,0.844161146420294,0.863290559127039,
0.866502340391155),.UNSPECIFIED.);
#107=B_SPLINE_CURVE_WITH_KNOTS('',3,(#12563,#12564,#12565,#12566,#12567,
#12568,#12569,#12570,#12571,#12572,#12573,#12574,#12575,#12576),
 .UNSPECIFIED.,.F.,.F.,(4,2,2,2,2,2,4),(0.325552423174669,0.33785730351964,
0.35592705959503,0.382084439452671,0.435591400696542,0.57525648283692,0.610845191938075),
 .UNSPECIFIED.);
#108=B_SPLINE_CURVE_WITH_KNOTS('',3,(#12612,#12613,#12614,#12615,#12616,
#12617,#12618,#12619,#12620,#12621,#12622,#12623,#12624,#12625),
 .UNSPECIFIED.,.F.,.F.,(4,2,2,2,2,2,4),(0.54444445792718,0.599718085028683,
0.758014074913684,0.819670390538214,0.844161146529224,0.86329055923353,
0.866502340497229),.UNSPECIFIED.);
#109=B_SPLINE_CURVE_WITH_KNOTS('',3,(#12697,#12698,#12699,#12700,#12701,
#12702,#12703,#12704,#12705,#12706,#12707,#12708,#12709,#12710),
 .UNSPECIFIED.,.F.,.F.,(4,2,2,2,2,2,4),(0.325552423300752,0.337857303683697,
0.355927059816116,0.382084439701811,0.435591400906845,0.575256482955545,
0.610845192035347),.UNSPECIFIED.);
#110=B_SPLINE_CURVE_WITH_KNOTS('',3,(#12746,#12747,#12748,#12749,#12750,
#12751,#12752,#12753,#12754,#12755,#12756,#12757,#12758,#12759),
 .UNSPECIFIED.,.F.,.F.,(4,2,2,2,2,2,4),(0.544444458208917,0.599718085370338,
0.75801407544576,0.819670391153513,0.844161147168657,0.863290559884047,
0.866502341149869),.UNSPECIFIED.);
#111=B_SPLINE_CURVE_WITH_KNOTS('',3,(#12809,#12810,#12811,#12812,#12813,
#12814,#12815,#12816,#12817,#12818,#12819,#12820,#12821,#12822),
 .UNSPECIFIED.,.F.,.F.,(4,2,2,2,2,2,4),(0.,0.116003683787433,0.223842800613805,
0.282197016859497,0.305113849301557,0.322795028133806,0.325552423220404),
 .UNSPECIFIED.);
#112=B_SPLINE_CURVE_WITH_KNOTS('',3,(#12860,#12861,#12862,#12863,#12864,
#12865,#12866,#12867,#12868,#12869,#12870,#12871,#12872,#12873),
 .UNSPECIFIED.,.F.,.F.,(4,2,2,2,2,2,4),(0.866502341149869,0.879732139658936,
0.899582231649346,0.928708095264256,0.989098489911058,1.10964268448312,
1.20806165372855),.UNSPECIFIED.);
#113=B_SPLINE_CURVE_WITH_KNOTS('',3,(#12954,#12955,#12956,#12957,#12958,
#12959,#12960,#12961,#12962,#12963,#12964,#12965,#12966,#12967),
 .UNSPECIFIED.,.F.,.F.,(4,2,2,2,2,2,4),(0.,0.116003683790294,0.223842800624623,
0.282197016877009,0.305113849301344,0.322795028103013,0.325552423184905),
 .UNSPECIFIED.);
#114=B_SPLINE_CURVE_WITH_KNOTS('',3,(#13004,#13005,#13006,#13007,#13008,
#13009,#13010,#13011,#13012,#13013,#13014,#13015,#13016,#13017),
 .UNSPECIFIED.,.F.,.F.,(4,2,2,2,2,2,4),(0.866502340833502,0.879732139328174,
0.899582231295843,0.928708094896649,0.989098489549171,1.1096426841254,1.20806165337086),
 .UNSPECIFIED.);
#115=B_SPLINE_CURVE_WITH_KNOTS('',3,(#13097,#13098,#13099,#13100,#13101,
#13102,#13103,#13104,#13105,#13106,#13107,#13108,#13109,#13110),
 .UNSPECIFIED.,.F.,.F.,(4,2,2,2,2,2,4),(0.866502339645363,0.879732138117496,
0.899582230047419,0.928708093628445,0.989098488302057,1.10964268289205,
1.20806165213746),.UNSPECIFIED.);
#116=B_SPLINE_CURVE_WITH_KNOTS('',3,(#13146,#13147,#13148,#13149,#13150,
#13151,#13152,#13153,#13154,#13155,#13156,#13157,#13158,#13159),
 .UNSPECIFIED.,.F.,.F.,(4,2,2,2,2,2,4),(0.,0.116003683791027,0.223842800627302,
0.282197016881586,0.305113849299955,0.322795028091628,0.325552423171986),
 .UNSPECIFIED.);
#117=B_SPLINE_CURVE_WITH_KNOTS('',3,(#13223,#13224,#13225,#13226,#13227,
#13228,#13229,#13230,#13231,#13232,#13233,#13234,#13235,#13236),
 .UNSPECIFIED.,.F.,.F.,(4,2,2,2,2,2,4),(0.,0.116003683787565,0.223842800614239,
0.282197016859786,0.305113849304513,0.322795028140784,0.325552423228015),
 .UNSPECIFIED.);
#118=B_SPLINE_CURVE_WITH_KNOTS('',3,(#13273,#13274,#13275,#13276,#13277,
#13278,#13279,#13280,#13281,#13282,#13283,#13284,#13285,#13286),
 .UNSPECIFIED.,.F.,.F.,(4,2,2,2,2,2,4),(0.866502340165537,0.879732138636902,
0.899582230567542,0.928708094146496,0.989098488810769,1.10964268339476,
1.20806165264018),.UNSPECIFIED.);
#119=B_SPLINE_CURVE_WITH_KNOTS('',3,(#13364,#13365,#13366,#13367,#13368,
#13369,#13370,#13371,#13372,#13373,#13374,#13375,#13376,#13377),
 .UNSPECIFIED.,.F.,.F.,(4,2,2,2,2,2,4),(0.,0.116003683781795,0.223842800592351,
0.282197016823549,0.305113849244459,0.32279502804758,0.325552423129459),
 .UNSPECIFIED.);
#120=B_SPLINE_CURVE_WITH_KNOTS('',3,(#13414,#13415,#13416,#13417,#13418,
#13419,#13420,#13421,#13422,#13423,#13424,#13425,#13426,#13427),
 .UNSPECIFIED.,.F.,.F.,(4,2,2,2,2,2,4),(0.866502340199361,0.879732138683803,
0.899582230634319,0.928708094226803,0.989098488891019,1.1096426834747,1.20806165272011),
 .UNSPECIFIED.);
#121=B_SPLINE_CURVE_WITH_KNOTS('',3,(#13505,#13506,#13507,#13508,#13509,
#13510,#13511,#13512,#13513,#13514,#13515,#13516,#13517,#13518),
 .UNSPECIFIED.,.F.,.F.,(4,2,2,2,2,2,4),(0.,0.116003683781806,0.223842800592483,
0.282197016823953,0.305113849257975,0.322795028081948,0.32555242316707),
 .UNSPECIFIED.);
#122=B_SPLINE_CURVE_WITH_KNOTS('',3,(#13555,#13556,#13557,#13558,#13559,
#13560,#13561,#13562,#13563,#13564,#13565,#13566,#13567,#13568),
 .UNSPECIFIED.,.F.,.F.,(4,2,2,2,2,2,4),(0.866502339946887,0.879732138435123,
0.899582230390588,0.928708093987283,0.989098488654446,1.10964268324032,
1.20806165248572),.UNSPECIFIED.);
#123=B_SPLINE_CURVE_WITH_KNOTS('',3,(#13646,#13647,#13648,#13649,#13650,
#13651,#13652,#13653,#13654,#13655,#13656,#13657,#13658,#13659),
 .UNSPECIFIED.,.F.,.F.,(4,2,2,2,2,2,4),(0.,0.116003683780196,0.223842800586406,
0.2821970168139,0.305113849250059,0.322795028078894,0.325552423164741),
 .UNSPECIFIED.);
#124=B_SPLINE_CURVE_WITH_KNOTS('',3,(#13696,#13697,#13698,#13699,#13700,
#13701,#13702,#13703,#13704,#13705,#13706,#13707,#13708,#13709),
 .UNSPECIFIED.,.F.,.F.,(4,2,2,2,2,2,4),(0.866502340823919,0.879732139327064,
0.899582231307535,0.9287080949179,0.989098489572552,1.10964268415027,1.2080616533957),
 .UNSPECIFIED.);
#125=B_SPLINE_CURVE_WITH_KNOTS('',3,(#13787,#13788,#13789,#13790,#13791,
#13792,#13793,#13794,#13795,#13796,#13797,#13798,#13799,#13800),
 .UNSPECIFIED.,.F.,.F.,(4,2,2,2,2,2,4),(0.,0.116003683787905,0.223842800615693,
0.282197016862415,0.305113849298485,0.322795028120791,0.325552423205847),
 .UNSPECIFIED.);
#126=B_SPLINE_CURVE_WITH_KNOTS('',3,(#13837,#13838,#13839,#13840,#13841,
#13842,#13843,#13844,#13845,#13846,#13847,#13848,#13849,#13850),
 .UNSPECIFIED.,.F.,.F.,(4,2,2,2,2,2,4),(0.866502340020781,0.879732138501822,
0.899582230446714,0.928708094035612,0.989098488700862,1.10964268328535,
1.20806165253076),.UNSPECIFIED.);
#127=B_SPLINE_CURVE_WITH_KNOTS('',3,(#13928,#13929,#13930,#13931,#13932,
#13933,#13934,#13935,#13936,#13937,#13938,#13939,#13940,#13941),
 .UNSPECIFIED.,.F.,.F.,(4,2,2,2,2,2,4),(0.,0.11600368379039,0.223842800624653,
0.282197016877266,0.305113849319134,0.322795028148452,0.325552423234655),
 .UNSPECIFIED.);
#128=B_SPLINE_CURVE_WITH_KNOTS('',3,(#13978,#13979,#13980,#13981,#13982,
#13983,#13984,#13985,#13986,#13987,#13988,#13989,#13990,#13991),
 .UNSPECIFIED.,.F.,.F.,(4,2,2,2,2,2,4),(0.866502340938968,0.879732139426259,
0.899582231383506,0.9287080949771,0.989098489628708,1.10964268420406,1.20806165344949),
 .UNSPECIFIED.);
#129=B_SPLINE_CURVE_WITH_KNOTS('',3,(#14069,#14070,#14071,#14072,#14073,
#14074,#14075,#14076,#14077,#14078,#14079,#14080,#14081,#14082),
 .UNSPECIFIED.,.F.,.F.,(4,2,2,2,2,2,4),(0.,0.116003683779912,0.223842800585474,
0.282197016812466,0.305113849260694,0.322795028108779,0.32555242319761),
 .UNSPECIFIED.);
#130=B_SPLINE_CURVE_WITH_KNOTS('',3,(#14119,#14120,#14121,#14122,#14123,
#14124,#14125,#14126,#14127,#14128,#14129,#14130,#14131,#14132),
 .UNSPECIFIED.,.F.,.F.,(4,2,2,2,2,2,4),(0.86650234047619,0.879732138973995,
0.899582230945321,0.928708094550498,0.98909848920876,1.10964268378865,1.20806165303411),
 .UNSPECIFIED.);
#131=B_SPLINE_CURVE_WITH_KNOTS('',3,(#14212,#14213,#14214,#14215,#14216,
#14217,#14218,#14219,#14220,#14221,#14222,#14223,#14224,#14225),
 .UNSPECIFIED.,.F.,.F.,(4,2,2,2,2,2,4),(0.866502340915749,0.879732139421117,
0.899582231405367,0.928708095017354,0.989098489668306,1.10964268424339,
1.20806165348888),.UNSPECIFIED.);
#132=B_SPLINE_CURVE_WITH_KNOTS('',3,(#14261,#14262,#14263,#14264,#14265,
#14266,#14267,#14268,#14269,#14270,#14271,#14272,#14273,#14274),
 .UNSPECIFIED.,.F.,.F.,(4,2,2,2,2,2,4),(0.,0.116003683788242,0.223842800616969,
0.282197016864508,0.305113849298414,0.322795028116985,0.325552423201462),
 .UNSPECIFIED.);
#133=B_SPLINE_CURVE_WITH_KNOTS('',3,(#14340,#14341,#14342,#14343,#14344,
#14345,#14346,#14347,#14348,#14349,#14350,#14351,#14352,#14353),
 .UNSPECIFIED.,.F.,.F.,(4,2,2,2,2,2,4),(0.866502340861684,0.879732139373587,
0.899582231367486,0.928708094986351,0.989098489638471,1.1096426842142,1.20806165345969),
 .UNSPECIFIED.);
#134=B_SPLINE_CURVE_WITH_KNOTS('',3,(#14389,#14390,#14391,#14392,#14393,
#14394,#14395,#14396,#14397,#14398,#14399,#14400,#14401,#14402),
 .UNSPECIFIED.,.F.,.F.,(4,2,2,2,2,2,4),(0.,0.116003683790058,0.2238428006238,
0.282197016876221,0.305113849324471,0.322795028164237,0.325552423252068),
 .UNSPECIFIED.);
#135=B_SPLINE_CURVE_WITH_KNOTS('',3,(#14466,#14467,#14468,#14469,#14470,
#14471,#14472,#14473,#14474,#14475,#14476,#14477,#14478,#14479),
 .UNSPECIFIED.,.F.,.F.,(4,2,2,2,2,2,4),(0.,0.116003683792877,0.223842800634488,
0.282197016893632,0.305113849327721,0.322795028142793,0.325552423226831),
 .UNSPECIFIED.);
#136=B_SPLINE_CURVE_WITH_KNOTS('',3,(#14516,#14517,#14518,#14519,#14520,
#14521,#14522,#14523,#14524,#14525,#14526,#14527,#14528,#14529),
 .UNSPECIFIED.,.F.,.F.,(4,2,2,2,2,2,4),(0.866502339727062,0.879732138201582,
0.899582230135565,0.928708093719052,0.989098488390736,1.10964268297952,
1.208061652225),.UNSPECIFIED.);
#137=B_SPLINE_CURVE_WITH_KNOTS('',3,(#14607,#14608,#14609,#14610,#14611,
#14612,#14613,#14614,#14615,#14616,#14617,#14618,#14619,#14620),
 .UNSPECIFIED.,.F.,.F.,(4,2,2,2,2,2,4),(0.,0.116003683785998,0.223842800608373,
0.282197016850184,0.30511384927743,0.322795028087222,0.325552423170247),
 .UNSPECIFIED.);
#138=B_SPLINE_CURVE_WITH_KNOTS('',3,(#14657,#14658,#14659,#14660,#14661,
#14662,#14663,#14664,#14665,#14666,#14667,#14668,#14669,#14670),
 .UNSPECIFIED.,.F.,.F.,(4,2,2,2,2,2,4),(0.866502339842584,0.879732138322119,
0.899582230263843,0.928708093851991,0.989098488522575,1.10964268311072,
1.20806165235619),.UNSPECIFIED.);
#139=B_SPLINE_CURVE_WITH_KNOTS('',3,(#14750,#14751,#14752,#14753,#14754,
#14755,#14756,#14757,#14758,#14759,#14760,#14761,#14762,#14763),
 .UNSPECIFIED.,.F.,.F.,(4,2,2,2,2,2,4),(0.866502339814192,0.879732138298732,
0.899582230247936,0.928708093840931,0.989098488509964,1.10964268309664,
1.20806165234206),.UNSPECIFIED.);
#140=B_SPLINE_CURVE_WITH_KNOTS('',3,(#14799,#14800,#14801,#14802,#14803,
#14804,#14805,#14806,#14807,#14808,#14809,#14810,#14811,#14812),
 .UNSPECIFIED.,.F.,.F.,(4,2,2,2,2,2,4),(0.,0.116003683793128,0.223842800634293,
0.282197016892887,0.305113849347557,0.32279502819564,0.325552423284864),
 .UNSPECIFIED.);
#141=B_SPLINE_CURVE_WITH_KNOTS('',3,(#14876,#14877,#14878,#14879,#14880,
#14881,#14882,#14883,#14884,#14885,#14886,#14887,#14888,#14889),
 .UNSPECIFIED.,.F.,.F.,(4,2,2,2,2,2,4),(0.,0.116003683785856,0.223842800606703,
0.282197016846895,0.305113849264998,0.322795028060989,0.32555242314187),
 .UNSPECIFIED.);
#142=B_SPLINE_CURVE_WITH_KNOTS('',3,(#14926,#14927,#14928,#14929,#14930,
#14931,#14932,#14933,#14934,#14935,#14936,#14937,#14938,#14939),
 .UNSPECIFIED.,.F.,.F.,(4,2,2,2,2,2,4),(0.866502340497238,0.879732138996562,
0.89958223096969,0.928708094576711,0.989098489237498,1.10964268381899,1.20806165306445),
 .UNSPECIFIED.);
#143=ELLIPSE('',#7085,1.04360828480299,1.00000000000001);
#144=ELLIPSE('',#7086,1.04360828480298,1.00000000000001);
#145=ELLIPSE('',#7088,1.0457221233857,0.999999999999872);
#146=ELLIPSE('',#7089,1.04572212338569,1.00000000000001);
#147=ELLIPSE('',#7106,1.043608284803,1.00000000000001);
#148=ELLIPSE('',#7107,1.04360828480299,1.00000000000001);
#149=ELLIPSE('',#7109,1.0457221233857,0.999999999999872);
#150=ELLIPSE('',#7110,1.0457221233857,1.00000000000001);
#151=ELLIPSE('',#7127,1.04360828480299,1.00000000000001);
#152=ELLIPSE('',#7128,1.04360828480299,1.00000000000001);
#153=ELLIPSE('',#7130,1.0457221233857,1.00000000000016);
#154=ELLIPSE('',#7131,1.04572212338571,1.00000000000009);
#155=ELLIPSE('',#7148,1.04360828480298,1.00000000000016);
#156=ELLIPSE('',#7149,1.04360828480298,1.00000000000001);
#157=ELLIPSE('',#7151,1.0457221233857,0.999999999999872);
#158=ELLIPSE('',#7152,1.04572212338569,1.00000000000001);
#159=ELLIPSE('',#7169,1.04360828480299,1.00000000000016);
#160=ELLIPSE('',#7170,1.04360828480297,1.00000000000001);
#161=ELLIPSE('',#7172,1.0457221233857,1.00000000000001);
#162=ELLIPSE('',#7173,1.0457221233857,1.00000000000001);
#163=ELLIPSE('',#7190,1.04360828480299,1.00000000000016);
#164=ELLIPSE('',#7191,1.04360828480299,1.00000000000001);
#165=ELLIPSE('',#7193,1.0457221233857,1.00000000000001);
#166=ELLIPSE('',#7194,1.0457221233857,1.00000000000001);
#167=ELLIPSE('',#7211,1.04360828480299,1.00000000000016);
#168=ELLIPSE('',#7212,1.04360828480299,1.00000000000001);
#169=ELLIPSE('',#7214,1.04572212338571,1.00000000000001);
#170=ELLIPSE('',#7215,1.04572212338571,1.00000000000001);
#171=ELLIPSE('',#7232,1.04360828480299,1.00000000000001);
#172=ELLIPSE('',#7233,1.04360828480299,1.00000000000001);
#173=ELLIPSE('',#7235,1.0457221233857,1.00000000000016);
#174=ELLIPSE('',#7236,1.0457221233857,1.00000000000001);
#175=ELLIPSE('',#7253,1.04360828480299,1.00000000000001);
#176=ELLIPSE('',#7254,1.04360828480299,1.00000000000001);
#177=ELLIPSE('',#7256,1.0457221233857,1.00000000000016);
#178=ELLIPSE('',#7257,1.0457221233857,1.00000000000001);
#179=ELLIPSE('',#7274,1.04360828480299,1.00000000000001);
#180=ELLIPSE('',#7275,1.04360828480299,1.00000000000001);
#181=ELLIPSE('',#7277,1.0457221233857,1.00000000000016);
#182=ELLIPSE('',#7278,1.0457221233857,1.00000000000001);
#183=ELLIPSE('',#7295,1.04360828480299,1.00000000000001);
#184=ELLIPSE('',#7296,1.04360828480299,1.00000000000001);
#185=ELLIPSE('',#7298,1.0457221233857,0.999999999999872);
#186=ELLIPSE('',#7299,1.0457221233857,0.999999999999943);
#187=ELLIPSE('',#7316,1.04360828480299,0.999999999999872);
#188=ELLIPSE('',#7317,1.04360828480299,1.00000000000001);
#189=ELLIPSE('',#7319,1.0457221233857,1.00000000000016);
#190=ELLIPSE('',#7320,1.04572212338571,1.00000000000001);
#191=ELLIPSE('',#7337,1.043608284803,0.999999999999872);
#192=ELLIPSE('',#7338,1.04360828480299,1.00000000000001);
#193=ELLIPSE('',#7340,1.0457221233857,1.00000000000001);
#194=ELLIPSE('',#7341,1.0457221233857,1.00000000000001);
#195=ELLIPSE('',#7358,1.04360828480299,0.999999999999872);
#196=ELLIPSE('',#7359,1.04360828480299,1.00000000000001);
#197=ELLIPSE('',#7361,1.04572212338571,1.00000000000001);
#198=ELLIPSE('',#7362,1.0457221233857,1.00000000000001);
#199=ELLIPSE('',#7379,1.04360828480298,0.999999999999872);
#200=ELLIPSE('',#7380,1.04360828480299,1.00000000000001);
#201=ELLIPSE('',#7382,1.0457221233857,1.00000000000001);
#202=ELLIPSE('',#7383,1.0457221233857,1.00000000000001);
#203=ELLIPSE('',#7400,1.04360828480299,1.00000000000001);
#204=ELLIPSE('',#7401,1.04360828480298,1.00000000000001);
#205=ELLIPSE('',#7403,1.0457221233857,0.999999999999872);
#206=ELLIPSE('',#7404,1.0457221233857,1.00000000000001);
#207=ELLIPSE('',#7420,1.0457221233857,1.00000000000001);
#208=ELLIPSE('',#7421,1.0457221233857,0.999999999999872);
#209=ELLIPSE('',#7429,1.04360828480298,1.00000000000001);
#210=ELLIPSE('',#7430,1.04360828480299,1.00000000000001);
#211=ELLIPSE('',#7448,1.04572212338569,1.00000000000001);
#212=ELLIPSE('',#7449,1.0457221233857,1.00000000000001);
#213=ELLIPSE('',#7456,1.04360828480299,1.00000000000001);
#214=ELLIPSE('',#7457,1.043608284803,0.999999999999872);
#215=ELLIPSE('',#7473,1.04360828480299,0.999999999999872);
#216=ELLIPSE('',#7474,1.04360828480299,1.00000000000001);
#217=ELLIPSE('',#7482,1.0457221233857,1.00000000000001);
#218=ELLIPSE('',#7483,1.0457221233857,1.00000000000001);
#219=ELLIPSE('',#7493,1.04572212338572,1.00000000000009);
#220=ELLIPSE('',#7494,1.04572212338569,1.00000000000016);
#221=ELLIPSE('',#7501,1.04360828480299,1.00000000000001);
#222=ELLIPSE('',#7502,1.04360828480298,1.00000000000001);
#223=ELLIPSE('',#7519,1.0457221233857,1.00000000000001);
#224=ELLIPSE('',#7520,1.0457221233857,1.00000000000001);
#225=ELLIPSE('',#7527,1.04360828480299,1.00000000000001);
#226=ELLIPSE('',#7528,1.04360828480298,1.00000000000001);
#227=ELLIPSE('',#7545,1.0457221233857,1.00000000000001);
#228=ELLIPSE('',#7546,1.0457221233857,1.00000000000001);
#229=ELLIPSE('',#7553,1.04360828480299,1.00000000000001);
#230=ELLIPSE('',#7554,1.04360828480298,1.00000000000001);
#231=ELLIPSE('',#7571,1.0457221233857,1.00000000000001);
#232=ELLIPSE('',#7572,1.0457221233857,1.00000000000001);
#233=ELLIPSE('',#7579,1.04360828480299,1.00000000000001);
#234=ELLIPSE('',#7580,1.04360828480299,1.00000000000001);
#235=ELLIPSE('',#7597,1.04572212338571,1.00000000000001);
#236=ELLIPSE('',#7598,1.0457221233857,1.00000000000016);
#237=ELLIPSE('',#7605,1.04360828480299,1.00000000000001);
#238=ELLIPSE('',#7606,1.04360828480299,1.00000000000001);
#239=ELLIPSE('',#7623,1.0457221233857,1.00000000000001);
#240=ELLIPSE('',#7624,1.0457221233857,1.00000000000016);
#241=ELLIPSE('',#7631,1.04360828480299,1.00000000000001);
#242=ELLIPSE('',#7632,1.04360828480299,1.00000000000001);
#243=ELLIPSE('',#7649,1.04572212338571,1.00000000000001);
#244=ELLIPSE('',#7650,1.0457221233857,1.00000000000001);
#245=ELLIPSE('',#7657,1.04360828480299,1.00000000000001);
#246=ELLIPSE('',#7658,1.04360828480299,1.00000000000016);
#247=ELLIPSE('',#7674,1.04360828480299,1.00000000000016);
#248=ELLIPSE('',#7675,1.04360828480299,1.00000000000001);
#249=ELLIPSE('',#7683,1.0457221233857,1.00000000000001);
#250=ELLIPSE('',#7684,1.0457221233857,1.00000000000001);
#251=ELLIPSE('',#7693,1.04360828480299,1.00000000000001);
#252=ELLIPSE('',#7694,1.04360828480299,1.00000000000001);
#253=ELLIPSE('',#7702,1.0457221233857,0.999999999999943);
#254=ELLIPSE('',#7703,1.04572212338571,1.00000000000001);
#255=ELLIPSE('',#7713,1.0457221233857,1.00000000000001);
#256=ELLIPSE('',#7714,1.0457221233857,1.00000000000001);
#257=ELLIPSE('',#7721,1.04360828480299,1.00000000000001);
#258=ELLIPSE('',#7722,1.04360828480299,1.00000000000001);
#259=ELLIPSE('',#7739,1.0457221233857,1.00000000000001);
#260=ELLIPSE('',#7740,1.0457221233857,1.00000000000001);
#261=ELLIPSE('',#7747,1.04360828480299,1.00000000000001);
#262=ELLIPSE('',#7748,1.04360828480299,1.00000000000001);
#263=ELLIPSE('',#7764,1.04360828480298,1.00000000000001);
#264=ELLIPSE('',#7765,1.043608284803,1.00000000000001);
#265=ELLIPSE('',#7773,1.0457221233857,1.00000000000001);
#266=ELLIPSE('',#7774,1.0457221233857,1.00000000000001);
#267=ELLIPSE('',#7784,1.04572212338569,1.00000000000001);
#268=ELLIPSE('',#7785,1.0457221233857,0.999999999999872);
#269=ELLIPSE('',#7792,1.04360828480299,1.00000000000001);
#270=ELLIPSE('',#7793,1.04360828480298,1.00000000000001);
#271=B_SPLINE_SURFACE_WITH_KNOTS('',3,3,((#10623,#10624,#10625,#10626,#10627),
(#10628,#10629,#10630,#10631,#10632),(#10633,#10634,#10635,#10636,#10637),
(#10638,#10639,#10640,#10641,#10642),(#10643,#10644,#10645,#10646,#10647)),
 .UNSPECIFIED.,.F.,.F.,.F.,(4,1,4),(4,1,4),(0.,0.571428571428571,1.),(1.17961196366434E-14,
0.673198425769246,1.57079632679489),.UNSPECIFIED.);
#272=B_SPLINE_SURFACE_WITH_KNOTS('',3,3,((#10653,#10654,#10655,#10656,#10657),
(#10658,#10659,#10660,#10661,#10662),(#10663,#10664,#10665,#10666,#10667),
(#10668,#10669,#10670,#10671,#10672),(#10673,#10674,#10675,#10676,#10677)),
 .UNSPECIFIED.,.F.,.F.,.F.,(4,1,4),(4,1,4),(0.,0.571428571428571,1.),(2.53704438908163E-14,
0.673198425769241,1.57079632679486),.UNSPECIFIED.);
#273=B_SPLINE_SURFACE_WITH_KNOTS('',3,3,((#10757,#10758,#10759,#10760,#10761),
(#10762,#10763,#10764,#10765,#10766),(#10767,#10768,#10769,#10770,#10771),
(#10772,#10773,#10774,#10775,#10776),(#10777,#10778,#10779,#10780,#10781)),
 .UNSPECIFIED.,.F.,.F.,.F.,(4,1,4),(4,1,4),(0.,0.571428571428571,1.),(1.68615121864966E-14,
0.673198425769254,1.5707963267949),.UNSPECIFIED.);
#274=B_SPLINE_SURFACE_WITH_KNOTS('',3,3,((#10787,#10788,#10789,#10790,#10791),
(#10792,#10793,#10794,#10795,#10796),(#10797,#10798,#10799,#10800,#10801),
(#10802,#10803,#10804,#10805,#10806),(#10807,#10808,#10809,#10810,#10811)),
 .UNSPECIFIED.,.F.,.F.,.F.,(4,1,4),(4,1,4),(0.,0.571428571428571,1.),(3.20418470642107E-14,
0.673198425769258,1.57079632679489),.UNSPECIFIED.);
#275=B_SPLINE_SURFACE_WITH_KNOTS('',3,3,((#10891,#10892,#10893,#10894,#10895),
(#10896,#10897,#10898,#10899,#10900),(#10901,#10902,#10903,#10904,#10905),
(#10906,#10907,#10908,#10909,#10910),(#10911,#10912,#10913,#10914,#10915)),
 .UNSPECIFIED.,.F.,.F.,.F.,(4,1,4),(4,1,4),(0.,0.571428571428571,1.),(2.77555756156318E-15,
0.897597901025638,1.57079632679486),.UNSPECIFIED.);
#276=B_SPLINE_SURFACE_WITH_KNOTS('',3,3,((#10921,#10922,#10923,#10924,#10925),
(#10926,#10927,#10928,#10929,#10930),(#10931,#10932,#10933,#10934,#10935),
(#10936,#10937,#10938,#10939,#10940),(#10941,#10942,#10943,#10944,#10945)),
 .UNSPECIFIED.,.F.,.F.,.F.,(4,1,4),(4,1,4),(0.,0.571428571428571,1.),(3.393119119011E-14,
0.673198425769265,1.57079632679491),.UNSPECIFIED.);
#277=B_SPLINE_SURFACE_WITH_KNOTS('',3,3,((#11025,#11026,#11027,#11028,#11029),
(#11030,#11031,#11032,#11033,#11034),(#11035,#11036,#11037,#11038,#11039),
(#11040,#11041,#11042,#11043,#11044),(#11045,#11046,#11047,#11048,#11049)),
 .UNSPECIFIED.,.F.,.F.,.F.,(4,1,4),(4,1,4),(0.,0.571428571428571,1.),(-1.2628786905113E-14,
0.673198425769216,1.57079632679485),.UNSPECIFIED.);
#278=B_SPLINE_SURFACE_WITH_KNOTS('',3,3,((#11055,#11056,#11057,#11058,#11059),
(#11060,#11061,#11062,#11063,#11064),(#11065,#11066,#11067,#11068,#11069),
(#11070,#11071,#11072,#11073,#11074),(#11075,#11076,#11077,#11078,#11079)),
 .UNSPECIFIED.,.F.,.F.,.F.,(4,1,4),(4,1,4),(0.,0.571428571428571,1.),(7.47101806179164E-14,
0.673198425769284,1.5707963267949),.UNSPECIFIED.);
#279=B_SPLINE_SURFACE_WITH_KNOTS('',3,3,((#11159,#11160,#11161,#11162,#11163),
(#11164,#11165,#11166,#11167,#11168),(#11169,#11170,#11171,#11172,#11173),
(#11174,#11175,#11176,#11177,#11178),(#11179,#11180,#11181,#11182,#11183)),
 .UNSPECIFIED.,.F.,.F.,.F.,(4,1,4),(4,1,4),(0.,0.571428571428571,1.),(-1.39471767468552E-14,
0.673198425769217,1.57079632679486),.UNSPECIFIED.);
#280=B_SPLINE_SURFACE_WITH_KNOTS('',3,3,((#11189,#11190,#11191,#11192,#11193),
(#11194,#11195,#11196,#11197,#11198),(#11199,#11200,#11201,#11202,#11203),
(#11204,#11205,#11206,#11207,#11208),(#11209,#11210,#11211,#11212,#11213)),
 .UNSPECIFIED.,.F.,.F.,.F.,(4,1,4),(4,1,4),(0.,0.571428571428571,1.),(5.32907051820136E-14,
0.673198425769274,1.5707963267949),.UNSPECIFIED.);
#281=B_SPLINE_SURFACE_WITH_KNOTS('',3,3,((#11293,#11294,#11295,#11296,#11297),
(#11298,#11299,#11300,#11301,#11302),(#11303,#11304,#11305,#11306,#11307),
(#11308,#11309,#11310,#11311,#11312),(#11313,#11314,#11315,#11316,#11317)),
 .UNSPECIFIED.,.F.,.F.,.F.,(4,1,4),(4,1,4),(0.,0.571428571428571,1.),(1.02695629777839E-14,
0.673198425769246,1.57079632679489),.UNSPECIFIED.);
#282=B_SPLINE_SURFACE_WITH_KNOTS('',3,3,((#11323,#11324,#11325,#11326,#11327),
(#11328,#11329,#11330,#11331,#11332),(#11333,#11334,#11335,#11336,#11337),
(#11338,#11339,#11340,#11341,#11342),(#11343,#11344,#11345,#11346,#11347)),
 .UNSPECIFIED.,.F.,.F.,.F.,(4,1,4),(4,1,4),(0.,0.571428571428571,1.),(1.99840144432555E-14,
0.673198425769252,1.57079632679489),.UNSPECIFIED.);
#283=B_SPLINE_SURFACE_WITH_KNOTS('',3,3,((#11427,#11428,#11429,#11430,#11431),
(#11432,#11433,#11434,#11435,#11436),(#11437,#11438,#11439,#11440,#11441),
(#11442,#11443,#11444,#11445,#11446),(#11447,#11448,#11449,#11450,#11451)),
 .UNSPECIFIED.,.F.,.F.,.F.,(4,1,4),(4,1,4),(0.,0.571428571428571,1.),(2.98372437868046E-15,
0.673198425769243,1.5707963267949),.UNSPECIFIED.);
#284=B_SPLINE_SURFACE_WITH_KNOTS('',3,3,((#11457,#11458,#11459,#11460,#11461),
(#11462,#11463,#11464,#11465,#11466),(#11467,#11468,#11469,#11470,#11471),
(#11472,#11473,#11474,#11475,#11476),(#11477,#11478,#11479,#11480,#11481)),
 .UNSPECIFIED.,.F.,.F.,.F.,(4,1,4),(4,1,4),(0.,0.571428571428571,1.),(1.9845236565177E-14,
0.673198425769251,1.57079632679489),.UNSPECIFIED.);
#285=B_SPLINE_SURFACE_WITH_KNOTS('',3,3,((#11561,#11562,#11563,#11564,#11565),
(#11566,#11567,#11568,#11569,#11570),(#11571,#11572,#11573,#11574,#11575),
(#11576,#11577,#11578,#11579,#11580),(#11581,#11582,#11583,#11584,#11585)),
 .UNSPECIFIED.,.F.,.F.,.F.,(4,1,4),(4,1,4),(0.,0.571428571428571,1.),(-1.4523375752644E-15,
0.673198425769241,1.5707963267949),.UNSPECIFIED.);
#286=B_SPLINE_SURFACE_WITH_KNOTS('',3,3,((#11591,#11592,#11593,#11594,#11595),
(#11596,#11597,#11598,#11599,#11600),(#11601,#11602,#11603,#11604,#11605),
(#11606,#11607,#11608,#11609,#11610),(#11611,#11612,#11613,#11614,#11615)),
 .UNSPECIFIED.,.F.,.F.,.F.,(4,1,4),(4,1,4),(0.,0.571428571428571,1.),(1.52655665885977E-14,
0.673198425769252,1.5707963267949),.UNSPECIFIED.);
#287=B_SPLINE_SURFACE_WITH_KNOTS('',3,3,((#11695,#11696,#11697,#11698,#11699),
(#11700,#11701,#11702,#11703,#11704),(#11705,#11706,#11707,#11708,#11709),
(#11710,#11711,#11712,#11713,#11714),(#11715,#11716,#11717,#11718,#11719)),
 .UNSPECIFIED.,.F.,.F.,.F.,(4,1,4),(4,1,4),(0.,0.571428571428571,1.),(-7.40383666688211E-15,
0.897597901025653,1.5707963267949),.UNSPECIFIED.);
#288=B_SPLINE_SURFACE_WITH_KNOTS('',3,3,((#11725,#11726,#11727,#11728,#11729),
(#11730,#11731,#11732,#11733,#11734),(#11735,#11736,#11737,#11738,#11739),
(#11740,#11741,#11742,#11743,#11744),(#11745,#11746,#11747,#11748,#11749)),
 .UNSPECIFIED.,.F.,.F.,.F.,(4,1,4),(4,1,4),(0.,0.571428571428571,1.),(9.15933995315867E-15,
0.673198425769245,1.57079632679489),.UNSPECIFIED.);
#289=B_SPLINE_SURFACE_WITH_KNOTS('',3,3,((#11829,#11830,#11831,#11832,#11833),
(#11834,#11835,#11836,#11837,#11838),(#11839,#11840,#11841,#11842,#11843),
(#11844,#11845,#11846,#11847,#11848),(#11849,#11850,#11851,#11852,#11853)),
 .UNSPECIFIED.,.F.,.F.,.F.,(4,1,4),(4,1,4),(0.,0.571428571428571,1.),(-1.41815317654697E-14,
0.897597901025648,1.57079632679489),.UNSPECIFIED.);
#290=B_SPLINE_SURFACE_WITH_KNOTS('',3,3,((#11859,#11860,#11861,#11862,#11863),
(#11864,#11865,#11866,#11867,#11868),(#11869,#11870,#11871,#11872,#11873),
(#11874,#11875,#11876,#11877,#11878),(#11879,#11880,#11881,#11882,#11883)),
 .UNSPECIFIED.,.F.,.F.,.F.,(4,1,4),(4,1,4),(0.,0.571428571428571,1.),(2.70616862252413E-15,
0.673198425769242,1.57079632679489),.UNSPECIFIED.);
#291=B_SPLINE_SURFACE_WITH_KNOTS('',3,3,((#11963,#11964,#11965,#11966,#11967),
(#11968,#11969,#11970,#11971,#11972),(#11973,#11974,#11975,#11976,#11977),
(#11978,#11979,#11980,#11981,#11982),(#11983,#11984,#11985,#11986,#11987)),
 .UNSPECIFIED.,.F.,.F.,.F.,(4,1,4),(4,1,4),(0.,0.571428571428571,1.),(-1.58215270179575E-14,
0.897597901025647,1.57079632679489),.UNSPECIFIED.);
#292=B_SPLINE_SURFACE_WITH_KNOTS('',3,3,((#11993,#11994,#11995,#11996,#11997),
(#11998,#11999,#12000,#12001,#12002),(#12003,#12004,#12005,#12006,#12007),
(#12008,#12009,#12010,#12011,#12012),(#12013,#12014,#12015,#12016,#12017)),
 .UNSPECIFIED.,.F.,.F.,.F.,(4,1,4),(4,1,4),(0.,0.571428571428571,1.),(1.9592104919241E-14,
0.673198425769248,1.57079632679489),.UNSPECIFIED.);
#293=B_SPLINE_SURFACE_WITH_KNOTS('',3,3,((#12097,#12098,#12099,#12100,#12101),
(#12102,#12103,#12104,#12105,#12106),(#12107,#12108,#12109,#12110,#12111),
(#12112,#12113,#12114,#12115,#12116),(#12117,#12118,#12119,#12120,#12121)),
 .UNSPECIFIED.,.F.,.F.,.F.,(4,1,4),(4,1,4),(0.,0.571428571428571,1.),(1.72922072363313E-14,
0.673198425769246,1.57079632679488),.UNSPECIFIED.);
#294=B_SPLINE_SURFACE_WITH_KNOTS('',3,3,((#12127,#12128,#12129,#12130,#12131),
(#12132,#12133,#12134,#12135,#12136),(#12137,#12138,#12139,#12140,#12141),
(#12142,#12143,#12144,#12145,#12146),(#12147,#12148,#12149,#12150,#12151)),
 .UNSPECIFIED.,.F.,.F.,.F.,(4,1,4),(4,1,4),(0.,0.571428571428571,1.),(-1.94289029309426E-15,
0.673198425769246,1.57079632679491),.UNSPECIFIED.);
#295=B_SPLINE_SURFACE_WITH_KNOTS('',3,3,((#12231,#12232,#12233,#12234,#12235),
(#12236,#12237,#12238,#12239,#12240),(#12241,#12242,#12243,#12244,#12245),
(#12246,#12247,#12248,#12249,#12250),(#12251,#12252,#12253,#12254,#12255)),
 .UNSPECIFIED.,.F.,.F.,.F.,(4,1,4),(4,1,4),(0.,0.571428571428571,1.),(2.56567522573255E-14,
0.897597901025666,1.5707963267949),.UNSPECIFIED.);
#296=B_SPLINE_SURFACE_WITH_KNOTS('',3,3,((#12261,#12262,#12263,#12264,#12265),
(#12266,#12267,#12268,#12269,#12270),(#12271,#12272,#12273,#12274,#12275),
(#12276,#12277,#12278,#12279,#12280),(#12281,#12282,#12283,#12284,#12285)),
 .UNSPECIFIED.,.F.,.F.,.F.,(4,1,4),(4,1,4),(0.,0.571428571428571,1.),(-1.48848431787177E-14,
0.673198425769232,1.57079632679489),.UNSPECIFIED.);
#297=B_SPLINE_SURFACE_WITH_KNOTS('',3,3,((#12365,#12366,#12367,#12368,#12369),
(#12370,#12371,#12372,#12373,#12374),(#12375,#12376,#12377,#12378,#12379),
(#12380,#12381,#12382,#12383,#12384),(#12385,#12386,#12387,#12388,#12389)),
 .UNSPECIFIED.,.F.,.F.,.F.,(4,1,4),(4,1,4),(0.,0.571428571428571,1.),(2.80223483720006E-14,
0.673198425769257,1.57079632679489),.UNSPECIFIED.);
#298=B_SPLINE_SURFACE_WITH_KNOTS('',3,3,((#12395,#12396,#12397,#12398,#12399),
(#12400,#12401,#12402,#12403,#12404),(#12405,#12406,#12407,#12408,#12409),
(#12410,#12411,#12412,#12413,#12414),(#12415,#12416,#12417,#12418,#12419)),
 .UNSPECIFIED.,.F.,.F.,.F.,(4,1,4),(4,1,4),(0.,0.571428571428571,1.),(-1.63118706330473E-14,
0.897597901025645,1.57079632679489),.UNSPECIFIED.);
#299=B_SPLINE_SURFACE_WITH_KNOTS('',3,3,((#12499,#12500,#12501,#12502,#12503),
(#12504,#12505,#12506,#12507,#12508),(#12509,#12510,#12511,#12512,#12513),
(#12514,#12515,#12516,#12517,#12518),(#12519,#12520,#12521,#12522,#12523)),
 .UNSPECIFIED.,.F.,.F.,.F.,(4,1,4),(4,1,4),(0.,0.571428571428571,1.),(3.02522793444511E-14,
0.673198425769257,1.57079632679489),.UNSPECIFIED.);
#300=B_SPLINE_SURFACE_WITH_KNOTS('',3,3,((#12529,#12530,#12531,#12532,#12533),
(#12534,#12535,#12536,#12537,#12538),(#12539,#12540,#12541,#12542,#12543),
(#12544,#12545,#12546,#12547,#12548),(#12549,#12550,#12551,#12552,#12553)),
 .UNSPECIFIED.,.F.,.F.,.F.,(4,1,4),(4,1,4),(0.,0.571428571428571,1.),(-1.56246313061043E-14,
0.897597901025647,1.57079632679489),.UNSPECIFIED.);
#301=B_SPLINE_SURFACE_WITH_KNOTS('',3,3,((#12633,#12634,#12635,#12636,#12637),
(#12638,#12639,#12640,#12641,#12642),(#12643,#12644,#12645,#12646,#12647),
(#12648,#12649,#12650,#12651,#12652),(#12653,#12654,#12655,#12656,#12657)),
 .UNSPECIFIED.,.F.,.F.,.F.,(4,1,4),(4,1,4),(0.,0.571428571428571,1.),(4.64905891561845E-15,
0.673198425769242,1.57079632679489),.UNSPECIFIED.);
#302=B_SPLINE_SURFACE_WITH_KNOTS('',3,3,((#12663,#12664,#12665,#12666,#12667),
(#12668,#12669,#12670,#12671,#12672),(#12673,#12674,#12675,#12676,#12677),
(#12678,#12679,#12680,#12681,#12682),(#12683,#12684,#12685,#12686,#12687)),
 .UNSPECIFIED.,.F.,.F.,.F.,(4,1,4),(4,1,4),(0.,0.571428571428571,1.),(2.69344478688603E-14,
0.673198425769256,1.57079632679489),.UNSPECIFIED.);
#303=B_SPLINE_SURFACE_WITH_KNOTS('',3,3,((#12761,#12762,#12763,#12764,#12765),
(#12766,#12767,#12768,#12769,#12770),(#12771,#12772,#12773,#12774,#12775),
(#12776,#12777,#12778,#12779,#12780),(#12781,#12782,#12783,#12784,#12785)),
 .UNSPECIFIED.,.F.,.F.,.F.,(4,1,4),(4,1,4),(0.,0.571428571428571,1.),(-1.57079632679489,
-0.673198425769245,-8.39606162372876E-15),.UNSPECIFIED.);
#304=B_SPLINE_SURFACE_WITH_KNOTS('',3,3,((#12824,#12825,#12826,#12827,#12828),
(#12829,#12830,#12831,#12832,#12833),(#12834,#12835,#12836,#12837,#12838),
(#12839,#12840,#12841,#12842,#12843),(#12844,#12845,#12846,#12847,#12848)),
 .UNSPECIFIED.,.F.,.F.,.F.,(4,1,4),(4,1,4),(0.,0.571428571428571,1.),(-1.5707963267949,
-0.897597901025657,1.45233757526509E-15),.UNSPECIFIED.);
#305=B_SPLINE_SURFACE_WITH_KNOTS('',3,3,((#12908,#12909,#12910,#12911,#12912),
(#12913,#12914,#12915,#12916,#12917),(#12918,#12919,#12920,#12921,#12922),
(#12923,#12924,#12925,#12926,#12927),(#12928,#12929,#12930,#12931,#12932)),
 .UNSPECIFIED.,.F.,.F.,.F.,(4,1,4),(4,1,4),(0.,0.571428571428571,1.),(-1.5707963267949,
-0.897597901025663,-1.12507326673433E-14),.UNSPECIFIED.);
#306=B_SPLINE_SURFACE_WITH_KNOTS('',3,3,((#12968,#12969,#12970,#12971,#12972),
(#12973,#12974,#12975,#12976,#12977),(#12978,#12979,#12980,#12981,#12982),
(#12983,#12984,#12985,#12986,#12987),(#12988,#12989,#12990,#12991,#12992)),
 .UNSPECIFIED.,.F.,.F.,.F.,(4,1,4),(4,1,4),(0.,0.571428571428571,1.),(-1.5707963267949,
-0.897597901025652,1.23512311489563E-14),.UNSPECIFIED.);
#307=B_SPLINE_SURFACE_WITH_KNOTS('',3,3,((#13049,#13050,#13051,#13052,#13053),
(#13054,#13055,#13056,#13057,#13058),(#13059,#13060,#13061,#13062,#13063),
(#13064,#13065,#13066,#13067,#13068),(#13069,#13070,#13071,#13072,#13073)),
 .UNSPECIFIED.,.F.,.F.,.F.,(4,1,4),(4,1,4),(0.,0.571428571428571,1.),(2.09656690435531E-14,
0.673198425769255,1.5707963267949),.UNSPECIFIED.);
#308=B_SPLINE_SURFACE_WITH_KNOTS('',3,3,((#13112,#13113,#13114,#13115,#13116),
(#13117,#13118,#13119,#13120,#13121),(#13122,#13123,#13124,#13125,#13126),
(#13127,#13128,#13129,#13130,#13131),(#13132,#13133,#13134,#13135,#13136)),
 .UNSPECIFIED.,.F.,.F.,.F.,(4,1,4),(4,1,4),(0.,0.571428571428571,1.),(-8.32667268468967E-15,
0.673198425769229,1.57079632679488),.UNSPECIFIED.);
#309=B_SPLINE_SURFACE_WITH_KNOTS('',3,3,((#13177,#13178,#13179,#13180,#13181),
(#13182,#13183,#13184,#13185,#13186),(#13187,#13188,#13189,#13190,#13191),
(#13192,#13193,#13194,#13195,#13196),(#13197,#13198,#13199,#13200,#13201)),
 .UNSPECIFIED.,.F.,.F.,.F.,(4,1,4),(4,1,4),(0.,0.571428571428571,1.),(-1.57079632679487,
-0.897597901025645,-7.94581837203617E-15),.UNSPECIFIED.);
#310=B_SPLINE_SURFACE_WITH_KNOTS('',3,3,((#13237,#13238,#13239,#13240,#13241),
(#13242,#13243,#13244,#13245,#13246),(#13247,#13248,#13249,#13250,#13251),
(#13252,#13253,#13254,#13255,#13256),(#13257,#13258,#13259,#13260,#13261)),
 .UNSPECIFIED.,.F.,.F.,.F.,(4,1,4),(4,1,4),(0.,0.571428571428571,1.),(-1.57079632679491,
-0.897597901025673,-1.92901250528641E-14),.UNSPECIFIED.);
#311=B_SPLINE_SURFACE_WITH_KNOTS('',3,3,((#13318,#13319,#13320,#13321,#13322),
(#13323,#13324,#13325,#13326,#13327),(#13328,#13329,#13330,#13331,#13332),
(#13333,#13334,#13335,#13336,#13337),(#13338,#13339,#13340,#13341,#13342)),
 .UNSPECIFIED.,.F.,.F.,.F.,(4,1,4),(4,1,4),(0.,0.571428571428571,1.),(-1.57079632679487,
-0.897597901025618,4.57324600638259E-14),.UNSPECIFIED.);
#312=B_SPLINE_SURFACE_WITH_KNOTS('',3,3,((#13378,#13379,#13380,#13381,#13382),
(#13383,#13384,#13385,#13386,#13387),(#13388,#13389,#13390,#13391,#13392),
(#13393,#13394,#13395,#13396,#13397),(#13398,#13399,#13400,#13401,#13402)),
 .UNSPECIFIED.,.F.,.F.,.F.,(4,1,4),(4,1,4),(0.,0.571428571428571,1.),(-1.57079632679492,
-0.897597901025677,-2.01921812603729E-14),.UNSPECIFIED.);
#313=B_SPLINE_SURFACE_WITH_KNOTS('',3,3,((#13459,#13460,#13461,#13462,#13463),
(#13464,#13465,#13466,#13467,#13468),(#13469,#13470,#13471,#13472,#13473),
(#13474,#13475,#13476,#13477,#13478),(#13479,#13480,#13481,#13482,#13483)),
 .UNSPECIFIED.,.F.,.F.,.F.,(4,1,4),(4,1,4),(0.,0.571428571428571,1.),(-1.57079632679486,
-0.897597901025615,4.63867589330591E-14),.UNSPECIFIED.);
#314=B_SPLINE_SURFACE_WITH_KNOTS('',3,3,((#13519,#13520,#13521,#13522,#13523),
(#13524,#13525,#13526,#13527,#13528),(#13529,#13530,#13531,#13532,#13533),
(#13534,#13535,#13536,#13537,#13538),(#13539,#13540,#13541,#13542,#13543)),
 .UNSPECIFIED.,.F.,.F.,.F.,(4,1,4),(4,1,4),(0.,0.571428571428571,1.),(-1.57079632679491,
-0.897597901025669,-1.35308431126207E-14),.UNSPECIFIED.);
#315=B_SPLINE_SURFACE_WITH_KNOTS('',3,3,((#13600,#13601,#13602,#13603,#13604),
(#13605,#13606,#13607,#13608,#13609),(#13610,#13611,#13612,#13613,#13614),
(#13615,#13616,#13617,#13618,#13619),(#13620,#13621,#13622,#13623,#13624)),
 .UNSPECIFIED.,.F.,.F.,.F.,(4,1,4),(4,1,4),(0.,0.571428571428571,1.),(-1.5707963267949,
-0.897597901025648,1.69805135537766E-14),.UNSPECIFIED.);
#316=B_SPLINE_SURFACE_WITH_KNOTS('',3,3,((#13660,#13661,#13662,#13663,#13664),
(#13665,#13666,#13667,#13668,#13669),(#13670,#13671,#13672,#13673,#13674),
(#13675,#13676,#13677,#13678,#13679),(#13680,#13681,#13682,#13683,#13684)),
 .UNSPECIFIED.,.F.,.F.,.F.,(4,1,4),(4,1,4),(0.,0.571428571428571,1.),(-1.57079632679489,
-0.897597901025649,9.92261828258848E-15),.UNSPECIFIED.);
#317=B_SPLINE_SURFACE_WITH_KNOTS('',3,3,((#13741,#13742,#13743,#13744,#13745),
(#13746,#13747,#13748,#13749,#13750),(#13751,#13752,#13753,#13754,#13755),
(#13756,#13757,#13758,#13759,#13760),(#13761,#13762,#13763,#13764,#13765)),
 .UNSPECIFIED.,.F.,.F.,.F.,(4,1,4),(4,1,4),(0.,0.571428571428571,1.),(-1.57079632679488,
-0.897597901025652,-1.73084773262415E-14),.UNSPECIFIED.);
#318=B_SPLINE_SURFACE_WITH_KNOTS('',3,3,((#13801,#13802,#13803,#13804,#13805),
(#13806,#13807,#13808,#13809,#13810),(#13811,#13812,#13813,#13814,#13815),
(#13816,#13817,#13818,#13819,#13820),(#13821,#13822,#13823,#13824,#13825)),
 .UNSPECIFIED.,.F.,.F.,.F.,(4,1,4),(4,1,4),(0.,0.571428571428571,1.),(-1.57079632679489,
-0.897597901025652,2.9143354396414E-15),.UNSPECIFIED.);
#319=B_SPLINE_SURFACE_WITH_KNOTS('',3,3,((#13882,#13883,#13884,#13885,#13886),
(#13887,#13888,#13889,#13890,#13891),(#13892,#13893,#13894,#13895,#13896),
(#13897,#13898,#13899,#13900,#13901),(#13902,#13903,#13904,#13905,#13906)),
 .UNSPECIFIED.,.F.,.F.,.F.,(4,1,4),(4,1,4),(0.,0.571428571428571,1.),(-1.57079632679488,
-0.897597901025652,-2.00395453917379E-14),.UNSPECIFIED.);
#320=B_SPLINE_SURFACE_WITH_KNOTS('',3,3,((#13942,#13943,#13944,#13945,#13946),
(#13947,#13948,#13949,#13950,#13951),(#13952,#13953,#13954,#13955,#13956),
(#13957,#13958,#13959,#13960,#13961),(#13962,#13963,#13964,#13965,#13966)),
 .UNSPECIFIED.,.F.,.F.,.F.,(4,1,4),(4,1,4),(0.,0.571428571428571,1.),(-1.57079632679489,
-0.897597901025651,-4.64905891561841E-15),.UNSPECIFIED.);
#321=B_SPLINE_SURFACE_WITH_KNOTS('',3,3,((#14023,#14024,#14025,#14026,#14027),
(#14028,#14029,#14030,#14031,#14032),(#14033,#14034,#14035,#14036,#14037),
(#14038,#14039,#14040,#14041,#14042),(#14043,#14044,#14045,#14046,#14047)),
 .UNSPECIFIED.,.F.,.F.,.F.,(4,1,4),(4,1,4),(0.,0.571428571428571,1.),(-1.57079632679489,
-0.897597901025649,9.29811783123681E-15),.UNSPECIFIED.);
#322=B_SPLINE_SURFACE_WITH_KNOTS('',3,3,((#14083,#14084,#14085,#14086,#14087),
(#14088,#14089,#14090,#14091,#14092),(#14093,#14094,#14095,#14096,#14097),
(#14098,#14099,#14100,#14101,#14102),(#14103,#14104,#14105,#14106,#14107)),
 .UNSPECIFIED.,.F.,.F.,.F.,(4,1,4),(4,1,4),(0.,0.571428571428571,1.),(-1.57079632679489,
-0.897597901025672,-4.39964224191552E-14),.UNSPECIFIED.);
#323=B_SPLINE_SURFACE_WITH_KNOTS('',3,3,((#14164,#14165,#14166,#14167,#14168),
(#14169,#14170,#14171,#14172,#14173),(#14174,#14175,#14176,#14177,#14178),
(#14179,#14180,#14181,#14182,#14183),(#14184,#14185,#14186,#14187,#14188)),
 .UNSPECIFIED.,.F.,.F.,.F.,(4,1,4),(4,1,4),(0.,0.571428571428571,1.),(1.49186218934023E-14,
0.673198425769251,1.5707963267949),.UNSPECIFIED.);
#324=B_SPLINE_SURFACE_WITH_KNOTS('',3,3,((#14227,#14228,#14229,#14230,#14231),
(#14232,#14233,#14234,#14235,#14236),(#14237,#14238,#14239,#14240,#14241),
(#14242,#14243,#14244,#14245,#14246),(#14247,#14248,#14249,#14250,#14251)),
 .UNSPECIFIED.,.F.,.F.,.F.,(4,1,4),(4,1,4),(0.,0.571428571428571,1.),(5.57599666176841E-15,
0.673198425769244,1.5707963267949),.UNSPECIFIED.);
#325=B_SPLINE_SURFACE_WITH_KNOTS('',3,3,((#14292,#14293,#14294,#14295,#14296),
(#14297,#14298,#14299,#14300,#14301),(#14302,#14303,#14304,#14305,#14306),
(#14307,#14308,#14309,#14310,#14311),(#14312,#14313,#14314,#14315,#14316)),
 .UNSPECIFIED.,.F.,.F.,.F.,(4,1,4),(4,1,4),(0.,0.571428571428571,1.),(3.08086889333517E-14,
0.67319842576926,1.5707963267949),.UNSPECIFIED.);
#326=B_SPLINE_SURFACE_WITH_KNOTS('',3,3,((#14355,#14356,#14357,#14358,#14359),
(#14360,#14361,#14362,#14363,#14364),(#14365,#14366,#14367,#14368,#14369),
(#14370,#14371,#14372,#14373,#14374),(#14375,#14376,#14377,#14378,#14379)),
 .UNSPECIFIED.,.F.,.F.,.F.,(4,1,4),(4,1,4),(0.,0.571428571428571,1.),(4.32092303837754E-14,
0.897597901025672,1.57079632679489),.UNSPECIFIED.);
#327=B_SPLINE_SURFACE_WITH_KNOTS('',3,3,((#14420,#14421,#14422,#14423,#14424),
(#14425,#14426,#14427,#14428,#14429),(#14430,#14431,#14432,#14433,#14434),
(#14435,#14436,#14437,#14438,#14439),(#14440,#14441,#14442,#14443,#14444)),
 .UNSPECIFIED.,.F.,.F.,.F.,(4,1,4),(4,1,4),(0.,0.571428571428571,1.),(-1.57079632679489,
-0.897597901025651,-1.59594559789886E-15),.UNSPECIFIED.);
#328=B_SPLINE_SURFACE_WITH_KNOTS('',3,3,((#14480,#14481,#14482,#14483,#14484),
(#14485,#14486,#14487,#14488,#14489),(#14490,#14491,#14492,#14493,#14494),
(#14495,#14496,#14497,#14498,#14499),(#14500,#14501,#14502,#14503,#14504)),
 .UNSPECIFIED.,.F.,.F.,.F.,(4,1,4),(4,1,4),(0.,0.571428571428571,1.),(-1.57079632679491,
-0.673198425769262,-2.72004641033197E-14),.UNSPECIFIED.);
#329=B_SPLINE_SURFACE_WITH_KNOTS('',3,3,((#14561,#14562,#14563,#14564,#14565),
(#14566,#14567,#14568,#14569,#14570),(#14571,#14572,#14573,#14574,#14575),
(#14576,#14577,#14578,#14579,#14580),(#14581,#14582,#14583,#14584,#14585)),
 .UNSPECIFIED.,.F.,.F.,.F.,(4,1,4),(4,1,4),(0.,0.571428571428571,1.),(-1.5707963267949,
-0.673198425769254,-1.98452365651776E-14),.UNSPECIFIED.);
#330=B_SPLINE_SURFACE_WITH_KNOTS('',3,3,((#14621,#14622,#14623,#14624,#14625),
(#14626,#14627,#14628,#14629,#14630),(#14631,#14632,#14633,#14634,#14635),
(#14636,#14637,#14638,#14639,#14640),(#14641,#14642,#14643,#14644,#14645)),
 .UNSPECIFIED.,.F.,.F.,.F.,(4,1,4),(4,1,4),(0.,0.571428571428571,1.),(-1.5707963267949,
-0.897597901025658,-6.42756643620658E-15),.UNSPECIFIED.);
#331=B_SPLINE_SURFACE_WITH_KNOTS('',3,3,((#14702,#14703,#14704,#14705,#14706),
(#14707,#14708,#14709,#14710,#14711),(#14712,#14713,#14714,#14715,#14716),
(#14717,#14718,#14719,#14720,#14721),(#14722,#14723,#14724,#14725,#14726)),
 .UNSPECIFIED.,.F.,.F.,.F.,(4,1,4),(4,1,4),(0.,0.571428571428571,1.),(-2.08166817117277E-16,
0.897597901025653,1.57079632679489),.UNSPECIFIED.);
#332=B_SPLINE_SURFACE_WITH_KNOTS('',3,3,((#14765,#14766,#14767,#14768,#14769),
(#14770,#14771,#14772,#14773,#14774),(#14775,#14776,#14777,#14778,#14779),
(#14780,#14781,#14782,#14783,#14784),(#14785,#14786,#14787,#14788,#14789)),
 .UNSPECIFIED.,.F.,.F.,.F.,(4,1,4),(4,1,4),(0.,0.571428571428571,1.),(1.58900670399493E-14,
0.89759790102566,1.57079632679489),.UNSPECIFIED.);
#333=B_SPLINE_SURFACE_WITH_KNOTS('',3,3,((#14830,#14831,#14832,#14833,#14834),
(#14835,#14836,#14837,#14838,#14839),(#14840,#14841,#14842,#14843,#14844),
(#14845,#14846,#14847,#14848,#14849),(#14850,#14851,#14852,#14853,#14854)),
 .UNSPECIFIED.,.F.,.F.,.F.,(4,1,4),(4,1,4),(0.,0.571428571428571,1.),(-1.5707963267949,
-0.897597901025663,-1.67921232474579E-14),.UNSPECIFIED.);
#334=B_SPLINE_SURFACE_WITH_KNOTS('',3,3,((#14890,#14891,#14892,#14893,#14894),
(#14895,#14896,#14897,#14898,#14899),(#14900,#14901,#14902,#14903,#14904),
(#14905,#14906,#14907,#14908,#14909),(#14910,#14911,#14912,#14913,#14914)),
 .UNSPECIFIED.,.F.,.F.,.F.,(4,1,4),(4,1,4),(0.,0.571428571428571,1.),(-1.5707963267949,
-0.89759790102566,-5.62280983181725E-15),.UNSPECIFIED.);
#335=FACE_BOUND('',#1758,.T.);
#336=FACE_BOUND('',#1761,.T.);
#337=PLANE('',#6920);
#338=PLANE('',#7004);
#339=PLANE('',#7440);
#340=PLANE('',#7442);
#341=PLANE('',#7444);
#342=PLANE('',#7466);
#343=PLANE('',#7468);
#344=PLANE('',#7470);
#345=PLANE('',#7511);
#346=PLANE('',#7513);
#347=PLANE('',#7515);
#348=PLANE('',#7537);
#349=PLANE('',#7539);
#350=PLANE('',#7541);
#351=PLANE('',#7563);
#352=PLANE('',#7565);
#353=PLANE('',#7567);
#354=PLANE('',#7589);
#355=PLANE('',#7591);
#356=PLANE('',#7593);
#357=PLANE('',#7615);
#358=PLANE('',#7617);
#359=PLANE('',#7619);
#360=PLANE('',#7641);
#361=PLANE('',#7643);
#362=PLANE('',#7645);
#363=PLANE('',#7667);
#364=PLANE('',#7669);
#365=PLANE('',#7671);
#366=PLANE('',#7731);
#367=PLANE('',#7733);
#368=PLANE('',#7735);
#369=PLANE('',#7757);
#370=PLANE('',#7759);
#371=PLANE('',#7761);
#372=PLANE('',#7802);
#373=PLANE('',#7804);
#374=PLANE('',#7806);
#375=PLANE('',#7826);
#376=PLANE('',#7828);
#377=PLANE('',#7830);
#378=PLANE('',#7833);
#379=PLANE('',#7835);
#380=PLANE('',#7837);
#381=PLANE('',#7840);
#382=PLANE('',#7842);
#383=PLANE('',#7844);
#384=PLANE('',#7847);
#385=PLANE('',#7849);
#386=PLANE('',#7851);
#387=LINE('',#10103,#740);
#388=LINE('',#10114,#741);
#389=LINE('',#10116,#742);
#390=LINE('',#10118,#743);
#391=LINE('',#10130,#744);
#392=LINE('',#10132,#745);
#393=LINE('',#10134,#746);
#394=LINE('',#10146,#747);
#395=LINE('',#10148,#748);
#396=LINE('',#10150,#749);
#397=LINE('',#10162,#750);
#398=LINE('',#10164,#751);
#399=LINE('',#10166,#752);
#400=LINE('',#10178,#753);
#401=LINE('',#10180,#754);
#402=LINE('',#10182,#755);
#403=LINE('',#10194,#756);
#404=LINE('',#10196,#757);
#405=LINE('',#10198,#758);
#406=LINE('',#10210,#759);
#407=LINE('',#10212,#760);
#408=LINE('',#10214,#761);
#409=LINE('',#10226,#762);
#410=LINE('',#10228,#763);
#411=LINE('',#10230,#764);
#412=LINE('',#10242,#765);
#413=LINE('',#10244,#766);
#414=LINE('',#10246,#767);
#415=LINE('',#10258,#768);
#416=LINE('',#10260,#769);
#417=LINE('',#10262,#770);
#418=LINE('',#10274,#771);
#419=LINE('',#10276,#772);
#420=LINE('',#10278,#773);
#421=LINE('',#10290,#774);
#422=LINE('',#10292,#775);
#423=LINE('',#10294,#776);
#424=LINE('',#10306,#777);
#425=LINE('',#10308,#778);
#426=LINE('',#10310,#779);
#427=LINE('',#10322,#780);
#428=LINE('',#10324,#781);
#429=LINE('',#10326,#782);
#430=LINE('',#10338,#783);
#431=LINE('',#10340,#784);
#432=LINE('',#10342,#785);
#433=LINE('',#10354,#786);
#434=LINE('',#10356,#787);
#435=LINE('',#10358,#788);
#436=LINE('',#10375,#789);
#437=LINE('',#10377,#790);
#438=LINE('',#10379,#791);
#439=LINE('',#10391,#792);
#440=LINE('',#10393,#793);
#441=LINE('',#10395,#794);
#442=LINE('',#10407,#795);
#443=LINE('',#10409,#796);
#444=LINE('',#10411,#797);
#445=LINE('',#10423,#798);
#446=LINE('',#10425,#799);
#447=LINE('',#10427,#800);
#448=LINE('',#10439,#801);
#449=LINE('',#10441,#802);
#450=LINE('',#10443,#803);
#451=LINE('',#10455,#804);
#452=LINE('',#10457,#805);
#453=LINE('',#10459,#806);
#454=LINE('',#10471,#807);
#455=LINE('',#10473,#808);
#456=LINE('',#10475,#809);
#457=LINE('',#10487,#810);
#458=LINE('',#10489,#811);
#459=LINE('',#10491,#812);
#460=LINE('',#10503,#813);
#461=LINE('',#10505,#814);
#462=LINE('',#10507,#815);
#463=LINE('',#10519,#816);
#464=LINE('',#10521,#817);
#465=LINE('',#10523,#818);
#466=LINE('',#10535,#819);
#467=LINE('',#10537,#820);
#468=LINE('',#10539,#821);
#469=LINE('',#10551,#822);
#470=LINE('',#10553,#823);
#471=LINE('',#10555,#824);
#472=LINE('',#10567,#825);
#473=LINE('',#10569,#826);
#474=LINE('',#10571,#827);
#475=LINE('',#10583,#828);
#476=LINE('',#10585,#829);
#477=LINE('',#10587,#830);
#478=LINE('',#10599,#831);
#479=LINE('',#10601,#832);
#480=LINE('',#10603,#833);
#481=LINE('',#10615,#834);
#482=LINE('',#10617,#835);
#483=LINE('',#10619,#836);
#484=LINE('',#10715,#837);
#485=LINE('',#10717,#838);
#486=LINE('',#10720,#839);
#487=LINE('',#10753,#840);
#488=LINE('',#10756,#841);
#489=LINE('',#10849,#842);
#490=LINE('',#10851,#843);
#491=LINE('',#10854,#844);
#492=LINE('',#10887,#845);
#493=LINE('',#10890,#846);
#494=LINE('',#10983,#847);
#495=LINE('',#10985,#848);
#496=LINE('',#10988,#849);
#497=LINE('',#11021,#850);
#498=LINE('',#11024,#851);
#499=LINE('',#11117,#852);
#500=LINE('',#11119,#853);
#501=LINE('',#11122,#854);
#502=LINE('',#11155,#855);
#503=LINE('',#11158,#856);
#504=LINE('',#11251,#857);
#505=LINE('',#11253,#858);
#506=LINE('',#11256,#859);
#507=LINE('',#11289,#860);
#508=LINE('',#11292,#861);
#509=LINE('',#11385,#862);
#510=LINE('',#11387,#863);
#511=LINE('',#11390,#864);
#512=LINE('',#11423,#865);
#513=LINE('',#11426,#866);
#514=LINE('',#11519,#867);
#515=LINE('',#11521,#868);
#516=LINE('',#11524,#869);
#517=LINE('',#11557,#870);
#518=LINE('',#11560,#871);
#519=LINE('',#11653,#872);
#520=LINE('',#11655,#873);
#521=LINE('',#11658,#874);
#522=LINE('',#11691,#875);
#523=LINE('',#11694,#876);
#524=LINE('',#11787,#877);
#525=LINE('',#11789,#878);
#526=LINE('',#11792,#879);
#527=LINE('',#11825,#880);
#528=LINE('',#11828,#881);
#529=LINE('',#11921,#882);
#530=LINE('',#11923,#883);
#531=LINE('',#11926,#884);
#532=LINE('',#11959,#885);
#533=LINE('',#11962,#886);
#534=LINE('',#12055,#887);
#535=LINE('',#12057,#888);
#536=LINE('',#12060,#889);
#537=LINE('',#12093,#890);
#538=LINE('',#12096,#891);
#539=LINE('',#12189,#892);
#540=LINE('',#12191,#893);
#541=LINE('',#12194,#894);
#542=LINE('',#12227,#895);
#543=LINE('',#12230,#896);
#544=LINE('',#12323,#897);
#545=LINE('',#12325,#898);
#546=LINE('',#12328,#899);
#547=LINE('',#12361,#900);
#548=LINE('',#12364,#901);
#549=LINE('',#12457,#902);
#550=LINE('',#12459,#903);
#551=LINE('',#12462,#904);
#552=LINE('',#12495,#905);
#553=LINE('',#12498,#906);
#554=LINE('',#12591,#907);
#555=LINE('',#12593,#908);
#556=LINE('',#12596,#909);
#557=LINE('',#12629,#910);
#558=LINE('',#12632,#911);
#559=LINE('',#12725,#912);
#560=LINE('',#12727,#913);
#561=LINE('',#12730,#914);
#562=LINE('',#12793,#915);
#563=LINE('',#12855,#916);
#564=LINE('',#12888,#917);
#565=LINE('',#12890,#918);
#566=LINE('',#12891,#919);
#567=LINE('',#12893,#920);
#568=LINE('',#12895,#921);
#569=LINE('',#12897,#922);
#570=LINE('',#12899,#923);
#571=LINE('',#12901,#924);
#572=LINE('',#12903,#925);
#573=LINE('',#12905,#926);
#574=LINE('',#12907,#927);
#575=LINE('',#12940,#928);
#576=LINE('',#12999,#929);
#577=LINE('',#13032,#930);
#578=LINE('',#13034,#931);
#579=LINE('',#13036,#932);
#580=LINE('',#13038,#933);
#581=LINE('',#13040,#934);
#582=LINE('',#13042,#935);
#583=LINE('',#13044,#936);
#584=LINE('',#13046,#937);
#585=LINE('',#13048,#938);
#586=LINE('',#13082,#939);
#587=LINE('',#13143,#940);
#588=LINE('',#13173,#941);
#589=LINE('',#13175,#942);
#590=LINE('',#13176,#943);
#591=LINE('',#13209,#944);
#592=LINE('',#13268,#945);
#593=LINE('',#13301,#946);
#594=LINE('',#13303,#947);
#595=LINE('',#13305,#948);
#596=LINE('',#13307,#949);
#597=LINE('',#13309,#950);
#598=LINE('',#13311,#951);
#599=LINE('',#13313,#952);
#600=LINE('',#13315,#953);
#601=LINE('',#13317,#954);
#602=LINE('',#13350,#955);
#603=LINE('',#13409,#956);
#604=LINE('',#13442,#957);
#605=LINE('',#13444,#958);
#606=LINE('',#13446,#959);
#607=LINE('',#13448,#960);
#608=LINE('',#13450,#961);
#609=LINE('',#13452,#962);
#610=LINE('',#13454,#963);
#611=LINE('',#13456,#964);
#612=LINE('',#13458,#965);
#613=LINE('',#13491,#966);
#614=LINE('',#13550,#967);
#615=LINE('',#13583,#968);
#616=LINE('',#13585,#969);
#617=LINE('',#13587,#970);
#618=LINE('',#13589,#971);
#619=LINE('',#13591,#972);
#620=LINE('',#13593,#973);
#621=LINE('',#13595,#974);
#622=LINE('',#13597,#975);
#623=LINE('',#13599,#976);
#624=LINE('',#13632,#977);
#625=LINE('',#13691,#978);
#626=LINE('',#13724,#979);
#627=LINE('',#13726,#980);
#628=LINE('',#13728,#981);
#629=LINE('',#13730,#982);
#630=LINE('',#13732,#983);
#631=LINE('',#13734,#984);
#632=LINE('',#13736,#985);
#633=LINE('',#13738,#986);
#634=LINE('',#13740,#987);
#635=LINE('',#13773,#988);
#636=LINE('',#13832,#989);
#637=LINE('',#13865,#990);
#638=LINE('',#13867,#991);
#639=LINE('',#13869,#992);
#640=LINE('',#13871,#993);
#641=LINE('',#13873,#994);
#642=LINE('',#13875,#995);
#643=LINE('',#13877,#996);
#644=LINE('',#13879,#997);
#645=LINE('',#13881,#998);
#646=LINE('',#13914,#999);
#647=LINE('',#13973,#1000);
#648=LINE('',#14006,#1001);
#649=LINE('',#14008,#1002);
#650=LINE('',#14010,#1003);
#651=LINE('',#14012,#1004);
#652=LINE('',#14014,#1005);
#653=LINE('',#14016,#1006);
#654=LINE('',#14018,#1007);
#655=LINE('',#14020,#1008);
#656=LINE('',#14022,#1009);
#657=LINE('',#14055,#1010);
#658=LINE('',#14114,#1011);
#659=LINE('',#14147,#1012);
#660=LINE('',#14149,#1013);
#661=LINE('',#14151,#1014);
#662=LINE('',#14153,#1015);
#663=LINE('',#14155,#1016);
#664=LINE('',#14157,#1017);
#665=LINE('',#14159,#1018);
#666=LINE('',#14161,#1019);
#667=LINE('',#14163,#1020);
#668=LINE('',#14197,#1021);
#669=LINE('',#14258,#1022);
#670=LINE('',#14288,#1023);
#671=LINE('',#14290,#1024);
#672=LINE('',#14291,#1025);
#673=LINE('',#14325,#1026);
#674=LINE('',#14386,#1027);
#675=LINE('',#14416,#1028);
#676=LINE('',#14418,#1029);
#677=LINE('',#14419,#1030);
#678=LINE('',#14452,#1031);
#679=LINE('',#14511,#1032);
#680=LINE('',#14544,#1033);
#681=LINE('',#14546,#1034);
#682=LINE('',#14548,#1035);
#683=LINE('',#14550,#1036);
#684=LINE('',#14552,#1037);
#685=LINE('',#14554,#1038);
#686=LINE('',#14556,#1039);
#687=LINE('',#14558,#1040);
#688=LINE('',#14560,#1041);
#689=LINE('',#14593,#1042);
#690=LINE('',#14652,#1043);
#691=LINE('',#14685,#1044);
#692=LINE('',#14687,#1045);
#693=LINE('',#14689,#1046);
#694=LINE('',#14691,#1047);
#695=LINE('',#14693,#1048);
#696=LINE('',#14695,#1049);
#697=LINE('',#14697,#1050);
#698=LINE('',#14699,#1051);
#699=LINE('',#14701,#1052);
#700=LINE('',#14735,#1053);
#701=LINE('',#14796,#1054);
#702=LINE('',#14826,#1055);
#703=LINE('',#14828,#1056);
#704=LINE('',#14829,#1057);
#705=LINE('',#14862,#1058);
#706=LINE('',#14921,#1059);
#707=LINE('',#14954,#1060);
#708=LINE('',#14956,#1061);
#709=LINE('',#14958,#1062);
#710=LINE('',#14960,#1063);
#711=LINE('',#14962,#1064);
#712=LINE('',#14964,#1065);
#713=LINE('',#14966,#1066);
#714=LINE('',#14968,#1067);
#715=LINE('',#14970,#1068);
#716=LINE('',#14988,#1069);
#717=LINE('',#14990,#1070);
#718=LINE('',#14992,#1071);
#719=LINE('',#14994,#1072);
#720=LINE('',#14996,#1073);
#721=LINE('',#14998,#1074);
#722=LINE('',#15001,#1075);
#723=LINE('',#15003,#1076);
#724=LINE('',#15005,#1077);
#725=LINE('',#15007,#1078);
#726=LINE('',#15009,#1079);
#727=LINE('',#15011,#1080);
#728=LINE('',#15014,#1081);
#729=LINE('',#15016,#1082);
#730=LINE('',#15018,#1083);
#731=LINE('',#15020,#1084);
#732=LINE('',#15022,#1085);
#733=LINE('',#15024,#1086);
#734=LINE('',#15027,#1087);
#735=LINE('',#15029,#1088);
#736=LINE('',#15031,#1089);
#737=LINE('',#15033,#1090);
#738=LINE('',#15035,#1091);
#739=LINE('',#15037,#1092);
#740=VECTOR('',#7869,11.1);
#741=VECTOR('',#7880,10.);
#742=VECTOR('',#7881,10.);
#743=VECTOR('',#7882,10.);
#744=VECTOR('',#7893,10.);
#745=VECTOR('',#7894,10.);
#746=VECTOR('',#7895,10.);
#747=VECTOR('',#7906,10.);
#748=VECTOR('',#7907,10.);
#749=VECTOR('',#7908,10.);
#750=VECTOR('',#7919,10.);
#751=VECTOR('',#7920,10.);
#752=VECTOR('',#7921,10.);
#753=VECTOR('',#7932,10.);
#754=VECTOR('',#7933,10.);
#755=VECTOR('',#7934,10.);
#756=VECTOR('',#7945,10.);
#757=VECTOR('',#7946,10.);
#758=VECTOR('',#7947,10.);
#759=VECTOR('',#7958,10.);
#760=VECTOR('',#7959,10.);
#761=VECTOR('',#7960,10.);
#762=VECTOR('',#7971,10.);
#763=VECTOR('',#7972,10.);
#764=VECTOR('',#7973,10.);
#765=VECTOR('',#7984,10.);
#766=VECTOR('',#7985,10.);
#767=VECTOR('',#7986,10.);
#768=VECTOR('',#7997,10.);
#769=VECTOR('',#7998,10.);
#770=VECTOR('',#7999,10.);
#771=VECTOR('',#8010,10.);
#772=VECTOR('',#8011,10.);
#773=VECTOR('',#8012,10.);
#774=VECTOR('',#8023,10.);
#775=VECTOR('',#8024,10.);
#776=VECTOR('',#8025,10.);
#777=VECTOR('',#8036,10.);
#778=VECTOR('',#8037,10.);
#779=VECTOR('',#8038,10.);
#780=VECTOR('',#8049,10.);
#781=VECTOR('',#8050,10.);
#782=VECTOR('',#8051,10.);
#783=VECTOR('',#8062,10.);
#784=VECTOR('',#8063,10.);
#785=VECTOR('',#8064,10.);
#786=VECTOR('',#8075,10.);
#787=VECTOR('',#8076,10.);
#788=VECTOR('',#8077,10.);
#789=VECTOR('',#8096,10.);
#790=VECTOR('',#8097,10.);
#791=VECTOR('',#8098,10.);
#792=VECTOR('',#8109,10.);
#793=VECTOR('',#8110,10.);
#794=VECTOR('',#8111,10.);
#795=VECTOR('',#8122,10.);
#796=VECTOR('',#8123,10.);
#797=VECTOR('',#8124,10.);
#798=VECTOR('',#8135,10.);
#799=VECTOR('',#8136,10.);
#800=VECTOR('',#8137,10.);
#801=VECTOR('',#8148,10.);
#802=VECTOR('',#8149,10.);
#803=VECTOR('',#8150,10.);
#804=VECTOR('',#8161,10.);
#805=VECTOR('',#8162,10.);
#806=VECTOR('',#8163,10.);
#807=VECTOR('',#8174,10.);
#808=VECTOR('',#8175,10.);
#809=VECTOR('',#8176,10.);
#810=VECTOR('',#8187,10.);
#811=VECTOR('',#8188,10.);
#812=VECTOR('',#8189,10.);
#813=VECTOR('',#8200,10.);
#814=VECTOR('',#8201,10.);
#815=VECTOR('',#8202,10.);
#816=VECTOR('',#8213,10.);
#817=VECTOR('',#8214,10.);
#818=VECTOR('',#8215,10.);
#819=VECTOR('',#8226,10.);
#820=VECTOR('',#8227,10.);
#821=VECTOR('',#8228,10.);
#822=VECTOR('',#8239,10.);
#823=VECTOR('',#8240,10.);
#824=VECTOR('',#8241,10.);
#825=VECTOR('',#8252,10.);
#826=VECTOR('',#8253,10.);
#827=VECTOR('',#8254,10.);
#828=VECTOR('',#8265,10.);
#829=VECTOR('',#8266,10.);
#830=VECTOR('',#8267,10.);
#831=VECTOR('',#8278,10.);
#832=VECTOR('',#8279,10.);
#833=VECTOR('',#8280,10.);
#834=VECTOR('',#8291,10.);
#835=VECTOR('',#8292,10.);
#836=VECTOR('',#8293,10.);
#837=VECTOR('',#8322,10.);
#838=VECTOR('',#8325,10.);
#839=VECTOR('',#8328,10.);
#840=VECTOR('',#8341,10.);
#841=VECTOR('',#8344,10.);
#842=VECTOR('',#8369,10.);
#843=VECTOR('',#8372,10.);
#844=VECTOR('',#8375,10.);
#845=VECTOR('',#8388,10.);
#846=VECTOR('',#8391,10.);
#847=VECTOR('',#8416,10.);
#848=VECTOR('',#8419,10.);
#849=VECTOR('',#8422,10.);
#850=VECTOR('',#8435,10.);
#851=VECTOR('',#8438,10.);
#852=VECTOR('',#8463,10.);
#853=VECTOR('',#8466,10.);
#854=VECTOR('',#8469,10.);
#855=VECTOR('',#8482,10.);
#856=VECTOR('',#8485,10.);
#857=VECTOR('',#8510,10.);
#858=VECTOR('',#8513,10.);
#859=VECTOR('',#8516,10.);
#860=VECTOR('',#8529,10.);
#861=VECTOR('',#8532,10.);
#862=VECTOR('',#8557,10.);
#863=VECTOR('',#8560,10.);
#864=VECTOR('',#8563,10.);
#865=VECTOR('',#8576,10.);
#866=VECTOR('',#8579,10.);
#867=VECTOR('',#8604,10.);
#868=VECTOR('',#8607,10.);
#869=VECTOR('',#8610,10.);
#870=VECTOR('',#8623,10.);
#871=VECTOR('',#8626,10.);
#872=VECTOR('',#8651,10.);
#873=VECTOR('',#8654,10.);
#874=VECTOR('',#8657,10.);
#875=VECTOR('',#8670,10.);
#876=VECTOR('',#8673,10.);
#877=VECTOR('',#8698,10.);
#878=VECTOR('',#8701,10.);
#879=VECTOR('',#8704,10.);
#880=VECTOR('',#8717,10.);
#881=VECTOR('',#8720,10.);
#882=VECTOR('',#8745,10.);
#883=VECTOR('',#8748,10.);
#884=VECTOR('',#8751,10.);
#885=VECTOR('',#8764,10.);
#886=VECTOR('',#8767,10.);
#887=VECTOR('',#8792,10.);
#888=VECTOR('',#8795,10.);
#889=VECTOR('',#8798,10.);
#890=VECTOR('',#8811,10.);
#891=VECTOR('',#8814,10.);
#892=VECTOR('',#8839,10.);
#893=VECTOR('',#8842,10.);
#894=VECTOR('',#8845,10.);
#895=VECTOR('',#8858,10.);
#896=VECTOR('',#8861,10.);
#897=VECTOR('',#8886,10.);
#898=VECTOR('',#8889,10.);
#899=VECTOR('',#8892,10.);
#900=VECTOR('',#8905,10.);
#901=VECTOR('',#8908,10.);
#902=VECTOR('',#8933,10.);
#903=VECTOR('',#8936,10.);
#904=VECTOR('',#8939,10.);
#905=VECTOR('',#8952,10.);
#906=VECTOR('',#8955,10.);
#907=VECTOR('',#8980,10.);
#908=VECTOR('',#8983,10.);
#909=VECTOR('',#8986,10.);
#910=VECTOR('',#8999,10.);
#911=VECTOR('',#9002,10.);
#912=VECTOR('',#9027,10.);
#913=VECTOR('',#9030,10.);
#914=VECTOR('',#9033,10.);
#915=VECTOR('',#9052,10.);
#916=VECTOR('',#9071,10.);
#917=VECTOR('',#9084,10.);
#918=VECTOR('',#9087,10.);
#919=VECTOR('',#9088,10.);
#920=VECTOR('',#9091,10.);
#921=VECTOR('',#9094,10.);
#922=VECTOR('',#9097,10.);
#923=VECTOR('',#9100,10.);
#924=VECTOR('',#9103,10.);
#925=VECTOR('',#9106,10.);
#926=VECTOR('',#9109,10.);
#927=VECTOR('',#9112,10.);
#928=VECTOR('',#9121,10.);
#929=VECTOR('',#9138,10.);
#930=VECTOR('',#9151,10.);
#931=VECTOR('',#9154,10.);
#932=VECTOR('',#9157,10.);
#933=VECTOR('',#9160,10.);
#934=VECTOR('',#9163,10.);
#935=VECTOR('',#9166,10.);
#936=VECTOR('',#9169,10.);
#937=VECTOR('',#9172,10.);
#938=VECTOR('',#9175,10.);
#939=VECTOR('',#9186,10.);
#940=VECTOR('',#9203,10.);
#941=VECTOR('',#9214,10.);
#942=VECTOR('',#9217,10.);
#943=VECTOR('',#9218,10.);
#944=VECTOR('',#9227,10.);
#945=VECTOR('',#9244,10.);
#946=VECTOR('',#9257,10.);
#947=VECTOR('',#9260,10.);
#948=VECTOR('',#9263,10.);
#949=VECTOR('',#9266,10.);
#950=VECTOR('',#9269,10.);
#951=VECTOR('',#9272,10.);
#952=VECTOR('',#9275,10.);
#953=VECTOR('',#9278,10.);
#954=VECTOR('',#9281,10.);
#955=VECTOR('',#9290,10.);
#956=VECTOR('',#9307,10.);
#957=VECTOR('',#9320,10.);
#958=VECTOR('',#9323,10.);
#959=VECTOR('',#9326,10.);
#960=VECTOR('',#9329,10.);
#961=VECTOR('',#9332,10.);
#962=VECTOR('',#9335,10.);
#963=VECTOR('',#9338,10.);
#964=VECTOR('',#9341,10.);
#965=VECTOR('',#9344,10.);
#966=VECTOR('',#9353,10.);
#967=VECTOR('',#9370,10.);
#968=VECTOR('',#9383,10.);
#969=VECTOR('',#9386,10.);
#970=VECTOR('',#9389,10.);
#971=VECTOR('',#9392,10.);
#972=VECTOR('',#9395,10.);
#973=VECTOR('',#9398,10.);
#974=VECTOR('',#9401,10.);
#975=VECTOR('',#9404,10.);
#976=VECTOR('',#9407,10.);
#977=VECTOR('',#9416,10.);
#978=VECTOR('',#9433,10.);
#979=VECTOR('',#9446,10.);
#980=VECTOR('',#9449,10.);
#981=VECTOR('',#9452,10.);
#982=VECTOR('',#9455,10.);
#983=VECTOR('',#9458,10.);
#984=VECTOR('',#9461,10.);
#985=VECTOR('',#9464,10.);
#986=VECTOR('',#9467,10.);
#987=VECTOR('',#9470,10.);
#988=VECTOR('',#9479,10.);
#989=VECTOR('',#9496,10.);
#990=VECTOR('',#9509,10.);
#991=VECTOR('',#9512,10.);
#992=VECTOR('',#9515,10.);
#993=VECTOR('',#9518,10.);
#994=VECTOR('',#9521,10.);
#995=VECTOR('',#9524,10.);
#996=VECTOR('',#9527,10.);
#997=VECTOR('',#9530,10.);
#998=VECTOR('',#9533,10.);
#999=VECTOR('',#9542,10.);
#1000=VECTOR('',#9559,10.);
#1001=VECTOR('',#9572,10.);
#1002=VECTOR('',#9575,10.);
#1003=VECTOR('',#9578,10.);
#1004=VECTOR('',#9581,10.);
#1005=VECTOR('',#9584,10.);
#1006=VECTOR('',#9587,10.);
#1007=VECTOR('',#9590,10.);
#1008=VECTOR('',#9593,10.);
#1009=VECTOR('',#9596,10.);
#1010=VECTOR('',#9605,10.);
#1011=VECTOR('',#9622,10.);
#1012=VECTOR('',#9635,10.);
#1013=VECTOR('',#9638,10.);
#1014=VECTOR('',#9641,10.);
#1015=VECTOR('',#9644,10.);
#1016=VECTOR('',#9647,10.);
#1017=VECTOR('',#9650,10.);
#1018=VECTOR('',#9653,10.);
#1019=VECTOR('',#9656,10.);
#1020=VECTOR('',#9659,10.);
#1021=VECTOR('',#9670,10.);
#1022=VECTOR('',#9687,10.);
#1023=VECTOR('',#9698,10.);
#1024=VECTOR('',#9701,10.);
#1025=VECTOR('',#9702,10.);
#1026=VECTOR('',#9713,10.);
#1027=VECTOR('',#9730,10.);
#1028=VECTOR('',#9741,10.);
#1029=VECTOR('',#9744,10.);
#1030=VECTOR('',#9745,10.);
#1031=VECTOR('',#9754,10.);
#1032=VECTOR('',#9771,10.);
#1033=VECTOR('',#9784,10.);
#1034=VECTOR('',#9787,10.);
#1035=VECTOR('',#9790,10.);
#1036=VECTOR('',#9793,10.);
#1037=VECTOR('',#9796,10.);
#1038=VECTOR('',#9799,10.);
#1039=VECTOR('',#9802,10.);
#1040=VECTOR('',#9805,10.);
#1041=VECTOR('',#9808,10.);
#1042=VECTOR('',#9817,10.);
#1043=VECTOR('',#9834,10.);
#1044=VECTOR('',#9847,10.);
#1045=VECTOR('',#9850,10.);
#1046=VECTOR('',#9853,10.);
#1047=VECTOR('',#9856,10.);
#1048=VECTOR('',#9859,10.);
#1049=VECTOR('',#9862,10.);
#1050=VECTOR('',#9865,10.);
#1051=VECTOR('',#9868,10.);
#1052=VECTOR('',#9871,10.);
#1053=VECTOR('',#9882,10.);
#1054=VECTOR('',#9899,10.);
#1055=VECTOR('',#9910,10.);
#1056=VECTOR('',#9913,10.);
#1057=VECTOR('',#9914,10.);
#1058=VECTOR('',#9923,10.);
#1059=VECTOR('',#9940,10.);
#1060=VECTOR('',#9953,10.);
#1061=VECTOR('',#9956,10.);
#1062=VECTOR('',#9959,10.);
#1063=VECTOR('',#9962,10.);
#1064=VECTOR('',#9965,10.);
#1065=VECTOR('',#9968,10.);
#1066=VECTOR('',#9971,10.);
#1067=VECTOR('',#9974,10.);
#1068=VECTOR('',#9977,10.);
#1069=VECTOR('',#10012,10.);
#1070=VECTOR('',#10015,10.);
#1071=VECTOR('',#10018,10.);
#1072=VECTOR('',#10021,10.);
#1073=VECTOR('',#10024,10.);
#1074=VECTOR('',#10027,10.);
#1075=VECTOR('',#10032,10.);
#1076=VECTOR('',#10035,10.);
#1077=VECTOR('',#10038,10.);
#1078=VECTOR('',#10041,10.);
#1079=VECTOR('',#10044,10.);
#1080=VECTOR('',#10047,10.);
#1081=VECTOR('',#10052,10.);
#1082=VECTOR('',#10055,10.);
#1083=VECTOR('',#10058,10.);
#1084=VECTOR('',#10061,10.);
#1085=VECTOR('',#10064,10.);
#1086=VECTOR('',#10067,10.);
#1087=VECTOR('',#10072,10.);
#1088=VECTOR('',#10075,10.);
#1089=VECTOR('',#10078,10.);
#1090=VECTOR('',#10081,10.);
#1091=VECTOR('',#10084,10.);
#1092=VECTOR('',#10087,10.);
#1093=CYLINDRICAL_SURFACE('',#6917,11.1);
#1094=CYLINDRICAL_SURFACE('',#7096,1.);
#1095=CYLINDRICAL_SURFACE('',#7097,1.);
#1096=CYLINDRICAL_SURFACE('',#7098,1.);
#1097=CYLINDRICAL_SURFACE('',#7104,5.06352277841931);
#1098=CYLINDRICAL_SURFACE('',#7117,1.);
#1099=CYLINDRICAL_SURFACE('',#7118,1.);
#1100=CYLINDRICAL_SURFACE('',#7119,1.);
#1101=CYLINDRICAL_SURFACE('',#7125,5.0635227784193);
#1102=CYLINDRICAL_SURFACE('',#7138,1.);
#1103=CYLINDRICAL_SURFACE('',#7139,1.);
#1104=CYLINDRICAL_SURFACE('',#7140,1.);
#1105=CYLINDRICAL_SURFACE('',#7146,5.06352277841932);
#1106=CYLINDRICAL_SURFACE('',#7159,1.);
#1107=CYLINDRICAL_SURFACE('',#7160,1.);
#1108=CYLINDRICAL_SURFACE('',#7161,1.);
#1109=CYLINDRICAL_SURFACE('',#7167,5.0635227784193);
#1110=CYLINDRICAL_SURFACE('',#7180,1.);
#1111=CYLINDRICAL_SURFACE('',#7181,1.);
#1112=CYLINDRICAL_SURFACE('',#7182,1.);
#1113=CYLINDRICAL_SURFACE('',#7188,5.06352277841931);
#1114=CYLINDRICAL_SURFACE('',#7201,1.);
#1115=CYLINDRICAL_SURFACE('',#7202,1.);
#1116=CYLINDRICAL_SURFACE('',#7203,1.);
#1117=CYLINDRICAL_SURFACE('',#7209,5.0635227784193);
#1118=CYLINDRICAL_SURFACE('',#7222,1.);
#1119=CYLINDRICAL_SURFACE('',#7223,1.);
#1120=CYLINDRICAL_SURFACE('',#7224,1.);
#1121=CYLINDRICAL_SURFACE('',#7230,5.06352277841931);
#1122=CYLINDRICAL_SURFACE('',#7243,1.);
#1123=CYLINDRICAL_SURFACE('',#7244,1.);
#1124=CYLINDRICAL_SURFACE('',#7245,1.);
#1125=CYLINDRICAL_SURFACE('',#7251,5.0635227784193);
#1126=CYLINDRICAL_SURFACE('',#7264,1.);
#1127=CYLINDRICAL_SURFACE('',#7265,1.);
#1128=CYLINDRICAL_SURFACE('',#7266,1.);
#1129=CYLINDRICAL_SURFACE('',#7272,5.06352277841931);
#1130=CYLINDRICAL_SURFACE('',#7285,1.);
#1131=CYLINDRICAL_SURFACE('',#7286,1.);
#1132=CYLINDRICAL_SURFACE('',#7287,1.);
#1133=CYLINDRICAL_SURFACE('',#7293,5.0635227784193);
#1134=CYLINDRICAL_SURFACE('',#7306,1.);
#1135=CYLINDRICAL_SURFACE('',#7307,1.);
#1136=CYLINDRICAL_SURFACE('',#7308,1.);
#1137=CYLINDRICAL_SURFACE('',#7314,5.06352277841931);
#1138=CYLINDRICAL_SURFACE('',#7327,1.);
#1139=CYLINDRICAL_SURFACE('',#7328,1.);
#1140=CYLINDRICAL_SURFACE('',#7329,1.);
#1141=CYLINDRICAL_SURFACE('',#7335,5.0635227784193);
#1142=CYLINDRICAL_SURFACE('',#7348,1.);
#1143=CYLINDRICAL_SURFACE('',#7349,1.);
#1144=CYLINDRICAL_SURFACE('',#7350,1.);
#1145=CYLINDRICAL_SURFACE('',#7356,5.0635227784193);
#1146=CYLINDRICAL_SURFACE('',#7369,1.);
#1147=CYLINDRICAL_SURFACE('',#7370,1.);
#1148=CYLINDRICAL_SURFACE('',#7371,1.);
#1149=CYLINDRICAL_SURFACE('',#7377,5.06352277841931);
#1150=CYLINDRICAL_SURFACE('',#7390,1.);
#1151=CYLINDRICAL_SURFACE('',#7391,1.);
#1152=CYLINDRICAL_SURFACE('',#7392,1.);
#1153=CYLINDRICAL_SURFACE('',#7398,5.06352277841931);
#1154=CYLINDRICAL_SURFACE('',#7411,1.);
#1155=CYLINDRICAL_SURFACE('',#7412,1.);
#1156=CYLINDRICAL_SURFACE('',#7413,1.);
#1157=CYLINDRICAL_SURFACE('',#7422,1.);
#1158=CYLINDRICAL_SURFACE('',#7431,1.);
#1159=CYLINDRICAL_SURFACE('',#7437,1.);
#1160=CYLINDRICAL_SURFACE('',#7438,5.0635227784193);
#1161=CYLINDRICAL_SURFACE('',#7439,1.29999999999996);
#1162=CYLINDRICAL_SURFACE('',#7441,0.50000000000006);
#1163=CYLINDRICAL_SURFACE('',#7443,0.500000000000061);
#1164=CYLINDRICAL_SURFACE('',#7445,1.30000000000012);
#1165=CYLINDRICAL_SURFACE('',#7446,5.06352277841931);
#1166=CYLINDRICAL_SURFACE('',#7450,1.);
#1167=CYLINDRICAL_SURFACE('',#7458,1.);
#1168=CYLINDRICAL_SURFACE('',#7464,1.);
#1169=CYLINDRICAL_SURFACE('',#7465,1.29999999999996);
#1170=CYLINDRICAL_SURFACE('',#7467,0.50000000000007);
#1171=CYLINDRICAL_SURFACE('',#7469,0.500000000000054);
#1172=CYLINDRICAL_SURFACE('',#7471,1.30000000000012);
#1173=CYLINDRICAL_SURFACE('',#7472,5.0635227784193);
#1174=CYLINDRICAL_SURFACE('',#7476,1.);
#1175=CYLINDRICAL_SURFACE('',#7485,1.);
#1176=CYLINDRICAL_SURFACE('',#7490,1.);
#1177=CYLINDRICAL_SURFACE('',#7491,5.06352277841932);
#1178=CYLINDRICAL_SURFACE('',#7495,1.);
#1179=CYLINDRICAL_SURFACE('',#7503,1.);
#1180=CYLINDRICAL_SURFACE('',#7509,1.);
#1181=CYLINDRICAL_SURFACE('',#7510,1.29999999999997);
#1182=CYLINDRICAL_SURFACE('',#7512,0.500000000000054);
#1183=CYLINDRICAL_SURFACE('',#7514,0.500000000000053);
#1184=CYLINDRICAL_SURFACE('',#7516,1.30000000000012);
#1185=CYLINDRICAL_SURFACE('',#7517,5.0635227784193);
#1186=CYLINDRICAL_SURFACE('',#7521,1.);
#1187=CYLINDRICAL_SURFACE('',#7529,1.);
#1188=CYLINDRICAL_SURFACE('',#7535,1.);
#1189=CYLINDRICAL_SURFACE('',#7536,1.29999999999996);
#1190=CYLINDRICAL_SURFACE('',#7538,0.500000000000078);
#1191=CYLINDRICAL_SURFACE('',#7540,0.500000000000069);
#1192=CYLINDRICAL_SURFACE('',#7542,1.30000000000012);
#1193=CYLINDRICAL_SURFACE('',#7543,5.06352277841931);
#1194=CYLINDRICAL_SURFACE('',#7547,1.);
#1195=CYLINDRICAL_SURFACE('',#7555,1.);
#1196=CYLINDRICAL_SURFACE('',#7561,1.);
#1197=CYLINDRICAL_SURFACE('',#7562,1.29999999999996);
#1198=CYLINDRICAL_SURFACE('',#7564,0.500000000000057);
#1199=CYLINDRICAL_SURFACE('',#7566,0.500000000000061);
#1200=CYLINDRICAL_SURFACE('',#7568,1.30000000000012);
#1201=CYLINDRICAL_SURFACE('',#7569,5.0635227784193);
#1202=CYLINDRICAL_SURFACE('',#7573,1.);
#1203=CYLINDRICAL_SURFACE('',#7581,1.);
#1204=CYLINDRICAL_SURFACE('',#7587,1.);
#1205=CYLINDRICAL_SURFACE('',#7588,1.29999999999996);
#1206=CYLINDRICAL_SURFACE('',#7590,0.500000000000068);
#1207=CYLINDRICAL_SURFACE('',#7592,0.500000000000061);
#1208=CYLINDRICAL_SURFACE('',#7594,1.30000000000012);
#1209=CYLINDRICAL_SURFACE('',#7595,5.06352277841931);
#1210=CYLINDRICAL_SURFACE('',#7599,1.);
#1211=CYLINDRICAL_SURFACE('',#7607,1.);
#1212=CYLINDRICAL_SURFACE('',#7613,1.);
#1213=CYLINDRICAL_SURFACE('',#7614,1.29999999999996);
#1214=CYLINDRICAL_SURFACE('',#7616,0.500000000000058);
#1215=CYLINDRICAL_SURFACE('',#7618,0.500000000000058);
#1216=CYLINDRICAL_SURFACE('',#7620,1.30000000000012);
#1217=CYLINDRICAL_SURFACE('',#7621,5.0635227784193);
#1218=CYLINDRICAL_SURFACE('',#7625,1.);
#1219=CYLINDRICAL_SURFACE('',#7633,1.);
#1220=CYLINDRICAL_SURFACE('',#7639,1.);
#1221=CYLINDRICAL_SURFACE('',#7640,1.29999999999996);
#1222=CYLINDRICAL_SURFACE('',#7642,0.50000000000006);
#1223=CYLINDRICAL_SURFACE('',#7644,0.500000000000061);
#1224=CYLINDRICAL_SURFACE('',#7646,1.30000000000012);
#1225=CYLINDRICAL_SURFACE('',#7647,5.06352277841931);
#1226=CYLINDRICAL_SURFACE('',#7651,1.);
#1227=CYLINDRICAL_SURFACE('',#7659,1.);
#1228=CYLINDRICAL_SURFACE('',#7665,1.);
#1229=CYLINDRICAL_SURFACE('',#7666,1.29999999999997);
#1230=CYLINDRICAL_SURFACE('',#7668,0.500000000000062);
#1231=CYLINDRICAL_SURFACE('',#7670,0.500000000000071);
#1232=CYLINDRICAL_SURFACE('',#7672,1.30000000000012);
#1233=CYLINDRICAL_SURFACE('',#7673,5.0635227784193);
#1234=CYLINDRICAL_SURFACE('',#7677,1.);
#1235=CYLINDRICAL_SURFACE('',#7686,1.);
#1236=CYLINDRICAL_SURFACE('',#7691,1.);
#1237=CYLINDRICAL_SURFACE('',#7692,5.06352277841931);
#1238=CYLINDRICAL_SURFACE('',#7696,1.);
#1239=CYLINDRICAL_SURFACE('',#7705,1.);
#1240=CYLINDRICAL_SURFACE('',#7710,1.);
#1241=CYLINDRICAL_SURFACE('',#7711,5.0635227784193);
#1242=CYLINDRICAL_SURFACE('',#7715,1.);
#1243=CYLINDRICAL_SURFACE('',#7723,1.);
#1244=CYLINDRICAL_SURFACE('',#7729,1.);
#1245=CYLINDRICAL_SURFACE('',#7730,1.29999999999996);
#1246=CYLINDRICAL_SURFACE('',#7732,0.50000000000006);
#1247=CYLINDRICAL_SURFACE('',#7734,0.500000000000061);
#1248=CYLINDRICAL_SURFACE('',#7736,1.30000000000012);
#1249=CYLINDRICAL_SURFACE('',#7737,5.0635227784193);
#1250=CYLINDRICAL_SURFACE('',#7741,1.);
#1251=CYLINDRICAL_SURFACE('',#7749,1.);
#1252=CYLINDRICAL_SURFACE('',#7755,1.);
#1253=CYLINDRICAL_SURFACE('',#7756,1.29999999999996);
#1254=CYLINDRICAL_SURFACE('',#7758,0.500000000000073);
#1255=CYLINDRICAL_SURFACE('',#7760,0.500000000000063);
#1256=CYLINDRICAL_SURFACE('',#7762,1.30000000000012);
#1257=CYLINDRICAL_SURFACE('',#7763,5.06352277841931);
#1258=CYLINDRICAL_SURFACE('',#7767,1.);
#1259=CYLINDRICAL_SURFACE('',#7776,1.);
#1260=CYLINDRICAL_SURFACE('',#7781,1.);
#1261=CYLINDRICAL_SURFACE('',#7782,5.06352277841931);
#1262=CYLINDRICAL_SURFACE('',#7786,1.);
#1263=CYLINDRICAL_SURFACE('',#7794,1.);
#1264=CYLINDRICAL_SURFACE('',#7800,1.);
#1265=CYLINDRICAL_SURFACE('',#7801,1.29999999999996);
#1266=CYLINDRICAL_SURFACE('',#7803,0.500000000000072);
#1267=CYLINDRICAL_SURFACE('',#7805,0.500000000000072);
#1268=CYLINDRICAL_SURFACE('',#7807,1.30000000000012);
#1269=CYLINDRICAL_SURFACE('',#7808,5.0635227784193);
#1270=CYLINDRICAL_SURFACE('',#7809,45.);
#1271=CYLINDRICAL_SURFACE('',#7810,45.);
#1272=CYLINDRICAL_SURFACE('',#7811,45.);
#1273=CYLINDRICAL_SURFACE('',#7812,45.);
#1274=CYLINDRICAL_SURFACE('',#7813,45.);
#1275=CYLINDRICAL_SURFACE('',#7814,45.);
#1276=CYLINDRICAL_SURFACE('',#7815,45.);
#1277=CYLINDRICAL_SURFACE('',#7816,45.);
#1278=CYLINDRICAL_SURFACE('',#7817,45.);
#1279=CYLINDRICAL_SURFACE('',#7818,45.);
#1280=CYLINDRICAL_SURFACE('',#7819,45.);
#1281=CYLINDRICAL_SURFACE('',#7820,45.);
#1282=CYLINDRICAL_SURFACE('',#7821,45.);
#1283=CYLINDRICAL_SURFACE('',#7822,45.);
#1284=CYLINDRICAL_SURFACE('',#7823,45.);
#1285=CYLINDRICAL_SURFACE('',#7824,45.);
#1286=CYLINDRICAL_SURFACE('',#7825,1.30000000000012);
#1287=CYLINDRICAL_SURFACE('',#7827,0.500000000000061);
#1288=CYLINDRICAL_SURFACE('',#7829,0.500000000000056);
#1289=CYLINDRICAL_SURFACE('',#7831,1.29999999999996);
#1290=CYLINDRICAL_SURFACE('',#7832,1.30000000000012);
#1291=CYLINDRICAL_SURFACE('',#7834,0.500000000000058);
#1292=CYLINDRICAL_SURFACE('',#7836,0.500000000000056);
#1293=CYLINDRICAL_SURFACE('',#7838,1.29999999999997);
#1294=CYLINDRICAL_SURFACE('',#7839,1.30000000000012);
#1295=CYLINDRICAL_SURFACE('',#7841,0.500000000000059);
#1296=CYLINDRICAL_SURFACE('',#7843,0.500000000000059);
#1297=CYLINDRICAL_SURFACE('',#7845,1.29999999999996);
#1298=CYLINDRICAL_SURFACE('',#7846,1.3000000000001);
#1299=CYLINDRICAL_SURFACE('',#7848,0.500000000000061);
#1300=CYLINDRICAL_SURFACE('',#7850,0.500000000000056);
#1301=CYLINDRICAL_SURFACE('',#7852,1.29999999999997);
#1302=FACE_OUTER_BOUND('',#1755,.T.);
#1303=FACE_OUTER_BOUND('',#1756,.T.);
#1304=FACE_OUTER_BOUND('',#1757,.T.);
#1305=FACE_OUTER_BOUND('',#1759,.T.);
#1306=FACE_OUTER_BOUND('',#1760,.T.);
#1307=FACE_OUTER_BOUND('',#1762,.T.);
#1308=FACE_OUTER_BOUND('',#1763,.T.);
#1309=FACE_OUTER_BOUND('',#1764,.T.);
#1310=FACE_OUTER_BOUND('',#1765,.T.);
#1311=FACE_OUTER_BOUND('',#1766,.T.);
#1312=FACE_OUTER_BOUND('',#1767,.T.);
#1313=FACE_OUTER_BOUND('',#1768,.T.);
#1314=FACE_OUTER_BOUND('',#1769,.T.);
#1315=FACE_OUTER_BOUND('',#1770,.T.);
#1316=FACE_OUTER_BOUND('',#1771,.T.);
#1317=FACE_OUTER_BOUND('',#1772,.T.);
#1318=FACE_OUTER_BOUND('',#1773,.T.);
#1319=FACE_OUTER_BOUND('',#1774,.T.);
#1320=FACE_OUTER_BOUND('',#1775,.T.);
#1321=FACE_OUTER_BOUND('',#1776,.T.);
#1322=FACE_OUTER_BOUND('',#1777,.T.);
#1323=FACE_OUTER_BOUND('',#1778,.T.);
#1324=FACE_OUTER_BOUND('',#1779,.T.);
#1325=FACE_OUTER_BOUND('',#1780,.T.);
#1326=FACE_OUTER_BOUND('',#1781,.T.);
#1327=FACE_OUTER_BOUND('',#1782,.T.);
#1328=FACE_OUTER_BOUND('',#1783,.T.);
#1329=FACE_OUTER_BOUND('',#1784,.T.);
#1330=FACE_OUTER_BOUND('',#1785,.T.);
#1331=FACE_OUTER_BOUND('',#1786,.T.);
#1332=FACE_OUTER_BOUND('',#1787,.T.);
#1333=FACE_OUTER_BOUND('',#1788,.T.);
#1334=FACE_OUTER_BOUND('',#1789,.T.);
#1335=FACE_OUTER_BOUND('',#1790,.T.);
#1336=FACE_OUTER_BOUND('',#1791,.T.);
#1337=FACE_OUTER_BOUND('',#1792,.T.);
#1338=FACE_OUTER_BOUND('',#1793,.T.);
#1339=FACE_OUTER_BOUND('',#1794,.T.);
#1340=FACE_OUTER_BOUND('',#1795,.T.);
#1341=FACE_OUTER_BOUND('',#1796,.T.);
#1342=FACE_OUTER_BOUND('',#1797,.T.);
#1343=FACE_OUTER_BOUND('',#1798,.T.);
#1344=FACE_OUTER_BOUND('',#1799,.T.);
#1345=FACE_OUTER_BOUND('',#1800,.T.);
#1346=FACE_OUTER_BOUND('',#1801,.T.);
#1347=FACE_OUTER_BOUND('',#1802,.T.);
#1348=FACE_OUTER_BOUND('',#1803,.T.);
#1349=FACE_OUTER_BOUND('',#1804,.T.);
#1350=FACE_OUTER_BOUND('',#1805,.T.);
#1351=FACE_OUTER_BOUND('',#1806,.T.);
#1352=FACE_OUTER_BOUND('',#1807,.T.);
#1353=FACE_OUTER_BOUND('',#1808,.T.);
#1354=FACE_OUTER_BOUND('',#1809,.T.);
#1355=FACE_OUTER_BOUND('',#1810,.T.);
#1356=FACE_OUTER_BOUND('',#1811,.T.);
#1357=FACE_OUTER_BOUND('',#1812,.T.);
#1358=FACE_OUTER_BOUND('',#1813,.T.);
#1359=FACE_OUTER_BOUND('',#1814,.T.);
#1360=FACE_OUTER_BOUND('',#1815,.T.);
#1361=FACE_OUTER_BOUND('',#1816,.T.);
#1362=FACE_OUTER_BOUND('',#1817,.T.);
#1363=FACE_OUTER_BOUND('',#1818,.T.);
#1364=FACE_OUTER_BOUND('',#1819,.T.);
#1365=FACE_OUTER_BOUND('',#1820,.T.);
#1366=FACE_OUTER_BOUND('',#1821,.T.);
#1367=FACE_OUTER_BOUND('',#1822,.T.);
#1368=FACE_OUTER_BOUND('',#1823,.T.);
#1369=FACE_OUTER_BOUND('',#1824,.T.);
#1370=FACE_OUTER_BOUND('',#1825,.T.);
#1371=FACE_OUTER_BOUND('',#1826,.T.);
#1372=FACE_OUTER_BOUND('',#1827,.T.);
#1373=FACE_OUTER_BOUND('',#1828,.T.);
#1374=FACE_OUTER_BOUND('',#1829,.T.);
#1375=FACE_OUTER_BOUND('',#1830,.T.);
#1376=FACE_OUTER_BOUND('',#1831,.T.);
#1377=FACE_OUTER_BOUND('',#1832,.T.);
#1378=FACE_OUTER_BOUND('',#1833,.T.);
#1379=FACE_OUTER_BOUND('',#1834,.T.);
#1380=FACE_OUTER_BOUND('',#1835,.T.);
#1381=FACE_OUTER_BOUND('',#1836,.T.);
#1382=FACE_OUTER_BOUND('',#1837,.T.);
#1383=FACE_OUTER_BOUND('',#1838,.T.);
#1384=FACE_OUTER_BOUND('',#1839,.T.);
#1385=FACE_OUTER_BOUND('',#1840,.T.);
#1386=FACE_OUTER_BOUND('',#1841,.T.);
#1387=FACE_OUTER_BOUND('',#1842,.T.);
#1388=FACE_OUTER_BOUND('',#1843,.T.);
#1389=FACE_OUTER_BOUND('',#1844,.T.);
#1390=FACE_OUTER_BOUND('',#1845,.T.);
#1391=FACE_OUTER_BOUND('',#1846,.T.);
#1392=FACE_OUTER_BOUND('',#1847,.T.);
#1393=FACE_OUTER_BOUND('',#1848,.T.);
#1394=FACE_OUTER_BOUND('',#1849,.T.);
#1395=FACE_OUTER_BOUND('',#1850,.T.);
#1396=FACE_OUTER_BOUND('',#1851,.T.);
#1397=FACE_OUTER_BOUND('',#1852,.T.);
#1398=FACE_OUTER_BOUND('',#1853,.T.);
#1399=FACE_OUTER_BOUND('',#1854,.T.);
#1400=FACE_OUTER_BOUND('',#1855,.T.);
#1401=FACE_OUTER_BOUND('',#1856,.T.);
#1402=FACE_OUTER_BOUND('',#1857,.T.);
#1403=FACE_OUTER_BOUND('',#1858,.T.);
#1404=FACE_OUTER_BOUND('',#1859,.T.);
#1405=FACE_OUTER_BOUND('',#1860,.T.);
#1406=FACE_OUTER_BOUND('',#1861,.T.);
#1407=FACE_OUTER_BOUND('',#1862,.T.);
#1408=FACE_OUTER_BOUND('',#1863,.T.);
#1409=FACE_OUTER_BOUND('',#1864,.T.);
#1410=FACE_OUTER_BOUND('',#1865,.T.);
#1411=FACE_OUTER_BOUND('',#1866,.T.);
#1412=FACE_OUTER_BOUND('',#1867,.T.);
#1413=FACE_OUTER_BOUND('',#1868,.T.);
#1414=FACE_OUTER_BOUND('',#1869,.T.);
#1415=FACE_OUTER_BOUND('',#1870,.T.);
#1416=FACE_OUTER_BOUND('',#1871,.T.);
#1417=FACE_OUTER_BOUND('',#1872,.T.);
#1418=FACE_OUTER_BOUND('',#1873,.T.);
#1419=FACE_OUTER_BOUND('',#1874,.T.);
#1420=FACE_OUTER_BOUND('',#1875,.T.);
#1421=FACE_OUTER_BOUND('',#1876,.T.);
#1422=FACE_OUTER_BOUND('',#1877,.T.);
#1423=FACE_OUTER_BOUND('',#1878,.T.);
#1424=FACE_OUTER_BOUND('',#1879,.T.);
#1425=FACE_OUTER_BOUND('',#1880,.T.);
#1426=FACE_OUTER_BOUND('',#1881,.T.);
#1427=FACE_OUTER_BOUND('',#1882,.T.);
#1428=FACE_OUTER_BOUND('',#1883,.T.);
#1429=FACE_OUTER_BOUND('',#1884,.T.);
#1430=FACE_OUTER_BOUND('',#1885,.T.);
#1431=FACE_OUTER_BOUND('',#1886,.T.);
#1432=FACE_OUTER_BOUND('',#1887,.T.);
#1433=FACE_OUTER_BOUND('',#1888,.T.);
#1434=FACE_OUTER_BOUND('',#1889,.T.);
#1435=FACE_OUTER_BOUND('',#1890,.T.);
#1436=FACE_OUTER_BOUND('',#1891,.T.);
#1437=FACE_OUTER_BOUND('',#1892,.T.);
#1438=FACE_OUTER_BOUND('',#1893,.T.);
#1439=FACE_OUTER_BOUND('',#1894,.T.);
#1440=FACE_OUTER_BOUND('',#1895,.T.);
#1441=FACE_OUTER_BOUND('',#1896,.T.);
#1442=FACE_OUTER_BOUND('',#1897,.T.);
#1443=FACE_OUTER_BOUND('',#1898,.T.);
#1444=FACE_OUTER_BOUND('',#1899,.T.);
#1445=FACE_OUTER_BOUND('',#1900,.T.);
#1446=FACE_OUTER_BOUND('',#1901,.T.);
#1447=FACE_OUTER_BOUND('',#1902,.T.);
#1448=FACE_OUTER_BOUND('',#1903,.T.);
#1449=FACE_OUTER_BOUND('',#1904,.T.);
#1450=FACE_OUTER_BOUND('',#1905,.T.);
#1451=FACE_OUTER_BOUND('',#1906,.T.);
#1452=FACE_OUTER_BOUND('',#1907,.T.);
#1453=FACE_OUTER_BOUND('',#1908,.T.);
#1454=FACE_OUTER_BOUND('',#1909,.T.);
#1455=FACE_OUTER_BOUND('',#1910,.T.);
#1456=FACE_OUTER_BOUND('',#1911,.T.);
#1457=FACE_OUTER_BOUND('',#1912,.T.);
#1458=FACE_OUTER_BOUND('',#1913,.T.);
#1459=FACE_OUTER_BOUND('',#1914,.T.);
#1460=FACE_OUTER_BOUND('',#1915,.T.);
#1461=FACE_OUTER_BOUND('',#1916,.T.);
#1462=FACE_OUTER_BOUND('',#1917,.T.);
#1463=FACE_OUTER_BOUND('',#1918,.T.);
#1464=FACE_OUTER_BOUND('',#1919,.T.);
#1465=FACE_OUTER_BOUND('',#1920,.T.);
#1466=FACE_OUTER_BOUND('',#1921,.T.);
#1467=FACE_OUTER_BOUND('',#1922,.T.);
#1468=FACE_OUTER_BOUND('',#1923,.T.);
#1469=FACE_OUTER_BOUND('',#1924,.T.);
#1470=FACE_OUTER_BOUND('',#1925,.T.);
#1471=FACE_OUTER_BOUND('',#1926,.T.);
#1472=FACE_OUTER_BOUND('',#1927,.T.);
#1473=FACE_OUTER_BOUND('',#1928,.T.);
#1474=FACE_OUTER_BOUND('',#1929,.T.);
#1475=FACE_OUTER_BOUND('',#1930,.T.);
#1476=FACE_OUTER_BOUND('',#1931,.T.);
#1477=FACE_OUTER_BOUND('',#1932,.T.);
#1478=FACE_OUTER_BOUND('',#1933,.T.);
#1479=FACE_OUTER_BOUND('',#1934,.T.);
#1480=FACE_OUTER_BOUND('',#1935,.T.);
#1481=FACE_OUTER_BOUND('',#1936,.T.);
#1482=FACE_OUTER_BOUND('',#1937,.T.);
#1483=FACE_OUTER_BOUND('',#1938,.T.);
#1484=FACE_OUTER_BOUND('',#1939,.T.);
#1485=FACE_OUTER_BOUND('',#1940,.T.);
#1486=FACE_OUTER_BOUND('',#1941,.T.);
#1487=FACE_OUTER_BOUND('',#1942,.T.);
#1488=FACE_OUTER_BOUND('',#1943,.T.);
#1489=FACE_OUTER_BOUND('',#1944,.T.);
#1490=FACE_OUTER_BOUND('',#1945,.T.);
#1491=FACE_OUTER_BOUND('',#1946,.T.);
#1492=FACE_OUTER_BOUND('',#1947,.T.);
#1493=FACE_OUTER_BOUND('',#1948,.T.);
#1494=FACE_OUTER_BOUND('',#1949,.T.);
#1495=FACE_OUTER_BOUND('',#1950,.T.);
#1496=FACE_OUTER_BOUND('',#1951,.T.);
#1497=FACE_OUTER_BOUND('',#1952,.T.);
#1498=FACE_OUTER_BOUND('',#1953,.T.);
#1499=FACE_OUTER_BOUND('',#1954,.T.);
#1500=FACE_OUTER_BOUND('',#1955,.T.);
#1501=FACE_OUTER_BOUND('',#1956,.T.);
#1502=FACE_OUTER_BOUND('',#1957,.T.);
#1503=FACE_OUTER_BOUND('',#1958,.T.);
#1504=FACE_OUTER_BOUND('',#1959,.T.);
#1505=FACE_OUTER_BOUND('',#1960,.T.);
#1506=FACE_OUTER_BOUND('',#1961,.T.);
#1507=FACE_OUTER_BOUND('',#1962,.T.);
#1508=FACE_OUTER_BOUND('',#1963,.T.);
#1509=FACE_OUTER_BOUND('',#1964,.T.);
#1510=FACE_OUTER_BOUND('',#1965,.T.);
#1511=FACE_OUTER_BOUND('',#1966,.T.);
#1512=FACE_OUTER_BOUND('',#1967,.T.);
#1513=FACE_OUTER_BOUND('',#1968,.T.);
#1514=FACE_OUTER_BOUND('',#1969,.T.);
#1515=FACE_OUTER_BOUND('',#1970,.T.);
#1516=FACE_OUTER_BOUND('',#1971,.T.);
#1517=FACE_OUTER_BOUND('',#1972,.T.);
#1518=FACE_OUTER_BOUND('',#1973,.T.);
#1519=FACE_OUTER_BOUND('',#1974,.T.);
#1520=FACE_OUTER_BOUND('',#1975,.T.);
#1521=FACE_OUTER_BOUND('',#1976,.T.);
#1522=FACE_OUTER_BOUND('',#1977,.T.);
#1523=FACE_OUTER_BOUND('',#1978,.T.);
#1524=FACE_OUTER_BOUND('',#1979,.T.);
#1525=FACE_OUTER_BOUND('',#1980,.T.);
#1526=FACE_OUTER_BOUND('',#1981,.T.);
#1527=FACE_OUTER_BOUND('',#1982,.T.);
#1528=FACE_OUTER_BOUND('',#1983,.T.);
#1529=FACE_OUTER_BOUND('',#1984,.T.);
#1530=FACE_OUTER_BOUND('',#1985,.T.);
#1531=FACE_OUTER_BOUND('',#1986,.T.);
#1532=FACE_OUTER_BOUND('',#1987,.T.);
#1533=FACE_OUTER_BOUND('',#1988,.T.);
#1534=FACE_OUTER_BOUND('',#1989,.T.);
#1535=FACE_OUTER_BOUND('',#1990,.T.);
#1536=FACE_OUTER_BOUND('',#1991,.T.);
#1537=FACE_OUTER_BOUND('',#1992,.T.);
#1538=FACE_OUTER_BOUND('',#1993,.T.);
#1539=FACE_OUTER_BOUND('',#1994,.T.);
#1540=FACE_OUTER_BOUND('',#1995,.T.);
#1541=FACE_OUTER_BOUND('',#1996,.T.);
#1542=FACE_OUTER_BOUND('',#1997,.T.);
#1543=FACE_OUTER_BOUND('',#1998,.T.);
#1544=FACE_OUTER_BOUND('',#1999,.T.);
#1545=FACE_OUTER_BOUND('',#2000,.T.);
#1546=FACE_OUTER_BOUND('',#2001,.T.);
#1547=FACE_OUTER_BOUND('',#2002,.T.);
#1548=FACE_OUTER_BOUND('',#2003,.T.);
#1549=FACE_OUTER_BOUND('',#2004,.T.);
#1550=FACE_OUTER_BOUND('',#2005,.T.);
#1551=FACE_OUTER_BOUND('',#2006,.T.);
#1552=FACE_OUTER_BOUND('',#2007,.T.);
#1553=FACE_OUTER_BOUND('',#2008,.T.);
#1554=FACE_OUTER_BOUND('',#2009,.T.);
#1555=FACE_OUTER_BOUND('',#2010,.T.);
#1556=FACE_OUTER_BOUND('',#2011,.T.);
#1557=FACE_OUTER_BOUND('',#2012,.T.);
#1558=FACE_OUTER_BOUND('',#2013,.T.);
#1559=FACE_OUTER_BOUND('',#2014,.T.);
#1560=FACE_OUTER_BOUND('',#2015,.T.);
#1561=FACE_OUTER_BOUND('',#2016,.T.);
#1562=FACE_OUTER_BOUND('',#2017,.T.);
#1563=FACE_OUTER_BOUND('',#2018,.T.);
#1564=FACE_OUTER_BOUND('',#2019,.T.);
#1565=FACE_OUTER_BOUND('',#2020,.T.);
#1566=FACE_OUTER_BOUND('',#2021,.T.);
#1567=FACE_OUTER_BOUND('',#2022,.T.);
#1568=FACE_OUTER_BOUND('',#2023,.T.);
#1569=FACE_OUTER_BOUND('',#2024,.T.);
#1570=FACE_OUTER_BOUND('',#2025,.T.);
#1571=FACE_OUTER_BOUND('',#2026,.T.);
#1572=FACE_OUTER_BOUND('',#2027,.T.);
#1573=FACE_OUTER_BOUND('',#2028,.T.);
#1574=FACE_OUTER_BOUND('',#2029,.T.);
#1575=FACE_OUTER_BOUND('',#2030,.T.);
#1576=FACE_OUTER_BOUND('',#2031,.T.);
#1577=FACE_OUTER_BOUND('',#2032,.T.);
#1578=FACE_OUTER_BOUND('',#2033,.T.);
#1579=FACE_OUTER_BOUND('',#2034,.T.);
#1580=FACE_OUTER_BOUND('',#2035,.T.);
#1581=FACE_OUTER_BOUND('',#2036,.T.);
#1582=FACE_OUTER_BOUND('',#2037,.T.);
#1583=FACE_OUTER_BOUND('',#2038,.T.);
#1584=FACE_OUTER_BOUND('',#2039,.T.);
#1585=FACE_OUTER_BOUND('',#2040,.T.);
#1586=FACE_OUTER_BOUND('',#2041,.T.);
#1587=FACE_OUTER_BOUND('',#2042,.T.);
#1588=FACE_OUTER_BOUND('',#2043,.T.);
#1589=FACE_OUTER_BOUND('',#2044,.T.);
#1590=FACE_OUTER_BOUND('',#2045,.T.);
#1591=FACE_OUTER_BOUND('',#2046,.T.);
#1592=FACE_OUTER_BOUND('',#2047,.T.);
#1593=FACE_OUTER_BOUND('',#2048,.T.);
#1594=FACE_OUTER_BOUND('',#2049,.T.);
#1595=FACE_OUTER_BOUND('',#2050,.T.);
#1596=FACE_OUTER_BOUND('',#2051,.T.);
#1597=FACE_OUTER_BOUND('',#2052,.T.);
#1598=FACE_OUTER_BOUND('',#2053,.T.);
#1599=FACE_OUTER_BOUND('',#2054,.T.);
#1600=FACE_OUTER_BOUND('',#2055,.T.);
#1601=FACE_OUTER_BOUND('',#2056,.T.);
#1602=FACE_OUTER_BOUND('',#2057,.T.);
#1603=FACE_OUTER_BOUND('',#2058,.T.);
#1604=FACE_OUTER_BOUND('',#2059,.T.);
#1605=FACE_OUTER_BOUND('',#2060,.T.);
#1606=FACE_OUTER_BOUND('',#2061,.T.);
#1607=FACE_OUTER_BOUND('',#2062,.T.);
#1608=FACE_OUTER_BOUND('',#2063,.T.);
#1609=FACE_OUTER_BOUND('',#2064,.T.);
#1610=FACE_OUTER_BOUND('',#2065,.T.);
#1611=FACE_OUTER_BOUND('',#2066,.T.);
#1612=FACE_OUTER_BOUND('',#2067,.T.);
#1613=FACE_OUTER_BOUND('',#2068,.T.);
#1614=FACE_OUTER_BOUND('',#2069,.T.);
#1615=FACE_OUTER_BOUND('',#2070,.T.);
#1616=FACE_OUTER_BOUND('',#2071,.T.);
#1617=FACE_OUTER_BOUND('',#2072,.T.);
#1618=FACE_OUTER_BOUND('',#2073,.T.);
#1619=FACE_OUTER_BOUND('',#2074,.T.);
#1620=FACE_OUTER_BOUND('',#2075,.T.);
#1621=FACE_OUTER_BOUND('',#2076,.T.);
#1622=FACE_OUTER_BOUND('',#2077,.T.);
#1623=FACE_OUTER_BOUND('',#2078,.T.);
#1624=FACE_OUTER_BOUND('',#2079,.T.);
#1625=FACE_OUTER_BOUND('',#2080,.T.);
#1626=FACE_OUTER_BOUND('',#2081,.T.);
#1627=FACE_OUTER_BOUND('',#2082,.T.);
#1628=FACE_OUTER_BOUND('',#2083,.T.);
#1629=FACE_OUTER_BOUND('',#2084,.T.);
#1630=FACE_OUTER_BOUND('',#2085,.T.);
#1631=FACE_OUTER_BOUND('',#2086,.T.);
#1632=FACE_OUTER_BOUND('',#2087,.T.);
#1633=FACE_OUTER_BOUND('',#2088,.T.);
#1634=FACE_OUTER_BOUND('',#2089,.T.);
#1635=FACE_OUTER_BOUND('',#2090,.T.);
#1636=FACE_OUTER_BOUND('',#2091,.T.);
#1637=FACE_OUTER_BOUND('',#2092,.T.);
#1638=FACE_OUTER_BOUND('',#2093,.T.);
#1639=FACE_OUTER_BOUND('',#2094,.T.);
#1640=FACE_OUTER_BOUND('',#2095,.T.);
#1641=FACE_OUTER_BOUND('',#2096,.T.);
#1642=FACE_OUTER_BOUND('',#2097,.T.);
#1643=FACE_OUTER_BOUND('',#2098,.T.);
#1644=FACE_OUTER_BOUND('',#2099,.T.);
#1645=FACE_OUTER_BOUND('',#2100,.T.);
#1646=FACE_OUTER_BOUND('',#2101,.T.);
#1647=FACE_OUTER_BOUND('',#2102,.T.);
#1648=FACE_OUTER_BOUND('',#2103,.T.);
#1649=FACE_OUTER_BOUND('',#2104,.T.);
#1650=FACE_OUTER_BOUND('',#2105,.T.);
#1651=FACE_OUTER_BOUND('',#2106,.T.);
#1652=FACE_OUTER_BOUND('',#2107,.T.);
#1653=FACE_OUTER_BOUND('',#2108,.T.);
#1654=FACE_OUTER_BOUND('',#2109,.T.);
#1655=FACE_OUTER_BOUND('',#2110,.T.);
#1656=FACE_OUTER_BOUND('',#2111,.T.);
#1657=FACE_OUTER_BOUND('',#2112,.T.);
#1658=FACE_OUTER_BOUND('',#2113,.T.);
#1659=FACE_OUTER_BOUND('',#2114,.T.);
#1660=FACE_OUTER_BOUND('',#2115,.T.);
#1661=FACE_OUTER_BOUND('',#2116,.T.);
#1662=FACE_OUTER_BOUND('',#2117,.T.);
#1663=FACE_OUTER_BOUND('',#2118,.T.);
#1664=FACE_OUTER_BOUND('',#2119,.T.);
#1665=FACE_OUTER_BOUND('',#2120,.T.);
#1666=FACE_OUTER_BOUND('',#2121,.T.);
#1667=FACE_OUTER_BOUND('',#2122,.T.);
#1668=FACE_OUTER_BOUND('',#2123,.T.);
#1669=FACE_OUTER_BOUND('',#2124,.T.);
#1670=FACE_OUTER_BOUND('',#2125,.T.);
#1671=FACE_OUTER_BOUND('',#2126,.T.);
#1672=FACE_OUTER_BOUND('',#2127,.T.);
#1673=FACE_OUTER_BOUND('',#2128,.T.);
#1674=FACE_OUTER_BOUND('',#2129,.T.);
#1675=FACE_OUTER_BOUND('',#2130,.T.);
#1676=FACE_OUTER_BOUND('',#2131,.T.);
#1677=FACE_OUTER_BOUND('',#2132,.T.);
#1678=FACE_OUTER_BOUND('',#2133,.T.);
#1679=FACE_OUTER_BOUND('',#2134,.T.);
#1680=FACE_OUTER_BOUND('',#2135,.T.);
#1681=FACE_OUTER_BOUND('',#2136,.T.);
#1682=FACE_OUTER_BOUND('',#2137,.T.);
#1683=FACE_OUTER_BOUND('',#2138,.T.);
#1684=FACE_OUTER_BOUND('',#2139,.T.);
#1685=FACE_OUTER_BOUND('',#2140,.T.);
#1686=FACE_OUTER_BOUND('',#2141,.T.);
#1687=FACE_OUTER_BOUND('',#2142,.T.);
#1688=FACE_OUTER_BOUND('',#2143,.T.);
#1689=FACE_OUTER_BOUND('',#2144,.T.);
#1690=FACE_OUTER_BOUND('',#2145,.T.);
#1691=FACE_OUTER_BOUND('',#2146,.T.);
#1692=FACE_OUTER_BOUND('',#2147,.T.);
#1693=FACE_OUTER_BOUND('',#2148,.T.);
#1694=FACE_OUTER_BOUND('',#2149,.T.);
#1695=FACE_OUTER_BOUND('',#2150,.T.);
#1696=FACE_OUTER_BOUND('',#2151,.T.);
#1697=FACE_OUTER_BOUND('',#2152,.T.);
#1698=FACE_OUTER_BOUND('',#2153,.T.);
#1699=FACE_OUTER_BOUND('',#2154,.T.);
#1700=FACE_OUTER_BOUND('',#2155,.T.);
#1701=FACE_OUTER_BOUND('',#2156,.T.);
#1702=FACE_OUTER_BOUND('',#2157,.T.);
#1703=FACE_OUTER_BOUND('',#2158,.T.);
#1704=FACE_OUTER_BOUND('',#2159,.T.);
#1705=FACE_OUTER_BOUND('',#2160,.T.);
#1706=FACE_OUTER_BOUND('',#2161,.T.);
#1707=FACE_OUTER_BOUND('',#2162,.T.);
#1708=FACE_OUTER_BOUND('',#2163,.T.);
#1709=FACE_OUTER_BOUND('',#2164,.T.);
#1710=FACE_OUTER_BOUND('',#2165,.T.);
#1711=FACE_OUTER_BOUND('',#2166,.T.);
#1712=FACE_OUTER_BOUND('',#2167,.T.);
#1713=FACE_OUTER_BOUND('',#2168,.T.);
#1714=FACE_OUTER_BOUND('',#2169,.T.);
#1715=FACE_OUTER_BOUND('',#2170,.T.);
#1716=FACE_OUTER_BOUND('',#2171,.T.);
#1717=FACE_OUTER_BOUND('',#2172,.T.);
#1718=FACE_OUTER_BOUND('',#2173,.T.);
#1719=FACE_OUTER_BOUND('',#2174,.T.);
#1720=FACE_OUTER_BOUND('',#2175,.T.);
#1721=FACE_OUTER_BOUND('',#2176,.T.);
#1722=FACE_OUTER_BOUND('',#2177,.T.);
#1723=FACE_OUTER_BOUND('',#2178,.T.);
#1724=FACE_OUTER_BOUND('',#2179,.T.);
#1725=FACE_OUTER_BOUND('',#2180,.T.);
#1726=FACE_OUTER_BOUND('',#2181,.T.);
#1727=FACE_OUTER_BOUND('',#2182,.T.);
#1728=FACE_OUTER_BOUND('',#2183,.T.);
#1729=FACE_OUTER_BOUND('',#2184,.T.);
#1730=FACE_OUTER_BOUND('',#2185,.T.);
#1731=FACE_OUTER_BOUND('',#2186,.T.);
#1732=FACE_OUTER_BOUND('',#2187,.T.);
#1733=FACE_OUTER_BOUND('',#2188,.T.);
#1734=FACE_OUTER_BOUND('',#2189,.T.);
#1735=FACE_OUTER_BOUND('',#2190,.T.);
#1736=FACE_OUTER_BOUND('',#2191,.T.);
#1737=FACE_OUTER_BOUND('',#2192,.T.);
#1738=FACE_OUTER_BOUND('',#2193,.T.);
#1739=FACE_OUTER_BOUND('',#2194,.T.);
#1740=FACE_OUTER_BOUND('',#2195,.T.);
#1741=FACE_OUTER_BOUND('',#2196,.T.);
#1742=FACE_OUTER_BOUND('',#2197,.T.);
#1743=FACE_OUTER_BOUND('',#2198,.T.);
#1744=FACE_OUTER_BOUND('',#2199,.T.);
#1745=FACE_OUTER_BOUND('',#2200,.T.);
#1746=FACE_OUTER_BOUND('',#2201,.T.);
#1747=FACE_OUTER_BOUND('',#2202,.T.);
#1748=FACE_OUTER_BOUND('',#2203,.T.);
#1749=FACE_OUTER_BOUND('',#2204,.T.);
#1750=FACE_OUTER_BOUND('',#2205,.T.);
#1751=FACE_OUTER_BOUND('',#2206,.T.);
#1752=FACE_OUTER_BOUND('',#2207,.T.);
#1753=FACE_OUTER_BOUND('',#2208,.T.);
#1754=FACE_OUTER_BOUND('',#2209,.T.);
#1755=EDGE_LOOP('',(#4313,#4314,#4315,#4316,#4317));
#1756=EDGE_LOOP('',(#4318,#4319,#4320,#4321,#4322,#4323));
#1757=EDGE_LOOP('',(#4324,#4325,#4326,#4327,#4328,#4329,#4330,#4331,#4332,
#4333,#4334,#4335,#4336,#4337,#4338,#4339,#4340,#4341,#4342,#4343,#4344,
#4345,#4346,#4347,#4348,#4349,#4350,#4351,#4352,#4353,#4354,#4355,#4356,
#4357,#4358,#4359,#4360,#4361,#4362,#4363,#4364,#4365,#4366,#4367,#4368,
#4369,#4370,#4371,#4372,#4373,#4374,#4375,#4376,#4377,#4378,#4379,#4380,
#4381,#4382,#4383,#4384,#4385,#4386,#4387,#4388,#4389,#4390,#4391,#4392,
#4393,#4394,#4395,#4396,#4397,#4398,#4399,#4400,#4401,#4402,#4403,#4404,
#4405,#4406,#4407,#4408,#4409,#4410,#4411,#4412,#4413,#4414,#4415,#4416,
#4417,#4418,#4419,#4420,#4421,#4422,#4423,#4424,#4425,#4426,#4427,#4428,
#4429,#4430,#4431,#4432,#4433,#4434,#4435,#4436,#4437,#4438,#4439,#4440,
#4441,#4442,#4443,#4444,#4445,#4446,#4447,#4448,#4449,#4450,#4451));
#1758=EDGE_LOOP('',(#4452));
#1759=EDGE_LOOP('',(#4453,#4454,#4455,#4456,#4457));
#1760=EDGE_LOOP('',(#4458,#4459,#4460,#4461,#4462,#4463,#4464,#4465,#4466,
#4467,#4468,#4469,#4470,#4471,#4472,#4473,#4474,#4475,#4476,#4477,#4478,
#4479,#4480,#4481,#4482,#4483,#4484,#4485,#4486,#4487,#4488,#4489,#4490,
#4491,#4492,#4493,#4494,#4495,#4496,#4497,#4498,#4499,#4500,#4501,#4502,
#4503,#4504,#4505,#4506,#4507,#4508,#4509,#4510,#4511,#4512,#4513,#4514,
#4515,#4516,#4517,#4518,#4519,#4520,#4521,#4522,#4523,#4524,#4525,#4526,
#4527,#4528,#4529,#4530,#4531,#4532,#4533,#4534,#4535,#4536,#4537,#4538,
#4539,#4540,#4541,#4542,#4543,#4544,#4545,#4546,#4547,#4548,#4549,#4550,
#4551,#4552,#4553,#4554,#4555,#4556,#4557,#4558,#4559,#4560,#4561,#4562,
#4563,#4564,#4565,#4566,#4567,#4568,#4569,#4570,#4571,#4572,#4573,#4574,
#4575,#4576,#4577,#4578,#4579,#4580,#4581,#4582,#4583,#4584,#4585));
#1761=EDGE_LOOP('',(#4586));
#1762=EDGE_LOOP('',(#4587,#4588,#4589));
#1763=EDGE_LOOP('',(#4590,#4591,#4592));
#1764=EDGE_LOOP('',(#4593,#4594,#4595,#4596));
#1765=EDGE_LOOP('',(#4597,#4598,#4599,#4600));
#1766=EDGE_LOOP('',(#4601,#4602,#4603,#4604));
#1767=EDGE_LOOP('',(#4605,#4606,#4607,#4608));
#1768=EDGE_LOOP('',(#4609,#4610,#4611,#4612));
#1769=EDGE_LOOP('',(#4613,#4614,#4615,#4616));
#1770=EDGE_LOOP('',(#4617,#4618,#4619,#4620));
#1771=EDGE_LOOP('',(#4621,#4622,#4623,#4624));
#1772=EDGE_LOOP('',(#4625,#4626,#4627));
#1773=EDGE_LOOP('',(#4628,#4629,#4630));
#1774=EDGE_LOOP('',(#4631,#4632,#4633,#4634));
#1775=EDGE_LOOP('',(#4635,#4636,#4637,#4638));
#1776=EDGE_LOOP('',(#4639,#4640,#4641,#4642));
#1777=EDGE_LOOP('',(#4643,#4644,#4645,#4646));
#1778=EDGE_LOOP('',(#4647,#4648,#4649,#4650));
#1779=EDGE_LOOP('',(#4651,#4652,#4653,#4654));
#1780=EDGE_LOOP('',(#4655,#4656,#4657,#4658));
#1781=EDGE_LOOP('',(#4659,#4660,#4661,#4662));
#1782=EDGE_LOOP('',(#4663,#4664,#4665));
#1783=EDGE_LOOP('',(#4666,#4667,#4668));
#1784=EDGE_LOOP('',(#4669,#4670,#4671,#4672));
#1785=EDGE_LOOP('',(#4673,#4674,#4675,#4676));
#1786=EDGE_LOOP('',(#4677,#4678,#4679,#4680));
#1787=EDGE_LOOP('',(#4681,#4682,#4683,#4684));
#1788=EDGE_LOOP('',(#4685,#4686,#4687,#4688));
#1789=EDGE_LOOP('',(#4689,#4690,#4691,#4692));
#1790=EDGE_LOOP('',(#4693,#4694,#4695,#4696));
#1791=EDGE_LOOP('',(#4697,#4698,#4699,#4700));
#1792=EDGE_LOOP('',(#4701,#4702,#4703));
#1793=EDGE_LOOP('',(#4704,#4705,#4706));
#1794=EDGE_LOOP('',(#4707,#4708,#4709,#4710));
#1795=EDGE_LOOP('',(#4711,#4712,#4713,#4714));
#1796=EDGE_LOOP('',(#4715,#4716,#4717,#4718));
#1797=EDGE_LOOP('',(#4719,#4720,#4721,#4722));
#1798=EDGE_LOOP('',(#4723,#4724,#4725,#4726));
#1799=EDGE_LOOP('',(#4727,#4728,#4729,#4730));
#1800=EDGE_LOOP('',(#4731,#4732,#4733,#4734));
#1801=EDGE_LOOP('',(#4735,#4736,#4737,#4738));
#1802=EDGE_LOOP('',(#4739,#4740,#4741));
#1803=EDGE_LOOP('',(#4742,#4743,#4744));
#1804=EDGE_LOOP('',(#4745,#4746,#4747,#4748));
#1805=EDGE_LOOP('',(#4749,#4750,#4751,#4752));
#1806=EDGE_LOOP('',(#4753,#4754,#4755,#4756));
#1807=EDGE_LOOP('',(#4757,#4758,#4759,#4760));
#1808=EDGE_LOOP('',(#4761,#4762,#4763,#4764));
#1809=EDGE_LOOP('',(#4765,#4766,#4767,#4768));
#1810=EDGE_LOOP('',(#4769,#4770,#4771,#4772));
#1811=EDGE_LOOP('',(#4773,#4774,#4775,#4776));
#1812=EDGE_LOOP('',(#4777,#4778,#4779));
#1813=EDGE_LOOP('',(#4780,#4781,#4782));
#1814=EDGE_LOOP('',(#4783,#4784,#4785,#4786));
#1815=EDGE_LOOP('',(#4787,#4788,#4789,#4790));
#1816=EDGE_LOOP('',(#4791,#4792,#4793,#4794));
#1817=EDGE_LOOP('',(#4795,#4796,#4797,#4798));
#1818=EDGE_LOOP('',(#4799,#4800,#4801,#4802));
#1819=EDGE_LOOP('',(#4803,#4804,#4805,#4806));
#1820=EDGE_LOOP('',(#4807,#4808,#4809,#4810));
#1821=EDGE_LOOP('',(#4811,#4812,#4813,#4814));
#1822=EDGE_LOOP('',(#4815,#4816,#4817));
#1823=EDGE_LOOP('',(#4818,#4819,#4820));
#1824=EDGE_LOOP('',(#4821,#4822,#4823,#4824));
#1825=EDGE_LOOP('',(#4825,#4826,#4827,#4828));
#1826=EDGE_LOOP('',(#4829,#4830,#4831,#4832));
#1827=EDGE_LOOP('',(#4833,#4834,#4835,#4836));
#1828=EDGE_LOOP('',(#4837,#4838,#4839,#4840));
#1829=EDGE_LOOP('',(#4841,#4842,#4843,#4844));
#1830=EDGE_LOOP('',(#4845,#4846,#4847,#4848));
#1831=EDGE_LOOP('',(#4849,#4850,#4851,#4852));
#1832=EDGE_LOOP('',(#4853,#4854,#4855));
#1833=EDGE_LOOP('',(#4856,#4857,#4858));
#1834=EDGE_LOOP('',(#4859,#4860,#4861,#4862));
#1835=EDGE_LOOP('',(#4863,#4864,#4865,#4866));
#1836=EDGE_LOOP('',(#4867,#4868,#4869,#4870));
#1837=EDGE_LOOP('',(#4871,#4872,#4873,#4874));
#1838=EDGE_LOOP('',(#4875,#4876,#4877,#4878));
#1839=EDGE_LOOP('',(#4879,#4880,#4881,#4882));
#1840=EDGE_LOOP('',(#4883,#4884,#4885,#4886));
#1841=EDGE_LOOP('',(#4887,#4888,#4889,#4890));
#1842=EDGE_LOOP('',(#4891,#4892,#4893));
#1843=EDGE_LOOP('',(#4894,#4895,#4896));
#1844=EDGE_LOOP('',(#4897,#4898,#4899,#4900));
#1845=EDGE_LOOP('',(#4901,#4902,#4903,#4904));
#1846=EDGE_LOOP('',(#4905,#4906,#4907,#4908));
#1847=EDGE_LOOP('',(#4909,#4910,#4911,#4912));
#1848=EDGE_LOOP('',(#4913,#4914,#4915,#4916));
#1849=EDGE_LOOP('',(#4917,#4918,#4919,#4920));
#1850=EDGE_LOOP('',(#4921,#4922,#4923,#4924));
#1851=EDGE_LOOP('',(#4925,#4926,#4927,#4928));
#1852=EDGE_LOOP('',(#4929,#4930,#4931));
#1853=EDGE_LOOP('',(#4932,#4933,#4934));
#1854=EDGE_LOOP('',(#4935,#4936,#4937,#4938));
#1855=EDGE_LOOP('',(#4939,#4940,#4941,#4942));
#1856=EDGE_LOOP('',(#4943,#4944,#4945,#4946));
#1857=EDGE_LOOP('',(#4947,#4948,#4949,#4950));
#1858=EDGE_LOOP('',(#4951,#4952,#4953,#4954));
#1859=EDGE_LOOP('',(#4955,#4956,#4957,#4958));
#1860=EDGE_LOOP('',(#4959,#4960,#4961,#4962));
#1861=EDGE_LOOP('',(#4963,#4964,#4965,#4966));
#1862=EDGE_LOOP('',(#4967,#4968,#4969));
#1863=EDGE_LOOP('',(#4970,#4971,#4972));
#1864=EDGE_LOOP('',(#4973,#4974,#4975,#4976));
#1865=EDGE_LOOP('',(#4977,#4978,#4979,#4980));
#1866=EDGE_LOOP('',(#4981,#4982,#4983,#4984));
#1867=EDGE_LOOP('',(#4985,#4986,#4987,#4988));
#1868=EDGE_LOOP('',(#4989,#4990,#4991,#4992));
#1869=EDGE_LOOP('',(#4993,#4994,#4995,#4996));
#1870=EDGE_LOOP('',(#4997,#4998,#4999,#5000));
#1871=EDGE_LOOP('',(#5001,#5002,#5003,#5004));
#1872=EDGE_LOOP('',(#5005,#5006,#5007));
#1873=EDGE_LOOP('',(#5008,#5009,#5010));
#1874=EDGE_LOOP('',(#5011,#5012,#5013,#5014));
#1875=EDGE_LOOP('',(#5015,#5016,#5017,#5018));
#1876=EDGE_LOOP('',(#5019,#5020,#5021,#5022));
#1877=EDGE_LOOP('',(#5023,#5024,#5025,#5026));
#1878=EDGE_LOOP('',(#5027,#5028,#5029,#5030));
#1879=EDGE_LOOP('',(#5031,#5032,#5033,#5034));
#1880=EDGE_LOOP('',(#5035,#5036,#5037,#5038));
#1881=EDGE_LOOP('',(#5039,#5040,#5041,#5042));
#1882=EDGE_LOOP('',(#5043,#5044,#5045));
#1883=EDGE_LOOP('',(#5046,#5047,#5048));
#1884=EDGE_LOOP('',(#5049,#5050,#5051,#5052));
#1885=EDGE_LOOP('',(#5053,#5054,#5055,#5056));
#1886=EDGE_LOOP('',(#5057,#5058,#5059,#5060));
#1887=EDGE_LOOP('',(#5061,#5062,#5063,#5064));
#1888=EDGE_LOOP('',(#5065,#5066,#5067,#5068));
#1889=EDGE_LOOP('',(#5069,#5070,#5071,#5072));
#1890=EDGE_LOOP('',(#5073,#5074,#5075,#5076));
#1891=EDGE_LOOP('',(#5077,#5078,#5079,#5080));
#1892=EDGE_LOOP('',(#5081,#5082,#5083));
#1893=EDGE_LOOP('',(#5084,#5085,#5086));
#1894=EDGE_LOOP('',(#5087,#5088,#5089,#5090));
#1895=EDGE_LOOP('',(#5091,#5092,#5093,#5094));
#1896=EDGE_LOOP('',(#5095,#5096,#5097,#5098));
#1897=EDGE_LOOP('',(#5099,#5100,#5101,#5102));
#1898=EDGE_LOOP('',(#5103,#5104,#5105,#5106));
#1899=EDGE_LOOP('',(#5107,#5108,#5109,#5110));
#1900=EDGE_LOOP('',(#5111,#5112,#5113,#5114));
#1901=EDGE_LOOP('',(#5115,#5116,#5117,#5118));
#1902=EDGE_LOOP('',(#5119,#5120,#5121));
#1903=EDGE_LOOP('',(#5122,#5123,#5124));
#1904=EDGE_LOOP('',(#5125,#5126,#5127,#5128));
#1905=EDGE_LOOP('',(#5129,#5130,#5131,#5132));
#1906=EDGE_LOOP('',(#5133,#5134,#5135,#5136));
#1907=EDGE_LOOP('',(#5137,#5138,#5139,#5140));
#1908=EDGE_LOOP('',(#5141,#5142,#5143,#5144));
#1909=EDGE_LOOP('',(#5145,#5146,#5147,#5148));
#1910=EDGE_LOOP('',(#5149,#5150,#5151,#5152));
#1911=EDGE_LOOP('',(#5153,#5154,#5155,#5156));
#1912=EDGE_LOOP('',(#5157,#5158,#5159));
#1913=EDGE_LOOP('',(#5160,#5161,#5162));
#1914=EDGE_LOOP('',(#5163,#5164,#5165,#5166));
#1915=EDGE_LOOP('',(#5167,#5168,#5169,#5170));
#1916=EDGE_LOOP('',(#5171,#5172,#5173,#5174));
#1917=EDGE_LOOP('',(#5175,#5176,#5177,#5178));
#1918=EDGE_LOOP('',(#5179,#5180,#5181,#5182));
#1919=EDGE_LOOP('',(#5183,#5184,#5185,#5186));
#1920=EDGE_LOOP('',(#5187,#5188,#5189,#5190));
#1921=EDGE_LOOP('',(#5191,#5192,#5193));
#1922=EDGE_LOOP('',(#5194,#5195,#5196,#5197));
#1923=EDGE_LOOP('',(#5198,#5199,#5200,#5201));
#1924=EDGE_LOOP('',(#5202,#5203,#5204,#5205));
#1925=EDGE_LOOP('',(#5206,#5207,#5208));
#1926=EDGE_LOOP('',(#5209,#5210,#5211,#5212));
#1927=EDGE_LOOP('',(#5213,#5214,#5215,#5216));
#1928=EDGE_LOOP('',(#5217,#5218,#5219,#5220));
#1929=EDGE_LOOP('',(#5221,#5222,#5223,#5224));
#1930=EDGE_LOOP('',(#5225,#5226,#5227,#5228));
#1931=EDGE_LOOP('',(#5229,#5230,#5231,#5232));
#1932=EDGE_LOOP('',(#5233,#5234,#5235,#5236));
#1933=EDGE_LOOP('',(#5237,#5238,#5239,#5240));
#1934=EDGE_LOOP('',(#5241,#5242,#5243,#5244));
#1935=EDGE_LOOP('',(#5245,#5246,#5247,#5248));
#1936=EDGE_LOOP('',(#5249,#5250,#5251,#5252));
#1937=EDGE_LOOP('',(#5253,#5254,#5255,#5256));
#1938=EDGE_LOOP('',(#5257,#5258,#5259,#5260));
#1939=EDGE_LOOP('',(#5261,#5262,#5263));
#1940=EDGE_LOOP('',(#5264,#5265,#5266,#5267));
#1941=EDGE_LOOP('',(#5268,#5269,#5270,#5271));
#1942=EDGE_LOOP('',(#5272,#5273,#5274,#5275));
#1943=EDGE_LOOP('',(#5276,#5277,#5278));
#1944=EDGE_LOOP('',(#5279,#5280,#5281,#5282));
#1945=EDGE_LOOP('',(#5283,#5284,#5285,#5286));
#1946=EDGE_LOOP('',(#5287,#5288,#5289,#5290));
#1947=EDGE_LOOP('',(#5291,#5292,#5293,#5294));
#1948=EDGE_LOOP('',(#5295,#5296,#5297,#5298));
#1949=EDGE_LOOP('',(#5299,#5300,#5301,#5302));
#1950=EDGE_LOOP('',(#5303,#5304,#5305,#5306));
#1951=EDGE_LOOP('',(#5307,#5308,#5309,#5310));
#1952=EDGE_LOOP('',(#5311,#5312,#5313,#5314));
#1953=EDGE_LOOP('',(#5315,#5316,#5317,#5318));
#1954=EDGE_LOOP('',(#5319,#5320,#5321,#5322));
#1955=EDGE_LOOP('',(#5323,#5324,#5325,#5326));
#1956=EDGE_LOOP('',(#5327,#5328,#5329));
#1957=EDGE_LOOP('',(#5330,#5331,#5332,#5333));
#1958=EDGE_LOOP('',(#5334,#5335,#5336,#5337));
#1959=EDGE_LOOP('',(#5338,#5339,#5340,#5341));
#1960=EDGE_LOOP('',(#5342,#5343,#5344));
#1961=EDGE_LOOP('',(#5345,#5346,#5347,#5348));
#1962=EDGE_LOOP('',(#5349,#5350,#5351,#5352));
#1963=EDGE_LOOP('',(#5353,#5354,#5355,#5356));
#1964=EDGE_LOOP('',(#5357,#5358,#5359,#5360));
#1965=EDGE_LOOP('',(#5361,#5362,#5363,#5364));
#1966=EDGE_LOOP('',(#5365,#5366,#5367));
#1967=EDGE_LOOP('',(#5368,#5369,#5370,#5371));
#1968=EDGE_LOOP('',(#5372,#5373,#5374,#5375));
#1969=EDGE_LOOP('',(#5376,#5377,#5378,#5379));
#1970=EDGE_LOOP('',(#5380,#5381,#5382));
#1971=EDGE_LOOP('',(#5383,#5384,#5385,#5386));
#1972=EDGE_LOOP('',(#5387,#5388,#5389,#5390));
#1973=EDGE_LOOP('',(#5391,#5392,#5393,#5394));
#1974=EDGE_LOOP('',(#5395,#5396,#5397,#5398));
#1975=EDGE_LOOP('',(#5399,#5400,#5401,#5402));
#1976=EDGE_LOOP('',(#5403,#5404,#5405,#5406));
#1977=EDGE_LOOP('',(#5407,#5408,#5409,#5410));
#1978=EDGE_LOOP('',(#5411,#5412,#5413,#5414));
#1979=EDGE_LOOP('',(#5415,#5416,#5417,#5418));
#1980=EDGE_LOOP('',(#5419,#5420,#5421,#5422));
#1981=EDGE_LOOP('',(#5423,#5424,#5425,#5426));
#1982=EDGE_LOOP('',(#5427,#5428,#5429,#5430));
#1983=EDGE_LOOP('',(#5431,#5432,#5433));
#1984=EDGE_LOOP('',(#5434,#5435,#5436,#5437));
#1985=EDGE_LOOP('',(#5438,#5439,#5440,#5441));
#1986=EDGE_LOOP('',(#5442,#5443,#5444,#5445));
#1987=EDGE_LOOP('',(#5446,#5447,#5448));
#1988=EDGE_LOOP('',(#5449,#5450,#5451,#5452));
#1989=EDGE_LOOP('',(#5453,#5454,#5455,#5456));
#1990=EDGE_LOOP('',(#5457,#5458,#5459,#5460));
#1991=EDGE_LOOP('',(#5461,#5462,#5463,#5464));
#1992=EDGE_LOOP('',(#5465,#5466,#5467,#5468));
#1993=EDGE_LOOP('',(#5469,#5470,#5471,#5472));
#1994=EDGE_LOOP('',(#5473,#5474,#5475,#5476));
#1995=EDGE_LOOP('',(#5477,#5478,#5479,#5480));
#1996=EDGE_LOOP('',(#5481,#5482,#5483,#5484));
#1997=EDGE_LOOP('',(#5485,#5486,#5487,#5488));
#1998=EDGE_LOOP('',(#5489,#5490,#5491,#5492));
#1999=EDGE_LOOP('',(#5493,#5494,#5495,#5496));
#2000=EDGE_LOOP('',(#5497,#5498,#5499));
#2001=EDGE_LOOP('',(#5500,#5501,#5502,#5503));
#2002=EDGE_LOOP('',(#5504,#5505,#5506,#5507));
#2003=EDGE_LOOP('',(#5508,#5509,#5510,#5511));
#2004=EDGE_LOOP('',(#5512,#5513,#5514));
#2005=EDGE_LOOP('',(#5515,#5516,#5517,#5518));
#2006=EDGE_LOOP('',(#5519,#5520,#5521,#5522));
#2007=EDGE_LOOP('',(#5523,#5524,#5525,#5526));
#2008=EDGE_LOOP('',(#5527,#5528,#5529,#5530));
#2009=EDGE_LOOP('',(#5531,#5532,#5533,#5534));
#2010=EDGE_LOOP('',(#5535,#5536,#5537,#5538));
#2011=EDGE_LOOP('',(#5539,#5540,#5541,#5542));
#2012=EDGE_LOOP('',(#5543,#5544,#5545,#5546));
#2013=EDGE_LOOP('',(#5547,#5548,#5549,#5550));
#2014=EDGE_LOOP('',(#5551,#5552,#5553,#5554));
#2015=EDGE_LOOP('',(#5555,#5556,#5557,#5558));
#2016=EDGE_LOOP('',(#5559,#5560,#5561,#5562));
#2017=EDGE_LOOP('',(#5563,#5564,#5565));
#2018=EDGE_LOOP('',(#5566,#5567,#5568,#5569));
#2019=EDGE_LOOP('',(#5570,#5571,#5572,#5573));
#2020=EDGE_LOOP('',(#5574,#5575,#5576,#5577));
#2021=EDGE_LOOP('',(#5578,#5579,#5580));
#2022=EDGE_LOOP('',(#5581,#5582,#5583,#5584));
#2023=EDGE_LOOP('',(#5585,#5586,#5587,#5588));
#2024=EDGE_LOOP('',(#5589,#5590,#5591,#5592));
#2025=EDGE_LOOP('',(#5593,#5594,#5595,#5596));
#2026=EDGE_LOOP('',(#5597,#5598,#5599,#5600));
#2027=EDGE_LOOP('',(#5601,#5602,#5603,#5604));
#2028=EDGE_LOOP('',(#5605,#5606,#5607,#5608));
#2029=EDGE_LOOP('',(#5609,#5610,#5611,#5612));
#2030=EDGE_LOOP('',(#5613,#5614,#5615,#5616));
#2031=EDGE_LOOP('',(#5617,#5618,#5619,#5620));
#2032=EDGE_LOOP('',(#5621,#5622,#5623,#5624));
#2033=EDGE_LOOP('',(#5625,#5626,#5627,#5628));
#2034=EDGE_LOOP('',(#5629,#5630,#5631));
#2035=EDGE_LOOP('',(#5632,#5633,#5634,#5635));
#2036=EDGE_LOOP('',(#5636,#5637,#5638,#5639));
#2037=EDGE_LOOP('',(#5640,#5641,#5642,#5643));
#2038=EDGE_LOOP('',(#5644,#5645,#5646));
#2039=EDGE_LOOP('',(#5647,#5648,#5649,#5650));
#2040=EDGE_LOOP('',(#5651,#5652,#5653,#5654));
#2041=EDGE_LOOP('',(#5655,#5656,#5657,#5658));
#2042=EDGE_LOOP('',(#5659,#5660,#5661,#5662));
#2043=EDGE_LOOP('',(#5663,#5664,#5665,#5666));
#2044=EDGE_LOOP('',(#5667,#5668,#5669,#5670));
#2045=EDGE_LOOP('',(#5671,#5672,#5673,#5674));
#2046=EDGE_LOOP('',(#5675,#5676,#5677,#5678));
#2047=EDGE_LOOP('',(#5679,#5680,#5681,#5682));
#2048=EDGE_LOOP('',(#5683,#5684,#5685,#5686));
#2049=EDGE_LOOP('',(#5687,#5688,#5689,#5690));
#2050=EDGE_LOOP('',(#5691,#5692,#5693,#5694));
#2051=EDGE_LOOP('',(#5695,#5696,#5697));
#2052=EDGE_LOOP('',(#5698,#5699,#5700,#5701));
#2053=EDGE_LOOP('',(#5702,#5703,#5704,#5705));
#2054=EDGE_LOOP('',(#5706,#5707,#5708,#5709));
#2055=EDGE_LOOP('',(#5710,#5711,#5712));
#2056=EDGE_LOOP('',(#5713,#5714,#5715,#5716));
#2057=EDGE_LOOP('',(#5717,#5718,#5719,#5720));
#2058=EDGE_LOOP('',(#5721,#5722,#5723,#5724));
#2059=EDGE_LOOP('',(#5725,#5726,#5727,#5728));
#2060=EDGE_LOOP('',(#5729,#5730,#5731,#5732));
#2061=EDGE_LOOP('',(#5733,#5734,#5735,#5736));
#2062=EDGE_LOOP('',(#5737,#5738,#5739,#5740));
#2063=EDGE_LOOP('',(#5741,#5742,#5743,#5744));
#2064=EDGE_LOOP('',(#5745,#5746,#5747,#5748));
#2065=EDGE_LOOP('',(#5749,#5750,#5751,#5752));
#2066=EDGE_LOOP('',(#5753,#5754,#5755,#5756));
#2067=EDGE_LOOP('',(#5757,#5758,#5759,#5760));
#2068=EDGE_LOOP('',(#5761,#5762,#5763));
#2069=EDGE_LOOP('',(#5764,#5765,#5766,#5767));
#2070=EDGE_LOOP('',(#5768,#5769,#5770,#5771));
#2071=EDGE_LOOP('',(#5772,#5773,#5774,#5775));
#2072=EDGE_LOOP('',(#5776,#5777,#5778));
#2073=EDGE_LOOP('',(#5779,#5780,#5781,#5782));
#2074=EDGE_LOOP('',(#5783,#5784,#5785,#5786));
#2075=EDGE_LOOP('',(#5787,#5788,#5789,#5790));
#2076=EDGE_LOOP('',(#5791,#5792,#5793,#5794));
#2077=EDGE_LOOP('',(#5795,#5796,#5797,#5798));
#2078=EDGE_LOOP('',(#5799,#5800,#5801,#5802));
#2079=EDGE_LOOP('',(#5803,#5804,#5805,#5806));
#2080=EDGE_LOOP('',(#5807,#5808,#5809,#5810));
#2081=EDGE_LOOP('',(#5811,#5812,#5813,#5814));
#2082=EDGE_LOOP('',(#5815,#5816,#5817,#5818));
#2083=EDGE_LOOP('',(#5819,#5820,#5821,#5822));
#2084=EDGE_LOOP('',(#5823,#5824,#5825,#5826));
#2085=EDGE_LOOP('',(#5827,#5828,#5829));
#2086=EDGE_LOOP('',(#5830,#5831,#5832,#5833));
#2087=EDGE_LOOP('',(#5834,#5835,#5836,#5837));
#2088=EDGE_LOOP('',(#5838,#5839,#5840,#5841));
#2089=EDGE_LOOP('',(#5842,#5843,#5844));
#2090=EDGE_LOOP('',(#5845,#5846,#5847,#5848));
#2091=EDGE_LOOP('',(#5849,#5850,#5851,#5852));
#2092=EDGE_LOOP('',(#5853,#5854,#5855,#5856));
#2093=EDGE_LOOP('',(#5857,#5858,#5859,#5860));
#2094=EDGE_LOOP('',(#5861,#5862,#5863,#5864));
#2095=EDGE_LOOP('',(#5865,#5866,#5867));
#2096=EDGE_LOOP('',(#5868,#5869,#5870,#5871));
#2097=EDGE_LOOP('',(#5872,#5873,#5874,#5875));
#2098=EDGE_LOOP('',(#5876,#5877,#5878,#5879));
#2099=EDGE_LOOP('',(#5880,#5881,#5882));
#2100=EDGE_LOOP('',(#5883,#5884,#5885,#5886));
#2101=EDGE_LOOP('',(#5887,#5888,#5889,#5890));
#2102=EDGE_LOOP('',(#5891,#5892,#5893,#5894));
#2103=EDGE_LOOP('',(#5895,#5896,#5897,#5898));
#2104=EDGE_LOOP('',(#5899,#5900,#5901,#5902));
#2105=EDGE_LOOP('',(#5903,#5904,#5905));
#2106=EDGE_LOOP('',(#5906,#5907,#5908,#5909));
#2107=EDGE_LOOP('',(#5910,#5911,#5912,#5913));
#2108=EDGE_LOOP('',(#5914,#5915,#5916,#5917));
#2109=EDGE_LOOP('',(#5918,#5919,#5920));
#2110=EDGE_LOOP('',(#5921,#5922,#5923,#5924));
#2111=EDGE_LOOP('',(#5925,#5926,#5927,#5928));
#2112=EDGE_LOOP('',(#5929,#5930,#5931,#5932));
#2113=EDGE_LOOP('',(#5933,#5934,#5935,#5936));
#2114=EDGE_LOOP('',(#5937,#5938,#5939,#5940));
#2115=EDGE_LOOP('',(#5941,#5942,#5943,#5944));
#2116=EDGE_LOOP('',(#5945,#5946,#5947,#5948));
#2117=EDGE_LOOP('',(#5949,#5950,#5951,#5952));
#2118=EDGE_LOOP('',(#5953,#5954,#5955,#5956));
#2119=EDGE_LOOP('',(#5957,#5958,#5959,#5960));
#2120=EDGE_LOOP('',(#5961,#5962,#5963,#5964));
#2121=EDGE_LOOP('',(#5965,#5966,#5967,#5968));
#2122=EDGE_LOOP('',(#5969,#5970,#5971));
#2123=EDGE_LOOP('',(#5972,#5973,#5974,#5975));
#2124=EDGE_LOOP('',(#5976,#5977,#5978,#5979));
#2125=EDGE_LOOP('',(#5980,#5981,#5982,#5983));
#2126=EDGE_LOOP('',(#5984,#5985,#5986));
#2127=EDGE_LOOP('',(#5987,#5988,#5989,#5990));
#2128=EDGE_LOOP('',(#5991,#5992,#5993,#5994));
#2129=EDGE_LOOP('',(#5995,#5996,#5997,#5998));
#2130=EDGE_LOOP('',(#5999,#6000,#6001,#6002));
#2131=EDGE_LOOP('',(#6003,#6004,#6005,#6006));
#2132=EDGE_LOOP('',(#6007,#6008,#6009,#6010));
#2133=EDGE_LOOP('',(#6011,#6012,#6013,#6014));
#2134=EDGE_LOOP('',(#6015,#6016,#6017,#6018));
#2135=EDGE_LOOP('',(#6019,#6020,#6021,#6022));
#2136=EDGE_LOOP('',(#6023,#6024,#6025,#6026));
#2137=EDGE_LOOP('',(#6027,#6028,#6029,#6030));
#2138=EDGE_LOOP('',(#6031,#6032,#6033,#6034));
#2139=EDGE_LOOP('',(#6035,#6036,#6037));
#2140=EDGE_LOOP('',(#6038,#6039,#6040,#6041));
#2141=EDGE_LOOP('',(#6042,#6043,#6044,#6045));
#2142=EDGE_LOOP('',(#6046,#6047,#6048,#6049));
#2143=EDGE_LOOP('',(#6050,#6051,#6052));
#2144=EDGE_LOOP('',(#6053,#6054,#6055,#6056));
#2145=EDGE_LOOP('',(#6057,#6058,#6059,#6060));
#2146=EDGE_LOOP('',(#6061,#6062,#6063,#6064));
#2147=EDGE_LOOP('',(#6065,#6066,#6067,#6068));
#2148=EDGE_LOOP('',(#6069,#6070,#6071,#6072));
#2149=EDGE_LOOP('',(#6073,#6074,#6075));
#2150=EDGE_LOOP('',(#6076,#6077,#6078,#6079));
#2151=EDGE_LOOP('',(#6080,#6081,#6082,#6083));
#2152=EDGE_LOOP('',(#6084,#6085,#6086,#6087));
#2153=EDGE_LOOP('',(#6088,#6089,#6090));
#2154=EDGE_LOOP('',(#6091,#6092,#6093,#6094));
#2155=EDGE_LOOP('',(#6095,#6096,#6097,#6098));
#2156=EDGE_LOOP('',(#6099,#6100,#6101,#6102));
#2157=EDGE_LOOP('',(#6103,#6104,#6105,#6106));
#2158=EDGE_LOOP('',(#6107,#6108,#6109,#6110));
#2159=EDGE_LOOP('',(#6111,#6112,#6113,#6114));
#2160=EDGE_LOOP('',(#6115,#6116,#6117,#6118));
#2161=EDGE_LOOP('',(#6119,#6120,#6121,#6122));
#2162=EDGE_LOOP('',(#6123,#6124,#6125,#6126));
#2163=EDGE_LOOP('',(#6127,#6128,#6129,#6130));
#2164=EDGE_LOOP('',(#6131,#6132,#6133,#6134));
#2165=EDGE_LOOP('',(#6135,#6136,#6137,#6138));
#2166=EDGE_LOOP('',(#6139,#6140,#6141,#6142,#6143,#6144,#6145,#6146));
#2167=EDGE_LOOP('',(#6147,#6148,#6149,#6150,#6151,#6152,#6153,#6154));
#2168=EDGE_LOOP('',(#6155,#6156,#6157,#6158,#6159,#6160,#6161,#6162));
#2169=EDGE_LOOP('',(#6163,#6164,#6165,#6166,#6167,#6168,#6169,#6170));
#2170=EDGE_LOOP('',(#6171,#6172,#6173,#6174,#6175,#6176,#6177,#6178));
#2171=EDGE_LOOP('',(#6179,#6180,#6181,#6182,#6183,#6184,#6185,#6186));
#2172=EDGE_LOOP('',(#6187,#6188,#6189,#6190,#6191,#6192,#6193,#6194));
#2173=EDGE_LOOP('',(#6195,#6196,#6197,#6198,#6199,#6200,#6201,#6202));
#2174=EDGE_LOOP('',(#6203,#6204,#6205,#6206,#6207,#6208,#6209,#6210));
#2175=EDGE_LOOP('',(#6211,#6212,#6213,#6214,#6215,#6216,#6217,#6218));
#2176=EDGE_LOOP('',(#6219,#6220,#6221,#6222,#6223,#6224,#6225,#6226));
#2177=EDGE_LOOP('',(#6227,#6228,#6229,#6230,#6231,#6232,#6233,#6234));
#2178=EDGE_LOOP('',(#6235,#6236,#6237,#6238,#6239,#6240,#6241,#6242));
#2179=EDGE_LOOP('',(#6243,#6244,#6245,#6246,#6247,#6248,#6249,#6250));
#2180=EDGE_LOOP('',(#6251,#6252,#6253,#6254,#6255,#6256,#6257,#6258));
#2181=EDGE_LOOP('',(#6259,#6260,#6261,#6262,#6263,#6264,#6265,#6266));
#2182=EDGE_LOOP('',(#6267,#6268,#6269,#6270));
#2183=EDGE_LOOP('',(#6271,#6272,#6273,#6274));
#2184=EDGE_LOOP('',(#6275,#6276,#6277,#6278));
#2185=EDGE_LOOP('',(#6279,#6280,#6281,#6282));
#2186=EDGE_LOOP('',(#6283,#6284,#6285,#6286));
#2187=EDGE_LOOP('',(#6287,#6288,#6289,#6290));
#2188=EDGE_LOOP('',(#6291,#6292,#6293,#6294));
#2189=EDGE_LOOP('',(#6295,#6296,#6297,#6298));
#2190=EDGE_LOOP('',(#6299,#6300,#6301,#6302));
#2191=EDGE_LOOP('',(#6303,#6304,#6305,#6306));
#2192=EDGE_LOOP('',(#6307,#6308,#6309,#6310));
#2193=EDGE_LOOP('',(#6311,#6312,#6313,#6314));
#2194=EDGE_LOOP('',(#6315,#6316,#6317,#6318));
#2195=EDGE_LOOP('',(#6319,#6320,#6321,#6322));
#2196=EDGE_LOOP('',(#6323,#6324,#6325,#6326));
#2197=EDGE_LOOP('',(#6327,#6328,#6329,#6330));
#2198=EDGE_LOOP('',(#6331,#6332,#6333,#6334));
#2199=EDGE_LOOP('',(#6335,#6336,#6337,#6338));
#2200=EDGE_LOOP('',(#6339,#6340,#6341,#6342));
#2201=EDGE_LOOP('',(#6343,#6344,#6345,#6346));
#2202=EDGE_LOOP('',(#6347,#6348,#6349,#6350));
#2203=EDGE_LOOP('',(#6351,#6352,#6353,#6354));
#2204=EDGE_LOOP('',(#6355,#6356,#6357,#6358));
#2205=EDGE_LOOP('',(#6359,#6360,#6361,#6362));
#2206=EDGE_LOOP('',(#6363,#6364,#6365,#6366));
#2207=EDGE_LOOP('',(#6367,#6368,#6369,#6370));
#2208=EDGE_LOOP('',(#6371,#6372,#6373,#6374));
#2209=EDGE_LOOP('',(#6375,#6376,#6377,#6378));
#2210=CIRCLE('',#6913,11.1);
#2211=CIRCLE('',#6914,1.);
#2212=CIRCLE('',#6915,12.1);
#2213=CIRCLE('',#6916,11.1);
#2214=CIRCLE('',#6918,11.1);
#2215=CIRCLE('',#6919,11.1);
#2216=CIRCLE('',#6921,45.);
#2217=CIRCLE('',#6922,6.0635227784193);
#2218=CIRCLE('',#6923,0.300000000000122);
#2219=CIRCLE('',#6924,0.299999999999959);
#2220=CIRCLE('',#6925,6.06352277841931);
#2221=CIRCLE('',#6926,45.);
#2222=CIRCLE('',#6927,6.06352277841931);
#2223=CIRCLE('',#6928,0.300000000000122);
#2224=CIRCLE('',#6929,0.29999999999996);
#2225=CIRCLE('',#6930,6.06352277841931);
#2226=CIRCLE('',#6931,45.);
#2227=CIRCLE('',#6932,6.06352277841931);
#2228=CIRCLE('',#6933,0.300000000000116);
#2229=CIRCLE('',#6934,0.299999999999965);
#2230=CIRCLE('',#6935,6.0635227784193);
#2231=CIRCLE('',#6936,45.);
#2232=CIRCLE('',#6937,6.0635227784193);
#2233=CIRCLE('',#6938,0.300000000000121);
#2234=CIRCLE('',#6939,0.299999999999963);
#2235=CIRCLE('',#6940,6.0635227784193);
#2236=CIRCLE('',#6941,45.);
#2237=CIRCLE('',#6942,6.0635227784193);
#2238=CIRCLE('',#6943,0.300000000000122);
#2239=CIRCLE('',#6944,0.299999999999965);
#2240=CIRCLE('',#6945,6.06352277841931);
#2241=CIRCLE('',#6946,45.);
#2242=CIRCLE('',#6947,6.06352277841931);
#2243=CIRCLE('',#6948,0.300000000000119);
#2244=CIRCLE('',#6949,0.299999999999962);
#2245=CIRCLE('',#6950,6.0635227784193);
#2246=CIRCLE('',#6951,45.);
#2247=CIRCLE('',#6952,6.0635227784193);
#2248=CIRCLE('',#6953,0.30000000000012);
#2249=CIRCLE('',#6954,0.299999999999966);
#2250=CIRCLE('',#6955,6.06352277841931);
#2251=CIRCLE('',#6956,45.);
#2252=CIRCLE('',#6957,6.06352277841931);
#2253=CIRCLE('',#6958,0.300000000000121);
#2254=CIRCLE('',#6959,0.299999999999962);
#2255=CIRCLE('',#6960,6.0635227784193);
#2256=CIRCLE('',#6961,45.);
#2257=CIRCLE('',#6962,6.0635227784193);
#2258=CIRCLE('',#6963,0.300000000000122);
#2259=CIRCLE('',#6964,0.299999999999957);
#2260=CIRCLE('',#6965,6.06352277841931);
#2261=CIRCLE('',#6966,45.);
#2262=CIRCLE('',#6967,6.06352277841931);
#2263=CIRCLE('',#6968,0.300000000000122);
#2264=CIRCLE('',#6969,0.299999999999957);
#2265=CIRCLE('',#6970,6.0635227784193);
#2266=CIRCLE('',#6971,45.);
#2267=CIRCLE('',#6972,6.0635227784193);
#2268=CIRCLE('',#6973,0.300000000000116);
#2269=CIRCLE('',#6974,0.29999999999996);
#2270=CIRCLE('',#6975,6.06352277841931);
#2271=CIRCLE('',#6976,45.);
#2272=CIRCLE('',#6977,6.06352277841931);
#2273=CIRCLE('',#6978,0.300000000000121);
#2274=CIRCLE('',#6979,0.299999999999958);
#2275=CIRCLE('',#6980,6.0635227784193);
#2276=CIRCLE('',#6981,45.);
#2277=CIRCLE('',#6982,6.0635227784193);
#2278=CIRCLE('',#6983,0.300000000000122);
#2279=CIRCLE('',#6984,0.299999999999966);
#2280=CIRCLE('',#6985,6.06352277841932);
#2281=CIRCLE('',#6986,45.);
#2282=CIRCLE('',#6987,6.06352277841932);
#2283=CIRCLE('',#6988,0.300000000000104);
#2284=CIRCLE('',#6989,0.299999999999969);
#2285=CIRCLE('',#6990,6.0635227784193);
#2286=CIRCLE('',#6991,45.);
#2287=CIRCLE('',#6992,6.0635227784193);
#2288=CIRCLE('',#6993,0.300000000000116);
#2289=CIRCLE('',#6994,0.29999999999996);
#2290=CIRCLE('',#6995,6.06352277841931);
#2291=CIRCLE('',#6996,45.);
#2292=CIRCLE('',#6997,6.06352277841931);
#2293=CIRCLE('',#6998,0.300000000000121);
#2294=CIRCLE('',#6999,0.299999999999963);
#2295=CIRCLE('',#7000,6.0635227784193);
#2296=CIRCLE('',#7002,12.1);
#2297=CIRCLE('',#7003,1.);
#2298=CIRCLE('',#7005,45.);
#2299=CIRCLE('',#7006,6.06352277841931);
#2300=CIRCLE('',#7007,0.29999999999996);
#2301=CIRCLE('',#7008,0.300000000000116);
#2302=CIRCLE('',#7009,6.0635227784193);
#2303=CIRCLE('',#7010,45.);
#2304=CIRCLE('',#7011,6.0635227784193);
#2305=CIRCLE('',#7012,0.299999999999969);
#2306=CIRCLE('',#7013,0.300000000000104);
#2307=CIRCLE('',#7014,6.06352277841932);
#2308=CIRCLE('',#7015,45.);
#2309=CIRCLE('',#7016,6.06352277841932);
#2310=CIRCLE('',#7017,0.299999999999966);
#2311=CIRCLE('',#7018,0.300000000000122);
#2312=CIRCLE('',#7019,6.0635227784193);
#2313=CIRCLE('',#7020,45.);
#2314=CIRCLE('',#7021,6.0635227784193);
#2315=CIRCLE('',#7022,0.299999999999958);
#2316=CIRCLE('',#7023,0.300000000000121);
#2317=CIRCLE('',#7024,6.06352277841931);
#2318=CIRCLE('',#7025,45.);
#2319=CIRCLE('',#7026,6.06352277841931);
#2320=CIRCLE('',#7027,0.29999999999996);
#2321=CIRCLE('',#7028,0.300000000000116);
#2322=CIRCLE('',#7029,6.0635227784193);
#2323=CIRCLE('',#7030,45.);
#2324=CIRCLE('',#7031,6.0635227784193);
#2325=CIRCLE('',#7032,0.299999999999957);
#2326=CIRCLE('',#7033,0.300000000000122);
#2327=CIRCLE('',#7034,6.06352277841931);
#2328=CIRCLE('',#7035,45.);
#2329=CIRCLE('',#7036,6.06352277841931);
#2330=CIRCLE('',#7037,0.299999999999957);
#2331=CIRCLE('',#7038,0.300000000000122);
#2332=CIRCLE('',#7039,6.0635227784193);
#2333=CIRCLE('',#7040,45.);
#2334=CIRCLE('',#7041,6.0635227784193);
#2335=CIRCLE('',#7042,0.299999999999963);
#2336=CIRCLE('',#7043,0.300000000000121);
#2337=CIRCLE('',#7044,6.06352277841931);
#2338=CIRCLE('',#7045,45.);
#2339=CIRCLE('',#7046,6.06352277841931);
#2340=CIRCLE('',#7047,0.299999999999966);
#2341=CIRCLE('',#7048,0.30000000000012);
#2342=CIRCLE('',#7049,6.0635227784193);
#2343=CIRCLE('',#7050,45.);
#2344=CIRCLE('',#7051,6.0635227784193);
#2345=CIRCLE('',#7052,0.299999999999962);
#2346=CIRCLE('',#7053,0.300000000000119);
#2347=CIRCLE('',#7054,6.06352277841931);
#2348=CIRCLE('',#7055,45.);
#2349=CIRCLE('',#7056,6.06352277841931);
#2350=CIRCLE('',#7057,0.299999999999965);
#2351=CIRCLE('',#7058,0.300000000000122);
#2352=CIRCLE('',#7059,6.0635227784193);
#2353=CIRCLE('',#7060,45.);
#2354=CIRCLE('',#7061,6.0635227784193);
#2355=CIRCLE('',#7062,0.299999999999963);
#2356=CIRCLE('',#7063,0.300000000000121);
#2357=CIRCLE('',#7064,6.0635227784193);
#2358=CIRCLE('',#7065,45.);
#2359=CIRCLE('',#7066,6.0635227784193);
#2360=CIRCLE('',#7067,0.299999999999964);
#2361=CIRCLE('',#7068,0.300000000000116);
#2362=CIRCLE('',#7069,6.06352277841931);
#2363=CIRCLE('',#7070,45.);
#2364=CIRCLE('',#7071,6.06352277841931);
#2365=CIRCLE('',#7072,0.29999999999996);
#2366=CIRCLE('',#7073,0.300000000000122);
#2367=CIRCLE('',#7074,6.06352277841931);
#2368=CIRCLE('',#7075,45.);
#2369=CIRCLE('',#7076,6.06352277841931);
#2370=CIRCLE('',#7077,0.299999999999959);
#2371=CIRCLE('',#7078,0.300000000000122);
#2372=CIRCLE('',#7079,6.0635227784193);
#2373=CIRCLE('',#7080,45.);
#2374=CIRCLE('',#7081,6.0635227784193);
#2375=CIRCLE('',#7082,0.299999999999963);
#2376=CIRCLE('',#7083,0.300000000000121);
#2377=CIRCLE('',#7084,6.06352277841931);
#2378=CIRCLE('',#7087,0.500000000000044);
#2379=CIRCLE('',#7090,0.500000000000067);
#2380=CIRCLE('',#7092,0.999999999999973);
#2381=CIRCLE('',#7093,5.06352277841931);
#2382=CIRCLE('',#7094,0.999999999999998);
#2383=CIRCLE('',#7095,1.29999999999996);
#2384=CIRCLE('',#7099,0.999999999999994);
#2385=CIRCLE('',#7100,0.999999999999997);
#2386=CIRCLE('',#7101,1.30000000000012);
#2387=CIRCLE('',#7103,5.0635227784193);
#2388=CIRCLE('',#7105,5.06352277841931);
#2389=CIRCLE('',#7108,0.500000000000056);
#2390=CIRCLE('',#7111,0.500000000000054);
#2391=CIRCLE('',#7113,1.00000000000002);
#2392=CIRCLE('',#7114,5.0635227784193);
#2393=CIRCLE('',#7115,0.999999999999999);
#2394=CIRCLE('',#7116,1.29999999999997);
#2395=CIRCLE('',#7120,0.999999999999982);
#2396=CIRCLE('',#7121,0.999999999999995);
#2397=CIRCLE('',#7122,1.3000000000001);
#2398=CIRCLE('',#7124,5.06352277841932);
#2399=CIRCLE('',#7126,5.0635227784193);
#2400=CIRCLE('',#7129,0.500000000000044);
#2401=CIRCLE('',#7132,0.500000000000064);
#2402=CIRCLE('',#7134,1.00000000000005);
#2403=CIRCLE('',#7135,5.06352277841932);
#2404=CIRCLE('',#7136,0.999999999999996);
#2405=CIRCLE('',#7137,1.29999999999997);
#2406=CIRCLE('',#7141,1.);
#2407=CIRCLE('',#7142,0.999999999999998);
#2408=CIRCLE('',#7143,1.30000000000012);
#2409=CIRCLE('',#7145,5.0635227784193);
#2410=CIRCLE('',#7147,5.06352277841932);
#2411=CIRCLE('',#7150,0.50000000000006);
#2412=CIRCLE('',#7153,0.500000000000077);
#2413=CIRCLE('',#7155,0.999999999999984);
#2414=CIRCLE('',#7156,5.0635227784193);
#2415=CIRCLE('',#7157,0.999999999999999);
#2416=CIRCLE('',#7158,1.29999999999996);
#2417=CIRCLE('',#7162,0.999999999999993);
#2418=CIRCLE('',#7163,1.);
#2419=CIRCLE('',#7164,1.30000000000012);
#2420=CIRCLE('',#7166,5.06352277841931);
#2421=CIRCLE('',#7168,5.0635227784193);
#2422=CIRCLE('',#7171,0.500000000000048);
#2423=CIRCLE('',#7174,0.500000000000048);
#2424=CIRCLE('',#7176,1.);
#2425=CIRCLE('',#7177,5.06352277841931);
#2426=CIRCLE('',#7178,0.999999999999998);
#2427=CIRCLE('',#7179,1.29999999999996);
#2428=CIRCLE('',#7183,0.999999999999986);
#2429=CIRCLE('',#7184,0.999999999999999);
#2430=CIRCLE('',#7185,1.30000000000012);
#2431=CIRCLE('',#7187,5.0635227784193);
#2432=CIRCLE('',#7189,5.06352277841931);
#2433=CIRCLE('',#7192,0.500000000000062);
#2434=CIRCLE('',#7195,0.500000000000064);
#2435=CIRCLE('',#7197,1.00000000000002);
#2436=CIRCLE('',#7198,5.0635227784193);
#2437=CIRCLE('',#7199,0.999999999999996);
#2438=CIRCLE('',#7200,1.29999999999996);
#2439=CIRCLE('',#7204,1.);
#2440=CIRCLE('',#7205,0.999999999999996);
#2441=CIRCLE('',#7206,1.30000000000012);
#2442=CIRCLE('',#7208,5.06352277841931);
#2443=CIRCLE('',#7210,5.0635227784193);
#2444=CIRCLE('',#7213,0.50000000000006);
#2445=CIRCLE('',#7216,0.500000000000064);
#2446=CIRCLE('',#7218,0.999999999999994);
#2447=CIRCLE('',#7219,5.06352277841931);
#2448=CIRCLE('',#7220,1.);
#2449=CIRCLE('',#7221,1.29999999999996);
#2450=CIRCLE('',#7225,0.999999999999994);
#2451=CIRCLE('',#7226,0.999999999999998);
#2452=CIRCLE('',#7227,1.30000000000012);
#2453=CIRCLE('',#7229,5.0635227784193);
#2454=CIRCLE('',#7231,5.06352277841931);
#2455=CIRCLE('',#7234,0.50000000000006);
#2456=CIRCLE('',#7237,0.500000000000057);
#2457=CIRCLE('',#7239,1.00000000000001);
#2458=CIRCLE('',#7240,5.0635227784193);
#2459=CIRCLE('',#7241,1.);
#2460=CIRCLE('',#7242,1.29999999999996);
#2461=CIRCLE('',#7246,0.999999999999993);
#2462=CIRCLE('',#7247,1.);
#2463=CIRCLE('',#7248,1.30000000000012);
#2464=CIRCLE('',#7250,5.06352277841931);
#2465=CIRCLE('',#7252,5.0635227784193);
#2466=CIRCLE('',#7255,0.500000000000074);
#2467=CIRCLE('',#7258,0.500000000000065);
#2468=CIRCLE('',#7260,1.00000000000002);
#2469=CIRCLE('',#7261,5.06352277841931);
#2470=CIRCLE('',#7262,1.);
#2471=CIRCLE('',#7263,1.29999999999997);
#2472=CIRCLE('',#7267,0.999999999999994);
#2473=CIRCLE('',#7268,1.);
#2474=CIRCLE('',#7269,1.30000000000012);
#2475=CIRCLE('',#7271,5.0635227784193);
#2476=CIRCLE('',#7273,5.06352277841931);
#2477=CIRCLE('',#7276,0.50000000000006);
#2478=CIRCLE('',#7279,0.50000000000006);
#2479=CIRCLE('',#7281,0.999999999999992);
#2480=CIRCLE('',#7282,5.0635227784193);
#2481=CIRCLE('',#7283,0.999999999999999);
#2482=CIRCLE('',#7284,1.29999999999996);
#2483=CIRCLE('',#7288,0.999999999999998);
#2484=CIRCLE('',#7289,1.);
#2485=CIRCLE('',#7290,1.30000000000012);
#2486=CIRCLE('',#7292,5.06352277841931);
#2487=CIRCLE('',#7294,5.0635227784193);
#2488=CIRCLE('',#7297,0.500000000000056);
#2489=CIRCLE('',#7300,0.500000000000056);
#2490=CIRCLE('',#7302,1.00000000000003);
#2491=CIRCLE('',#7303,5.06352277841931);
#2492=CIRCLE('',#7304,0.999999999999999);
#2493=CIRCLE('',#7305,1.29999999999997);
#2494=CIRCLE('',#7309,0.999999999999991);
#2495=CIRCLE('',#7310,1.);
#2496=CIRCLE('',#7311,1.30000000000012);
#2497=CIRCLE('',#7313,5.0635227784193);
#2498=CIRCLE('',#7315,5.06352277841931);
#2499=CIRCLE('',#7318,0.50000000000006);
#2500=CIRCLE('',#7321,0.500000000000063);
#2501=CIRCLE('',#7323,1.00000000000002);
#2502=CIRCLE('',#7324,5.0635227784193);
#2503=CIRCLE('',#7325,1.);
#2504=CIRCLE('',#7326,1.29999999999996);
#2505=CIRCLE('',#7330,0.999999999999997);
#2506=CIRCLE('',#7331,0.999999999999997);
#2507=CIRCLE('',#7332,1.30000000000012);
#2508=CIRCLE('',#7334,5.0635227784193);
#2509=CIRCLE('',#7336,5.0635227784193);
#2510=CIRCLE('',#7339,0.500000000000062);
#2511=CIRCLE('',#7342,0.500000000000074);
#2512=CIRCLE('',#7344,0.999999999999983);
#2513=CIRCLE('',#7345,5.0635227784193);
#2514=CIRCLE('',#7346,1.);
#2515=CIRCLE('',#7347,1.29999999999996);
#2516=CIRCLE('',#7351,0.999999999999985);
#2517=CIRCLE('',#7352,0.999999999999997);
#2518=CIRCLE('',#7353,1.30000000000012);
#2519=CIRCLE('',#7355,5.06352277841931);
#2520=CIRCLE('',#7357,5.0635227784193);
#2521=CIRCLE('',#7360,0.50000000000006);
#2522=CIRCLE('',#7363,0.500000000000054);
#2523=CIRCLE('',#7365,1.00000000000001);
#2524=CIRCLE('',#7366,5.06352277841931);
#2525=CIRCLE('',#7367,1.);
#2526=CIRCLE('',#7368,1.29999999999996);
#2527=CIRCLE('',#7372,1.);
#2528=CIRCLE('',#7373,0.999999999999998);
#2529=CIRCLE('',#7374,1.30000000000012);
#2530=CIRCLE('',#7376,5.06352277841931);
#2531=CIRCLE('',#7378,5.06352277841931);
#2532=CIRCLE('',#7381,0.500000000000085);
#2533=CIRCLE('',#7384,0.500000000000073);
#2534=CIRCLE('',#7386,0.999999999999996);
#2535=CIRCLE('',#7387,5.06352277841931);
#2536=CIRCLE('',#7388,1.);
#2537=CIRCLE('',#7389,1.29999999999996);
#2538=CIRCLE('',#7393,0.999999999999992);
#2539=CIRCLE('',#7394,1.);
#2540=CIRCLE('',#7395,1.30000000000012);
#2541=CIRCLE('',#7397,5.0635227784193);
#2542=CIRCLE('',#7399,5.06352277841931);
#2543=CIRCLE('',#7402,0.50000000000006);
#2544=CIRCLE('',#7405,0.500000000000057);
#2545=CIRCLE('',#7407,1.);
#2546=CIRCLE('',#7408,5.0635227784193);
#2547=CIRCLE('',#7409,1.);
#2548=CIRCLE('',#7410,1.29999999999996);
#2549=CIRCLE('',#7414,0.999999999999993);
#2550=CIRCLE('',#7415,0.999999999999997);
#2551=CIRCLE('',#7416,1.30000000000012);
#2552=CIRCLE('',#7418,5.06352277841931);
#2553=CIRCLE('',#7419,0.50000000000006);
#2554=CIRCLE('',#7423,0.999999999999999);
#2555=CIRCLE('',#7424,1.);
#2556=CIRCLE('',#7425,1.29999999999996);
#2557=CIRCLE('',#7427,5.0635227784193);
#2558=CIRCLE('',#7428,0.500000000000076);
#2559=CIRCLE('',#7433,0.999999999999999);
#2560=CIRCLE('',#7434,5.06352277841931);
#2561=CIRCLE('',#7435,0.999999999999996);
#2562=CIRCLE('',#7436,1.30000000000012);
#2563=CIRCLE('',#7447,0.500000000000084);
#2564=CIRCLE('',#7451,0.99999999999999);
#2565=CIRCLE('',#7452,1.);
#2566=CIRCLE('',#7453,1.29999999999996);
#2567=CIRCLE('',#7455,0.500000000000061);
#2568=CIRCLE('',#7460,0.999999999999988);
#2569=CIRCLE('',#7461,5.0635227784193);
#2570=CIRCLE('',#7462,0.999999999999992);
#2571=CIRCLE('',#7463,1.30000000000012);
#2572=CIRCLE('',#7475,0.500000000000068);
#2573=CIRCLE('',#7477,1.00000000000001);
#2574=CIRCLE('',#7478,1.00000000000051);
#2575=CIRCLE('',#7479,1.3000000000001);
#2576=CIRCLE('',#7481,5.06352277841932);
#2577=CIRCLE('',#7484,0.500000000000056);
#2578=CIRCLE('',#7487,1.00000000000037);
#2579=CIRCLE('',#7488,1.00000000000044);
#2580=CIRCLE('',#7489,1.29999999999997);
#2581=CIRCLE('',#7492,0.500000000000028);
#2582=CIRCLE('',#7496,1.);
#2583=CIRCLE('',#7497,0.999999999999999);
#2584=CIRCLE('',#7498,1.29999999999997);
#2585=CIRCLE('',#7500,0.500000000000056);
#2586=CIRCLE('',#7505,0.999999999999994);
#2587=CIRCLE('',#7506,5.0635227784193);
#2588=CIRCLE('',#7507,1.);
#2589=CIRCLE('',#7508,1.30000000000012);
#2590=CIRCLE('',#7518,0.500000000000078);
#2591=CIRCLE('',#7522,0.999999999999999);
#2592=CIRCLE('',#7523,1.);
#2593=CIRCLE('',#7524,1.29999999999996);
#2594=CIRCLE('',#7526,0.500000000000048);
#2595=CIRCLE('',#7531,0.999999999999999);
#2596=CIRCLE('',#7532,5.06352277841931);
#2597=CIRCLE('',#7533,1.);
#2598=CIRCLE('',#7534,1.30000000000012);
#2599=CIRCLE('',#7544,0.500000000000047);
#2600=CIRCLE('',#7548,0.999999999999999);
#2601=CIRCLE('',#7549,0.999999999999999);
#2602=CIRCLE('',#7550,1.29999999999996);
#2603=CIRCLE('',#7552,0.500000000000053);
#2604=CIRCLE('',#7557,0.999999999999993);
#2605=CIRCLE('',#7558,5.0635227784193);
#2606=CIRCLE('',#7559,0.999999999999999);
#2607=CIRCLE('',#7560,1.30000000000012);
#2608=CIRCLE('',#7570,0.500000000000073);
#2609=CIRCLE('',#7574,1.);
#2610=CIRCLE('',#7575,1.);
#2611=CIRCLE('',#7576,1.29999999999996);
#2612=CIRCLE('',#7578,0.500000000000054);
#2613=CIRCLE('',#7583,1.);
#2614=CIRCLE('',#7584,5.06352277841931);
#2615=CIRCLE('',#7585,1.);
#2616=CIRCLE('',#7586,1.30000000000012);
#2617=CIRCLE('',#7596,0.500000000000064);
#2618=CIRCLE('',#7600,1.);
#2619=CIRCLE('',#7601,1.);
#2620=CIRCLE('',#7602,1.29999999999996);
#2621=CIRCLE('',#7604,0.500000000000063);
#2622=CIRCLE('',#7609,0.999999999999994);
#2623=CIRCLE('',#7610,5.0635227784193);
#2624=CIRCLE('',#7611,0.999999999999997);
#2625=CIRCLE('',#7612,1.30000000000012);
#2626=CIRCLE('',#7622,0.500000000000065);
#2627=CIRCLE('',#7626,1.00000000000001);
#2628=CIRCLE('',#7627,1.);
#2629=CIRCLE('',#7628,1.29999999999996);
#2630=CIRCLE('',#7630,0.500000000000066);
#2631=CIRCLE('',#7635,0.999999999999995);
#2632=CIRCLE('',#7636,5.06352277841931);
#2633=CIRCLE('',#7637,0.999999999999998);
#2634=CIRCLE('',#7638,1.30000000000012);
#2635=CIRCLE('',#7648,0.500000000000055);
#2636=CIRCLE('',#7652,1.);
#2637=CIRCLE('',#7653,1.);
#2638=CIRCLE('',#7654,1.29999999999997);
#2639=CIRCLE('',#7656,0.500000000000073);
#2640=CIRCLE('',#7661,0.99999999999999);
#2641=CIRCLE('',#7662,5.0635227784193);
#2642=CIRCLE('',#7663,1.);
#2643=CIRCLE('',#7664,1.30000000000012);
#2644=CIRCLE('',#7676,0.50000000000006);
#2645=CIRCLE('',#7678,1.00000000000001);
#2646=CIRCLE('',#7679,0.999999999999517);
#2647=CIRCLE('',#7680,1.30000000000012);
#2648=CIRCLE('',#7682,5.06352277841931);
#2649=CIRCLE('',#7685,0.500000000000059);
#2650=CIRCLE('',#7688,0.999999999999659);
#2651=CIRCLE('',#7689,0.999999999999588);
#2652=CIRCLE('',#7690,1.29999999999996);
#2653=CIRCLE('',#7695,0.500000000000059);
#2654=CIRCLE('',#7697,1.00000000000001);
#2655=CIRCLE('',#7698,0.999999999999304);
#2656=CIRCLE('',#7699,1.30000000000012);
#2657=CIRCLE('',#7701,5.0635227784193);
#2658=CIRCLE('',#7704,0.500000000000058);
#2659=CIRCLE('',#7707,0.999999999999446);
#2660=CIRCLE('',#7708,0.999999999999375);
#2661=CIRCLE('',#7709,1.29999999999997);
#2662=CIRCLE('',#7712,0.500000000000052);
#2663=CIRCLE('',#7716,0.999999999999999);
#2664=CIRCLE('',#7717,1.00000000000001);
#2665=CIRCLE('',#7718,1.29999999999996);
#2666=CIRCLE('',#7720,0.500000000000056);
#2667=CIRCLE('',#7725,0.999999999999999);
#2668=CIRCLE('',#7726,5.0635227784193);
#2669=CIRCLE('',#7727,0.999999999999998);
#2670=CIRCLE('',#7728,1.30000000000012);
#2671=CIRCLE('',#7738,0.50000000000006);
#2672=CIRCLE('',#7742,0.999999999999998);
#2673=CIRCLE('',#7743,0.999999999999992);
#2674=CIRCLE('',#7744,1.29999999999996);
#2675=CIRCLE('',#7746,0.50000000000006);
#2676=CIRCLE('',#7751,1.);
#2677=CIRCLE('',#7752,5.06352277841931);
#2678=CIRCLE('',#7753,0.999999999999992);
#2679=CIRCLE('',#7754,1.30000000000012);
#2680=CIRCLE('',#7766,0.500000000000057);
#2681=CIRCLE('',#7768,1.00000000000001);
#2682=CIRCLE('',#7769,0.999999999999446);
#2683=CIRCLE('',#7770,1.30000000000012);
#2684=CIRCLE('',#7772,5.06352277841931);
#2685=CIRCLE('',#7775,0.500000000000052);
#2686=CIRCLE('',#7778,0.999999999999375);
#2687=CIRCLE('',#7779,0.999999999999375);
#2688=CIRCLE('',#7780,1.29999999999996);
#2689=CIRCLE('',#7783,0.500000000000086);
#2690=CIRCLE('',#7787,1.);
#2691=CIRCLE('',#7788,0.999999999999999);
#2692=CIRCLE('',#7789,1.29999999999996);
#2693=CIRCLE('',#7791,0.500000000000077);
#2694=CIRCLE('',#7796,0.999999999999997);
#2695=CIRCLE('',#7797,5.0635227784193);
#2696=CIRCLE('',#7798,1.);
#2697=CIRCLE('',#7799,1.30000000000012);
#2698=VERTEX_POINT('',#10092);
#2699=VERTEX_POINT('',#10093);
#2700=VERTEX_POINT('',#10095);
#2701=VERTEX_POINT('',#10100);
#2702=VERTEX_POINT('',#10101);
#2703=VERTEX_POINT('',#10106);
#2704=VERTEX_POINT('',#10107);
#2705=VERTEX_POINT('',#10109);
#2706=VERTEX_POINT('',#10111);
#2707=VERTEX_POINT('',#10113);
#2708=VERTEX_POINT('',#10115);
#2709=VERTEX_POINT('',#10117);
#2710=VERTEX_POINT('',#10119);
#2711=VERTEX_POINT('',#10121);
#2712=VERTEX_POINT('',#10123);
#2713=VERTEX_POINT('',#10125);
#2714=VERTEX_POINT('',#10127);
#2715=VERTEX_POINT('',#10129);
#2716=VERTEX_POINT('',#10131);
#2717=VERTEX_POINT('',#10133);
#2718=VERTEX_POINT('',#10135);
#2719=VERTEX_POINT('',#10137);
#2720=VERTEX_POINT('',#10139);
#2721=VERTEX_POINT('',#10141);
#2722=VERTEX_POINT('',#10143);
#2723=VERTEX_POINT('',#10145);
#2724=VERTEX_POINT('',#10147);
#2725=VERTEX_POINT('',#10149);
#2726=VERTEX_POINT('',#10151);
#2727=VERTEX_POINT('',#10153);
#2728=VERTEX_POINT('',#10155);
#2729=VERTEX_POINT('',#10157);
#2730=VERTEX_POINT('',#10159);
#2731=VERTEX_POINT('',#10161);
#2732=VERTEX_POINT('',#10163);
#2733=VERTEX_POINT('',#10165);
#2734=VERTEX_POINT('',#10167);
#2735=VERTEX_POINT('',#10169);
#2736=VERTEX_POINT('',#10171);
#2737=VERTEX_POINT('',#10173);
#2738=VERTEX_POINT('',#10175);
#2739=VERTEX_POINT('',#10177);
#2740=VERTEX_POINT('',#10179);
#2741=VERTEX_POINT('',#10181);
#2742=VERTEX_POINT('',#10183);
#2743=VERTEX_POINT('',#10185);
#2744=VERTEX_POINT('',#10187);
#2745=VERTEX_POINT('',#10189);
#2746=VERTEX_POINT('',#10191);
#2747=VERTEX_POINT('',#10193);
#2748=VERTEX_POINT('',#10195);
#2749=VERTEX_POINT('',#10197);
#2750=VERTEX_POINT('',#10199);
#2751=VERTEX_POINT('',#10201);
#2752=VERTEX_POINT('',#10203);
#2753=VERTEX_POINT('',#10205);
#2754=VERTEX_POINT('',#10207);
#2755=VERTEX_POINT('',#10209);
#2756=VERTEX_POINT('',#10211);
#2757=VERTEX_POINT('',#10213);
#2758=VERTEX_POINT('',#10215);
#2759=VERTEX_POINT('',#10217);
#2760=VERTEX_POINT('',#10219);
#2761=VERTEX_POINT('',#10221);
#2762=VERTEX_POINT('',#10223);
#2763=VERTEX_POINT('',#10225);
#2764=VERTEX_POINT('',#10227);
#2765=VERTEX_POINT('',#10229);
#2766=VERTEX_POINT('',#10231);
#2767=VERTEX_POINT('',#10233);
#2768=VERTEX_POINT('',#10235);
#2769=VERTEX_POINT('',#10237);
#2770=VERTEX_POINT('',#10239);
#2771=VERTEX_POINT('',#10241);
#2772=VERTEX_POINT('',#10243);
#2773=VERTEX_POINT('',#10245);
#2774=VERTEX_POINT('',#10247);
#2775=VERTEX_POINT('',#10249);
#2776=VERTEX_POINT('',#10251);
#2777=VERTEX_POINT('',#10253);
#2778=VERTEX_POINT('',#10255);
#2779=VERTEX_POINT('',#10257);
#2780=VERTEX_POINT('',#10259);
#2781=VERTEX_POINT('',#10261);
#2782=VERTEX_POINT('',#10263);
#2783=VERTEX_POINT('',#10265);
#2784=VERTEX_POINT('',#10267);
#2785=VERTEX_POINT('',#10269);
#2786=VERTEX_POINT('',#10271);
#2787=VERTEX_POINT('',#10273);
#2788=VERTEX_POINT('',#10275);
#2789=VERTEX_POINT('',#10277);
#2790=VERTEX_POINT('',#10279);
#2791=VERTEX_POINT('',#10281);
#2792=VERTEX_POINT('',#10283);
#2793=VERTEX_POINT('',#10285);
#2794=VERTEX_POINT('',#10287);
#2795=VERTEX_POINT('',#10289);
#2796=VERTEX_POINT('',#10291);
#2797=VERTEX_POINT('',#10293);
#2798=VERTEX_POINT('',#10295);
#2799=VERTEX_POINT('',#10297);
#2800=VERTEX_POINT('',#10299);
#2801=VERTEX_POINT('',#10301);
#2802=VERTEX_POINT('',#10303);
#2803=VERTEX_POINT('',#10305);
#2804=VERTEX_POINT('',#10307);
#2805=VERTEX_POINT('',#10309);
#2806=VERTEX_POINT('',#10311);
#2807=VERTEX_POINT('',#10313);
#2808=VERTEX_POINT('',#10315);
#2809=VERTEX_POINT('',#10317);
#2810=VERTEX_POINT('',#10319);
#2811=VERTEX_POINT('',#10321);
#2812=VERTEX_POINT('',#10323);
#2813=VERTEX_POINT('',#10325);
#2814=VERTEX_POINT('',#10327);
#2815=VERTEX_POINT('',#10329);
#2816=VERTEX_POINT('',#10331);
#2817=VERTEX_POINT('',#10333);
#2818=VERTEX_POINT('',#10335);
#2819=VERTEX_POINT('',#10337);
#2820=VERTEX_POINT('',#10339);
#2821=VERTEX_POINT('',#10341);
#2822=VERTEX_POINT('',#10343);
#2823=VERTEX_POINT('',#10345);
#2824=VERTEX_POINT('',#10347);
#2825=VERTEX_POINT('',#10349);
#2826=VERTEX_POINT('',#10351);
#2827=VERTEX_POINT('',#10353);
#2828=VERTEX_POINT('',#10355);
#2829=VERTEX_POINT('',#10357);
#2830=VERTEX_POINT('',#10359);
#2831=VERTEX_POINT('',#10363);
#2832=VERTEX_POINT('',#10367);
#2833=VERTEX_POINT('',#10368);
#2834=VERTEX_POINT('',#10370);
#2835=VERTEX_POINT('',#10372);
#2836=VERTEX_POINT('',#10374);
#2837=VERTEX_POINT('',#10376);
#2838=VERTEX_POINT('',#10378);
#2839=VERTEX_POINT('',#10380);
#2840=VERTEX_POINT('',#10382);
#2841=VERTEX_POINT('',#10384);
#2842=VERTEX_POINT('',#10386);
#2843=VERTEX_POINT('',#10388);
#2844=VERTEX_POINT('',#10390);
#2845=VERTEX_POINT('',#10392);
#2846=VERTEX_POINT('',#10394);
#2847=VERTEX_POINT('',#10396);
#2848=VERTEX_POINT('',#10398);
#2849=VERTEX_POINT('',#10400);
#2850=VERTEX_POINT('',#10402);
#2851=VERTEX_POINT('',#10404);
#2852=VERTEX_POINT('',#10406);
#2853=VERTEX_POINT('',#10408);
#2854=VERTEX_POINT('',#10410);
#2855=VERTEX_POINT('',#10412);
#2856=VERTEX_POINT('',#10414);
#2857=VERTEX_POINT('',#10416);
#2858=VERTEX_POINT('',#10418);
#2859=VERTEX_POINT('',#10420);
#2860=VERTEX_POINT('',#10422);
#2861=VERTEX_POINT('',#10424);
#2862=VERTEX_POINT('',#10426);
#2863=VERTEX_POINT('',#10428);
#2864=VERTEX_POINT('',#10430);
#2865=VERTEX_POINT('',#10432);
#2866=VERTEX_POINT('',#10434);
#2867=VERTEX_POINT('',#10436);
#2868=VERTEX_POINT('',#10438);
#2869=VERTEX_POINT('',#10440);
#2870=VERTEX_POINT('',#10442);
#2871=VERTEX_POINT('',#10444);
#2872=VERTEX_POINT('',#10446);
#2873=VERTEX_POINT('',#10448);
#2874=VERTEX_POINT('',#10450);
#2875=VERTEX_POINT('',#10452);
#2876=VERTEX_POINT('',#10454);
#2877=VERTEX_POINT('',#10456);
#2878=VERTEX_POINT('',#10458);
#2879=VERTEX_POINT('',#10460);
#2880=VERTEX_POINT('',#10462);
#2881=VERTEX_POINT('',#10464);
#2882=VERTEX_POINT('',#10466);
#2883=VERTEX_POINT('',#10468);
#2884=VERTEX_POINT('',#10470);
#2885=VERTEX_POINT('',#10472);
#2886=VERTEX_POINT('',#10474);
#2887=VERTEX_POINT('',#10476);
#2888=VERTEX_POINT('',#10478);
#2889=VERTEX_POINT('',#10480);
#2890=VERTEX_POINT('',#10482);
#2891=VERTEX_POINT('',#10484);
#2892=VERTEX_POINT('',#10486);
#2893=VERTEX_POINT('',#10488);
#2894=VERTEX_POINT('',#10490);
#2895=VERTEX_POINT('',#10492);
#2896=VERTEX_POINT('',#10494);
#2897=VERTEX_POINT('',#10496);
#2898=VERTEX_POINT('',#10498);
#2899=VERTEX_POINT('',#10500);
#2900=VERTEX_POINT('',#10502);
#2901=VERTEX_POINT('',#10504);
#2902=VERTEX_POINT('',#10506);
#2903=VERTEX_POINT('',#10508);
#2904=VERTEX_POINT('',#10510);
#2905=VERTEX_POINT('',#10512);
#2906=VERTEX_POINT('',#10514);
#2907=VERTEX_POINT('',#10516);
#2908=VERTEX_POINT('',#10518);
#2909=VERTEX_POINT('',#10520);
#2910=VERTEX_POINT('',#10522);
#2911=VERTEX_POINT('',#10524);
#2912=VERTEX_POINT('',#10526);
#2913=VERTEX_POINT('',#10528);
#2914=VERTEX_POINT('',#10530);
#2915=VERTEX_POINT('',#10532);
#2916=VERTEX_POINT('',#10534);
#2917=VERTEX_POINT('',#10536);
#2918=VERTEX_POINT('',#10538);
#2919=VERTEX_POINT('',#10540);
#2920=VERTEX_POINT('',#10542);
#2921=VERTEX_POINT('',#10544);
#2922=VERTEX_POINT('',#10546);
#2923=VERTEX_POINT('',#10548);
#2924=VERTEX_POINT('',#10550);
#2925=VERTEX_POINT('',#10552);
#2926=VERTEX_POINT('',#10554);
#2927=VERTEX_POINT('',#10556);
#2928=VERTEX_POINT('',#10558);
#2929=VERTEX_POINT('',#10560);
#2930=VERTEX_POINT('',#10562);
#2931=VERTEX_POINT('',#10564);
#2932=VERTEX_POINT('',#10566);
#2933=VERTEX_POINT('',#10568);
#2934=VERTEX_POINT('',#10570);
#2935=VERTEX_POINT('',#10572);
#2936=VERTEX_POINT('',#10574);
#2937=VERTEX_POINT('',#10576);
#2938=VERTEX_POINT('',#10578);
#2939=VERTEX_POINT('',#10580);
#2940=VERTEX_POINT('',#10582);
#2941=VERTEX_POINT('',#10584);
#2942=VERTEX_POINT('',#10586);
#2943=VERTEX_POINT('',#10588);
#2944=VERTEX_POINT('',#10590);
#2945=VERTEX_POINT('',#10592);
#2946=VERTEX_POINT('',#10594);
#2947=VERTEX_POINT('',#10596);
#2948=VERTEX_POINT('',#10598);
#2949=VERTEX_POINT('',#10600);
#2950=VERTEX_POINT('',#10602);
#2951=VERTEX_POINT('',#10604);
#2952=VERTEX_POINT('',#10606);
#2953=VERTEX_POINT('',#10608);
#2954=VERTEX_POINT('',#10610);
#2955=VERTEX_POINT('',#10612);
#2956=VERTEX_POINT('',#10614);
#2957=VERTEX_POINT('',#10616);
#2958=VERTEX_POINT('',#10618);
#2959=VERTEX_POINT('',#10620);
#2960=VERTEX_POINT('',#10648);
#2961=VERTEX_POINT('',#10650);
#2962=VERTEX_POINT('',#10678);
#2963=VERTEX_POINT('',#10680);
#2964=VERTEX_POINT('',#10684);
#2965=VERTEX_POINT('',#10686);
#2966=VERTEX_POINT('',#10711);
#2967=VERTEX_POINT('',#10719);
#2968=VERTEX_POINT('',#10731);
#2969=VERTEX_POINT('',#10735);
#2970=VERTEX_POINT('',#10752);
#2971=VERTEX_POINT('',#10754);
#2972=VERTEX_POINT('',#10782);
#2973=VERTEX_POINT('',#10784);
#2974=VERTEX_POINT('',#10812);
#2975=VERTEX_POINT('',#10814);
#2976=VERTEX_POINT('',#10818);
#2977=VERTEX_POINT('',#10820);
#2978=VERTEX_POINT('',#10845);
#2979=VERTEX_POINT('',#10853);
#2980=VERTEX_POINT('',#10865);
#2981=VERTEX_POINT('',#10869);
#2982=VERTEX_POINT('',#10886);
#2983=VERTEX_POINT('',#10888);
#2984=VERTEX_POINT('',#10916);
#2985=VERTEX_POINT('',#10918);
#2986=VERTEX_POINT('',#10946);
#2987=VERTEX_POINT('',#10948);
#2988=VERTEX_POINT('',#10952);
#2989=VERTEX_POINT('',#10954);
#2990=VERTEX_POINT('',#10979);
#2991=VERTEX_POINT('',#10987);
#2992=VERTEX_POINT('',#10999);
#2993=VERTEX_POINT('',#11003);
#2994=VERTEX_POINT('',#11020);
#2995=VERTEX_POINT('',#11022);
#2996=VERTEX_POINT('',#11050);
#2997=VERTEX_POINT('',#11052);
#2998=VERTEX_POINT('',#11080);
#2999=VERTEX_POINT('',#11082);
#3000=VERTEX_POINT('',#11086);
#3001=VERTEX_POINT('',#11088);
#3002=VERTEX_POINT('',#11113);
#3003=VERTEX_POINT('',#11121);
#3004=VERTEX_POINT('',#11133);
#3005=VERTEX_POINT('',#11137);
#3006=VERTEX_POINT('',#11154);
#3007=VERTEX_POINT('',#11156);
#3008=VERTEX_POINT('',#11184);
#3009=VERTEX_POINT('',#11186);
#3010=VERTEX_POINT('',#11214);
#3011=VERTEX_POINT('',#11216);
#3012=VERTEX_POINT('',#11220);
#3013=VERTEX_POINT('',#11222);
#3014=VERTEX_POINT('',#11247);
#3015=VERTEX_POINT('',#11255);
#3016=VERTEX_POINT('',#11267);
#3017=VERTEX_POINT('',#11271);
#3018=VERTEX_POINT('',#11288);
#3019=VERTEX_POINT('',#11290);
#3020=VERTEX_POINT('',#11318);
#3021=VERTEX_POINT('',#11320);
#3022=VERTEX_POINT('',#11348);
#3023=VERTEX_POINT('',#11350);
#3024=VERTEX_POINT('',#11354);
#3025=VERTEX_POINT('',#11356);
#3026=VERTEX_POINT('',#11381);
#3027=VERTEX_POINT('',#11389);
#3028=VERTEX_POINT('',#11401);
#3029=VERTEX_POINT('',#11405);
#3030=VERTEX_POINT('',#11422);
#3031=VERTEX_POINT('',#11424);
#3032=VERTEX_POINT('',#11452);
#3033=VERTEX_POINT('',#11454);
#3034=VERTEX_POINT('',#11482);
#3035=VERTEX_POINT('',#11484);
#3036=VERTEX_POINT('',#11488);
#3037=VERTEX_POINT('',#11490);
#3038=VERTEX_POINT('',#11515);
#3039=VERTEX_POINT('',#11523);
#3040=VERTEX_POINT('',#11535);
#3041=VERTEX_POINT('',#11539);
#3042=VERTEX_POINT('',#11556);
#3043=VERTEX_POINT('',#11558);
#3044=VERTEX_POINT('',#11586);
#3045=VERTEX_POINT('',#11588);
#3046=VERTEX_POINT('',#11616);
#3047=VERTEX_POINT('',#11618);
#3048=VERTEX_POINT('',#11622);
#3049=VERTEX_POINT('',#11624);
#3050=VERTEX_POINT('',#11649);
#3051=VERTEX_POINT('',#11657);
#3052=VERTEX_POINT('',#11669);
#3053=VERTEX_POINT('',#11673);
#3054=VERTEX_POINT('',#11690);
#3055=VERTEX_POINT('',#11692);
#3056=VERTEX_POINT('',#11720);
#3057=VERTEX_POINT('',#11722);
#3058=VERTEX_POINT('',#11750);
#3059=VERTEX_POINT('',#11752);
#3060=VERTEX_POINT('',#11756);
#3061=VERTEX_POINT('',#11758);
#3062=VERTEX_POINT('',#11783);
#3063=VERTEX_POINT('',#11791);
#3064=VERTEX_POINT('',#11803);
#3065=VERTEX_POINT('',#11807);
#3066=VERTEX_POINT('',#11824);
#3067=VERTEX_POINT('',#11826);
#3068=VERTEX_POINT('',#11854);
#3069=VERTEX_POINT('',#11856);
#3070=VERTEX_POINT('',#11884);
#3071=VERTEX_POINT('',#11886);
#3072=VERTEX_POINT('',#11890);
#3073=VERTEX_POINT('',#11892);
#3074=VERTEX_POINT('',#11917);
#3075=VERTEX_POINT('',#11925);
#3076=VERTEX_POINT('',#11937);
#3077=VERTEX_POINT('',#11941);
#3078=VERTEX_POINT('',#11958);
#3079=VERTEX_POINT('',#11960);
#3080=VERTEX_POINT('',#11988);
#3081=VERTEX_POINT('',#11990);
#3082=VERTEX_POINT('',#12018);
#3083=VERTEX_POINT('',#12020);
#3084=VERTEX_POINT('',#12024);
#3085=VERTEX_POINT('',#12026);
#3086=VERTEX_POINT('',#12051);
#3087=VERTEX_POINT('',#12059);
#3088=VERTEX_POINT('',#12071);
#3089=VERTEX_POINT('',#12075);
#3090=VERTEX_POINT('',#12092);
#3091=VERTEX_POINT('',#12094);
#3092=VERTEX_POINT('',#12122);
#3093=VERTEX_POINT('',#12124);
#3094=VERTEX_POINT('',#12152);
#3095=VERTEX_POINT('',#12154);
#3096=VERTEX_POINT('',#12158);
#3097=VERTEX_POINT('',#12160);
#3098=VERTEX_POINT('',#12185);
#3099=VERTEX_POINT('',#12193);
#3100=VERTEX_POINT('',#12205);
#3101=VERTEX_POINT('',#12209);
#3102=VERTEX_POINT('',#12226);
#3103=VERTEX_POINT('',#12228);
#3104=VERTEX_POINT('',#12256);
#3105=VERTEX_POINT('',#12258);
#3106=VERTEX_POINT('',#12286);
#3107=VERTEX_POINT('',#12288);
#3108=VERTEX_POINT('',#12292);
#3109=VERTEX_POINT('',#12294);
#3110=VERTEX_POINT('',#12319);
#3111=VERTEX_POINT('',#12327);
#3112=VERTEX_POINT('',#12339);
#3113=VERTEX_POINT('',#12343);
#3114=VERTEX_POINT('',#12360);
#3115=VERTEX_POINT('',#12362);
#3116=VERTEX_POINT('',#12390);
#3117=VERTEX_POINT('',#12392);
#3118=VERTEX_POINT('',#12420);
#3119=VERTEX_POINT('',#12422);
#3120=VERTEX_POINT('',#12426);
#3121=VERTEX_POINT('',#12428);
#3122=VERTEX_POINT('',#12453);
#3123=VERTEX_POINT('',#12461);
#3124=VERTEX_POINT('',#12473);
#3125=VERTEX_POINT('',#12477);
#3126=VERTEX_POINT('',#12494);
#3127=VERTEX_POINT('',#12496);
#3128=VERTEX_POINT('',#12524);
#3129=VERTEX_POINT('',#12526);
#3130=VERTEX_POINT('',#12554);
#3131=VERTEX_POINT('',#12556);
#3132=VERTEX_POINT('',#12560);
#3133=VERTEX_POINT('',#12562);
#3134=VERTEX_POINT('',#12587);
#3135=VERTEX_POINT('',#12595);
#3136=VERTEX_POINT('',#12607);
#3137=VERTEX_POINT('',#12611);
#3138=VERTEX_POINT('',#12628);
#3139=VERTEX_POINT('',#12630);
#3140=VERTEX_POINT('',#12658);
#3141=VERTEX_POINT('',#12660);
#3142=VERTEX_POINT('',#12688);
#3143=VERTEX_POINT('',#12690);
#3144=VERTEX_POINT('',#12694);
#3145=VERTEX_POINT('',#12696);
#3146=VERTEX_POINT('',#12721);
#3147=VERTEX_POINT('',#12729);
#3148=VERTEX_POINT('',#12741);
#3149=VERTEX_POINT('',#12745);
#3150=VERTEX_POINT('',#12786);
#3151=VERTEX_POINT('',#12787);
#3152=VERTEX_POINT('',#12792);
#3153=VERTEX_POINT('',#12804);
#3154=VERTEX_POINT('',#12808);
#3155=VERTEX_POINT('',#12849);
#3156=VERTEX_POINT('',#12850);
#3157=VERTEX_POINT('',#12857);
#3158=VERTEX_POINT('',#12859);
#3159=VERTEX_POINT('',#12884);
#3160=VERTEX_POINT('',#12933);
#3161=VERTEX_POINT('',#12934);
#3162=VERTEX_POINT('',#12939);
#3163=VERTEX_POINT('',#12993);
#3164=VERTEX_POINT('',#12994);
#3165=VERTEX_POINT('',#13001);
#3166=VERTEX_POINT('',#13003);
#3167=VERTEX_POINT('',#13028);
#3168=VERTEX_POINT('',#13074);
#3169=VERTEX_POINT('',#13076);
#3170=VERTEX_POINT('',#13080);
#3171=VERTEX_POINT('',#13092);
#3172=VERTEX_POINT('',#13096);
#3173=VERTEX_POINT('',#13137);
#3174=VERTEX_POINT('',#13139);
#3175=VERTEX_POINT('',#13169);
#3176=VERTEX_POINT('',#13202);
#3177=VERTEX_POINT('',#13203);
#3178=VERTEX_POINT('',#13208);
#3179=VERTEX_POINT('',#13262);
#3180=VERTEX_POINT('',#13263);
#3181=VERTEX_POINT('',#13270);
#3182=VERTEX_POINT('',#13272);
#3183=VERTEX_POINT('',#13297);
#3184=VERTEX_POINT('',#13343);
#3185=VERTEX_POINT('',#13344);
#3186=VERTEX_POINT('',#13349);
#3187=VERTEX_POINT('',#13403);
#3188=VERTEX_POINT('',#13404);
#3189=VERTEX_POINT('',#13411);
#3190=VERTEX_POINT('',#13413);
#3191=VERTEX_POINT('',#13438);
#3192=VERTEX_POINT('',#13484);
#3193=VERTEX_POINT('',#13485);
#3194=VERTEX_POINT('',#13490);
#3195=VERTEX_POINT('',#13544);
#3196=VERTEX_POINT('',#13545);
#3197=VERTEX_POINT('',#13552);
#3198=VERTEX_POINT('',#13554);
#3199=VERTEX_POINT('',#13579);
#3200=VERTEX_POINT('',#13625);
#3201=VERTEX_POINT('',#13626);
#3202=VERTEX_POINT('',#13631);
#3203=VERTEX_POINT('',#13685);
#3204=VERTEX_POINT('',#13686);
#3205=VERTEX_POINT('',#13693);
#3206=VERTEX_POINT('',#13695);
#3207=VERTEX_POINT('',#13720);
#3208=VERTEX_POINT('',#13766);
#3209=VERTEX_POINT('',#13767);
#3210=VERTEX_POINT('',#13772);
#3211=VERTEX_POINT('',#13826);
#3212=VERTEX_POINT('',#13827);
#3213=VERTEX_POINT('',#13834);
#3214=VERTEX_POINT('',#13836);
#3215=VERTEX_POINT('',#13861);
#3216=VERTEX_POINT('',#13907);
#3217=VERTEX_POINT('',#13908);
#3218=VERTEX_POINT('',#13913);
#3219=VERTEX_POINT('',#13967);
#3220=VERTEX_POINT('',#13968);
#3221=VERTEX_POINT('',#13975);
#3222=VERTEX_POINT('',#13977);
#3223=VERTEX_POINT('',#14002);
#3224=VERTEX_POINT('',#14048);
#3225=VERTEX_POINT('',#14049);
#3226=VERTEX_POINT('',#14054);
#3227=VERTEX_POINT('',#14108);
#3228=VERTEX_POINT('',#14109);
#3229=VERTEX_POINT('',#14116);
#3230=VERTEX_POINT('',#14118);
#3231=VERTEX_POINT('',#14143);
#3232=VERTEX_POINT('',#14189);
#3233=VERTEX_POINT('',#14191);
#3234=VERTEX_POINT('',#14195);
#3235=VERTEX_POINT('',#14207);
#3236=VERTEX_POINT('',#14211);
#3237=VERTEX_POINT('',#14252);
#3238=VERTEX_POINT('',#14254);
#3239=VERTEX_POINT('',#14284);
#3240=VERTEX_POINT('',#14317);
#3241=VERTEX_POINT('',#14319);
#3242=VERTEX_POINT('',#14323);
#3243=VERTEX_POINT('',#14335);
#3244=VERTEX_POINT('',#14339);
#3245=VERTEX_POINT('',#14380);
#3246=VERTEX_POINT('',#14382);
#3247=VERTEX_POINT('',#14412);
#3248=VERTEX_POINT('',#14445);
#3249=VERTEX_POINT('',#14446);
#3250=VERTEX_POINT('',#14451);
#3251=VERTEX_POINT('',#14505);
#3252=VERTEX_POINT('',#14506);
#3253=VERTEX_POINT('',#14513);
#3254=VERTEX_POINT('',#14515);
#3255=VERTEX_POINT('',#14540);
#3256=VERTEX_POINT('',#14586);
#3257=VERTEX_POINT('',#14587);
#3258=VERTEX_POINT('',#14592);
#3259=VERTEX_POINT('',#14646);
#3260=VERTEX_POINT('',#14647);
#3261=VERTEX_POINT('',#14654);
#3262=VERTEX_POINT('',#14656);
#3263=VERTEX_POINT('',#14681);
#3264=VERTEX_POINT('',#14727);
#3265=VERTEX_POINT('',#14729);
#3266=VERTEX_POINT('',#14733);
#3267=VERTEX_POINT('',#14745);
#3268=VERTEX_POINT('',#14749);
#3269=VERTEX_POINT('',#14790);
#3270=VERTEX_POINT('',#14792);
#3271=VERTEX_POINT('',#14822);
#3272=VERTEX_POINT('',#14855);
#3273=VERTEX_POINT('',#14856);
#3274=VERTEX_POINT('',#14861);
#3275=VERTEX_POINT('',#14915);
#3276=VERTEX_POINT('',#14916);
#3277=VERTEX_POINT('',#14923);
#3278=VERTEX_POINT('',#14925);
#3279=VERTEX_POINT('',#14950);
#3280=EDGE_CURVE('',#2698,#2699,#2210,.T.);
#3281=EDGE_CURVE('',#2699,#2700,#2211,.T.);
#3282=EDGE_CURVE('',#2700,#2700,#2212,.T.);
#3283=EDGE_CURVE('',#2699,#2698,#2213,.T.);
#3284=EDGE_CURVE('',#2701,#2702,#2214,.T.);
#3285=EDGE_CURVE('',#2701,#2698,#387,.T.);
#3286=EDGE_CURVE('',#2702,#2701,#2215,.T.);
#3287=EDGE_CURVE('',#2703,#2704,#2216,.T.);
#3288=EDGE_CURVE('',#2705,#2704,#2217,.T.);
#3289=EDGE_CURVE('',#2706,#2705,#2218,.T.);
#3290=EDGE_CURVE('',#2707,#2706,#388,.T.);
#3291=EDGE_CURVE('',#2708,#2707,#389,.T.);
#3292=EDGE_CURVE('',#2709,#2708,#390,.T.);
#3293=EDGE_CURVE('',#2710,#2709,#2219,.T.);
#3294=EDGE_CURVE('',#2711,#2710,#2220,.T.);
#3295=EDGE_CURVE('',#2711,#2712,#2221,.T.);
#3296=EDGE_CURVE('',#2713,#2712,#2222,.T.);
#3297=EDGE_CURVE('',#2714,#2713,#2223,.T.);
#3298=EDGE_CURVE('',#2715,#2714,#391,.T.);
#3299=EDGE_CURVE('',#2716,#2715,#392,.T.);
#3300=EDGE_CURVE('',#2717,#2716,#393,.T.);
#3301=EDGE_CURVE('',#2718,#2717,#2224,.T.);
#3302=EDGE_CURVE('',#2719,#2718,#2225,.T.);
#3303=EDGE_CURVE('',#2719,#2720,#2226,.T.);
#3304=EDGE_CURVE('',#2721,#2720,#2227,.T.);
#3305=EDGE_CURVE('',#2722,#2721,#2228,.T.);
#3306=EDGE_CURVE('',#2723,#2722,#394,.T.);
#3307=EDGE_CURVE('',#2724,#2723,#395,.T.);
#3308=EDGE_CURVE('',#2725,#2724,#396,.T.);
#3309=EDGE_CURVE('',#2726,#2725,#2229,.T.);
#3310=EDGE_CURVE('',#2727,#2726,#2230,.T.);
#3311=EDGE_CURVE('',#2727,#2728,#2231,.T.);
#3312=EDGE_CURVE('',#2729,#2728,#2232,.T.);
#3313=EDGE_CURVE('',#2730,#2729,#2233,.T.);
#3314=EDGE_CURVE('',#2731,#2730,#397,.T.);
#3315=EDGE_CURVE('',#2732,#2731,#398,.T.);
#3316=EDGE_CURVE('',#2733,#2732,#399,.T.);
#3317=EDGE_CURVE('',#2734,#2733,#2234,.T.);
#3318=EDGE_CURVE('',#2735,#2734,#2235,.T.);
#3319=EDGE_CURVE('',#2735,#2736,#2236,.T.);
#3320=EDGE_CURVE('',#2737,#2736,#2237,.T.);
#3321=EDGE_CURVE('',#2738,#2737,#2238,.T.);
#3322=EDGE_CURVE('',#2739,#2738,#400,.T.);
#3323=EDGE_CURVE('',#2740,#2739,#401,.T.);
#3324=EDGE_CURVE('',#2741,#2740,#402,.T.);
#3325=EDGE_CURVE('',#2742,#2741,#2239,.T.);
#3326=EDGE_CURVE('',#2743,#2742,#2240,.T.);
#3327=EDGE_CURVE('',#2743,#2744,#2241,.T.);
#3328=EDGE_CURVE('',#2745,#2744,#2242,.T.);
#3329=EDGE_CURVE('',#2746,#2745,#2243,.T.);
#3330=EDGE_CURVE('',#2747,#2746,#403,.T.);
#3331=EDGE_CURVE('',#2748,#2747,#404,.T.);
#3332=EDGE_CURVE('',#2749,#2748,#405,.T.);
#3333=EDGE_CURVE('',#2750,#2749,#2244,.T.);
#3334=EDGE_CURVE('',#2751,#2750,#2245,.T.);
#3335=EDGE_CURVE('',#2751,#2752,#2246,.T.);
#3336=EDGE_CURVE('',#2753,#2752,#2247,.T.);
#3337=EDGE_CURVE('',#2754,#2753,#2248,.T.);
#3338=EDGE_CURVE('',#2755,#2754,#406,.T.);
#3339=EDGE_CURVE('',#2756,#2755,#407,.T.);
#3340=EDGE_CURVE('',#2757,#2756,#408,.T.);
#3341=EDGE_CURVE('',#2758,#2757,#2249,.T.);
#3342=EDGE_CURVE('',#2759,#2758,#2250,.T.);
#3343=EDGE_CURVE('',#2759,#2760,#2251,.T.);
#3344=EDGE_CURVE('',#2761,#2760,#2252,.T.);
#3345=EDGE_CURVE('',#2762,#2761,#2253,.T.);
#3346=EDGE_CURVE('',#2763,#2762,#409,.T.);
#3347=EDGE_CURVE('',#2764,#2763,#410,.T.);
#3348=EDGE_CURVE('',#2765,#2764,#411,.T.);
#3349=EDGE_CURVE('',#2766,#2765,#2254,.T.);
#3350=EDGE_CURVE('',#2767,#2766,#2255,.T.);
#3351=EDGE_CURVE('',#2767,#2768,#2256,.T.);
#3352=EDGE_CURVE('',#2769,#2768,#2257,.T.);
#3353=EDGE_CURVE('',#2770,#2769,#2258,.T.);
#3354=EDGE_CURVE('',#2771,#2770,#412,.T.);
#3355=EDGE_CURVE('',#2772,#2771,#413,.T.);
#3356=EDGE_CURVE('',#2773,#2772,#414,.T.);
#3357=EDGE_CURVE('',#2774,#2773,#2259,.T.);
#3358=EDGE_CURVE('',#2775,#2774,#2260,.T.);
#3359=EDGE_CURVE('',#2775,#2776,#2261,.T.);
#3360=EDGE_CURVE('',#2777,#2776,#2262,.T.);
#3361=EDGE_CURVE('',#2778,#2777,#2263,.T.);
#3362=EDGE_CURVE('',#2779,#2778,#415,.T.);
#3363=EDGE_CURVE('',#2780,#2779,#416,.T.);
#3364=EDGE_CURVE('',#2781,#2780,#417,.T.);
#3365=EDGE_CURVE('',#2782,#2781,#2264,.T.);
#3366=EDGE_CURVE('',#2783,#2782,#2265,.T.);
#3367=EDGE_CURVE('',#2783,#2784,#2266,.T.);
#3368=EDGE_CURVE('',#2785,#2784,#2267,.T.);
#3369=EDGE_CURVE('',#2786,#2785,#2268,.T.);
#3370=EDGE_CURVE('',#2787,#2786,#418,.T.);
#3371=EDGE_CURVE('',#2788,#2787,#419,.T.);
#3372=EDGE_CURVE('',#2789,#2788,#420,.T.);
#3373=EDGE_CURVE('',#2790,#2789,#2269,.T.);
#3374=EDGE_CURVE('',#2791,#2790,#2270,.T.);
#3375=EDGE_CURVE('',#2791,#2792,#2271,.T.);
#3376=EDGE_CURVE('',#2793,#2792,#2272,.T.);
#3377=EDGE_CURVE('',#2794,#2793,#2273,.T.);
#3378=EDGE_CURVE('',#2795,#2794,#421,.T.);
#3379=EDGE_CURVE('',#2796,#2795,#422,.T.);
#3380=EDGE_CURVE('',#2797,#2796,#423,.T.);
#3381=EDGE_CURVE('',#2798,#2797,#2274,.T.);
#3382=EDGE_CURVE('',#2799,#2798,#2275,.T.);
#3383=EDGE_CURVE('',#2799,#2800,#2276,.T.);
#3384=EDGE_CURVE('',#2801,#2800,#2277,.T.);
#3385=EDGE_CURVE('',#2802,#2801,#2278,.T.);
#3386=EDGE_CURVE('',#2803,#2802,#424,.T.);
#3387=EDGE_CURVE('',#2804,#2803,#425,.T.);
#3388=EDGE_CURVE('',#2805,#2804,#426,.T.);
#3389=EDGE_CURVE('',#2806,#2805,#2279,.T.);
#3390=EDGE_CURVE('',#2807,#2806,#2280,.T.);
#3391=EDGE_CURVE('',#2807,#2808,#2281,.T.);
#3392=EDGE_CURVE('',#2809,#2808,#2282,.T.);
#3393=EDGE_CURVE('',#2810,#2809,#2283,.T.);
#3394=EDGE_CURVE('',#2811,#2810,#427,.T.);
#3395=EDGE_CURVE('',#2812,#2811,#428,.T.);
#3396=EDGE_CURVE('',#2813,#2812,#429,.T.);
#3397=EDGE_CURVE('',#2814,#2813,#2284,.T.);
#3398=EDGE_CURVE('',#2815,#2814,#2285,.T.);
#3399=EDGE_CURVE('',#2815,#2816,#2286,.T.);
#3400=EDGE_CURVE('',#2817,#2816,#2287,.T.);
#3401=EDGE_CURVE('',#2818,#2817,#2288,.T.);
#3402=EDGE_CURVE('',#2819,#2818,#430,.T.);
#3403=EDGE_CURVE('',#2820,#2819,#431,.T.);
#3404=EDGE_CURVE('',#2821,#2820,#432,.T.);
#3405=EDGE_CURVE('',#2822,#2821,#2289,.T.);
#3406=EDGE_CURVE('',#2823,#2822,#2290,.T.);
#3407=EDGE_CURVE('',#2823,#2824,#2291,.T.);
#3408=EDGE_CURVE('',#2825,#2824,#2292,.T.);
#3409=EDGE_CURVE('',#2826,#2825,#2293,.T.);
#3410=EDGE_CURVE('',#2827,#2826,#433,.T.);
#3411=EDGE_CURVE('',#2828,#2827,#434,.T.);
#3412=EDGE_CURVE('',#2829,#2828,#435,.T.);
#3413=EDGE_CURVE('',#2830,#2829,#2294,.T.);
#3414=EDGE_CURVE('',#2703,#2830,#2295,.T.);
#3415=EDGE_CURVE('',#2831,#2831,#2296,.T.);
#3416=EDGE_CURVE('',#2831,#2702,#2297,.T.);
#3417=EDGE_CURVE('',#2832,#2833,#2298,.T.);
#3418=EDGE_CURVE('',#2834,#2833,#2299,.T.);
#3419=EDGE_CURVE('',#2835,#2834,#2300,.T.);
#3420=EDGE_CURVE('',#2836,#2835,#436,.T.);
#3421=EDGE_CURVE('',#2837,#2836,#437,.T.);
#3422=EDGE_CURVE('',#2838,#2837,#438,.T.);
#3423=EDGE_CURVE('',#2839,#2838,#2301,.T.);
#3424=EDGE_CURVE('',#2840,#2839,#2302,.T.);
#3425=EDGE_CURVE('',#2840,#2841,#2303,.T.);
#3426=EDGE_CURVE('',#2842,#2841,#2304,.T.);
#3427=EDGE_CURVE('',#2843,#2842,#2305,.T.);
#3428=EDGE_CURVE('',#2844,#2843,#439,.T.);
#3429=EDGE_CURVE('',#2845,#2844,#440,.T.);
#3430=EDGE_CURVE('',#2846,#2845,#441,.T.);
#3431=EDGE_CURVE('',#2847,#2846,#2306,.T.);
#3432=EDGE_CURVE('',#2848,#2847,#2307,.T.);
#3433=EDGE_CURVE('',#2848,#2849,#2308,.T.);
#3434=EDGE_CURVE('',#2850,#2849,#2309,.T.);
#3435=EDGE_CURVE('',#2851,#2850,#2310,.T.);
#3436=EDGE_CURVE('',#2852,#2851,#442,.T.);
#3437=EDGE_CURVE('',#2853,#2852,#443,.T.);
#3438=EDGE_CURVE('',#2854,#2853,#444,.T.);
#3439=EDGE_CURVE('',#2855,#2854,#2311,.T.);
#3440=EDGE_CURVE('',#2856,#2855,#2312,.T.);
#3441=EDGE_CURVE('',#2856,#2857,#2313,.T.);
#3442=EDGE_CURVE('',#2858,#2857,#2314,.T.);
#3443=EDGE_CURVE('',#2859,#2858,#2315,.T.);
#3444=EDGE_CURVE('',#2860,#2859,#445,.T.);
#3445=EDGE_CURVE('',#2861,#2860,#446,.T.);
#3446=EDGE_CURVE('',#2862,#2861,#447,.T.);
#3447=EDGE_CURVE('',#2863,#2862,#2316,.T.);
#3448=EDGE_CURVE('',#2864,#2863,#2317,.T.);
#3449=EDGE_CURVE('',#2864,#2865,#2318,.T.);
#3450=EDGE_CURVE('',#2866,#2865,#2319,.T.);
#3451=EDGE_CURVE('',#2867,#2866,#2320,.T.);
#3452=EDGE_CURVE('',#2868,#2867,#448,.T.);
#3453=EDGE_CURVE('',#2869,#2868,#449,.T.);
#3454=EDGE_CURVE('',#2870,#2869,#450,.T.);
#3455=EDGE_CURVE('',#2871,#2870,#2321,.T.);
#3456=EDGE_CURVE('',#2872,#2871,#2322,.T.);
#3457=EDGE_CURVE('',#2872,#2873,#2323,.T.);
#3458=EDGE_CURVE('',#2874,#2873,#2324,.T.);
#3459=EDGE_CURVE('',#2875,#2874,#2325,.T.);
#3460=EDGE_CURVE('',#2876,#2875,#451,.T.);
#3461=EDGE_CURVE('',#2877,#2876,#452,.T.);
#3462=EDGE_CURVE('',#2878,#2877,#453,.T.);
#3463=EDGE_CURVE('',#2879,#2878,#2326,.T.);
#3464=EDGE_CURVE('',#2880,#2879,#2327,.T.);
#3465=EDGE_CURVE('',#2880,#2881,#2328,.T.);
#3466=EDGE_CURVE('',#2882,#2881,#2329,.T.);
#3467=EDGE_CURVE('',#2883,#2882,#2330,.T.);
#3468=EDGE_CURVE('',#2884,#2883,#454,.T.);
#3469=EDGE_CURVE('',#2885,#2884,#455,.T.);
#3470=EDGE_CURVE('',#2886,#2885,#456,.T.);
#3471=EDGE_CURVE('',#2887,#2886,#2331,.T.);
#3472=EDGE_CURVE('',#2888,#2887,#2332,.T.);
#3473=EDGE_CURVE('',#2888,#2889,#2333,.T.);
#3474=EDGE_CURVE('',#2890,#2889,#2334,.T.);
#3475=EDGE_CURVE('',#2891,#2890,#2335,.T.);
#3476=EDGE_CURVE('',#2892,#2891,#457,.T.);
#3477=EDGE_CURVE('',#2893,#2892,#458,.T.);
#3478=EDGE_CURVE('',#2894,#2893,#459,.T.);
#3479=EDGE_CURVE('',#2895,#2894,#2336,.T.);
#3480=EDGE_CURVE('',#2896,#2895,#2337,.T.);
#3481=EDGE_CURVE('',#2896,#2897,#2338,.T.);
#3482=EDGE_CURVE('',#2898,#2897,#2339,.T.);
#3483=EDGE_CURVE('',#2899,#2898,#2340,.T.);
#3484=EDGE_CURVE('',#2900,#2899,#460,.T.);
#3485=EDGE_CURVE('',#2901,#2900,#461,.T.);
#3486=EDGE_CURVE('',#2902,#2901,#462,.T.);
#3487=EDGE_CURVE('',#2903,#2902,#2341,.T.);
#3488=EDGE_CURVE('',#2904,#2903,#2342,.T.);
#3489=EDGE_CURVE('',#2904,#2905,#2343,.T.);
#3490=EDGE_CURVE('',#2906,#2905,#2344,.T.);
#3491=EDGE_CURVE('',#2907,#2906,#2345,.T.);
#3492=EDGE_CURVE('',#2908,#2907,#463,.T.);
#3493=EDGE_CURVE('',#2909,#2908,#464,.T.);
#3494=EDGE_CURVE('',#2910,#2909,#465,.T.);
#3495=EDGE_CURVE('',#2911,#2910,#2346,.T.);
#3496=EDGE_CURVE('',#2912,#2911,#2347,.T.);
#3497=EDGE_CURVE('',#2912,#2913,#2348,.T.);
#3498=EDGE_CURVE('',#2914,#2913,#2349,.T.);
#3499=EDGE_CURVE('',#2915,#2914,#2350,.T.);
#3500=EDGE_CURVE('',#2916,#2915,#466,.T.);
#3501=EDGE_CURVE('',#2917,#2916,#467,.T.);
#3502=EDGE_CURVE('',#2918,#2917,#468,.T.);
#3503=EDGE_CURVE('',#2919,#2918,#2351,.T.);
#3504=EDGE_CURVE('',#2920,#2919,#2352,.T.);
#3505=EDGE_CURVE('',#2920,#2921,#2353,.T.);
#3506=EDGE_CURVE('',#2922,#2921,#2354,.T.);
#3507=EDGE_CURVE('',#2923,#2922,#2355,.T.);
#3508=EDGE_CURVE('',#2924,#2923,#469,.T.);
#3509=EDGE_CURVE('',#2925,#2924,#470,.T.);
#3510=EDGE_CURVE('',#2926,#2925,#471,.T.);
#3511=EDGE_CURVE('',#2927,#2926,#2356,.T.);
#3512=EDGE_CURVE('',#2928,#2927,#2357,.T.);
#3513=EDGE_CURVE('',#2928,#2929,#2358,.T.);
#3514=EDGE_CURVE('',#2930,#2929,#2359,.T.);
#3515=EDGE_CURVE('',#2931,#2930,#2360,.T.);
#3516=EDGE_CURVE('',#2932,#2931,#472,.T.);
#3517=EDGE_CURVE('',#2933,#2932,#473,.T.);
#3518=EDGE_CURVE('',#2934,#2933,#474,.T.);
#3519=EDGE_CURVE('',#2935,#2934,#2361,.T.);
#3520=EDGE_CURVE('',#2936,#2935,#2362,.T.);
#3521=EDGE_CURVE('',#2936,#2937,#2363,.T.);
#3522=EDGE_CURVE('',#2938,#2937,#2364,.T.);
#3523=EDGE_CURVE('',#2939,#2938,#2365,.T.);
#3524=EDGE_CURVE('',#2940,#2939,#475,.T.);
#3525=EDGE_CURVE('',#2941,#2940,#476,.T.);
#3526=EDGE_CURVE('',#2942,#2941,#477,.T.);
#3527=EDGE_CURVE('',#2943,#2942,#2366,.T.);
#3528=EDGE_CURVE('',#2944,#2943,#2367,.T.);
#3529=EDGE_CURVE('',#2944,#2945,#2368,.T.);
#3530=EDGE_CURVE('',#2946,#2945,#2369,.T.);
#3531=EDGE_CURVE('',#2947,#2946,#2370,.T.);
#3532=EDGE_CURVE('',#2948,#2947,#478,.T.);
#3533=EDGE_CURVE('',#2949,#2948,#479,.T.);
#3534=EDGE_CURVE('',#2950,#2949,#480,.T.);
#3535=EDGE_CURVE('',#2951,#2950,#2371,.T.);
#3536=EDGE_CURVE('',#2952,#2951,#2372,.T.);
#3537=EDGE_CURVE('',#2952,#2953,#2373,.T.);
#3538=EDGE_CURVE('',#2954,#2953,#2374,.T.);
#3539=EDGE_CURVE('',#2955,#2954,#2375,.T.);
#3540=EDGE_CURVE('',#2956,#2955,#481,.T.);
#3541=EDGE_CURVE('',#2957,#2956,#482,.T.);
#3542=EDGE_CURVE('',#2958,#2957,#483,.T.);
#3543=EDGE_CURVE('',#2959,#2958,#2376,.T.);
#3544=EDGE_CURVE('',#2832,#2959,#2377,.T.);
#3545=EDGE_CURVE('',#2960,#2837,#143,.T.);
#3546=EDGE_CURVE('',#2837,#2961,#144,.T.);
#3547=EDGE_CURVE('',#2961,#2960,#2378,.T.);
#3548=EDGE_CURVE('',#2962,#2836,#145,.T.);
#3549=EDGE_CURVE('',#2836,#2963,#146,.T.);
#3550=EDGE_CURVE('',#2963,#2962,#2379,.T.);
#3551=EDGE_CURVE('',#2964,#2834,#2380,.T.);
#3552=EDGE_CURVE('',#2833,#2965,#79,.F.);
#3553=EDGE_CURVE('',#2965,#2964,#2381,.T.);
#3554=EDGE_CURVE('',#2966,#2835,#2382,.T.);
#3555=EDGE_CURVE('',#2964,#2966,#2383,.T.);
#3556=EDGE_CURVE('',#2966,#2963,#484,.T.);
#3557=EDGE_CURVE('',#2962,#2961,#485,.T.);
#3558=EDGE_CURVE('',#2960,#2967,#486,.T.);
#3559=EDGE_CURVE('',#2967,#2838,#2384,.T.);
#3560=EDGE_CURVE('',#2968,#2839,#2385,.T.);
#3561=EDGE_CURVE('',#2967,#2968,#2386,.T.);
#3562=EDGE_CURVE('',#2969,#2840,#80,.F.);
#3563=EDGE_CURVE('',#2968,#2969,#2387,.T.);
#3564=EDGE_CURVE('',#2970,#2965,#487,.T.);
#3565=EDGE_CURVE('',#2971,#2970,#2388,.T.);
#3566=EDGE_CURVE('',#2971,#2964,#488,.T.);
#3567=EDGE_CURVE('',#2972,#2845,#147,.T.);
#3568=EDGE_CURVE('',#2845,#2973,#148,.T.);
#3569=EDGE_CURVE('',#2973,#2972,#2389,.T.);
#3570=EDGE_CURVE('',#2974,#2844,#149,.T.);
#3571=EDGE_CURVE('',#2844,#2975,#150,.T.);
#3572=EDGE_CURVE('',#2975,#2974,#2390,.T.);
#3573=EDGE_CURVE('',#2976,#2842,#2391,.T.);
#3574=EDGE_CURVE('',#2841,#2977,#81,.F.);
#3575=EDGE_CURVE('',#2977,#2976,#2392,.T.);
#3576=EDGE_CURVE('',#2978,#2843,#2393,.T.);
#3577=EDGE_CURVE('',#2976,#2978,#2394,.T.);
#3578=EDGE_CURVE('',#2978,#2975,#489,.T.);
#3579=EDGE_CURVE('',#2974,#2973,#490,.T.);
#3580=EDGE_CURVE('',#2972,#2979,#491,.T.);
#3581=EDGE_CURVE('',#2979,#2846,#2395,.T.);
#3582=EDGE_CURVE('',#2980,#2847,#2396,.T.);
#3583=EDGE_CURVE('',#2979,#2980,#2397,.T.);
#3584=EDGE_CURVE('',#2981,#2848,#82,.F.);
#3585=EDGE_CURVE('',#2980,#2981,#2398,.T.);
#3586=EDGE_CURVE('',#2982,#2977,#492,.T.);
#3587=EDGE_CURVE('',#2983,#2982,#2399,.T.);
#3588=EDGE_CURVE('',#2983,#2976,#493,.T.);
#3589=EDGE_CURVE('',#2984,#2853,#151,.T.);
#3590=EDGE_CURVE('',#2853,#2985,#152,.T.);
#3591=EDGE_CURVE('',#2985,#2984,#2400,.T.);
#3592=EDGE_CURVE('',#2986,#2852,#153,.T.);
#3593=EDGE_CURVE('',#2852,#2987,#154,.T.);
#3594=EDGE_CURVE('',#2987,#2986,#2401,.T.);
#3595=EDGE_CURVE('',#2988,#2850,#2402,.T.);
#3596=EDGE_CURVE('',#2849,#2989,#83,.F.);
#3597=EDGE_CURVE('',#2989,#2988,#2403,.T.);
#3598=EDGE_CURVE('',#2990,#2851,#2404,.T.);
#3599=EDGE_CURVE('',#2988,#2990,#2405,.T.);
#3600=EDGE_CURVE('',#2990,#2987,#494,.T.);
#3601=EDGE_CURVE('',#2986,#2985,#495,.T.);
#3602=EDGE_CURVE('',#2984,#2991,#496,.T.);
#3603=EDGE_CURVE('',#2991,#2854,#2406,.T.);
#3604=EDGE_CURVE('',#2992,#2855,#2407,.T.);
#3605=EDGE_CURVE('',#2991,#2992,#2408,.T.);
#3606=EDGE_CURVE('',#2993,#2856,#84,.F.);
#3607=EDGE_CURVE('',#2992,#2993,#2409,.T.);
#3608=EDGE_CURVE('',#2994,#2989,#497,.T.);
#3609=EDGE_CURVE('',#2995,#2994,#2410,.T.);
#3610=EDGE_CURVE('',#2995,#2988,#498,.T.);
#3611=EDGE_CURVE('',#2996,#2861,#155,.T.);
#3612=EDGE_CURVE('',#2861,#2997,#156,.T.);
#3613=EDGE_CURVE('',#2997,#2996,#2411,.T.);
#3614=EDGE_CURVE('',#2998,#2860,#157,.T.);
#3615=EDGE_CURVE('',#2860,#2999,#158,.T.);
#3616=EDGE_CURVE('',#2999,#2998,#2412,.T.);
#3617=EDGE_CURVE('',#3000,#2858,#2413,.T.);
#3618=EDGE_CURVE('',#2857,#3001,#85,.F.);
#3619=EDGE_CURVE('',#3001,#3000,#2414,.T.);
#3620=EDGE_CURVE('',#3002,#2859,#2415,.T.);
#3621=EDGE_CURVE('',#3000,#3002,#2416,.T.);
#3622=EDGE_CURVE('',#3002,#2999,#499,.T.);
#3623=EDGE_CURVE('',#2998,#2997,#500,.T.);
#3624=EDGE_CURVE('',#2996,#3003,#501,.T.);
#3625=EDGE_CURVE('',#3003,#2862,#2417,.T.);
#3626=EDGE_CURVE('',#3004,#2863,#2418,.T.);
#3627=EDGE_CURVE('',#3003,#3004,#2419,.T.);
#3628=EDGE_CURVE('',#3005,#2864,#86,.F.);
#3629=EDGE_CURVE('',#3004,#3005,#2420,.T.);
#3630=EDGE_CURVE('',#3006,#3001,#502,.T.);
#3631=EDGE_CURVE('',#3007,#3006,#2421,.T.);
#3632=EDGE_CURVE('',#3007,#3000,#503,.T.);
#3633=EDGE_CURVE('',#3008,#2869,#159,.T.);
#3634=EDGE_CURVE('',#2869,#3009,#160,.T.);
#3635=EDGE_CURVE('',#3009,#3008,#2422,.T.);
#3636=EDGE_CURVE('',#3010,#2868,#161,.T.);
#3637=EDGE_CURVE('',#2868,#3011,#162,.T.);
#3638=EDGE_CURVE('',#3011,#3010,#2423,.T.);
#3639=EDGE_CURVE('',#3012,#2866,#2424,.T.);
#3640=EDGE_CURVE('',#2865,#3013,#87,.F.);
#3641=EDGE_CURVE('',#3013,#3012,#2425,.T.);
#3642=EDGE_CURVE('',#3014,#2867,#2426,.T.);
#3643=EDGE_CURVE('',#3012,#3014,#2427,.T.);
#3644=EDGE_CURVE('',#3014,#3011,#504,.T.);
#3645=EDGE_CURVE('',#3010,#3009,#505,.T.);
#3646=EDGE_CURVE('',#3008,#3015,#506,.T.);
#3647=EDGE_CURVE('',#3015,#2870,#2428,.T.);
#3648=EDGE_CURVE('',#3016,#2871,#2429,.T.);
#3649=EDGE_CURVE('',#3015,#3016,#2430,.T.);
#3650=EDGE_CURVE('',#3017,#2872,#88,.F.);
#3651=EDGE_CURVE('',#3016,#3017,#2431,.T.);
#3652=EDGE_CURVE('',#3018,#3013,#507,.T.);
#3653=EDGE_CURVE('',#3019,#3018,#2432,.T.);
#3654=EDGE_CURVE('',#3019,#3012,#508,.T.);
#3655=EDGE_CURVE('',#3020,#2877,#163,.T.);
#3656=EDGE_CURVE('',#2877,#3021,#164,.T.);
#3657=EDGE_CURVE('',#3021,#3020,#2433,.T.);
#3658=EDGE_CURVE('',#3022,#2876,#165,.T.);
#3659=EDGE_CURVE('',#2876,#3023,#166,.T.);
#3660=EDGE_CURVE('',#3023,#3022,#2434,.T.);
#3661=EDGE_CURVE('',#3024,#2874,#2435,.T.);
#3662=EDGE_CURVE('',#2873,#3025,#89,.F.);
#3663=EDGE_CURVE('',#3025,#3024,#2436,.T.);
#3664=EDGE_CURVE('',#3026,#2875,#2437,.T.);
#3665=EDGE_CURVE('',#3024,#3026,#2438,.T.);
#3666=EDGE_CURVE('',#3026,#3023,#509,.T.);
#3667=EDGE_CURVE('',#3022,#3021,#510,.T.);
#3668=EDGE_CURVE('',#3020,#3027,#511,.T.);
#3669=EDGE_CURVE('',#3027,#2878,#2439,.T.);
#3670=EDGE_CURVE('',#3028,#2879,#2440,.T.);
#3671=EDGE_CURVE('',#3027,#3028,#2441,.T.);
#3672=EDGE_CURVE('',#3029,#2880,#90,.F.);
#3673=EDGE_CURVE('',#3028,#3029,#2442,.T.);
#3674=EDGE_CURVE('',#3030,#3025,#512,.T.);
#3675=EDGE_CURVE('',#3031,#3030,#2443,.T.);
#3676=EDGE_CURVE('',#3031,#3024,#513,.T.);
#3677=EDGE_CURVE('',#3032,#2885,#167,.T.);
#3678=EDGE_CURVE('',#2885,#3033,#168,.T.);
#3679=EDGE_CURVE('',#3033,#3032,#2444,.T.);
#3680=EDGE_CURVE('',#3034,#2884,#169,.T.);
#3681=EDGE_CURVE('',#2884,#3035,#170,.T.);
#3682=EDGE_CURVE('',#3035,#3034,#2445,.T.);
#3683=EDGE_CURVE('',#3036,#2882,#2446,.T.);
#3684=EDGE_CURVE('',#2881,#3037,#91,.F.);
#3685=EDGE_CURVE('',#3037,#3036,#2447,.T.);
#3686=EDGE_CURVE('',#3038,#2883,#2448,.T.);
#3687=EDGE_CURVE('',#3036,#3038,#2449,.T.);
#3688=EDGE_CURVE('',#3038,#3035,#514,.T.);
#3689=EDGE_CURVE('',#3034,#3033,#515,.T.);
#3690=EDGE_CURVE('',#3032,#3039,#516,.T.);
#3691=EDGE_CURVE('',#3039,#2886,#2450,.T.);
#3692=EDGE_CURVE('',#3040,#2887,#2451,.T.);
#3693=EDGE_CURVE('',#3039,#3040,#2452,.T.);
#3694=EDGE_CURVE('',#3041,#2888,#92,.F.);
#3695=EDGE_CURVE('',#3040,#3041,#2453,.T.);
#3696=EDGE_CURVE('',#3042,#3037,#517,.T.);
#3697=EDGE_CURVE('',#3043,#3042,#2454,.T.);
#3698=EDGE_CURVE('',#3043,#3036,#518,.T.);
#3699=EDGE_CURVE('',#3044,#2893,#171,.T.);
#3700=EDGE_CURVE('',#2893,#3045,#172,.T.);
#3701=EDGE_CURVE('',#3045,#3044,#2455,.T.);
#3702=EDGE_CURVE('',#3046,#2892,#173,.T.);
#3703=EDGE_CURVE('',#2892,#3047,#174,.T.);
#3704=EDGE_CURVE('',#3047,#3046,#2456,.T.);
#3705=EDGE_CURVE('',#3048,#2890,#2457,.T.);
#3706=EDGE_CURVE('',#2889,#3049,#93,.F.);
#3707=EDGE_CURVE('',#3049,#3048,#2458,.T.);
#3708=EDGE_CURVE('',#3050,#2891,#2459,.T.);
#3709=EDGE_CURVE('',#3048,#3050,#2460,.T.);
#3710=EDGE_CURVE('',#3050,#3047,#519,.T.);
#3711=EDGE_CURVE('',#3046,#3045,#520,.T.);
#3712=EDGE_CURVE('',#3044,#3051,#521,.T.);
#3713=EDGE_CURVE('',#3051,#2894,#2461,.T.);
#3714=EDGE_CURVE('',#3052,#2895,#2462,.T.);
#3715=EDGE_CURVE('',#3051,#3052,#2463,.T.);
#3716=EDGE_CURVE('',#3053,#2896,#94,.F.);
#3717=EDGE_CURVE('',#3052,#3053,#2464,.T.);
#3718=EDGE_CURVE('',#3054,#3049,#522,.T.);
#3719=EDGE_CURVE('',#3055,#3054,#2465,.T.);
#3720=EDGE_CURVE('',#3055,#3048,#523,.T.);
#3721=EDGE_CURVE('',#3056,#2901,#175,.T.);
#3722=EDGE_CURVE('',#2901,#3057,#176,.T.);
#3723=EDGE_CURVE('',#3057,#3056,#2466,.T.);
#3724=EDGE_CURVE('',#3058,#2900,#177,.T.);
#3725=EDGE_CURVE('',#2900,#3059,#178,.T.);
#3726=EDGE_CURVE('',#3059,#3058,#2467,.T.);
#3727=EDGE_CURVE('',#3060,#2898,#2468,.T.);
#3728=EDGE_CURVE('',#2897,#3061,#95,.F.);
#3729=EDGE_CURVE('',#3061,#3060,#2469,.T.);
#3730=EDGE_CURVE('',#3062,#2899,#2470,.T.);
#3731=EDGE_CURVE('',#3060,#3062,#2471,.T.);
#3732=EDGE_CURVE('',#3062,#3059,#524,.T.);
#3733=EDGE_CURVE('',#3058,#3057,#525,.T.);
#3734=EDGE_CURVE('',#3056,#3063,#526,.T.);
#3735=EDGE_CURVE('',#3063,#2902,#2472,.T.);
#3736=EDGE_CURVE('',#3064,#2903,#2473,.T.);
#3737=EDGE_CURVE('',#3063,#3064,#2474,.T.);
#3738=EDGE_CURVE('',#3065,#2904,#96,.F.);
#3739=EDGE_CURVE('',#3064,#3065,#2475,.T.);
#3740=EDGE_CURVE('',#3066,#3061,#527,.T.);
#3741=EDGE_CURVE('',#3067,#3066,#2476,.T.);
#3742=EDGE_CURVE('',#3067,#3060,#528,.T.);
#3743=EDGE_CURVE('',#3068,#2909,#179,.T.);
#3744=EDGE_CURVE('',#2909,#3069,#180,.T.);
#3745=EDGE_CURVE('',#3069,#3068,#2477,.T.);
#3746=EDGE_CURVE('',#3070,#2908,#181,.T.);
#3747=EDGE_CURVE('',#2908,#3071,#182,.T.);
#3748=EDGE_CURVE('',#3071,#3070,#2478,.T.);
#3749=EDGE_CURVE('',#3072,#2906,#2479,.T.);
#3750=EDGE_CURVE('',#2905,#3073,#97,.F.);
#3751=EDGE_CURVE('',#3073,#3072,#2480,.T.);
#3752=EDGE_CURVE('',#3074,#2907,#2481,.T.);
#3753=EDGE_CURVE('',#3072,#3074,#2482,.T.);
#3754=EDGE_CURVE('',#3074,#3071,#529,.T.);
#3755=EDGE_CURVE('',#3070,#3069,#530,.T.);
#3756=EDGE_CURVE('',#3068,#3075,#531,.T.);
#3757=EDGE_CURVE('',#3075,#2910,#2483,.T.);
#3758=EDGE_CURVE('',#3076,#2911,#2484,.T.);
#3759=EDGE_CURVE('',#3075,#3076,#2485,.T.);
#3760=EDGE_CURVE('',#3077,#2912,#98,.F.);
#3761=EDGE_CURVE('',#3076,#3077,#2486,.T.);
#3762=EDGE_CURVE('',#3078,#3073,#532,.T.);
#3763=EDGE_CURVE('',#3079,#3078,#2487,.T.);
#3764=EDGE_CURVE('',#3079,#3072,#533,.T.);
#3765=EDGE_CURVE('',#3080,#2917,#183,.T.);
#3766=EDGE_CURVE('',#2917,#3081,#184,.T.);
#3767=EDGE_CURVE('',#3081,#3080,#2488,.T.);
#3768=EDGE_CURVE('',#3082,#2916,#185,.T.);
#3769=EDGE_CURVE('',#2916,#3083,#186,.T.);
#3770=EDGE_CURVE('',#3083,#3082,#2489,.T.);
#3771=EDGE_CURVE('',#3084,#2914,#2490,.T.);
#3772=EDGE_CURVE('',#2913,#3085,#99,.F.);
#3773=EDGE_CURVE('',#3085,#3084,#2491,.T.);
#3774=EDGE_CURVE('',#3086,#2915,#2492,.T.);
#3775=EDGE_CURVE('',#3084,#3086,#2493,.T.);
#3776=EDGE_CURVE('',#3086,#3083,#534,.T.);
#3777=EDGE_CURVE('',#3082,#3081,#535,.T.);
#3778=EDGE_CURVE('',#3080,#3087,#536,.T.);
#3779=EDGE_CURVE('',#3087,#2918,#2494,.T.);
#3780=EDGE_CURVE('',#3088,#2919,#2495,.T.);
#3781=EDGE_CURVE('',#3087,#3088,#2496,.T.);
#3782=EDGE_CURVE('',#3089,#2920,#100,.F.);
#3783=EDGE_CURVE('',#3088,#3089,#2497,.T.);
#3784=EDGE_CURVE('',#3090,#3085,#537,.T.);
#3785=EDGE_CURVE('',#3091,#3090,#2498,.T.);
#3786=EDGE_CURVE('',#3091,#3084,#538,.T.);
#3787=EDGE_CURVE('',#3092,#2925,#187,.T.);
#3788=EDGE_CURVE('',#2925,#3093,#188,.T.);
#3789=EDGE_CURVE('',#3093,#3092,#2499,.T.);
#3790=EDGE_CURVE('',#3094,#2924,#189,.T.);
#3791=EDGE_CURVE('',#2924,#3095,#190,.T.);
#3792=EDGE_CURVE('',#3095,#3094,#2500,.T.);
#3793=EDGE_CURVE('',#3096,#2922,#2501,.T.);
#3794=EDGE_CURVE('',#2921,#3097,#101,.F.);
#3795=EDGE_CURVE('',#3097,#3096,#2502,.T.);
#3796=EDGE_CURVE('',#3098,#2923,#2503,.T.);
#3797=EDGE_CURVE('',#3096,#3098,#2504,.T.);
#3798=EDGE_CURVE('',#3098,#3095,#539,.T.);
#3799=EDGE_CURVE('',#3094,#3093,#540,.T.);
#3800=EDGE_CURVE('',#3092,#3099,#541,.T.);
#3801=EDGE_CURVE('',#3099,#2926,#2505,.T.);
#3802=EDGE_CURVE('',#3100,#2927,#2506,.T.);
#3803=EDGE_CURVE('',#3099,#3100,#2507,.T.);
#3804=EDGE_CURVE('',#3101,#2928,#102,.F.);
#3805=EDGE_CURVE('',#3100,#3101,#2508,.T.);
#3806=EDGE_CURVE('',#3102,#3097,#542,.T.);
#3807=EDGE_CURVE('',#3103,#3102,#2509,.T.);
#3808=EDGE_CURVE('',#3103,#3096,#543,.T.);
#3809=EDGE_CURVE('',#3104,#2933,#191,.T.);
#3810=EDGE_CURVE('',#2933,#3105,#192,.T.);
#3811=EDGE_CURVE('',#3105,#3104,#2510,.T.);
#3812=EDGE_CURVE('',#3106,#2932,#193,.T.);
#3813=EDGE_CURVE('',#2932,#3107,#194,.T.);
#3814=EDGE_CURVE('',#3107,#3106,#2511,.T.);
#3815=EDGE_CURVE('',#3108,#2930,#2512,.T.);
#3816=EDGE_CURVE('',#2929,#3109,#103,.F.);
#3817=EDGE_CURVE('',#3109,#3108,#2513,.T.);
#3818=EDGE_CURVE('',#3110,#2931,#2514,.T.);
#3819=EDGE_CURVE('',#3108,#3110,#2515,.T.);
#3820=EDGE_CURVE('',#3110,#3107,#544,.T.);
#3821=EDGE_CURVE('',#3106,#3105,#545,.T.);
#3822=EDGE_CURVE('',#3104,#3111,#546,.T.);
#3823=EDGE_CURVE('',#3111,#2934,#2516,.T.);
#3824=EDGE_CURVE('',#3112,#2935,#2517,.T.);
#3825=EDGE_CURVE('',#3111,#3112,#2518,.T.);
#3826=EDGE_CURVE('',#3113,#2936,#104,.F.);
#3827=EDGE_CURVE('',#3112,#3113,#2519,.T.);
#3828=EDGE_CURVE('',#3114,#3109,#547,.T.);
#3829=EDGE_CURVE('',#3115,#3114,#2520,.T.);
#3830=EDGE_CURVE('',#3115,#3108,#548,.T.);
#3831=EDGE_CURVE('',#3116,#2941,#195,.T.);
#3832=EDGE_CURVE('',#2941,#3117,#196,.T.);
#3833=EDGE_CURVE('',#3117,#3116,#2521,.T.);
#3834=EDGE_CURVE('',#3118,#2940,#197,.T.);
#3835=EDGE_CURVE('',#2940,#3119,#198,.T.);
#3836=EDGE_CURVE('',#3119,#3118,#2522,.T.);
#3837=EDGE_CURVE('',#3120,#2938,#2523,.T.);
#3838=EDGE_CURVE('',#2937,#3121,#105,.F.);
#3839=EDGE_CURVE('',#3121,#3120,#2524,.T.);
#3840=EDGE_CURVE('',#3122,#2939,#2525,.T.);
#3841=EDGE_CURVE('',#3120,#3122,#2526,.T.);
#3842=EDGE_CURVE('',#3122,#3119,#549,.T.);
#3843=EDGE_CURVE('',#3118,#3117,#550,.T.);
#3844=EDGE_CURVE('',#3116,#3123,#551,.T.);
#3845=EDGE_CURVE('',#3123,#2942,#2527,.T.);
#3846=EDGE_CURVE('',#3124,#2943,#2528,.T.);
#3847=EDGE_CURVE('',#3123,#3124,#2529,.T.);
#3848=EDGE_CURVE('',#3125,#2944,#106,.F.);
#3849=EDGE_CURVE('',#3124,#3125,#2530,.T.);
#3850=EDGE_CURVE('',#3126,#3121,#552,.T.);
#3851=EDGE_CURVE('',#3127,#3126,#2531,.T.);
#3852=EDGE_CURVE('',#3127,#3120,#553,.T.);
#3853=EDGE_CURVE('',#3128,#2949,#199,.T.);
#3854=EDGE_CURVE('',#2949,#3129,#200,.T.);
#3855=EDGE_CURVE('',#3129,#3128,#2532,.T.);
#3856=EDGE_CURVE('',#3130,#2948,#201,.T.);
#3857=EDGE_CURVE('',#2948,#3131,#202,.T.);
#3858=EDGE_CURVE('',#3131,#3130,#2533,.T.);
#3859=EDGE_CURVE('',#3132,#2946,#2534,.T.);
#3860=EDGE_CURVE('',#2945,#3133,#107,.F.);
#3861=EDGE_CURVE('',#3133,#3132,#2535,.T.);
#3862=EDGE_CURVE('',#3134,#2947,#2536,.T.);
#3863=EDGE_CURVE('',#3132,#3134,#2537,.T.);
#3864=EDGE_CURVE('',#3134,#3131,#554,.T.);
#3865=EDGE_CURVE('',#3130,#3129,#555,.T.);
#3866=EDGE_CURVE('',#3128,#3135,#556,.T.);
#3867=EDGE_CURVE('',#3135,#2950,#2538,.T.);
#3868=EDGE_CURVE('',#3136,#2951,#2539,.T.);
#3869=EDGE_CURVE('',#3135,#3136,#2540,.T.);
#3870=EDGE_CURVE('',#3137,#2952,#108,.F.);
#3871=EDGE_CURVE('',#3136,#3137,#2541,.T.);
#3872=EDGE_CURVE('',#3138,#3133,#557,.T.);
#3873=EDGE_CURVE('',#3139,#3138,#2542,.T.);
#3874=EDGE_CURVE('',#3139,#3132,#558,.T.);
#3875=EDGE_CURVE('',#3140,#2957,#203,.T.);
#3876=EDGE_CURVE('',#2957,#3141,#204,.T.);
#3877=EDGE_CURVE('',#3141,#3140,#2543,.T.);
#3878=EDGE_CURVE('',#3142,#2956,#205,.T.);
#3879=EDGE_CURVE('',#2956,#3143,#206,.T.);
#3880=EDGE_CURVE('',#3143,#3142,#2544,.T.);
#3881=EDGE_CURVE('',#3144,#2954,#2545,.T.);
#3882=EDGE_CURVE('',#2953,#3145,#109,.F.);
#3883=EDGE_CURVE('',#3145,#3144,#2546,.T.);
#3884=EDGE_CURVE('',#3146,#2955,#2547,.T.);
#3885=EDGE_CURVE('',#3144,#3146,#2548,.T.);
#3886=EDGE_CURVE('',#3146,#3143,#559,.T.);
#3887=EDGE_CURVE('',#3142,#3141,#560,.T.);
#3888=EDGE_CURVE('',#3140,#3147,#561,.T.);
#3889=EDGE_CURVE('',#3147,#2958,#2549,.T.);
#3890=EDGE_CURVE('',#3148,#2959,#2550,.T.);
#3891=EDGE_CURVE('',#3147,#3148,#2551,.T.);
#3892=EDGE_CURVE('',#3149,#2832,#110,.F.);
#3893=EDGE_CURVE('',#3148,#3149,#2552,.T.);
#3894=EDGE_CURVE('',#3150,#3151,#2553,.T.);
#3895=EDGE_CURVE('',#3151,#2828,#207,.T.);
#3896=EDGE_CURVE('',#2828,#3150,#208,.T.);
#3897=EDGE_CURVE('',#3151,#3152,#562,.T.);
#3898=EDGE_CURVE('',#3152,#2829,#2554,.T.);
#3899=EDGE_CURVE('',#3153,#2830,#2555,.T.);
#3900=EDGE_CURVE('',#3152,#3153,#2556,.T.);
#3901=EDGE_CURVE('',#3154,#2703,#111,.F.);
#3902=EDGE_CURVE('',#3153,#3154,#2557,.T.);
#3903=EDGE_CURVE('',#3155,#3156,#2558,.T.);
#3904=EDGE_CURVE('',#3156,#2827,#209,.T.);
#3905=EDGE_CURVE('',#2827,#3155,#210,.T.);
#3906=EDGE_CURVE('',#3156,#3150,#563,.T.);
#3907=EDGE_CURVE('',#3157,#2825,#2559,.T.);
#3908=EDGE_CURVE('',#2824,#3158,#112,.F.);
#3909=EDGE_CURVE('',#3158,#3157,#2560,.T.);
#3910=EDGE_CURVE('',#3159,#2826,#2561,.T.);
#3911=EDGE_CURVE('',#3157,#3159,#2562,.T.);
#3912=EDGE_CURVE('',#3159,#3155,#564,.T.);
#3913=EDGE_CURVE('',#3154,#3145,#565,.T.);
#3914=EDGE_CURVE('',#3153,#3144,#566,.T.);
#3915=EDGE_CURVE('',#3152,#3146,#567,.T.);
#3916=EDGE_CURVE('',#3151,#3143,#568,.T.);
#3917=EDGE_CURVE('',#3150,#3142,#569,.T.);
#3918=EDGE_CURVE('',#3156,#3141,#570,.T.);
#3919=EDGE_CURVE('',#3155,#3140,#571,.T.);
#3920=EDGE_CURVE('',#3159,#3147,#572,.T.);
#3921=EDGE_CURVE('',#3157,#3148,#573,.T.);
#3922=EDGE_CURVE('',#3158,#3149,#574,.T.);
#3923=EDGE_CURVE('',#3160,#3161,#2563,.T.);
#3924=EDGE_CURVE('',#3161,#2820,#211,.T.);
#3925=EDGE_CURVE('',#2820,#3160,#212,.T.);
#3926=EDGE_CURVE('',#3161,#3162,#575,.T.);
#3927=EDGE_CURVE('',#3162,#2821,#2564,.T.);
#3928=EDGE_CURVE('',#2971,#2822,#2565,.T.);
#3929=EDGE_CURVE('',#3162,#2971,#2566,.T.);
#3930=EDGE_CURVE('',#2970,#2823,#113,.F.);
#3931=EDGE_CURVE('',#3163,#3164,#2567,.T.);
#3932=EDGE_CURVE('',#3164,#2819,#213,.T.);
#3933=EDGE_CURVE('',#2819,#3163,#214,.T.);
#3934=EDGE_CURVE('',#3164,#3160,#576,.T.);
#3935=EDGE_CURVE('',#3165,#2817,#2568,.T.);
#3936=EDGE_CURVE('',#2816,#3166,#114,.F.);
#3937=EDGE_CURVE('',#3166,#3165,#2569,.T.);
#3938=EDGE_CURVE('',#3167,#2818,#2570,.T.);
#3939=EDGE_CURVE('',#3165,#3167,#2571,.T.);
#3940=EDGE_CURVE('',#3167,#3163,#577,.T.);
#3941=EDGE_CURVE('',#3162,#2966,#578,.T.);
#3942=EDGE_CURVE('',#3161,#2963,#579,.T.);
#3943=EDGE_CURVE('',#3160,#2962,#580,.T.);
#3944=EDGE_CURVE('',#3164,#2961,#581,.T.);
#3945=EDGE_CURVE('',#3163,#2960,#582,.T.);
#3946=EDGE_CURVE('',#3167,#2967,#583,.T.);
#3947=EDGE_CURVE('',#3165,#2968,#584,.T.);
#3948=EDGE_CURVE('',#3166,#2969,#585,.T.);
#3949=EDGE_CURVE('',#3168,#2811,#215,.T.);
#3950=EDGE_CURVE('',#2811,#3169,#216,.T.);
#3951=EDGE_CURVE('',#3169,#3168,#2572,.T.);
#3952=EDGE_CURVE('',#2810,#3170,#2573,.T.);
#3953=EDGE_CURVE('',#3170,#3169,#586,.T.);
#3954=EDGE_CURVE('',#2809,#3171,#2574,.T.);
#3955=EDGE_CURVE('',#3171,#3170,#2575,.T.);
#3956=EDGE_CURVE('',#2808,#3172,#115,.F.);
#3957=EDGE_CURVE('',#3172,#3171,#2576,.T.);
#3958=EDGE_CURVE('',#3173,#2812,#217,.T.);
#3959=EDGE_CURVE('',#2812,#3174,#218,.T.);
#3960=EDGE_CURVE('',#3174,#3173,#2577,.T.);
#3961=EDGE_CURVE('',#3168,#3174,#587,.T.);
#3962=EDGE_CURVE('',#2814,#2983,#2578,.T.);
#3963=EDGE_CURVE('',#2982,#2815,#116,.F.);
#3964=EDGE_CURVE('',#2813,#3175,#2579,.T.);
#3965=EDGE_CURVE('',#3175,#2983,#2580,.T.);
#3966=EDGE_CURVE('',#3173,#3175,#588,.T.);
#3967=EDGE_CURVE('',#3171,#2980,#589,.T.);
#3968=EDGE_CURVE('',#3172,#2981,#590,.T.);
#3969=EDGE_CURVE('',#3176,#3177,#2581,.T.);
#3970=EDGE_CURVE('',#3177,#2804,#219,.T.);
#3971=EDGE_CURVE('',#2804,#3176,#220,.T.);
#3972=EDGE_CURVE('',#3177,#3178,#591,.T.);
#3973=EDGE_CURVE('',#3178,#2805,#2582,.T.);
#3974=EDGE_CURVE('',#2995,#2806,#2583,.T.);
#3975=EDGE_CURVE('',#3178,#2995,#2584,.T.);
#3976=EDGE_CURVE('',#2994,#2807,#117,.F.);
#3977=EDGE_CURVE('',#3179,#3180,#2585,.T.);
#3978=EDGE_CURVE('',#3180,#2803,#221,.T.);
#3979=EDGE_CURVE('',#2803,#3179,#222,.T.);
#3980=EDGE_CURVE('',#3180,#3176,#592,.T.);
#3981=EDGE_CURVE('',#3181,#2801,#2586,.T.);
#3982=EDGE_CURVE('',#2800,#3182,#118,.F.);
#3983=EDGE_CURVE('',#3182,#3181,#2587,.T.);
#3984=EDGE_CURVE('',#3183,#2802,#2588,.T.);
#3985=EDGE_CURVE('',#3181,#3183,#2589,.T.);
#3986=EDGE_CURVE('',#3183,#3179,#593,.T.);
#3987=EDGE_CURVE('',#3178,#2990,#594,.T.);
#3988=EDGE_CURVE('',#3177,#2987,#595,.T.);
#3989=EDGE_CURVE('',#3176,#2986,#596,.T.);
#3990=EDGE_CURVE('',#3180,#2985,#597,.T.);
#3991=EDGE_CURVE('',#3179,#2984,#598,.T.);
#3992=EDGE_CURVE('',#3183,#2991,#599,.T.);
#3993=EDGE_CURVE('',#3181,#2992,#600,.T.);
#3994=EDGE_CURVE('',#3182,#2993,#601,.T.);
#3995=EDGE_CURVE('',#3184,#3185,#2590,.T.);
#3996=EDGE_CURVE('',#3185,#2796,#223,.T.);
#3997=EDGE_CURVE('',#2796,#3184,#224,.T.);
#3998=EDGE_CURVE('',#3185,#3186,#602,.T.);
#3999=EDGE_CURVE('',#3186,#2797,#2591,.T.);
#4000=EDGE_CURVE('',#3007,#2798,#2592,.T.);
#4001=EDGE_CURVE('',#3186,#3007,#2593,.T.);
#4002=EDGE_CURVE('',#3006,#2799,#119,.F.);
#4003=EDGE_CURVE('',#3187,#3188,#2594,.T.);
#4004=EDGE_CURVE('',#3188,#2795,#225,.T.);
#4005=EDGE_CURVE('',#2795,#3187,#226,.T.);
#4006=EDGE_CURVE('',#3188,#3184,#603,.T.);
#4007=EDGE_CURVE('',#3189,#2793,#2595,.T.);
#4008=EDGE_CURVE('',#2792,#3190,#120,.F.);
#4009=EDGE_CURVE('',#3190,#3189,#2596,.T.);
#4010=EDGE_CURVE('',#3191,#2794,#2597,.T.);
#4011=EDGE_CURVE('',#3189,#3191,#2598,.T.);
#4012=EDGE_CURVE('',#3191,#3187,#604,.T.);
#4013=EDGE_CURVE('',#3186,#3002,#605,.T.);
#4014=EDGE_CURVE('',#3185,#2999,#606,.T.);
#4015=EDGE_CURVE('',#3184,#2998,#607,.T.);
#4016=EDGE_CURVE('',#3188,#2997,#608,.T.);
#4017=EDGE_CURVE('',#3187,#2996,#609,.T.);
#4018=EDGE_CURVE('',#3191,#3003,#610,.T.);
#4019=EDGE_CURVE('',#3189,#3004,#611,.T.);
#4020=EDGE_CURVE('',#3190,#3005,#612,.T.);
#4021=EDGE_CURVE('',#3192,#3193,#2599,.T.);
#4022=EDGE_CURVE('',#3193,#2788,#227,.T.);
#4023=EDGE_CURVE('',#2788,#3192,#228,.T.);
#4024=EDGE_CURVE('',#3193,#3194,#613,.T.);
#4025=EDGE_CURVE('',#3194,#2789,#2600,.T.);
#4026=EDGE_CURVE('',#3019,#2790,#2601,.T.);
#4027=EDGE_CURVE('',#3194,#3019,#2602,.T.);
#4028=EDGE_CURVE('',#3018,#2791,#121,.F.);
#4029=EDGE_CURVE('',#3195,#3196,#2603,.T.);
#4030=EDGE_CURVE('',#3196,#2787,#229,.T.);
#4031=EDGE_CURVE('',#2787,#3195,#230,.T.);
#4032=EDGE_CURVE('',#3196,#3192,#614,.T.);
#4033=EDGE_CURVE('',#3197,#2785,#2604,.T.);
#4034=EDGE_CURVE('',#2784,#3198,#122,.F.);
#4035=EDGE_CURVE('',#3198,#3197,#2605,.T.);
#4036=EDGE_CURVE('',#3199,#2786,#2606,.T.);
#4037=EDGE_CURVE('',#3197,#3199,#2607,.T.);
#4038=EDGE_CURVE('',#3199,#3195,#615,.T.);
#4039=EDGE_CURVE('',#3194,#3014,#616,.T.);
#4040=EDGE_CURVE('',#3193,#3011,#617,.T.);
#4041=EDGE_CURVE('',#3192,#3010,#618,.T.);
#4042=EDGE_CURVE('',#3196,#3009,#619,.T.);
#4043=EDGE_CURVE('',#3195,#3008,#620,.T.);
#4044=EDGE_CURVE('',#3199,#3015,#621,.T.);
#4045=EDGE_CURVE('',#3197,#3016,#622,.T.);
#4046=EDGE_CURVE('',#3198,#3017,#623,.T.);
#4047=EDGE_CURVE('',#3200,#3201,#2608,.T.);
#4048=EDGE_CURVE('',#3201,#2780,#231,.T.);
#4049=EDGE_CURVE('',#2780,#3200,#232,.T.);
#4050=EDGE_CURVE('',#3201,#3202,#624,.T.);
#4051=EDGE_CURVE('',#3202,#2781,#2609,.T.);
#4052=EDGE_CURVE('',#3031,#2782,#2610,.T.);
#4053=EDGE_CURVE('',#3202,#3031,#2611,.T.);
#4054=EDGE_CURVE('',#3030,#2783,#123,.F.);
#4055=EDGE_CURVE('',#3203,#3204,#2612,.T.);
#4056=EDGE_CURVE('',#3204,#2779,#233,.T.);
#4057=EDGE_CURVE('',#2779,#3203,#234,.T.);
#4058=EDGE_CURVE('',#3204,#3200,#625,.T.);
#4059=EDGE_CURVE('',#3205,#2777,#2613,.T.);
#4060=EDGE_CURVE('',#2776,#3206,#124,.F.);
#4061=EDGE_CURVE('',#3206,#3205,#2614,.T.);
#4062=EDGE_CURVE('',#3207,#2778,#2615,.T.);
#4063=EDGE_CURVE('',#3205,#3207,#2616,.T.);
#4064=EDGE_CURVE('',#3207,#3203,#626,.T.);
#4065=EDGE_CURVE('',#3202,#3026,#627,.T.);
#4066=EDGE_CURVE('',#3201,#3023,#628,.T.);
#4067=EDGE_CURVE('',#3200,#3022,#629,.T.);
#4068=EDGE_CURVE('',#3204,#3021,#630,.T.);
#4069=EDGE_CURVE('',#3203,#3020,#631,.T.);
#4070=EDGE_CURVE('',#3207,#3027,#632,.T.);
#4071=EDGE_CURVE('',#3205,#3028,#633,.T.);
#4072=EDGE_CURVE('',#3206,#3029,#634,.T.);
#4073=EDGE_CURVE('',#3208,#3209,#2617,.T.);
#4074=EDGE_CURVE('',#3209,#2772,#235,.T.);
#4075=EDGE_CURVE('',#2772,#3208,#236,.T.);
#4076=EDGE_CURVE('',#3209,#3210,#635,.T.);
#4077=EDGE_CURVE('',#3210,#2773,#2618,.T.);
#4078=EDGE_CURVE('',#3043,#2774,#2619,.T.);
#4079=EDGE_CURVE('',#3210,#3043,#2620,.T.);
#4080=EDGE_CURVE('',#3042,#2775,#125,.F.);
#4081=EDGE_CURVE('',#3211,#3212,#2621,.T.);
#4082=EDGE_CURVE('',#3212,#2771,#237,.T.);
#4083=EDGE_CURVE('',#2771,#3211,#238,.T.);
#4084=EDGE_CURVE('',#3212,#3208,#636,.T.);
#4085=EDGE_CURVE('',#3213,#2769,#2622,.T.);
#4086=EDGE_CURVE('',#2768,#3214,#126,.F.);
#4087=EDGE_CURVE('',#3214,#3213,#2623,.T.);
#4088=EDGE_CURVE('',#3215,#2770,#2624,.T.);
#4089=EDGE_CURVE('',#3213,#3215,#2625,.T.);
#4090=EDGE_CURVE('',#3215,#3211,#637,.T.);
#4091=EDGE_CURVE('',#3210,#3038,#638,.T.);
#4092=EDGE_CURVE('',#3209,#3035,#639,.T.);
#4093=EDGE_CURVE('',#3208,#3034,#640,.T.);
#4094=EDGE_CURVE('',#3212,#3033,#641,.T.);
#4095=EDGE_CURVE('',#3211,#3032,#642,.T.);
#4096=EDGE_CURVE('',#3215,#3039,#643,.T.);
#4097=EDGE_CURVE('',#3213,#3040,#644,.T.);
#4098=EDGE_CURVE('',#3214,#3041,#645,.T.);
#4099=EDGE_CURVE('',#3216,#3217,#2626,.T.);
#4100=EDGE_CURVE('',#3217,#2764,#239,.T.);
#4101=EDGE_CURVE('',#2764,#3216,#240,.T.);
#4102=EDGE_CURVE('',#3217,#3218,#646,.T.);
#4103=EDGE_CURVE('',#3218,#2765,#2627,.T.);
#4104=EDGE_CURVE('',#3055,#2766,#2628,.T.);
#4105=EDGE_CURVE('',#3218,#3055,#2629,.T.);
#4106=EDGE_CURVE('',#3054,#2767,#127,.F.);
#4107=EDGE_CURVE('',#3219,#3220,#2630,.T.);
#4108=EDGE_CURVE('',#3220,#2763,#241,.T.);
#4109=EDGE_CURVE('',#2763,#3219,#242,.T.);
#4110=EDGE_CURVE('',#3220,#3216,#647,.T.);
#4111=EDGE_CURVE('',#3221,#2761,#2631,.T.);
#4112=EDGE_CURVE('',#2760,#3222,#128,.F.);
#4113=EDGE_CURVE('',#3222,#3221,#2632,.T.);
#4114=EDGE_CURVE('',#3223,#2762,#2633,.T.);
#4115=EDGE_CURVE('',#3221,#3223,#2634,.T.);
#4116=EDGE_CURVE('',#3223,#3219,#648,.T.);
#4117=EDGE_CURVE('',#3218,#3050,#649,.T.);
#4118=EDGE_CURVE('',#3217,#3047,#650,.T.);
#4119=EDGE_CURVE('',#3216,#3046,#651,.T.);
#4120=EDGE_CURVE('',#3220,#3045,#652,.T.);
#4121=EDGE_CURVE('',#3219,#3044,#653,.T.);
#4122=EDGE_CURVE('',#3223,#3051,#654,.T.);
#4123=EDGE_CURVE('',#3221,#3052,#655,.T.);
#4124=EDGE_CURVE('',#3222,#3053,#656,.T.);
#4125=EDGE_CURVE('',#3224,#3225,#2635,.T.);
#4126=EDGE_CURVE('',#3225,#2756,#243,.T.);
#4127=EDGE_CURVE('',#2756,#3224,#244,.T.);
#4128=EDGE_CURVE('',#3225,#3226,#657,.T.);
#4129=EDGE_CURVE('',#3226,#2757,#2636,.T.);
#4130=EDGE_CURVE('',#3067,#2758,#2637,.T.);
#4131=EDGE_CURVE('',#3226,#3067,#2638,.T.);
#4132=EDGE_CURVE('',#3066,#2759,#129,.F.);
#4133=EDGE_CURVE('',#3227,#3228,#2639,.T.);
#4134=EDGE_CURVE('',#3228,#2755,#245,.T.);
#4135=EDGE_CURVE('',#2755,#3227,#246,.T.);
#4136=EDGE_CURVE('',#3228,#3224,#658,.T.);
#4137=EDGE_CURVE('',#3229,#2753,#2640,.T.);
#4138=EDGE_CURVE('',#2752,#3230,#130,.F.);
#4139=EDGE_CURVE('',#3230,#3229,#2641,.T.);
#4140=EDGE_CURVE('',#3231,#2754,#2642,.T.);
#4141=EDGE_CURVE('',#3229,#3231,#2643,.T.);
#4142=EDGE_CURVE('',#3231,#3227,#659,.T.);
#4143=EDGE_CURVE('',#3226,#3062,#660,.T.);
#4144=EDGE_CURVE('',#3225,#3059,#661,.T.);
#4145=EDGE_CURVE('',#3224,#3058,#662,.T.);
#4146=EDGE_CURVE('',#3228,#3057,#663,.T.);
#4147=EDGE_CURVE('',#3227,#3056,#664,.T.);
#4148=EDGE_CURVE('',#3231,#3063,#665,.T.);
#4149=EDGE_CURVE('',#3229,#3064,#666,.T.);
#4150=EDGE_CURVE('',#3230,#3065,#667,.T.);
#4151=EDGE_CURVE('',#3232,#2747,#247,.T.);
#4152=EDGE_CURVE('',#2747,#3233,#248,.T.);
#4153=EDGE_CURVE('',#3233,#3232,#2644,.T.);
#4154=EDGE_CURVE('',#2746,#3234,#2645,.T.);
#4155=EDGE_CURVE('',#3234,#3233,#668,.T.);
#4156=EDGE_CURVE('',#2745,#3235,#2646,.T.);
#4157=EDGE_CURVE('',#3235,#3234,#2647,.T.);
#4158=EDGE_CURVE('',#2744,#3236,#131,.F.);
#4159=EDGE_CURVE('',#3236,#3235,#2648,.T.);
#4160=EDGE_CURVE('',#3237,#2748,#249,.T.);
#4161=EDGE_CURVE('',#2748,#3238,#250,.T.);
#4162=EDGE_CURVE('',#3238,#3237,#2649,.T.);
#4163=EDGE_CURVE('',#3232,#3238,#669,.T.);
#4164=EDGE_CURVE('',#2750,#3079,#2650,.T.);
#4165=EDGE_CURVE('',#3078,#2751,#132,.F.);
#4166=EDGE_CURVE('',#2749,#3239,#2651,.T.);
#4167=EDGE_CURVE('',#3239,#3079,#2652,.T.);
#4168=EDGE_CURVE('',#3237,#3239,#670,.T.);
#4169=EDGE_CURVE('',#3235,#3076,#671,.T.);
#4170=EDGE_CURVE('',#3236,#3077,#672,.T.);
#4171=EDGE_CURVE('',#3240,#2739,#251,.T.);
#4172=EDGE_CURVE('',#2739,#3241,#252,.T.);
#4173=EDGE_CURVE('',#3241,#3240,#2653,.T.);
#4174=EDGE_CURVE('',#2738,#3242,#2654,.T.);
#4175=EDGE_CURVE('',#3242,#3241,#673,.T.);
#4176=EDGE_CURVE('',#2737,#3243,#2655,.T.);
#4177=EDGE_CURVE('',#3243,#3242,#2656,.T.);
#4178=EDGE_CURVE('',#2736,#3244,#133,.F.);
#4179=EDGE_CURVE('',#3244,#3243,#2657,.T.);
#4180=EDGE_CURVE('',#3245,#2740,#253,.T.);
#4181=EDGE_CURVE('',#2740,#3246,#254,.T.);
#4182=EDGE_CURVE('',#3246,#3245,#2658,.T.);
#4183=EDGE_CURVE('',#3240,#3246,#674,.T.);
#4184=EDGE_CURVE('',#2742,#3091,#2659,.T.);
#4185=EDGE_CURVE('',#3090,#2743,#134,.F.);
#4186=EDGE_CURVE('',#2741,#3247,#2660,.T.);
#4187=EDGE_CURVE('',#3247,#3091,#2661,.T.);
#4188=EDGE_CURVE('',#3245,#3247,#675,.T.);
#4189=EDGE_CURVE('',#3243,#3088,#676,.T.);
#4190=EDGE_CURVE('',#3244,#3089,#677,.T.);
#4191=EDGE_CURVE('',#3248,#3249,#2662,.T.);
#4192=EDGE_CURVE('',#3249,#2732,#255,.T.);
#4193=EDGE_CURVE('',#2732,#3248,#256,.T.);
#4194=EDGE_CURVE('',#3249,#3250,#678,.T.);
#4195=EDGE_CURVE('',#3250,#2733,#2663,.T.);
#4196=EDGE_CURVE('',#3103,#2734,#2664,.T.);
#4197=EDGE_CURVE('',#3250,#3103,#2665,.T.);
#4198=EDGE_CURVE('',#3102,#2735,#135,.F.);
#4199=EDGE_CURVE('',#3251,#3252,#2666,.T.);
#4200=EDGE_CURVE('',#3252,#2731,#257,.T.);
#4201=EDGE_CURVE('',#2731,#3251,#258,.T.);
#4202=EDGE_CURVE('',#3252,#3248,#679,.T.);
#4203=EDGE_CURVE('',#3253,#2729,#2667,.T.);
#4204=EDGE_CURVE('',#2728,#3254,#136,.F.);
#4205=EDGE_CURVE('',#3254,#3253,#2668,.T.);
#4206=EDGE_CURVE('',#3255,#2730,#2669,.T.);
#4207=EDGE_CURVE('',#3253,#3255,#2670,.T.);
#4208=EDGE_CURVE('',#3255,#3251,#680,.T.);
#4209=EDGE_CURVE('',#3250,#3098,#681,.T.);
#4210=EDGE_CURVE('',#3249,#3095,#682,.T.);
#4211=EDGE_CURVE('',#3248,#3094,#683,.T.);
#4212=EDGE_CURVE('',#3252,#3093,#684,.T.);
#4213=EDGE_CURVE('',#3251,#3092,#685,.T.);
#4214=EDGE_CURVE('',#3255,#3099,#686,.T.);
#4215=EDGE_CURVE('',#3253,#3100,#687,.T.);
#4216=EDGE_CURVE('',#3254,#3101,#688,.T.);
#4217=EDGE_CURVE('',#3256,#3257,#2671,.T.);
#4218=EDGE_CURVE('',#3257,#2724,#259,.T.);
#4219=EDGE_CURVE('',#2724,#3256,#260,.T.);
#4220=EDGE_CURVE('',#3257,#3258,#689,.T.);
#4221=EDGE_CURVE('',#3258,#2725,#2672,.T.);
#4222=EDGE_CURVE('',#3115,#2726,#2673,.T.);
#4223=EDGE_CURVE('',#3258,#3115,#2674,.T.);
#4224=EDGE_CURVE('',#3114,#2727,#137,.F.);
#4225=EDGE_CURVE('',#3259,#3260,#2675,.T.);
#4226=EDGE_CURVE('',#3260,#2723,#261,.T.);
#4227=EDGE_CURVE('',#2723,#3259,#262,.T.);
#4228=EDGE_CURVE('',#3260,#3256,#690,.T.);
#4229=EDGE_CURVE('',#3261,#2721,#2676,.T.);
#4230=EDGE_CURVE('',#2720,#3262,#138,.F.);
#4231=EDGE_CURVE('',#3262,#3261,#2677,.T.);
#4232=EDGE_CURVE('',#3263,#2722,#2678,.T.);
#4233=EDGE_CURVE('',#3261,#3263,#2679,.T.);
#4234=EDGE_CURVE('',#3263,#3259,#691,.T.);
#4235=EDGE_CURVE('',#3258,#3110,#692,.T.);
#4236=EDGE_CURVE('',#3257,#3107,#693,.T.);
#4237=EDGE_CURVE('',#3256,#3106,#694,.T.);
#4238=EDGE_CURVE('',#3260,#3105,#695,.T.);
#4239=EDGE_CURVE('',#3259,#3104,#696,.T.);
#4240=EDGE_CURVE('',#3263,#3111,#697,.T.);
#4241=EDGE_CURVE('',#3261,#3112,#698,.T.);
#4242=EDGE_CURVE('',#3262,#3113,#699,.T.);
#4243=EDGE_CURVE('',#3264,#2715,#263,.T.);
#4244=EDGE_CURVE('',#2715,#3265,#264,.T.);
#4245=EDGE_CURVE('',#3265,#3264,#2680,.T.);
#4246=EDGE_CURVE('',#2714,#3266,#2681,.T.);
#4247=EDGE_CURVE('',#3266,#3265,#700,.T.);
#4248=EDGE_CURVE('',#2713,#3267,#2682,.T.);
#4249=EDGE_CURVE('',#3267,#3266,#2683,.T.);
#4250=EDGE_CURVE('',#2712,#3268,#139,.F.);
#4251=EDGE_CURVE('',#3268,#3267,#2684,.T.);
#4252=EDGE_CURVE('',#3269,#2716,#265,.T.);
#4253=EDGE_CURVE('',#2716,#3270,#266,.T.);
#4254=EDGE_CURVE('',#3270,#3269,#2685,.T.);
#4255=EDGE_CURVE('',#3264,#3270,#701,.T.);
#4256=EDGE_CURVE('',#2718,#3127,#2686,.T.);
#4257=EDGE_CURVE('',#3126,#2719,#140,.F.);
#4258=EDGE_CURVE('',#2717,#3271,#2687,.T.);
#4259=EDGE_CURVE('',#3271,#3127,#2688,.T.);
#4260=EDGE_CURVE('',#3269,#3271,#702,.T.);
#4261=EDGE_CURVE('',#3267,#3124,#703,.T.);
#4262=EDGE_CURVE('',#3268,#3125,#704,.T.);
#4263=EDGE_CURVE('',#3272,#3273,#2689,.T.);
#4264=EDGE_CURVE('',#3273,#2708,#267,.T.);
#4265=EDGE_CURVE('',#2708,#3272,#268,.T.);
#4266=EDGE_CURVE('',#3273,#3274,#705,.T.);
#4267=EDGE_CURVE('',#3274,#2709,#2690,.T.);
#4268=EDGE_CURVE('',#3139,#2710,#2691,.T.);
#4269=EDGE_CURVE('',#3274,#3139,#2692,.T.);
#4270=EDGE_CURVE('',#3138,#2711,#141,.F.);
#4271=EDGE_CURVE('',#3275,#3276,#2693,.T.);
#4272=EDGE_CURVE('',#3276,#2707,#269,.T.);
#4273=EDGE_CURVE('',#2707,#3275,#270,.T.);
#4274=EDGE_CURVE('',#3276,#3272,#706,.T.);
#4275=EDGE_CURVE('',#3277,#2705,#2694,.T.);
#4276=EDGE_CURVE('',#2704,#3278,#142,.F.);
#4277=EDGE_CURVE('',#3278,#3277,#2695,.T.);
#4278=EDGE_CURVE('',#3279,#2706,#2696,.T.);
#4279=EDGE_CURVE('',#3277,#3279,#2697,.T.);
#4280=EDGE_CURVE('',#3279,#3275,#707,.T.);
#4281=EDGE_CURVE('',#3274,#3134,#708,.T.);
#4282=EDGE_CURVE('',#3273,#3131,#709,.T.);
#4283=EDGE_CURVE('',#3272,#3130,#710,.T.);
#4284=EDGE_CURVE('',#3276,#3129,#711,.T.);
#4285=EDGE_CURVE('',#3275,#3128,#712,.T.);
#4286=EDGE_CURVE('',#3279,#3135,#713,.T.);
#4287=EDGE_CURVE('',#3277,#3136,#714,.T.);
#4288=EDGE_CURVE('',#3278,#3137,#715,.T.);
#4289=EDGE_CURVE('',#3266,#3123,#716,.T.);
#4290=EDGE_CURVE('',#3265,#3116,#717,.T.);
#4291=EDGE_CURVE('',#3264,#3117,#718,.T.);
#4292=EDGE_CURVE('',#3270,#3118,#719,.T.);
#4293=EDGE_CURVE('',#3269,#3119,#720,.T.);
#4294=EDGE_CURVE('',#3271,#3122,#721,.T.);
#4295=EDGE_CURVE('',#3242,#3087,#722,.T.);
#4296=EDGE_CURVE('',#3241,#3080,#723,.T.);
#4297=EDGE_CURVE('',#3240,#3081,#724,.T.);
#4298=EDGE_CURVE('',#3246,#3082,#725,.T.);
#4299=EDGE_CURVE('',#3245,#3083,#726,.T.);
#4300=EDGE_CURVE('',#3247,#3086,#727,.T.);
#4301=EDGE_CURVE('',#3234,#3075,#728,.T.);
#4302=EDGE_CURVE('',#3233,#3068,#729,.T.);
#4303=EDGE_CURVE('',#3232,#3069,#730,.T.);
#4304=EDGE_CURVE('',#3238,#3070,#731,.T.);
#4305=EDGE_CURVE('',#3237,#3071,#732,.T.);
#4306=EDGE_CURVE('',#3239,#3074,#733,.T.);
#4307=EDGE_CURVE('',#3170,#2979,#734,.T.);
#4308=EDGE_CURVE('',#3169,#2972,#735,.T.);
#4309=EDGE_CURVE('',#3168,#2973,#736,.T.);
#4310=EDGE_CURVE('',#3174,#2974,#737,.T.);
#4311=EDGE_CURVE('',#3173,#2975,#738,.T.);
#4312=EDGE_CURVE('',#3175,#2978,#739,.T.);
#4313=ORIENTED_EDGE('',*,*,#3280,.T.);
#4314=ORIENTED_EDGE('',*,*,#3281,.T.);
#4315=ORIENTED_EDGE('',*,*,#3282,.T.);
#4316=ORIENTED_EDGE('',*,*,#3281,.F.);
#4317=ORIENTED_EDGE('',*,*,#3283,.T.);
#4318=ORIENTED_EDGE('',*,*,#3284,.F.);
#4319=ORIENTED_EDGE('',*,*,#3285,.T.);
#4320=ORIENTED_EDGE('',*,*,#3283,.F.);
#4321=ORIENTED_EDGE('',*,*,#3280,.F.);
#4322=ORIENTED_EDGE('',*,*,#3285,.F.);
#4323=ORIENTED_EDGE('',*,*,#3286,.F.);
#4324=ORIENTED_EDGE('',*,*,#3287,.T.);
#4325=ORIENTED_EDGE('',*,*,#3288,.F.);
#4326=ORIENTED_EDGE('',*,*,#3289,.F.);
#4327=ORIENTED_EDGE('',*,*,#3290,.F.);
#4328=ORIENTED_EDGE('',*,*,#3291,.F.);
#4329=ORIENTED_EDGE('',*,*,#3292,.F.);
#4330=ORIENTED_EDGE('',*,*,#3293,.F.);
#4331=ORIENTED_EDGE('',*,*,#3294,.F.);
#4332=ORIENTED_EDGE('',*,*,#3295,.T.);
#4333=ORIENTED_EDGE('',*,*,#3296,.F.);
#4334=ORIENTED_EDGE('',*,*,#3297,.F.);
#4335=ORIENTED_EDGE('',*,*,#3298,.F.);
#4336=ORIENTED_EDGE('',*,*,#3299,.F.);
#4337=ORIENTED_EDGE('',*,*,#3300,.F.);
#4338=ORIENTED_EDGE('',*,*,#3301,.F.);
#4339=ORIENTED_EDGE('',*,*,#3302,.F.);
#4340=ORIENTED_EDGE('',*,*,#3303,.T.);
#4341=ORIENTED_EDGE('',*,*,#3304,.F.);
#4342=ORIENTED_EDGE('',*,*,#3305,.F.);
#4343=ORIENTED_EDGE('',*,*,#3306,.F.);
#4344=ORIENTED_EDGE('',*,*,#3307,.F.);
#4345=ORIENTED_EDGE('',*,*,#3308,.F.);
#4346=ORIENTED_EDGE('',*,*,#3309,.F.);
#4347=ORIENTED_EDGE('',*,*,#3310,.F.);
#4348=ORIENTED_EDGE('',*,*,#3311,.T.);
#4349=ORIENTED_EDGE('',*,*,#3312,.F.);
#4350=ORIENTED_EDGE('',*,*,#3313,.F.);
#4351=ORIENTED_EDGE('',*,*,#3314,.F.);
#4352=ORIENTED_EDGE('',*,*,#3315,.F.);
#4353=ORIENTED_EDGE('',*,*,#3316,.F.);
#4354=ORIENTED_EDGE('',*,*,#3317,.F.);
#4355=ORIENTED_EDGE('',*,*,#3318,.F.);
#4356=ORIENTED_EDGE('',*,*,#3319,.T.);
#4357=ORIENTED_EDGE('',*,*,#3320,.F.);
#4358=ORIENTED_EDGE('',*,*,#3321,.F.);
#4359=ORIENTED_EDGE('',*,*,#3322,.F.);
#4360=ORIENTED_EDGE('',*,*,#3323,.F.);
#4361=ORIENTED_EDGE('',*,*,#3324,.F.);
#4362=ORIENTED_EDGE('',*,*,#3325,.F.);
#4363=ORIENTED_EDGE('',*,*,#3326,.F.);
#4364=ORIENTED_EDGE('',*,*,#3327,.T.);
#4365=ORIENTED_EDGE('',*,*,#3328,.F.);
#4366=ORIENTED_EDGE('',*,*,#3329,.F.);
#4367=ORIENTED_EDGE('',*,*,#3330,.F.);
#4368=ORIENTED_EDGE('',*,*,#3331,.F.);
#4369=ORIENTED_EDGE('',*,*,#3332,.F.);
#4370=ORIENTED_EDGE('',*,*,#3333,.F.);
#4371=ORIENTED_EDGE('',*,*,#3334,.F.);
#4372=ORIENTED_EDGE('',*,*,#3335,.T.);
#4373=ORIENTED_EDGE('',*,*,#3336,.F.);
#4374=ORIENTED_EDGE('',*,*,#3337,.F.);
#4375=ORIENTED_EDGE('',*,*,#3338,.F.);
#4376=ORIENTED_EDGE('',*,*,#3339,.F.);
#4377=ORIENTED_EDGE('',*,*,#3340,.F.);
#4378=ORIENTED_EDGE('',*,*,#3341,.F.);
#4379=ORIENTED_EDGE('',*,*,#3342,.F.);
#4380=ORIENTED_EDGE('',*,*,#3343,.T.);
#4381=ORIENTED_EDGE('',*,*,#3344,.F.);
#4382=ORIENTED_EDGE('',*,*,#3345,.F.);
#4383=ORIENTED_EDGE('',*,*,#3346,.F.);
#4384=ORIENTED_EDGE('',*,*,#3347,.F.);
#4385=ORIENTED_EDGE('',*,*,#3348,.F.);
#4386=ORIENTED_EDGE('',*,*,#3349,.F.);
#4387=ORIENTED_EDGE('',*,*,#3350,.F.);
#4388=ORIENTED_EDGE('',*,*,#3351,.T.);
#4389=ORIENTED_EDGE('',*,*,#3352,.F.);
#4390=ORIENTED_EDGE('',*,*,#3353,.F.);
#4391=ORIENTED_EDGE('',*,*,#3354,.F.);
#4392=ORIENTED_EDGE('',*,*,#3355,.F.);
#4393=ORIENTED_EDGE('',*,*,#3356,.F.);
#4394=ORIENTED_EDGE('',*,*,#3357,.F.);
#4395=ORIENTED_EDGE('',*,*,#3358,.F.);
#4396=ORIENTED_EDGE('',*,*,#3359,.T.);
#4397=ORIENTED_EDGE('',*,*,#3360,.F.);
#4398=ORIENTED_EDGE('',*,*,#3361,.F.);
#4399=ORIENTED_EDGE('',*,*,#3362,.F.);
#4400=ORIENTED_EDGE('',*,*,#3363,.F.);
#4401=ORIENTED_EDGE('',*,*,#3364,.F.);
#4402=ORIENTED_EDGE('',*,*,#3365,.F.);
#4403=ORIENTED_EDGE('',*,*,#3366,.F.);
#4404=ORIENTED_EDGE('',*,*,#3367,.T.);
#4405=ORIENTED_EDGE('',*,*,#3368,.F.);
#4406=ORIENTED_EDGE('',*,*,#3369,.F.);
#4407=ORIENTED_EDGE('',*,*,#3370,.F.);
#4408=ORIENTED_EDGE('',*,*,#3371,.F.);
#4409=ORIENTED_EDGE('',*,*,#3372,.F.);
#4410=ORIENTED_EDGE('',*,*,#3373,.F.);
#4411=ORIENTED_EDGE('',*,*,#3374,.F.);
#4412=ORIENTED_EDGE('',*,*,#3375,.T.);
#4413=ORIENTED_EDGE('',*,*,#3376,.F.);
#4414=ORIENTED_EDGE('',*,*,#3377,.F.);
#4415=ORIENTED_EDGE('',*,*,#3378,.F.);
#4416=ORIENTED_EDGE('',*,*,#3379,.F.);
#4417=ORIENTED_EDGE('',*,*,#3380,.F.);
#4418=ORIENTED_EDGE('',*,*,#3381,.F.);
#4419=ORIENTED_EDGE('',*,*,#3382,.F.);
#4420=ORIENTED_EDGE('',*,*,#3383,.T.);
#4421=ORIENTED_EDGE('',*,*,#3384,.F.);
#4422=ORIENTED_EDGE('',*,*,#3385,.F.);
#4423=ORIENTED_EDGE('',*,*,#3386,.F.);
#4424=ORIENTED_EDGE('',*,*,#3387,.F.);
#4425=ORIENTED_EDGE('',*,*,#3388,.F.);
#4426=ORIENTED_EDGE('',*,*,#3389,.F.);
#4427=ORIENTED_EDGE('',*,*,#3390,.F.);
#4428=ORIENTED_EDGE('',*,*,#3391,.T.);
#4429=ORIENTED_EDGE('',*,*,#3392,.F.);
#4430=ORIENTED_EDGE('',*,*,#3393,.F.);
#4431=ORIENTED_EDGE('',*,*,#3394,.F.);
#4432=ORIENTED_EDGE('',*,*,#3395,.F.);
#4433=ORIENTED_EDGE('',*,*,#3396,.F.);
#4434=ORIENTED_EDGE('',*,*,#3397,.F.);
#4435=ORIENTED_EDGE('',*,*,#3398,.F.);
#4436=ORIENTED_EDGE('',*,*,#3399,.T.);
#4437=ORIENTED_EDGE('',*,*,#3400,.F.);
#4438=ORIENTED_EDGE('',*,*,#3401,.F.);
#4439=ORIENTED_EDGE('',*,*,#3402,.F.);
#4440=ORIENTED_EDGE('',*,*,#3403,.F.);
#4441=ORIENTED_EDGE('',*,*,#3404,.F.);
#4442=ORIENTED_EDGE('',*,*,#3405,.F.);
#4443=ORIENTED_EDGE('',*,*,#3406,.F.);
#4444=ORIENTED_EDGE('',*,*,#3407,.T.);
#4445=ORIENTED_EDGE('',*,*,#3408,.F.);
#4446=ORIENTED_EDGE('',*,*,#3409,.F.);
#4447=ORIENTED_EDGE('',*,*,#3410,.F.);
#4448=ORIENTED_EDGE('',*,*,#3411,.F.);
#4449=ORIENTED_EDGE('',*,*,#3412,.F.);
#4450=ORIENTED_EDGE('',*,*,#3413,.F.);
#4451=ORIENTED_EDGE('',*,*,#3414,.F.);
#4452=ORIENTED_EDGE('',*,*,#3282,.F.);
#4453=ORIENTED_EDGE('',*,*,#3415,.T.);
#4454=ORIENTED_EDGE('',*,*,#3416,.T.);
#4455=ORIENTED_EDGE('',*,*,#3286,.T.);
#4456=ORIENTED_EDGE('',*,*,#3284,.T.);
#4457=ORIENTED_EDGE('',*,*,#3416,.F.);
#4458=ORIENTED_EDGE('',*,*,#3417,.T.);
#4459=ORIENTED_EDGE('',*,*,#3418,.F.);
#4460=ORIENTED_EDGE('',*,*,#3419,.F.);
#4461=ORIENTED_EDGE('',*,*,#3420,.F.);
#4462=ORIENTED_EDGE('',*,*,#3421,.F.);
#4463=ORIENTED_EDGE('',*,*,#3422,.F.);
#4464=ORIENTED_EDGE('',*,*,#3423,.F.);
#4465=ORIENTED_EDGE('',*,*,#3424,.F.);
#4466=ORIENTED_EDGE('',*,*,#3425,.T.);
#4467=ORIENTED_EDGE('',*,*,#3426,.F.);
#4468=ORIENTED_EDGE('',*,*,#3427,.F.);
#4469=ORIENTED_EDGE('',*,*,#3428,.F.);
#4470=ORIENTED_EDGE('',*,*,#3429,.F.);
#4471=ORIENTED_EDGE('',*,*,#3430,.F.);
#4472=ORIENTED_EDGE('',*,*,#3431,.F.);
#4473=ORIENTED_EDGE('',*,*,#3432,.F.);
#4474=ORIENTED_EDGE('',*,*,#3433,.T.);
#4475=ORIENTED_EDGE('',*,*,#3434,.F.);
#4476=ORIENTED_EDGE('',*,*,#3435,.F.);
#4477=ORIENTED_EDGE('',*,*,#3436,.F.);
#4478=ORIENTED_EDGE('',*,*,#3437,.F.);
#4479=ORIENTED_EDGE('',*,*,#3438,.F.);
#4480=ORIENTED_EDGE('',*,*,#3439,.F.);
#4481=ORIENTED_EDGE('',*,*,#3440,.F.);
#4482=ORIENTED_EDGE('',*,*,#3441,.T.);
#4483=ORIENTED_EDGE('',*,*,#3442,.F.);
#4484=ORIENTED_EDGE('',*,*,#3443,.F.);
#4485=ORIENTED_EDGE('',*,*,#3444,.F.);
#4486=ORIENTED_EDGE('',*,*,#3445,.F.);
#4487=ORIENTED_EDGE('',*,*,#3446,.F.);
#4488=ORIENTED_EDGE('',*,*,#3447,.F.);
#4489=ORIENTED_EDGE('',*,*,#3448,.F.);
#4490=ORIENTED_EDGE('',*,*,#3449,.T.);
#4491=ORIENTED_EDGE('',*,*,#3450,.F.);
#4492=ORIENTED_EDGE('',*,*,#3451,.F.);
#4493=ORIENTED_EDGE('',*,*,#3452,.F.);
#4494=ORIENTED_EDGE('',*,*,#3453,.F.);
#4495=ORIENTED_EDGE('',*,*,#3454,.F.);
#4496=ORIENTED_EDGE('',*,*,#3455,.F.);
#4497=ORIENTED_EDGE('',*,*,#3456,.F.);
#4498=ORIENTED_EDGE('',*,*,#3457,.T.);
#4499=ORIENTED_EDGE('',*,*,#3458,.F.);
#4500=ORIENTED_EDGE('',*,*,#3459,.F.);
#4501=ORIENTED_EDGE('',*,*,#3460,.F.);
#4502=ORIENTED_EDGE('',*,*,#3461,.F.);
#4503=ORIENTED_EDGE('',*,*,#3462,.F.);
#4504=ORIENTED_EDGE('',*,*,#3463,.F.);
#4505=ORIENTED_EDGE('',*,*,#3464,.F.);
#4506=ORIENTED_EDGE('',*,*,#3465,.T.);
#4507=ORIENTED_EDGE('',*,*,#3466,.F.);
#4508=ORIENTED_EDGE('',*,*,#3467,.F.);
#4509=ORIENTED_EDGE('',*,*,#3468,.F.);
#4510=ORIENTED_EDGE('',*,*,#3469,.F.);
#4511=ORIENTED_EDGE('',*,*,#3470,.F.);
#4512=ORIENTED_EDGE('',*,*,#3471,.F.);
#4513=ORIENTED_EDGE('',*,*,#3472,.F.);
#4514=ORIENTED_EDGE('',*,*,#3473,.T.);
#4515=ORIENTED_EDGE('',*,*,#3474,.F.);
#4516=ORIENTED_EDGE('',*,*,#3475,.F.);
#4517=ORIENTED_EDGE('',*,*,#3476,.F.);
#4518=ORIENTED_EDGE('',*,*,#3477,.F.);
#4519=ORIENTED_EDGE('',*,*,#3478,.F.);
#4520=ORIENTED_EDGE('',*,*,#3479,.F.);
#4521=ORIENTED_EDGE('',*,*,#3480,.F.);
#4522=ORIENTED_EDGE('',*,*,#3481,.T.);
#4523=ORIENTED_EDGE('',*,*,#3482,.F.);
#4524=ORIENTED_EDGE('',*,*,#3483,.F.);
#4525=ORIENTED_EDGE('',*,*,#3484,.F.);
#4526=ORIENTED_EDGE('',*,*,#3485,.F.);
#4527=ORIENTED_EDGE('',*,*,#3486,.F.);
#4528=ORIENTED_EDGE('',*,*,#3487,.F.);
#4529=ORIENTED_EDGE('',*,*,#3488,.F.);
#4530=ORIENTED_EDGE('',*,*,#3489,.T.);
#4531=ORIENTED_EDGE('',*,*,#3490,.F.);
#4532=ORIENTED_EDGE('',*,*,#3491,.F.);
#4533=ORIENTED_EDGE('',*,*,#3492,.F.);
#4534=ORIENTED_EDGE('',*,*,#3493,.F.);
#4535=ORIENTED_EDGE('',*,*,#3494,.F.);
#4536=ORIENTED_EDGE('',*,*,#3495,.F.);
#4537=ORIENTED_EDGE('',*,*,#3496,.F.);
#4538=ORIENTED_EDGE('',*,*,#3497,.T.);
#4539=ORIENTED_EDGE('',*,*,#3498,.F.);
#4540=ORIENTED_EDGE('',*,*,#3499,.F.);
#4541=ORIENTED_EDGE('',*,*,#3500,.F.);
#4542=ORIENTED_EDGE('',*,*,#3501,.F.);
#4543=ORIENTED_EDGE('',*,*,#3502,.F.);
#4544=ORIENTED_EDGE('',*,*,#3503,.F.);
#4545=ORIENTED_EDGE('',*,*,#3504,.F.);
#4546=ORIENTED_EDGE('',*,*,#3505,.T.);
#4547=ORIENTED_EDGE('',*,*,#3506,.F.);
#4548=ORIENTED_EDGE('',*,*,#3507,.F.);
#4549=ORIENTED_EDGE('',*,*,#3508,.F.);
#4550=ORIENTED_EDGE('',*,*,#3509,.F.);
#4551=ORIENTED_EDGE('',*,*,#3510,.F.);
#4552=ORIENTED_EDGE('',*,*,#3511,.F.);
#4553=ORIENTED_EDGE('',*,*,#3512,.F.);
#4554=ORIENTED_EDGE('',*,*,#3513,.T.);
#4555=ORIENTED_EDGE('',*,*,#3514,.F.);
#4556=ORIENTED_EDGE('',*,*,#3515,.F.);
#4557=ORIENTED_EDGE('',*,*,#3516,.F.);
#4558=ORIENTED_EDGE('',*,*,#3517,.F.);
#4559=ORIENTED_EDGE('',*,*,#3518,.F.);
#4560=ORIENTED_EDGE('',*,*,#3519,.F.);
#4561=ORIENTED_EDGE('',*,*,#3520,.F.);
#4562=ORIENTED_EDGE('',*,*,#3521,.T.);
#4563=ORIENTED_EDGE('',*,*,#3522,.F.);
#4564=ORIENTED_EDGE('',*,*,#3523,.F.);
#4565=ORIENTED_EDGE('',*,*,#3524,.F.);
#4566=ORIENTED_EDGE('',*,*,#3525,.F.);
#4567=ORIENTED_EDGE('',*,*,#3526,.F.);
#4568=ORIENTED_EDGE('',*,*,#3527,.F.);
#4569=ORIENTED_EDGE('',*,*,#3528,.F.);
#4570=ORIENTED_EDGE('',*,*,#3529,.T.);
#4571=ORIENTED_EDGE('',*,*,#3530,.F.);
#4572=ORIENTED_EDGE('',*,*,#3531,.F.);
#4573=ORIENTED_EDGE('',*,*,#3532,.F.);
#4574=ORIENTED_EDGE('',*,*,#3533,.F.);
#4575=ORIENTED_EDGE('',*,*,#3534,.F.);
#4576=ORIENTED_EDGE('',*,*,#3535,.F.);
#4577=ORIENTED_EDGE('',*,*,#3536,.F.);
#4578=ORIENTED_EDGE('',*,*,#3537,.T.);
#4579=ORIENTED_EDGE('',*,*,#3538,.F.);
#4580=ORIENTED_EDGE('',*,*,#3539,.F.);
#4581=ORIENTED_EDGE('',*,*,#3540,.F.);
#4582=ORIENTED_EDGE('',*,*,#3541,.F.);
#4583=ORIENTED_EDGE('',*,*,#3542,.F.);
#4584=ORIENTED_EDGE('',*,*,#3543,.F.);
#4585=ORIENTED_EDGE('',*,*,#3544,.F.);
#4586=ORIENTED_EDGE('',*,*,#3415,.F.);
#4587=ORIENTED_EDGE('',*,*,#3545,.T.);
#4588=ORIENTED_EDGE('',*,*,#3546,.T.);
#4589=ORIENTED_EDGE('',*,*,#3547,.T.);
#4590=ORIENTED_EDGE('',*,*,#3548,.T.);
#4591=ORIENTED_EDGE('',*,*,#3549,.T.);
#4592=ORIENTED_EDGE('',*,*,#3550,.T.);
#4593=ORIENTED_EDGE('',*,*,#3551,.T.);
#4594=ORIENTED_EDGE('',*,*,#3418,.T.);
#4595=ORIENTED_EDGE('',*,*,#3552,.T.);
#4596=ORIENTED_EDGE('',*,*,#3553,.T.);
#4597=ORIENTED_EDGE('',*,*,#3554,.T.);
#4598=ORIENTED_EDGE('',*,*,#3419,.T.);
#4599=ORIENTED_EDGE('',*,*,#3551,.F.);
#4600=ORIENTED_EDGE('',*,*,#3555,.T.);
#4601=ORIENTED_EDGE('',*,*,#3549,.F.);
#4602=ORIENTED_EDGE('',*,*,#3420,.T.);
#4603=ORIENTED_EDGE('',*,*,#3554,.F.);
#4604=ORIENTED_EDGE('',*,*,#3556,.T.);
#4605=ORIENTED_EDGE('',*,*,#3546,.F.);
#4606=ORIENTED_EDGE('',*,*,#3421,.T.);
#4607=ORIENTED_EDGE('',*,*,#3548,.F.);
#4608=ORIENTED_EDGE('',*,*,#3557,.T.);
#4609=ORIENTED_EDGE('',*,*,#3545,.F.);
#4610=ORIENTED_EDGE('',*,*,#3558,.T.);
#4611=ORIENTED_EDGE('',*,*,#3559,.T.);
#4612=ORIENTED_EDGE('',*,*,#3422,.T.);
#4613=ORIENTED_EDGE('',*,*,#3560,.T.);
#4614=ORIENTED_EDGE('',*,*,#3423,.T.);
#4615=ORIENTED_EDGE('',*,*,#3559,.F.);
#4616=ORIENTED_EDGE('',*,*,#3561,.T.);
#4617=ORIENTED_EDGE('',*,*,#3562,.T.);
#4618=ORIENTED_EDGE('',*,*,#3424,.T.);
#4619=ORIENTED_EDGE('',*,*,#3560,.F.);
#4620=ORIENTED_EDGE('',*,*,#3563,.T.);
#4621=ORIENTED_EDGE('',*,*,#3553,.F.);
#4622=ORIENTED_EDGE('',*,*,#3564,.F.);
#4623=ORIENTED_EDGE('',*,*,#3565,.F.);
#4624=ORIENTED_EDGE('',*,*,#3566,.T.);
#4625=ORIENTED_EDGE('',*,*,#3567,.T.);
#4626=ORIENTED_EDGE('',*,*,#3568,.T.);
#4627=ORIENTED_EDGE('',*,*,#3569,.T.);
#4628=ORIENTED_EDGE('',*,*,#3570,.T.);
#4629=ORIENTED_EDGE('',*,*,#3571,.T.);
#4630=ORIENTED_EDGE('',*,*,#3572,.T.);
#4631=ORIENTED_EDGE('',*,*,#3573,.T.);
#4632=ORIENTED_EDGE('',*,*,#3426,.T.);
#4633=ORIENTED_EDGE('',*,*,#3574,.T.);
#4634=ORIENTED_EDGE('',*,*,#3575,.T.);
#4635=ORIENTED_EDGE('',*,*,#3576,.T.);
#4636=ORIENTED_EDGE('',*,*,#3427,.T.);
#4637=ORIENTED_EDGE('',*,*,#3573,.F.);
#4638=ORIENTED_EDGE('',*,*,#3577,.T.);
#4639=ORIENTED_EDGE('',*,*,#3571,.F.);
#4640=ORIENTED_EDGE('',*,*,#3428,.T.);
#4641=ORIENTED_EDGE('',*,*,#3576,.F.);
#4642=ORIENTED_EDGE('',*,*,#3578,.T.);
#4643=ORIENTED_EDGE('',*,*,#3568,.F.);
#4644=ORIENTED_EDGE('',*,*,#3429,.T.);
#4645=ORIENTED_EDGE('',*,*,#3570,.F.);
#4646=ORIENTED_EDGE('',*,*,#3579,.T.);
#4647=ORIENTED_EDGE('',*,*,#3567,.F.);
#4648=ORIENTED_EDGE('',*,*,#3580,.T.);
#4649=ORIENTED_EDGE('',*,*,#3581,.T.);
#4650=ORIENTED_EDGE('',*,*,#3430,.T.);
#4651=ORIENTED_EDGE('',*,*,#3582,.T.);
#4652=ORIENTED_EDGE('',*,*,#3431,.T.);
#4653=ORIENTED_EDGE('',*,*,#3581,.F.);
#4654=ORIENTED_EDGE('',*,*,#3583,.T.);
#4655=ORIENTED_EDGE('',*,*,#3584,.T.);
#4656=ORIENTED_EDGE('',*,*,#3432,.T.);
#4657=ORIENTED_EDGE('',*,*,#3582,.F.);
#4658=ORIENTED_EDGE('',*,*,#3585,.T.);
#4659=ORIENTED_EDGE('',*,*,#3575,.F.);
#4660=ORIENTED_EDGE('',*,*,#3586,.F.);
#4661=ORIENTED_EDGE('',*,*,#3587,.F.);
#4662=ORIENTED_EDGE('',*,*,#3588,.T.);
#4663=ORIENTED_EDGE('',*,*,#3589,.T.);
#4664=ORIENTED_EDGE('',*,*,#3590,.T.);
#4665=ORIENTED_EDGE('',*,*,#3591,.T.);
#4666=ORIENTED_EDGE('',*,*,#3592,.T.);
#4667=ORIENTED_EDGE('',*,*,#3593,.T.);
#4668=ORIENTED_EDGE('',*,*,#3594,.T.);
#4669=ORIENTED_EDGE('',*,*,#3595,.T.);
#4670=ORIENTED_EDGE('',*,*,#3434,.T.);
#4671=ORIENTED_EDGE('',*,*,#3596,.T.);
#4672=ORIENTED_EDGE('',*,*,#3597,.T.);
#4673=ORIENTED_EDGE('',*,*,#3598,.T.);
#4674=ORIENTED_EDGE('',*,*,#3435,.T.);
#4675=ORIENTED_EDGE('',*,*,#3595,.F.);
#4676=ORIENTED_EDGE('',*,*,#3599,.T.);
#4677=ORIENTED_EDGE('',*,*,#3593,.F.);
#4678=ORIENTED_EDGE('',*,*,#3436,.T.);
#4679=ORIENTED_EDGE('',*,*,#3598,.F.);
#4680=ORIENTED_EDGE('',*,*,#3600,.T.);
#4681=ORIENTED_EDGE('',*,*,#3590,.F.);
#4682=ORIENTED_EDGE('',*,*,#3437,.T.);
#4683=ORIENTED_EDGE('',*,*,#3592,.F.);
#4684=ORIENTED_EDGE('',*,*,#3601,.T.);
#4685=ORIENTED_EDGE('',*,*,#3589,.F.);
#4686=ORIENTED_EDGE('',*,*,#3602,.T.);
#4687=ORIENTED_EDGE('',*,*,#3603,.T.);
#4688=ORIENTED_EDGE('',*,*,#3438,.T.);
#4689=ORIENTED_EDGE('',*,*,#3604,.T.);
#4690=ORIENTED_EDGE('',*,*,#3439,.T.);
#4691=ORIENTED_EDGE('',*,*,#3603,.F.);
#4692=ORIENTED_EDGE('',*,*,#3605,.T.);
#4693=ORIENTED_EDGE('',*,*,#3606,.T.);
#4694=ORIENTED_EDGE('',*,*,#3440,.T.);
#4695=ORIENTED_EDGE('',*,*,#3604,.F.);
#4696=ORIENTED_EDGE('',*,*,#3607,.T.);
#4697=ORIENTED_EDGE('',*,*,#3597,.F.);
#4698=ORIENTED_EDGE('',*,*,#3608,.F.);
#4699=ORIENTED_EDGE('',*,*,#3609,.F.);
#4700=ORIENTED_EDGE('',*,*,#3610,.T.);
#4701=ORIENTED_EDGE('',*,*,#3611,.T.);
#4702=ORIENTED_EDGE('',*,*,#3612,.T.);
#4703=ORIENTED_EDGE('',*,*,#3613,.T.);
#4704=ORIENTED_EDGE('',*,*,#3614,.T.);
#4705=ORIENTED_EDGE('',*,*,#3615,.T.);
#4706=ORIENTED_EDGE('',*,*,#3616,.T.);
#4707=ORIENTED_EDGE('',*,*,#3617,.T.);
#4708=ORIENTED_EDGE('',*,*,#3442,.T.);
#4709=ORIENTED_EDGE('',*,*,#3618,.T.);
#4710=ORIENTED_EDGE('',*,*,#3619,.T.);
#4711=ORIENTED_EDGE('',*,*,#3620,.T.);
#4712=ORIENTED_EDGE('',*,*,#3443,.T.);
#4713=ORIENTED_EDGE('',*,*,#3617,.F.);
#4714=ORIENTED_EDGE('',*,*,#3621,.T.);
#4715=ORIENTED_EDGE('',*,*,#3615,.F.);
#4716=ORIENTED_EDGE('',*,*,#3444,.T.);
#4717=ORIENTED_EDGE('',*,*,#3620,.F.);
#4718=ORIENTED_EDGE('',*,*,#3622,.T.);
#4719=ORIENTED_EDGE('',*,*,#3612,.F.);
#4720=ORIENTED_EDGE('',*,*,#3445,.T.);
#4721=ORIENTED_EDGE('',*,*,#3614,.F.);
#4722=ORIENTED_EDGE('',*,*,#3623,.T.);
#4723=ORIENTED_EDGE('',*,*,#3611,.F.);
#4724=ORIENTED_EDGE('',*,*,#3624,.T.);
#4725=ORIENTED_EDGE('',*,*,#3625,.T.);
#4726=ORIENTED_EDGE('',*,*,#3446,.T.);
#4727=ORIENTED_EDGE('',*,*,#3626,.T.);
#4728=ORIENTED_EDGE('',*,*,#3447,.T.);
#4729=ORIENTED_EDGE('',*,*,#3625,.F.);
#4730=ORIENTED_EDGE('',*,*,#3627,.T.);
#4731=ORIENTED_EDGE('',*,*,#3628,.T.);
#4732=ORIENTED_EDGE('',*,*,#3448,.T.);
#4733=ORIENTED_EDGE('',*,*,#3626,.F.);
#4734=ORIENTED_EDGE('',*,*,#3629,.T.);
#4735=ORIENTED_EDGE('',*,*,#3619,.F.);
#4736=ORIENTED_EDGE('',*,*,#3630,.F.);
#4737=ORIENTED_EDGE('',*,*,#3631,.F.);
#4738=ORIENTED_EDGE('',*,*,#3632,.T.);
#4739=ORIENTED_EDGE('',*,*,#3633,.T.);
#4740=ORIENTED_EDGE('',*,*,#3634,.T.);
#4741=ORIENTED_EDGE('',*,*,#3635,.T.);
#4742=ORIENTED_EDGE('',*,*,#3636,.T.);
#4743=ORIENTED_EDGE('',*,*,#3637,.T.);
#4744=ORIENTED_EDGE('',*,*,#3638,.T.);
#4745=ORIENTED_EDGE('',*,*,#3639,.T.);
#4746=ORIENTED_EDGE('',*,*,#3450,.T.);
#4747=ORIENTED_EDGE('',*,*,#3640,.T.);
#4748=ORIENTED_EDGE('',*,*,#3641,.T.);
#4749=ORIENTED_EDGE('',*,*,#3642,.T.);
#4750=ORIENTED_EDGE('',*,*,#3451,.T.);
#4751=ORIENTED_EDGE('',*,*,#3639,.F.);
#4752=ORIENTED_EDGE('',*,*,#3643,.T.);
#4753=ORIENTED_EDGE('',*,*,#3637,.F.);
#4754=ORIENTED_EDGE('',*,*,#3452,.T.);
#4755=ORIENTED_EDGE('',*,*,#3642,.F.);
#4756=ORIENTED_EDGE('',*,*,#3644,.T.);
#4757=ORIENTED_EDGE('',*,*,#3634,.F.);
#4758=ORIENTED_EDGE('',*,*,#3453,.T.);
#4759=ORIENTED_EDGE('',*,*,#3636,.F.);
#4760=ORIENTED_EDGE('',*,*,#3645,.T.);
#4761=ORIENTED_EDGE('',*,*,#3633,.F.);
#4762=ORIENTED_EDGE('',*,*,#3646,.T.);
#4763=ORIENTED_EDGE('',*,*,#3647,.T.);
#4764=ORIENTED_EDGE('',*,*,#3454,.T.);
#4765=ORIENTED_EDGE('',*,*,#3648,.T.);
#4766=ORIENTED_EDGE('',*,*,#3455,.T.);
#4767=ORIENTED_EDGE('',*,*,#3647,.F.);
#4768=ORIENTED_EDGE('',*,*,#3649,.T.);
#4769=ORIENTED_EDGE('',*,*,#3650,.T.);
#4770=ORIENTED_EDGE('',*,*,#3456,.T.);
#4771=ORIENTED_EDGE('',*,*,#3648,.F.);
#4772=ORIENTED_EDGE('',*,*,#3651,.T.);
#4773=ORIENTED_EDGE('',*,*,#3641,.F.);
#4774=ORIENTED_EDGE('',*,*,#3652,.F.);
#4775=ORIENTED_EDGE('',*,*,#3653,.F.);
#4776=ORIENTED_EDGE('',*,*,#3654,.T.);
#4777=ORIENTED_EDGE('',*,*,#3655,.T.);
#4778=ORIENTED_EDGE('',*,*,#3656,.T.);
#4779=ORIENTED_EDGE('',*,*,#3657,.T.);
#4780=ORIENTED_EDGE('',*,*,#3658,.T.);
#4781=ORIENTED_EDGE('',*,*,#3659,.T.);
#4782=ORIENTED_EDGE('',*,*,#3660,.T.);
#4783=ORIENTED_EDGE('',*,*,#3661,.T.);
#4784=ORIENTED_EDGE('',*,*,#3458,.T.);
#4785=ORIENTED_EDGE('',*,*,#3662,.T.);
#4786=ORIENTED_EDGE('',*,*,#3663,.T.);
#4787=ORIENTED_EDGE('',*,*,#3664,.T.);
#4788=ORIENTED_EDGE('',*,*,#3459,.T.);
#4789=ORIENTED_EDGE('',*,*,#3661,.F.);
#4790=ORIENTED_EDGE('',*,*,#3665,.T.);
#4791=ORIENTED_EDGE('',*,*,#3659,.F.);
#4792=ORIENTED_EDGE('',*,*,#3460,.T.);
#4793=ORIENTED_EDGE('',*,*,#3664,.F.);
#4794=ORIENTED_EDGE('',*,*,#3666,.T.);
#4795=ORIENTED_EDGE('',*,*,#3656,.F.);
#4796=ORIENTED_EDGE('',*,*,#3461,.T.);
#4797=ORIENTED_EDGE('',*,*,#3658,.F.);
#4798=ORIENTED_EDGE('',*,*,#3667,.T.);
#4799=ORIENTED_EDGE('',*,*,#3655,.F.);
#4800=ORIENTED_EDGE('',*,*,#3668,.T.);
#4801=ORIENTED_EDGE('',*,*,#3669,.T.);
#4802=ORIENTED_EDGE('',*,*,#3462,.T.);
#4803=ORIENTED_EDGE('',*,*,#3670,.T.);
#4804=ORIENTED_EDGE('',*,*,#3463,.T.);
#4805=ORIENTED_EDGE('',*,*,#3669,.F.);
#4806=ORIENTED_EDGE('',*,*,#3671,.T.);
#4807=ORIENTED_EDGE('',*,*,#3672,.T.);
#4808=ORIENTED_EDGE('',*,*,#3464,.T.);
#4809=ORIENTED_EDGE('',*,*,#3670,.F.);
#4810=ORIENTED_EDGE('',*,*,#3673,.T.);
#4811=ORIENTED_EDGE('',*,*,#3663,.F.);
#4812=ORIENTED_EDGE('',*,*,#3674,.F.);
#4813=ORIENTED_EDGE('',*,*,#3675,.F.);
#4814=ORIENTED_EDGE('',*,*,#3676,.T.);
#4815=ORIENTED_EDGE('',*,*,#3677,.T.);
#4816=ORIENTED_EDGE('',*,*,#3678,.T.);
#4817=ORIENTED_EDGE('',*,*,#3679,.T.);
#4818=ORIENTED_EDGE('',*,*,#3680,.T.);
#4819=ORIENTED_EDGE('',*,*,#3681,.T.);
#4820=ORIENTED_EDGE('',*,*,#3682,.T.);
#4821=ORIENTED_EDGE('',*,*,#3683,.T.);
#4822=ORIENTED_EDGE('',*,*,#3466,.T.);
#4823=ORIENTED_EDGE('',*,*,#3684,.T.);
#4824=ORIENTED_EDGE('',*,*,#3685,.T.);
#4825=ORIENTED_EDGE('',*,*,#3686,.T.);
#4826=ORIENTED_EDGE('',*,*,#3467,.T.);
#4827=ORIENTED_EDGE('',*,*,#3683,.F.);
#4828=ORIENTED_EDGE('',*,*,#3687,.T.);
#4829=ORIENTED_EDGE('',*,*,#3681,.F.);
#4830=ORIENTED_EDGE('',*,*,#3468,.T.);
#4831=ORIENTED_EDGE('',*,*,#3686,.F.);
#4832=ORIENTED_EDGE('',*,*,#3688,.T.);
#4833=ORIENTED_EDGE('',*,*,#3678,.F.);
#4834=ORIENTED_EDGE('',*,*,#3469,.T.);
#4835=ORIENTED_EDGE('',*,*,#3680,.F.);
#4836=ORIENTED_EDGE('',*,*,#3689,.T.);
#4837=ORIENTED_EDGE('',*,*,#3677,.F.);
#4838=ORIENTED_EDGE('',*,*,#3690,.T.);
#4839=ORIENTED_EDGE('',*,*,#3691,.T.);
#4840=ORIENTED_EDGE('',*,*,#3470,.T.);
#4841=ORIENTED_EDGE('',*,*,#3692,.T.);
#4842=ORIENTED_EDGE('',*,*,#3471,.T.);
#4843=ORIENTED_EDGE('',*,*,#3691,.F.);
#4844=ORIENTED_EDGE('',*,*,#3693,.T.);
#4845=ORIENTED_EDGE('',*,*,#3694,.T.);
#4846=ORIENTED_EDGE('',*,*,#3472,.T.);
#4847=ORIENTED_EDGE('',*,*,#3692,.F.);
#4848=ORIENTED_EDGE('',*,*,#3695,.T.);
#4849=ORIENTED_EDGE('',*,*,#3685,.F.);
#4850=ORIENTED_EDGE('',*,*,#3696,.F.);
#4851=ORIENTED_EDGE('',*,*,#3697,.F.);
#4852=ORIENTED_EDGE('',*,*,#3698,.T.);
#4853=ORIENTED_EDGE('',*,*,#3699,.T.);
#4854=ORIENTED_EDGE('',*,*,#3700,.T.);
#4855=ORIENTED_EDGE('',*,*,#3701,.T.);
#4856=ORIENTED_EDGE('',*,*,#3702,.T.);
#4857=ORIENTED_EDGE('',*,*,#3703,.T.);
#4858=ORIENTED_EDGE('',*,*,#3704,.T.);
#4859=ORIENTED_EDGE('',*,*,#3705,.T.);
#4860=ORIENTED_EDGE('',*,*,#3474,.T.);
#4861=ORIENTED_EDGE('',*,*,#3706,.T.);
#4862=ORIENTED_EDGE('',*,*,#3707,.T.);
#4863=ORIENTED_EDGE('',*,*,#3708,.T.);
#4864=ORIENTED_EDGE('',*,*,#3475,.T.);
#4865=ORIENTED_EDGE('',*,*,#3705,.F.);
#4866=ORIENTED_EDGE('',*,*,#3709,.T.);
#4867=ORIENTED_EDGE('',*,*,#3703,.F.);
#4868=ORIENTED_EDGE('',*,*,#3476,.T.);
#4869=ORIENTED_EDGE('',*,*,#3708,.F.);
#4870=ORIENTED_EDGE('',*,*,#3710,.T.);
#4871=ORIENTED_EDGE('',*,*,#3700,.F.);
#4872=ORIENTED_EDGE('',*,*,#3477,.T.);
#4873=ORIENTED_EDGE('',*,*,#3702,.F.);
#4874=ORIENTED_EDGE('',*,*,#3711,.T.);
#4875=ORIENTED_EDGE('',*,*,#3699,.F.);
#4876=ORIENTED_EDGE('',*,*,#3712,.T.);
#4877=ORIENTED_EDGE('',*,*,#3713,.T.);
#4878=ORIENTED_EDGE('',*,*,#3478,.T.);
#4879=ORIENTED_EDGE('',*,*,#3714,.T.);
#4880=ORIENTED_EDGE('',*,*,#3479,.T.);
#4881=ORIENTED_EDGE('',*,*,#3713,.F.);
#4882=ORIENTED_EDGE('',*,*,#3715,.T.);
#4883=ORIENTED_EDGE('',*,*,#3716,.T.);
#4884=ORIENTED_EDGE('',*,*,#3480,.T.);
#4885=ORIENTED_EDGE('',*,*,#3714,.F.);
#4886=ORIENTED_EDGE('',*,*,#3717,.T.);
#4887=ORIENTED_EDGE('',*,*,#3707,.F.);
#4888=ORIENTED_EDGE('',*,*,#3718,.F.);
#4889=ORIENTED_EDGE('',*,*,#3719,.F.);
#4890=ORIENTED_EDGE('',*,*,#3720,.T.);
#4891=ORIENTED_EDGE('',*,*,#3721,.T.);
#4892=ORIENTED_EDGE('',*,*,#3722,.T.);
#4893=ORIENTED_EDGE('',*,*,#3723,.T.);
#4894=ORIENTED_EDGE('',*,*,#3724,.T.);
#4895=ORIENTED_EDGE('',*,*,#3725,.T.);
#4896=ORIENTED_EDGE('',*,*,#3726,.T.);
#4897=ORIENTED_EDGE('',*,*,#3727,.T.);
#4898=ORIENTED_EDGE('',*,*,#3482,.T.);
#4899=ORIENTED_EDGE('',*,*,#3728,.T.);
#4900=ORIENTED_EDGE('',*,*,#3729,.T.);
#4901=ORIENTED_EDGE('',*,*,#3730,.T.);
#4902=ORIENTED_EDGE('',*,*,#3483,.T.);
#4903=ORIENTED_EDGE('',*,*,#3727,.F.);
#4904=ORIENTED_EDGE('',*,*,#3731,.T.);
#4905=ORIENTED_EDGE('',*,*,#3725,.F.);
#4906=ORIENTED_EDGE('',*,*,#3484,.T.);
#4907=ORIENTED_EDGE('',*,*,#3730,.F.);
#4908=ORIENTED_EDGE('',*,*,#3732,.T.);
#4909=ORIENTED_EDGE('',*,*,#3722,.F.);
#4910=ORIENTED_EDGE('',*,*,#3485,.T.);
#4911=ORIENTED_EDGE('',*,*,#3724,.F.);
#4912=ORIENTED_EDGE('',*,*,#3733,.T.);
#4913=ORIENTED_EDGE('',*,*,#3721,.F.);
#4914=ORIENTED_EDGE('',*,*,#3734,.T.);
#4915=ORIENTED_EDGE('',*,*,#3735,.T.);
#4916=ORIENTED_EDGE('',*,*,#3486,.T.);
#4917=ORIENTED_EDGE('',*,*,#3736,.T.);
#4918=ORIENTED_EDGE('',*,*,#3487,.T.);
#4919=ORIENTED_EDGE('',*,*,#3735,.F.);
#4920=ORIENTED_EDGE('',*,*,#3737,.T.);
#4921=ORIENTED_EDGE('',*,*,#3738,.T.);
#4922=ORIENTED_EDGE('',*,*,#3488,.T.);
#4923=ORIENTED_EDGE('',*,*,#3736,.F.);
#4924=ORIENTED_EDGE('',*,*,#3739,.T.);
#4925=ORIENTED_EDGE('',*,*,#3729,.F.);
#4926=ORIENTED_EDGE('',*,*,#3740,.F.);
#4927=ORIENTED_EDGE('',*,*,#3741,.F.);
#4928=ORIENTED_EDGE('',*,*,#3742,.T.);
#4929=ORIENTED_EDGE('',*,*,#3743,.T.);
#4930=ORIENTED_EDGE('',*,*,#3744,.T.);
#4931=ORIENTED_EDGE('',*,*,#3745,.T.);
#4932=ORIENTED_EDGE('',*,*,#3746,.T.);
#4933=ORIENTED_EDGE('',*,*,#3747,.T.);
#4934=ORIENTED_EDGE('',*,*,#3748,.T.);
#4935=ORIENTED_EDGE('',*,*,#3749,.T.);
#4936=ORIENTED_EDGE('',*,*,#3490,.T.);
#4937=ORIENTED_EDGE('',*,*,#3750,.T.);
#4938=ORIENTED_EDGE('',*,*,#3751,.T.);
#4939=ORIENTED_EDGE('',*,*,#3752,.T.);
#4940=ORIENTED_EDGE('',*,*,#3491,.T.);
#4941=ORIENTED_EDGE('',*,*,#3749,.F.);
#4942=ORIENTED_EDGE('',*,*,#3753,.T.);
#4943=ORIENTED_EDGE('',*,*,#3747,.F.);
#4944=ORIENTED_EDGE('',*,*,#3492,.T.);
#4945=ORIENTED_EDGE('',*,*,#3752,.F.);
#4946=ORIENTED_EDGE('',*,*,#3754,.T.);
#4947=ORIENTED_EDGE('',*,*,#3744,.F.);
#4948=ORIENTED_EDGE('',*,*,#3493,.T.);
#4949=ORIENTED_EDGE('',*,*,#3746,.F.);
#4950=ORIENTED_EDGE('',*,*,#3755,.T.);
#4951=ORIENTED_EDGE('',*,*,#3743,.F.);
#4952=ORIENTED_EDGE('',*,*,#3756,.T.);
#4953=ORIENTED_EDGE('',*,*,#3757,.T.);
#4954=ORIENTED_EDGE('',*,*,#3494,.T.);
#4955=ORIENTED_EDGE('',*,*,#3758,.T.);
#4956=ORIENTED_EDGE('',*,*,#3495,.T.);
#4957=ORIENTED_EDGE('',*,*,#3757,.F.);
#4958=ORIENTED_EDGE('',*,*,#3759,.T.);
#4959=ORIENTED_EDGE('',*,*,#3760,.T.);
#4960=ORIENTED_EDGE('',*,*,#3496,.T.);
#4961=ORIENTED_EDGE('',*,*,#3758,.F.);
#4962=ORIENTED_EDGE('',*,*,#3761,.T.);
#4963=ORIENTED_EDGE('',*,*,#3751,.F.);
#4964=ORIENTED_EDGE('',*,*,#3762,.F.);
#4965=ORIENTED_EDGE('',*,*,#3763,.F.);
#4966=ORIENTED_EDGE('',*,*,#3764,.T.);
#4967=ORIENTED_EDGE('',*,*,#3765,.T.);
#4968=ORIENTED_EDGE('',*,*,#3766,.T.);
#4969=ORIENTED_EDGE('',*,*,#3767,.T.);
#4970=ORIENTED_EDGE('',*,*,#3768,.T.);
#4971=ORIENTED_EDGE('',*,*,#3769,.T.);
#4972=ORIENTED_EDGE('',*,*,#3770,.T.);
#4973=ORIENTED_EDGE('',*,*,#3771,.T.);
#4974=ORIENTED_EDGE('',*,*,#3498,.T.);
#4975=ORIENTED_EDGE('',*,*,#3772,.T.);
#4976=ORIENTED_EDGE('',*,*,#3773,.T.);
#4977=ORIENTED_EDGE('',*,*,#3774,.T.);
#4978=ORIENTED_EDGE('',*,*,#3499,.T.);
#4979=ORIENTED_EDGE('',*,*,#3771,.F.);
#4980=ORIENTED_EDGE('',*,*,#3775,.T.);
#4981=ORIENTED_EDGE('',*,*,#3769,.F.);
#4982=ORIENTED_EDGE('',*,*,#3500,.T.);
#4983=ORIENTED_EDGE('',*,*,#3774,.F.);
#4984=ORIENTED_EDGE('',*,*,#3776,.T.);
#4985=ORIENTED_EDGE('',*,*,#3766,.F.);
#4986=ORIENTED_EDGE('',*,*,#3501,.T.);
#4987=ORIENTED_EDGE('',*,*,#3768,.F.);
#4988=ORIENTED_EDGE('',*,*,#3777,.T.);
#4989=ORIENTED_EDGE('',*,*,#3765,.F.);
#4990=ORIENTED_EDGE('',*,*,#3778,.T.);
#4991=ORIENTED_EDGE('',*,*,#3779,.T.);
#4992=ORIENTED_EDGE('',*,*,#3502,.T.);
#4993=ORIENTED_EDGE('',*,*,#3780,.T.);
#4994=ORIENTED_EDGE('',*,*,#3503,.T.);
#4995=ORIENTED_EDGE('',*,*,#3779,.F.);
#4996=ORIENTED_EDGE('',*,*,#3781,.T.);
#4997=ORIENTED_EDGE('',*,*,#3782,.T.);
#4998=ORIENTED_EDGE('',*,*,#3504,.T.);
#4999=ORIENTED_EDGE('',*,*,#3780,.F.);
#5000=ORIENTED_EDGE('',*,*,#3783,.T.);
#5001=ORIENTED_EDGE('',*,*,#3773,.F.);
#5002=ORIENTED_EDGE('',*,*,#3784,.F.);
#5003=ORIENTED_EDGE('',*,*,#3785,.F.);
#5004=ORIENTED_EDGE('',*,*,#3786,.T.);
#5005=ORIENTED_EDGE('',*,*,#3787,.T.);
#5006=ORIENTED_EDGE('',*,*,#3788,.T.);
#5007=ORIENTED_EDGE('',*,*,#3789,.T.);
#5008=ORIENTED_EDGE('',*,*,#3790,.T.);
#5009=ORIENTED_EDGE('',*,*,#3791,.T.);
#5010=ORIENTED_EDGE('',*,*,#3792,.T.);
#5011=ORIENTED_EDGE('',*,*,#3793,.T.);
#5012=ORIENTED_EDGE('',*,*,#3506,.T.);
#5013=ORIENTED_EDGE('',*,*,#3794,.T.);
#5014=ORIENTED_EDGE('',*,*,#3795,.T.);
#5015=ORIENTED_EDGE('',*,*,#3796,.T.);
#5016=ORIENTED_EDGE('',*,*,#3507,.T.);
#5017=ORIENTED_EDGE('',*,*,#3793,.F.);
#5018=ORIENTED_EDGE('',*,*,#3797,.T.);
#5019=ORIENTED_EDGE('',*,*,#3791,.F.);
#5020=ORIENTED_EDGE('',*,*,#3508,.T.);
#5021=ORIENTED_EDGE('',*,*,#3796,.F.);
#5022=ORIENTED_EDGE('',*,*,#3798,.T.);
#5023=ORIENTED_EDGE('',*,*,#3788,.F.);
#5024=ORIENTED_EDGE('',*,*,#3509,.T.);
#5025=ORIENTED_EDGE('',*,*,#3790,.F.);
#5026=ORIENTED_EDGE('',*,*,#3799,.T.);
#5027=ORIENTED_EDGE('',*,*,#3787,.F.);
#5028=ORIENTED_EDGE('',*,*,#3800,.T.);
#5029=ORIENTED_EDGE('',*,*,#3801,.T.);
#5030=ORIENTED_EDGE('',*,*,#3510,.T.);
#5031=ORIENTED_EDGE('',*,*,#3802,.T.);
#5032=ORIENTED_EDGE('',*,*,#3511,.T.);
#5033=ORIENTED_EDGE('',*,*,#3801,.F.);
#5034=ORIENTED_EDGE('',*,*,#3803,.T.);
#5035=ORIENTED_EDGE('',*,*,#3804,.T.);
#5036=ORIENTED_EDGE('',*,*,#3512,.T.);
#5037=ORIENTED_EDGE('',*,*,#3802,.F.);
#5038=ORIENTED_EDGE('',*,*,#3805,.T.);
#5039=ORIENTED_EDGE('',*,*,#3795,.F.);
#5040=ORIENTED_EDGE('',*,*,#3806,.F.);
#5041=ORIENTED_EDGE('',*,*,#3807,.F.);
#5042=ORIENTED_EDGE('',*,*,#3808,.T.);
#5043=ORIENTED_EDGE('',*,*,#3809,.T.);
#5044=ORIENTED_EDGE('',*,*,#3810,.T.);
#5045=ORIENTED_EDGE('',*,*,#3811,.T.);
#5046=ORIENTED_EDGE('',*,*,#3812,.T.);
#5047=ORIENTED_EDGE('',*,*,#3813,.T.);
#5048=ORIENTED_EDGE('',*,*,#3814,.T.);
#5049=ORIENTED_EDGE('',*,*,#3815,.T.);
#5050=ORIENTED_EDGE('',*,*,#3514,.T.);
#5051=ORIENTED_EDGE('',*,*,#3816,.T.);
#5052=ORIENTED_EDGE('',*,*,#3817,.T.);
#5053=ORIENTED_EDGE('',*,*,#3818,.T.);
#5054=ORIENTED_EDGE('',*,*,#3515,.T.);
#5055=ORIENTED_EDGE('',*,*,#3815,.F.);
#5056=ORIENTED_EDGE('',*,*,#3819,.T.);
#5057=ORIENTED_EDGE('',*,*,#3813,.F.);
#5058=ORIENTED_EDGE('',*,*,#3516,.T.);
#5059=ORIENTED_EDGE('',*,*,#3818,.F.);
#5060=ORIENTED_EDGE('',*,*,#3820,.T.);
#5061=ORIENTED_EDGE('',*,*,#3810,.F.);
#5062=ORIENTED_EDGE('',*,*,#3517,.T.);
#5063=ORIENTED_EDGE('',*,*,#3812,.F.);
#5064=ORIENTED_EDGE('',*,*,#3821,.T.);
#5065=ORIENTED_EDGE('',*,*,#3809,.F.);
#5066=ORIENTED_EDGE('',*,*,#3822,.T.);
#5067=ORIENTED_EDGE('',*,*,#3823,.T.);
#5068=ORIENTED_EDGE('',*,*,#3518,.T.);
#5069=ORIENTED_EDGE('',*,*,#3824,.T.);
#5070=ORIENTED_EDGE('',*,*,#3519,.T.);
#5071=ORIENTED_EDGE('',*,*,#3823,.F.);
#5072=ORIENTED_EDGE('',*,*,#3825,.T.);
#5073=ORIENTED_EDGE('',*,*,#3826,.T.);
#5074=ORIENTED_EDGE('',*,*,#3520,.T.);
#5075=ORIENTED_EDGE('',*,*,#3824,.F.);
#5076=ORIENTED_EDGE('',*,*,#3827,.T.);
#5077=ORIENTED_EDGE('',*,*,#3817,.F.);
#5078=ORIENTED_EDGE('',*,*,#3828,.F.);
#5079=ORIENTED_EDGE('',*,*,#3829,.F.);
#5080=ORIENTED_EDGE('',*,*,#3830,.T.);
#5081=ORIENTED_EDGE('',*,*,#3831,.T.);
#5082=ORIENTED_EDGE('',*,*,#3832,.T.);
#5083=ORIENTED_EDGE('',*,*,#3833,.T.);
#5084=ORIENTED_EDGE('',*,*,#3834,.T.);
#5085=ORIENTED_EDGE('',*,*,#3835,.T.);
#5086=ORIENTED_EDGE('',*,*,#3836,.T.);
#5087=ORIENTED_EDGE('',*,*,#3837,.T.);
#5088=ORIENTED_EDGE('',*,*,#3522,.T.);
#5089=ORIENTED_EDGE('',*,*,#3838,.T.);
#5090=ORIENTED_EDGE('',*,*,#3839,.T.);
#5091=ORIENTED_EDGE('',*,*,#3840,.T.);
#5092=ORIENTED_EDGE('',*,*,#3523,.T.);
#5093=ORIENTED_EDGE('',*,*,#3837,.F.);
#5094=ORIENTED_EDGE('',*,*,#3841,.T.);
#5095=ORIENTED_EDGE('',*,*,#3835,.F.);
#5096=ORIENTED_EDGE('',*,*,#3524,.T.);
#5097=ORIENTED_EDGE('',*,*,#3840,.F.);
#5098=ORIENTED_EDGE('',*,*,#3842,.T.);
#5099=ORIENTED_EDGE('',*,*,#3832,.F.);
#5100=ORIENTED_EDGE('',*,*,#3525,.T.);
#5101=ORIENTED_EDGE('',*,*,#3834,.F.);
#5102=ORIENTED_EDGE('',*,*,#3843,.T.);
#5103=ORIENTED_EDGE('',*,*,#3831,.F.);
#5104=ORIENTED_EDGE('',*,*,#3844,.T.);
#5105=ORIENTED_EDGE('',*,*,#3845,.T.);
#5106=ORIENTED_EDGE('',*,*,#3526,.T.);
#5107=ORIENTED_EDGE('',*,*,#3846,.T.);
#5108=ORIENTED_EDGE('',*,*,#3527,.T.);
#5109=ORIENTED_EDGE('',*,*,#3845,.F.);
#5110=ORIENTED_EDGE('',*,*,#3847,.T.);
#5111=ORIENTED_EDGE('',*,*,#3848,.T.);
#5112=ORIENTED_EDGE('',*,*,#3528,.T.);
#5113=ORIENTED_EDGE('',*,*,#3846,.F.);
#5114=ORIENTED_EDGE('',*,*,#3849,.T.);
#5115=ORIENTED_EDGE('',*,*,#3839,.F.);
#5116=ORIENTED_EDGE('',*,*,#3850,.F.);
#5117=ORIENTED_EDGE('',*,*,#3851,.F.);
#5118=ORIENTED_EDGE('',*,*,#3852,.T.);
#5119=ORIENTED_EDGE('',*,*,#3853,.T.);
#5120=ORIENTED_EDGE('',*,*,#3854,.T.);
#5121=ORIENTED_EDGE('',*,*,#3855,.T.);
#5122=ORIENTED_EDGE('',*,*,#3856,.T.);
#5123=ORIENTED_EDGE('',*,*,#3857,.T.);
#5124=ORIENTED_EDGE('',*,*,#3858,.T.);
#5125=ORIENTED_EDGE('',*,*,#3859,.T.);
#5126=ORIENTED_EDGE('',*,*,#3530,.T.);
#5127=ORIENTED_EDGE('',*,*,#3860,.T.);
#5128=ORIENTED_EDGE('',*,*,#3861,.T.);
#5129=ORIENTED_EDGE('',*,*,#3862,.T.);
#5130=ORIENTED_EDGE('',*,*,#3531,.T.);
#5131=ORIENTED_EDGE('',*,*,#3859,.F.);
#5132=ORIENTED_EDGE('',*,*,#3863,.T.);
#5133=ORIENTED_EDGE('',*,*,#3857,.F.);
#5134=ORIENTED_EDGE('',*,*,#3532,.T.);
#5135=ORIENTED_EDGE('',*,*,#3862,.F.);
#5136=ORIENTED_EDGE('',*,*,#3864,.T.);
#5137=ORIENTED_EDGE('',*,*,#3854,.F.);
#5138=ORIENTED_EDGE('',*,*,#3533,.T.);
#5139=ORIENTED_EDGE('',*,*,#3856,.F.);
#5140=ORIENTED_EDGE('',*,*,#3865,.T.);
#5141=ORIENTED_EDGE('',*,*,#3853,.F.);
#5142=ORIENTED_EDGE('',*,*,#3866,.T.);
#5143=ORIENTED_EDGE('',*,*,#3867,.T.);
#5144=ORIENTED_EDGE('',*,*,#3534,.T.);
#5145=ORIENTED_EDGE('',*,*,#3868,.T.);
#5146=ORIENTED_EDGE('',*,*,#3535,.T.);
#5147=ORIENTED_EDGE('',*,*,#3867,.F.);
#5148=ORIENTED_EDGE('',*,*,#3869,.T.);
#5149=ORIENTED_EDGE('',*,*,#3870,.T.);
#5150=ORIENTED_EDGE('',*,*,#3536,.T.);
#5151=ORIENTED_EDGE('',*,*,#3868,.F.);
#5152=ORIENTED_EDGE('',*,*,#3871,.T.);
#5153=ORIENTED_EDGE('',*,*,#3861,.F.);
#5154=ORIENTED_EDGE('',*,*,#3872,.F.);
#5155=ORIENTED_EDGE('',*,*,#3873,.F.);
#5156=ORIENTED_EDGE('',*,*,#3874,.T.);
#5157=ORIENTED_EDGE('',*,*,#3875,.T.);
#5158=ORIENTED_EDGE('',*,*,#3876,.T.);
#5159=ORIENTED_EDGE('',*,*,#3877,.T.);
#5160=ORIENTED_EDGE('',*,*,#3878,.T.);
#5161=ORIENTED_EDGE('',*,*,#3879,.T.);
#5162=ORIENTED_EDGE('',*,*,#3880,.T.);
#5163=ORIENTED_EDGE('',*,*,#3881,.T.);
#5164=ORIENTED_EDGE('',*,*,#3538,.T.);
#5165=ORIENTED_EDGE('',*,*,#3882,.T.);
#5166=ORIENTED_EDGE('',*,*,#3883,.T.);
#5167=ORIENTED_EDGE('',*,*,#3884,.T.);
#5168=ORIENTED_EDGE('',*,*,#3539,.T.);
#5169=ORIENTED_EDGE('',*,*,#3881,.F.);
#5170=ORIENTED_EDGE('',*,*,#3885,.T.);
#5171=ORIENTED_EDGE('',*,*,#3879,.F.);
#5172=ORIENTED_EDGE('',*,*,#3540,.T.);
#5173=ORIENTED_EDGE('',*,*,#3884,.F.);
#5174=ORIENTED_EDGE('',*,*,#3886,.T.);
#5175=ORIENTED_EDGE('',*,*,#3876,.F.);
#5176=ORIENTED_EDGE('',*,*,#3541,.T.);
#5177=ORIENTED_EDGE('',*,*,#3878,.F.);
#5178=ORIENTED_EDGE('',*,*,#3887,.T.);
#5179=ORIENTED_EDGE('',*,*,#3875,.F.);
#5180=ORIENTED_EDGE('',*,*,#3888,.T.);
#5181=ORIENTED_EDGE('',*,*,#3889,.T.);
#5182=ORIENTED_EDGE('',*,*,#3542,.T.);
#5183=ORIENTED_EDGE('',*,*,#3890,.T.);
#5184=ORIENTED_EDGE('',*,*,#3543,.T.);
#5185=ORIENTED_EDGE('',*,*,#3889,.F.);
#5186=ORIENTED_EDGE('',*,*,#3891,.T.);
#5187=ORIENTED_EDGE('',*,*,#3892,.T.);
#5188=ORIENTED_EDGE('',*,*,#3544,.T.);
#5189=ORIENTED_EDGE('',*,*,#3890,.F.);
#5190=ORIENTED_EDGE('',*,*,#3893,.T.);
#5191=ORIENTED_EDGE('',*,*,#3894,.T.);
#5192=ORIENTED_EDGE('',*,*,#3895,.T.);
#5193=ORIENTED_EDGE('',*,*,#3896,.T.);
#5194=ORIENTED_EDGE('',*,*,#3895,.F.);
#5195=ORIENTED_EDGE('',*,*,#3897,.T.);
#5196=ORIENTED_EDGE('',*,*,#3898,.T.);
#5197=ORIENTED_EDGE('',*,*,#3412,.T.);
#5198=ORIENTED_EDGE('',*,*,#3899,.T.);
#5199=ORIENTED_EDGE('',*,*,#3413,.T.);
#5200=ORIENTED_EDGE('',*,*,#3898,.F.);
#5201=ORIENTED_EDGE('',*,*,#3900,.T.);
#5202=ORIENTED_EDGE('',*,*,#3901,.T.);
#5203=ORIENTED_EDGE('',*,*,#3414,.T.);
#5204=ORIENTED_EDGE('',*,*,#3899,.F.);
#5205=ORIENTED_EDGE('',*,*,#3902,.T.);
#5206=ORIENTED_EDGE('',*,*,#3903,.T.);
#5207=ORIENTED_EDGE('',*,*,#3904,.T.);
#5208=ORIENTED_EDGE('',*,*,#3905,.T.);
#5209=ORIENTED_EDGE('',*,*,#3896,.F.);
#5210=ORIENTED_EDGE('',*,*,#3411,.T.);
#5211=ORIENTED_EDGE('',*,*,#3904,.F.);
#5212=ORIENTED_EDGE('',*,*,#3906,.T.);
#5213=ORIENTED_EDGE('',*,*,#3907,.T.);
#5214=ORIENTED_EDGE('',*,*,#3408,.T.);
#5215=ORIENTED_EDGE('',*,*,#3908,.T.);
#5216=ORIENTED_EDGE('',*,*,#3909,.T.);
#5217=ORIENTED_EDGE('',*,*,#3910,.T.);
#5218=ORIENTED_EDGE('',*,*,#3409,.T.);
#5219=ORIENTED_EDGE('',*,*,#3907,.F.);
#5220=ORIENTED_EDGE('',*,*,#3911,.T.);
#5221=ORIENTED_EDGE('',*,*,#3905,.F.);
#5222=ORIENTED_EDGE('',*,*,#3410,.T.);
#5223=ORIENTED_EDGE('',*,*,#3910,.F.);
#5224=ORIENTED_EDGE('',*,*,#3912,.T.);
#5225=ORIENTED_EDGE('',*,*,#3883,.F.);
#5226=ORIENTED_EDGE('',*,*,#3913,.F.);
#5227=ORIENTED_EDGE('',*,*,#3902,.F.);
#5228=ORIENTED_EDGE('',*,*,#3914,.T.);
#5229=ORIENTED_EDGE('',*,*,#3885,.F.);
#5230=ORIENTED_EDGE('',*,*,#3914,.F.);
#5231=ORIENTED_EDGE('',*,*,#3900,.F.);
#5232=ORIENTED_EDGE('',*,*,#3915,.T.);
#5233=ORIENTED_EDGE('',*,*,#3886,.F.);
#5234=ORIENTED_EDGE('',*,*,#3915,.F.);
#5235=ORIENTED_EDGE('',*,*,#3897,.F.);
#5236=ORIENTED_EDGE('',*,*,#3916,.T.);
#5237=ORIENTED_EDGE('',*,*,#3880,.F.);
#5238=ORIENTED_EDGE('',*,*,#3916,.F.);
#5239=ORIENTED_EDGE('',*,*,#3894,.F.);
#5240=ORIENTED_EDGE('',*,*,#3917,.T.);
#5241=ORIENTED_EDGE('',*,*,#3887,.F.);
#5242=ORIENTED_EDGE('',*,*,#3917,.F.);
#5243=ORIENTED_EDGE('',*,*,#3906,.F.);
#5244=ORIENTED_EDGE('',*,*,#3918,.T.);
#5245=ORIENTED_EDGE('',*,*,#3877,.F.);
#5246=ORIENTED_EDGE('',*,*,#3918,.F.);
#5247=ORIENTED_EDGE('',*,*,#3903,.F.);
#5248=ORIENTED_EDGE('',*,*,#3919,.T.);
#5249=ORIENTED_EDGE('',*,*,#3888,.F.);
#5250=ORIENTED_EDGE('',*,*,#3919,.F.);
#5251=ORIENTED_EDGE('',*,*,#3912,.F.);
#5252=ORIENTED_EDGE('',*,*,#3920,.T.);
#5253=ORIENTED_EDGE('',*,*,#3891,.F.);
#5254=ORIENTED_EDGE('',*,*,#3920,.F.);
#5255=ORIENTED_EDGE('',*,*,#3911,.F.);
#5256=ORIENTED_EDGE('',*,*,#3921,.T.);
#5257=ORIENTED_EDGE('',*,*,#3893,.F.);
#5258=ORIENTED_EDGE('',*,*,#3921,.F.);
#5259=ORIENTED_EDGE('',*,*,#3909,.F.);
#5260=ORIENTED_EDGE('',*,*,#3922,.T.);
#5261=ORIENTED_EDGE('',*,*,#3923,.T.);
#5262=ORIENTED_EDGE('',*,*,#3924,.T.);
#5263=ORIENTED_EDGE('',*,*,#3925,.T.);
#5264=ORIENTED_EDGE('',*,*,#3924,.F.);
#5265=ORIENTED_EDGE('',*,*,#3926,.T.);
#5266=ORIENTED_EDGE('',*,*,#3927,.T.);
#5267=ORIENTED_EDGE('',*,*,#3404,.T.);
#5268=ORIENTED_EDGE('',*,*,#3928,.T.);
#5269=ORIENTED_EDGE('',*,*,#3405,.T.);
#5270=ORIENTED_EDGE('',*,*,#3927,.F.);
#5271=ORIENTED_EDGE('',*,*,#3929,.T.);
#5272=ORIENTED_EDGE('',*,*,#3930,.T.);
#5273=ORIENTED_EDGE('',*,*,#3406,.T.);
#5274=ORIENTED_EDGE('',*,*,#3928,.F.);
#5275=ORIENTED_EDGE('',*,*,#3565,.T.);
#5276=ORIENTED_EDGE('',*,*,#3931,.T.);
#5277=ORIENTED_EDGE('',*,*,#3932,.T.);
#5278=ORIENTED_EDGE('',*,*,#3933,.T.);
#5279=ORIENTED_EDGE('',*,*,#3925,.F.);
#5280=ORIENTED_EDGE('',*,*,#3403,.T.);
#5281=ORIENTED_EDGE('',*,*,#3932,.F.);
#5282=ORIENTED_EDGE('',*,*,#3934,.T.);
#5283=ORIENTED_EDGE('',*,*,#3935,.T.);
#5284=ORIENTED_EDGE('',*,*,#3400,.T.);
#5285=ORIENTED_EDGE('',*,*,#3936,.T.);
#5286=ORIENTED_EDGE('',*,*,#3937,.T.);
#5287=ORIENTED_EDGE('',*,*,#3938,.T.);
#5288=ORIENTED_EDGE('',*,*,#3401,.T.);
#5289=ORIENTED_EDGE('',*,*,#3935,.F.);
#5290=ORIENTED_EDGE('',*,*,#3939,.T.);
#5291=ORIENTED_EDGE('',*,*,#3933,.F.);
#5292=ORIENTED_EDGE('',*,*,#3402,.T.);
#5293=ORIENTED_EDGE('',*,*,#3938,.F.);
#5294=ORIENTED_EDGE('',*,*,#3940,.T.);
#5295=ORIENTED_EDGE('',*,*,#3555,.F.);
#5296=ORIENTED_EDGE('',*,*,#3566,.F.);
#5297=ORIENTED_EDGE('',*,*,#3929,.F.);
#5298=ORIENTED_EDGE('',*,*,#3941,.T.);
#5299=ORIENTED_EDGE('',*,*,#3556,.F.);
#5300=ORIENTED_EDGE('',*,*,#3941,.F.);
#5301=ORIENTED_EDGE('',*,*,#3926,.F.);
#5302=ORIENTED_EDGE('',*,*,#3942,.T.);
#5303=ORIENTED_EDGE('',*,*,#3550,.F.);
#5304=ORIENTED_EDGE('',*,*,#3942,.F.);
#5305=ORIENTED_EDGE('',*,*,#3923,.F.);
#5306=ORIENTED_EDGE('',*,*,#3943,.T.);
#5307=ORIENTED_EDGE('',*,*,#3557,.F.);
#5308=ORIENTED_EDGE('',*,*,#3943,.F.);
#5309=ORIENTED_EDGE('',*,*,#3934,.F.);
#5310=ORIENTED_EDGE('',*,*,#3944,.T.);
#5311=ORIENTED_EDGE('',*,*,#3547,.F.);
#5312=ORIENTED_EDGE('',*,*,#3944,.F.);
#5313=ORIENTED_EDGE('',*,*,#3931,.F.);
#5314=ORIENTED_EDGE('',*,*,#3945,.T.);
#5315=ORIENTED_EDGE('',*,*,#3558,.F.);
#5316=ORIENTED_EDGE('',*,*,#3945,.F.);
#5317=ORIENTED_EDGE('',*,*,#3940,.F.);
#5318=ORIENTED_EDGE('',*,*,#3946,.T.);
#5319=ORIENTED_EDGE('',*,*,#3561,.F.);
#5320=ORIENTED_EDGE('',*,*,#3946,.F.);
#5321=ORIENTED_EDGE('',*,*,#3939,.F.);
#5322=ORIENTED_EDGE('',*,*,#3947,.T.);
#5323=ORIENTED_EDGE('',*,*,#3563,.F.);
#5324=ORIENTED_EDGE('',*,*,#3947,.F.);
#5325=ORIENTED_EDGE('',*,*,#3937,.F.);
#5326=ORIENTED_EDGE('',*,*,#3948,.T.);
#5327=ORIENTED_EDGE('',*,*,#3949,.T.);
#5328=ORIENTED_EDGE('',*,*,#3950,.T.);
#5329=ORIENTED_EDGE('',*,*,#3951,.T.);
#5330=ORIENTED_EDGE('',*,*,#3950,.F.);
#5331=ORIENTED_EDGE('',*,*,#3394,.T.);
#5332=ORIENTED_EDGE('',*,*,#3952,.T.);
#5333=ORIENTED_EDGE('',*,*,#3953,.T.);
#5334=ORIENTED_EDGE('',*,*,#3954,.T.);
#5335=ORIENTED_EDGE('',*,*,#3955,.T.);
#5336=ORIENTED_EDGE('',*,*,#3952,.F.);
#5337=ORIENTED_EDGE('',*,*,#3393,.T.);
#5338=ORIENTED_EDGE('',*,*,#3956,.T.);
#5339=ORIENTED_EDGE('',*,*,#3957,.T.);
#5340=ORIENTED_EDGE('',*,*,#3954,.F.);
#5341=ORIENTED_EDGE('',*,*,#3392,.T.);
#5342=ORIENTED_EDGE('',*,*,#3958,.T.);
#5343=ORIENTED_EDGE('',*,*,#3959,.T.);
#5344=ORIENTED_EDGE('',*,*,#3960,.T.);
#5345=ORIENTED_EDGE('',*,*,#3949,.F.);
#5346=ORIENTED_EDGE('',*,*,#3961,.T.);
#5347=ORIENTED_EDGE('',*,*,#3959,.F.);
#5348=ORIENTED_EDGE('',*,*,#3395,.T.);
#5349=ORIENTED_EDGE('',*,*,#3962,.T.);
#5350=ORIENTED_EDGE('',*,*,#3587,.T.);
#5351=ORIENTED_EDGE('',*,*,#3963,.T.);
#5352=ORIENTED_EDGE('',*,*,#3398,.T.);
#5353=ORIENTED_EDGE('',*,*,#3964,.T.);
#5354=ORIENTED_EDGE('',*,*,#3965,.T.);
#5355=ORIENTED_EDGE('',*,*,#3962,.F.);
#5356=ORIENTED_EDGE('',*,*,#3397,.T.);
#5357=ORIENTED_EDGE('',*,*,#3958,.F.);
#5358=ORIENTED_EDGE('',*,*,#3966,.T.);
#5359=ORIENTED_EDGE('',*,*,#3964,.F.);
#5360=ORIENTED_EDGE('',*,*,#3396,.T.);
#5361=ORIENTED_EDGE('',*,*,#3585,.F.);
#5362=ORIENTED_EDGE('',*,*,#3967,.F.);
#5363=ORIENTED_EDGE('',*,*,#3957,.F.);
#5364=ORIENTED_EDGE('',*,*,#3968,.T.);
#5365=ORIENTED_EDGE('',*,*,#3969,.T.);
#5366=ORIENTED_EDGE('',*,*,#3970,.T.);
#5367=ORIENTED_EDGE('',*,*,#3971,.T.);
#5368=ORIENTED_EDGE('',*,*,#3970,.F.);
#5369=ORIENTED_EDGE('',*,*,#3972,.T.);
#5370=ORIENTED_EDGE('',*,*,#3973,.T.);
#5371=ORIENTED_EDGE('',*,*,#3388,.T.);
#5372=ORIENTED_EDGE('',*,*,#3974,.T.);
#5373=ORIENTED_EDGE('',*,*,#3389,.T.);
#5374=ORIENTED_EDGE('',*,*,#3973,.F.);
#5375=ORIENTED_EDGE('',*,*,#3975,.T.);
#5376=ORIENTED_EDGE('',*,*,#3976,.T.);
#5377=ORIENTED_EDGE('',*,*,#3390,.T.);
#5378=ORIENTED_EDGE('',*,*,#3974,.F.);
#5379=ORIENTED_EDGE('',*,*,#3609,.T.);
#5380=ORIENTED_EDGE('',*,*,#3977,.T.);
#5381=ORIENTED_EDGE('',*,*,#3978,.T.);
#5382=ORIENTED_EDGE('',*,*,#3979,.T.);
#5383=ORIENTED_EDGE('',*,*,#3971,.F.);
#5384=ORIENTED_EDGE('',*,*,#3387,.T.);
#5385=ORIENTED_EDGE('',*,*,#3978,.F.);
#5386=ORIENTED_EDGE('',*,*,#3980,.T.);
#5387=ORIENTED_EDGE('',*,*,#3981,.T.);
#5388=ORIENTED_EDGE('',*,*,#3384,.T.);
#5389=ORIENTED_EDGE('',*,*,#3982,.T.);
#5390=ORIENTED_EDGE('',*,*,#3983,.T.);
#5391=ORIENTED_EDGE('',*,*,#3984,.T.);
#5392=ORIENTED_EDGE('',*,*,#3385,.T.);
#5393=ORIENTED_EDGE('',*,*,#3981,.F.);
#5394=ORIENTED_EDGE('',*,*,#3985,.T.);
#5395=ORIENTED_EDGE('',*,*,#3979,.F.);
#5396=ORIENTED_EDGE('',*,*,#3386,.T.);
#5397=ORIENTED_EDGE('',*,*,#3984,.F.);
#5398=ORIENTED_EDGE('',*,*,#3986,.T.);
#5399=ORIENTED_EDGE('',*,*,#3599,.F.);
#5400=ORIENTED_EDGE('',*,*,#3610,.F.);
#5401=ORIENTED_EDGE('',*,*,#3975,.F.);
#5402=ORIENTED_EDGE('',*,*,#3987,.T.);
#5403=ORIENTED_EDGE('',*,*,#3600,.F.);
#5404=ORIENTED_EDGE('',*,*,#3987,.F.);
#5405=ORIENTED_EDGE('',*,*,#3972,.F.);
#5406=ORIENTED_EDGE('',*,*,#3988,.T.);
#5407=ORIENTED_EDGE('',*,*,#3594,.F.);
#5408=ORIENTED_EDGE('',*,*,#3988,.F.);
#5409=ORIENTED_EDGE('',*,*,#3969,.F.);
#5410=ORIENTED_EDGE('',*,*,#3989,.T.);
#5411=ORIENTED_EDGE('',*,*,#3601,.F.);
#5412=ORIENTED_EDGE('',*,*,#3989,.F.);
#5413=ORIENTED_EDGE('',*,*,#3980,.F.);
#5414=ORIENTED_EDGE('',*,*,#3990,.T.);
#5415=ORIENTED_EDGE('',*,*,#3591,.F.);
#5416=ORIENTED_EDGE('',*,*,#3990,.F.);
#5417=ORIENTED_EDGE('',*,*,#3977,.F.);
#5418=ORIENTED_EDGE('',*,*,#3991,.T.);
#5419=ORIENTED_EDGE('',*,*,#3602,.F.);
#5420=ORIENTED_EDGE('',*,*,#3991,.F.);
#5421=ORIENTED_EDGE('',*,*,#3986,.F.);
#5422=ORIENTED_EDGE('',*,*,#3992,.T.);
#5423=ORIENTED_EDGE('',*,*,#3605,.F.);
#5424=ORIENTED_EDGE('',*,*,#3992,.F.);
#5425=ORIENTED_EDGE('',*,*,#3985,.F.);
#5426=ORIENTED_EDGE('',*,*,#3993,.T.);
#5427=ORIENTED_EDGE('',*,*,#3607,.F.);
#5428=ORIENTED_EDGE('',*,*,#3993,.F.);
#5429=ORIENTED_EDGE('',*,*,#3983,.F.);
#5430=ORIENTED_EDGE('',*,*,#3994,.T.);
#5431=ORIENTED_EDGE('',*,*,#3995,.T.);
#5432=ORIENTED_EDGE('',*,*,#3996,.T.);
#5433=ORIENTED_EDGE('',*,*,#3997,.T.);
#5434=ORIENTED_EDGE('',*,*,#3996,.F.);
#5435=ORIENTED_EDGE('',*,*,#3998,.T.);
#5436=ORIENTED_EDGE('',*,*,#3999,.T.);
#5437=ORIENTED_EDGE('',*,*,#3380,.T.);
#5438=ORIENTED_EDGE('',*,*,#4000,.T.);
#5439=ORIENTED_EDGE('',*,*,#3381,.T.);
#5440=ORIENTED_EDGE('',*,*,#3999,.F.);
#5441=ORIENTED_EDGE('',*,*,#4001,.T.);
#5442=ORIENTED_EDGE('',*,*,#4002,.T.);
#5443=ORIENTED_EDGE('',*,*,#3382,.T.);
#5444=ORIENTED_EDGE('',*,*,#4000,.F.);
#5445=ORIENTED_EDGE('',*,*,#3631,.T.);
#5446=ORIENTED_EDGE('',*,*,#4003,.T.);
#5447=ORIENTED_EDGE('',*,*,#4004,.T.);
#5448=ORIENTED_EDGE('',*,*,#4005,.T.);
#5449=ORIENTED_EDGE('',*,*,#3997,.F.);
#5450=ORIENTED_EDGE('',*,*,#3379,.T.);
#5451=ORIENTED_EDGE('',*,*,#4004,.F.);
#5452=ORIENTED_EDGE('',*,*,#4006,.T.);
#5453=ORIENTED_EDGE('',*,*,#4007,.T.);
#5454=ORIENTED_EDGE('',*,*,#3376,.T.);
#5455=ORIENTED_EDGE('',*,*,#4008,.T.);
#5456=ORIENTED_EDGE('',*,*,#4009,.T.);
#5457=ORIENTED_EDGE('',*,*,#4010,.T.);
#5458=ORIENTED_EDGE('',*,*,#3377,.T.);
#5459=ORIENTED_EDGE('',*,*,#4007,.F.);
#5460=ORIENTED_EDGE('',*,*,#4011,.T.);
#5461=ORIENTED_EDGE('',*,*,#4005,.F.);
#5462=ORIENTED_EDGE('',*,*,#3378,.T.);
#5463=ORIENTED_EDGE('',*,*,#4010,.F.);
#5464=ORIENTED_EDGE('',*,*,#4012,.T.);
#5465=ORIENTED_EDGE('',*,*,#3621,.F.);
#5466=ORIENTED_EDGE('',*,*,#3632,.F.);
#5467=ORIENTED_EDGE('',*,*,#4001,.F.);
#5468=ORIENTED_EDGE('',*,*,#4013,.T.);
#5469=ORIENTED_EDGE('',*,*,#3622,.F.);
#5470=ORIENTED_EDGE('',*,*,#4013,.F.);
#5471=ORIENTED_EDGE('',*,*,#3998,.F.);
#5472=ORIENTED_EDGE('',*,*,#4014,.T.);
#5473=ORIENTED_EDGE('',*,*,#3616,.F.);
#5474=ORIENTED_EDGE('',*,*,#4014,.F.);
#5475=ORIENTED_EDGE('',*,*,#3995,.F.);
#5476=ORIENTED_EDGE('',*,*,#4015,.T.);
#5477=ORIENTED_EDGE('',*,*,#3623,.F.);
#5478=ORIENTED_EDGE('',*,*,#4015,.F.);
#5479=ORIENTED_EDGE('',*,*,#4006,.F.);
#5480=ORIENTED_EDGE('',*,*,#4016,.T.);
#5481=ORIENTED_EDGE('',*,*,#3613,.F.);
#5482=ORIENTED_EDGE('',*,*,#4016,.F.);
#5483=ORIENTED_EDGE('',*,*,#4003,.F.);
#5484=ORIENTED_EDGE('',*,*,#4017,.T.);
#5485=ORIENTED_EDGE('',*,*,#3624,.F.);
#5486=ORIENTED_EDGE('',*,*,#4017,.F.);
#5487=ORIENTED_EDGE('',*,*,#4012,.F.);
#5488=ORIENTED_EDGE('',*,*,#4018,.T.);
#5489=ORIENTED_EDGE('',*,*,#3627,.F.);
#5490=ORIENTED_EDGE('',*,*,#4018,.F.);
#5491=ORIENTED_EDGE('',*,*,#4011,.F.);
#5492=ORIENTED_EDGE('',*,*,#4019,.T.);
#5493=ORIENTED_EDGE('',*,*,#3629,.F.);
#5494=ORIENTED_EDGE('',*,*,#4019,.F.);
#5495=ORIENTED_EDGE('',*,*,#4009,.F.);
#5496=ORIENTED_EDGE('',*,*,#4020,.T.);
#5497=ORIENTED_EDGE('',*,*,#4021,.T.);
#5498=ORIENTED_EDGE('',*,*,#4022,.T.);
#5499=ORIENTED_EDGE('',*,*,#4023,.T.);
#5500=ORIENTED_EDGE('',*,*,#4022,.F.);
#5501=ORIENTED_EDGE('',*,*,#4024,.T.);
#5502=ORIENTED_EDGE('',*,*,#4025,.T.);
#5503=ORIENTED_EDGE('',*,*,#3372,.T.);
#5504=ORIENTED_EDGE('',*,*,#4026,.T.);
#5505=ORIENTED_EDGE('',*,*,#3373,.T.);
#5506=ORIENTED_EDGE('',*,*,#4025,.F.);
#5507=ORIENTED_EDGE('',*,*,#4027,.T.);
#5508=ORIENTED_EDGE('',*,*,#4028,.T.);
#5509=ORIENTED_EDGE('',*,*,#3374,.T.);
#5510=ORIENTED_EDGE('',*,*,#4026,.F.);
#5511=ORIENTED_EDGE('',*,*,#3653,.T.);
#5512=ORIENTED_EDGE('',*,*,#4029,.T.);
#5513=ORIENTED_EDGE('',*,*,#4030,.T.);
#5514=ORIENTED_EDGE('',*,*,#4031,.T.);
#5515=ORIENTED_EDGE('',*,*,#4023,.F.);
#5516=ORIENTED_EDGE('',*,*,#3371,.T.);
#5517=ORIENTED_EDGE('',*,*,#4030,.F.);
#5518=ORIENTED_EDGE('',*,*,#4032,.T.);
#5519=ORIENTED_EDGE('',*,*,#4033,.T.);
#5520=ORIENTED_EDGE('',*,*,#3368,.T.);
#5521=ORIENTED_EDGE('',*,*,#4034,.T.);
#5522=ORIENTED_EDGE('',*,*,#4035,.T.);
#5523=ORIENTED_EDGE('',*,*,#4036,.T.);
#5524=ORIENTED_EDGE('',*,*,#3369,.T.);
#5525=ORIENTED_EDGE('',*,*,#4033,.F.);
#5526=ORIENTED_EDGE('',*,*,#4037,.T.);
#5527=ORIENTED_EDGE('',*,*,#4031,.F.);
#5528=ORIENTED_EDGE('',*,*,#3370,.T.);
#5529=ORIENTED_EDGE('',*,*,#4036,.F.);
#5530=ORIENTED_EDGE('',*,*,#4038,.T.);
#5531=ORIENTED_EDGE('',*,*,#3643,.F.);
#5532=ORIENTED_EDGE('',*,*,#3654,.F.);
#5533=ORIENTED_EDGE('',*,*,#4027,.F.);
#5534=ORIENTED_EDGE('',*,*,#4039,.T.);
#5535=ORIENTED_EDGE('',*,*,#3644,.F.);
#5536=ORIENTED_EDGE('',*,*,#4039,.F.);
#5537=ORIENTED_EDGE('',*,*,#4024,.F.);
#5538=ORIENTED_EDGE('',*,*,#4040,.T.);
#5539=ORIENTED_EDGE('',*,*,#3638,.F.);
#5540=ORIENTED_EDGE('',*,*,#4040,.F.);
#5541=ORIENTED_EDGE('',*,*,#4021,.F.);
#5542=ORIENTED_EDGE('',*,*,#4041,.T.);
#5543=ORIENTED_EDGE('',*,*,#3645,.F.);
#5544=ORIENTED_EDGE('',*,*,#4041,.F.);
#5545=ORIENTED_EDGE('',*,*,#4032,.F.);
#5546=ORIENTED_EDGE('',*,*,#4042,.T.);
#5547=ORIENTED_EDGE('',*,*,#3635,.F.);
#5548=ORIENTED_EDGE('',*,*,#4042,.F.);
#5549=ORIENTED_EDGE('',*,*,#4029,.F.);
#5550=ORIENTED_EDGE('',*,*,#4043,.T.);
#5551=ORIENTED_EDGE('',*,*,#3646,.F.);
#5552=ORIENTED_EDGE('',*,*,#4043,.F.);
#5553=ORIENTED_EDGE('',*,*,#4038,.F.);
#5554=ORIENTED_EDGE('',*,*,#4044,.T.);
#5555=ORIENTED_EDGE('',*,*,#3649,.F.);
#5556=ORIENTED_EDGE('',*,*,#4044,.F.);
#5557=ORIENTED_EDGE('',*,*,#4037,.F.);
#5558=ORIENTED_EDGE('',*,*,#4045,.T.);
#5559=ORIENTED_EDGE('',*,*,#3651,.F.);
#5560=ORIENTED_EDGE('',*,*,#4045,.F.);
#5561=ORIENTED_EDGE('',*,*,#4035,.F.);
#5562=ORIENTED_EDGE('',*,*,#4046,.T.);
#5563=ORIENTED_EDGE('',*,*,#4047,.T.);
#5564=ORIENTED_EDGE('',*,*,#4048,.T.);
#5565=ORIENTED_EDGE('',*,*,#4049,.T.);
#5566=ORIENTED_EDGE('',*,*,#4048,.F.);
#5567=ORIENTED_EDGE('',*,*,#4050,.T.);
#5568=ORIENTED_EDGE('',*,*,#4051,.T.);
#5569=ORIENTED_EDGE('',*,*,#3364,.T.);
#5570=ORIENTED_EDGE('',*,*,#4052,.T.);
#5571=ORIENTED_EDGE('',*,*,#3365,.T.);
#5572=ORIENTED_EDGE('',*,*,#4051,.F.);
#5573=ORIENTED_EDGE('',*,*,#4053,.T.);
#5574=ORIENTED_EDGE('',*,*,#4054,.T.);
#5575=ORIENTED_EDGE('',*,*,#3366,.T.);
#5576=ORIENTED_EDGE('',*,*,#4052,.F.);
#5577=ORIENTED_EDGE('',*,*,#3675,.T.);
#5578=ORIENTED_EDGE('',*,*,#4055,.T.);
#5579=ORIENTED_EDGE('',*,*,#4056,.T.);
#5580=ORIENTED_EDGE('',*,*,#4057,.T.);
#5581=ORIENTED_EDGE('',*,*,#4049,.F.);
#5582=ORIENTED_EDGE('',*,*,#3363,.T.);
#5583=ORIENTED_EDGE('',*,*,#4056,.F.);
#5584=ORIENTED_EDGE('',*,*,#4058,.T.);
#5585=ORIENTED_EDGE('',*,*,#4059,.T.);
#5586=ORIENTED_EDGE('',*,*,#3360,.T.);
#5587=ORIENTED_EDGE('',*,*,#4060,.T.);
#5588=ORIENTED_EDGE('',*,*,#4061,.T.);
#5589=ORIENTED_EDGE('',*,*,#4062,.T.);
#5590=ORIENTED_EDGE('',*,*,#3361,.T.);
#5591=ORIENTED_EDGE('',*,*,#4059,.F.);
#5592=ORIENTED_EDGE('',*,*,#4063,.T.);
#5593=ORIENTED_EDGE('',*,*,#4057,.F.);
#5594=ORIENTED_EDGE('',*,*,#3362,.T.);
#5595=ORIENTED_EDGE('',*,*,#4062,.F.);
#5596=ORIENTED_EDGE('',*,*,#4064,.T.);
#5597=ORIENTED_EDGE('',*,*,#3665,.F.);
#5598=ORIENTED_EDGE('',*,*,#3676,.F.);
#5599=ORIENTED_EDGE('',*,*,#4053,.F.);
#5600=ORIENTED_EDGE('',*,*,#4065,.T.);
#5601=ORIENTED_EDGE('',*,*,#3666,.F.);
#5602=ORIENTED_EDGE('',*,*,#4065,.F.);
#5603=ORIENTED_EDGE('',*,*,#4050,.F.);
#5604=ORIENTED_EDGE('',*,*,#4066,.T.);
#5605=ORIENTED_EDGE('',*,*,#3660,.F.);
#5606=ORIENTED_EDGE('',*,*,#4066,.F.);
#5607=ORIENTED_EDGE('',*,*,#4047,.F.);
#5608=ORIENTED_EDGE('',*,*,#4067,.T.);
#5609=ORIENTED_EDGE('',*,*,#3667,.F.);
#5610=ORIENTED_EDGE('',*,*,#4067,.F.);
#5611=ORIENTED_EDGE('',*,*,#4058,.F.);
#5612=ORIENTED_EDGE('',*,*,#4068,.T.);
#5613=ORIENTED_EDGE('',*,*,#3657,.F.);
#5614=ORIENTED_EDGE('',*,*,#4068,.F.);
#5615=ORIENTED_EDGE('',*,*,#4055,.F.);
#5616=ORIENTED_EDGE('',*,*,#4069,.T.);
#5617=ORIENTED_EDGE('',*,*,#3668,.F.);
#5618=ORIENTED_EDGE('',*,*,#4069,.F.);
#5619=ORIENTED_EDGE('',*,*,#4064,.F.);
#5620=ORIENTED_EDGE('',*,*,#4070,.T.);
#5621=ORIENTED_EDGE('',*,*,#3671,.F.);
#5622=ORIENTED_EDGE('',*,*,#4070,.F.);
#5623=ORIENTED_EDGE('',*,*,#4063,.F.);
#5624=ORIENTED_EDGE('',*,*,#4071,.T.);
#5625=ORIENTED_EDGE('',*,*,#3673,.F.);
#5626=ORIENTED_EDGE('',*,*,#4071,.F.);
#5627=ORIENTED_EDGE('',*,*,#4061,.F.);
#5628=ORIENTED_EDGE('',*,*,#4072,.T.);
#5629=ORIENTED_EDGE('',*,*,#4073,.T.);
#5630=ORIENTED_EDGE('',*,*,#4074,.T.);
#5631=ORIENTED_EDGE('',*,*,#4075,.T.);
#5632=ORIENTED_EDGE('',*,*,#4074,.F.);
#5633=ORIENTED_EDGE('',*,*,#4076,.T.);
#5634=ORIENTED_EDGE('',*,*,#4077,.T.);
#5635=ORIENTED_EDGE('',*,*,#3356,.T.);
#5636=ORIENTED_EDGE('',*,*,#4078,.T.);
#5637=ORIENTED_EDGE('',*,*,#3357,.T.);
#5638=ORIENTED_EDGE('',*,*,#4077,.F.);
#5639=ORIENTED_EDGE('',*,*,#4079,.T.);
#5640=ORIENTED_EDGE('',*,*,#4080,.T.);
#5641=ORIENTED_EDGE('',*,*,#3358,.T.);
#5642=ORIENTED_EDGE('',*,*,#4078,.F.);
#5643=ORIENTED_EDGE('',*,*,#3697,.T.);
#5644=ORIENTED_EDGE('',*,*,#4081,.T.);
#5645=ORIENTED_EDGE('',*,*,#4082,.T.);
#5646=ORIENTED_EDGE('',*,*,#4083,.T.);
#5647=ORIENTED_EDGE('',*,*,#4075,.F.);
#5648=ORIENTED_EDGE('',*,*,#3355,.T.);
#5649=ORIENTED_EDGE('',*,*,#4082,.F.);
#5650=ORIENTED_EDGE('',*,*,#4084,.T.);
#5651=ORIENTED_EDGE('',*,*,#4085,.T.);
#5652=ORIENTED_EDGE('',*,*,#3352,.T.);
#5653=ORIENTED_EDGE('',*,*,#4086,.T.);
#5654=ORIENTED_EDGE('',*,*,#4087,.T.);
#5655=ORIENTED_EDGE('',*,*,#4088,.T.);
#5656=ORIENTED_EDGE('',*,*,#3353,.T.);
#5657=ORIENTED_EDGE('',*,*,#4085,.F.);
#5658=ORIENTED_EDGE('',*,*,#4089,.T.);
#5659=ORIENTED_EDGE('',*,*,#4083,.F.);
#5660=ORIENTED_EDGE('',*,*,#3354,.T.);
#5661=ORIENTED_EDGE('',*,*,#4088,.F.);
#5662=ORIENTED_EDGE('',*,*,#4090,.T.);
#5663=ORIENTED_EDGE('',*,*,#3687,.F.);
#5664=ORIENTED_EDGE('',*,*,#3698,.F.);
#5665=ORIENTED_EDGE('',*,*,#4079,.F.);
#5666=ORIENTED_EDGE('',*,*,#4091,.T.);
#5667=ORIENTED_EDGE('',*,*,#3688,.F.);
#5668=ORIENTED_EDGE('',*,*,#4091,.F.);
#5669=ORIENTED_EDGE('',*,*,#4076,.F.);
#5670=ORIENTED_EDGE('',*,*,#4092,.T.);
#5671=ORIENTED_EDGE('',*,*,#3682,.F.);
#5672=ORIENTED_EDGE('',*,*,#4092,.F.);
#5673=ORIENTED_EDGE('',*,*,#4073,.F.);
#5674=ORIENTED_EDGE('',*,*,#4093,.T.);
#5675=ORIENTED_EDGE('',*,*,#3689,.F.);
#5676=ORIENTED_EDGE('',*,*,#4093,.F.);
#5677=ORIENTED_EDGE('',*,*,#4084,.F.);
#5678=ORIENTED_EDGE('',*,*,#4094,.T.);
#5679=ORIENTED_EDGE('',*,*,#3679,.F.);
#5680=ORIENTED_EDGE('',*,*,#4094,.F.);
#5681=ORIENTED_EDGE('',*,*,#4081,.F.);
#5682=ORIENTED_EDGE('',*,*,#4095,.T.);
#5683=ORIENTED_EDGE('',*,*,#3690,.F.);
#5684=ORIENTED_EDGE('',*,*,#4095,.F.);
#5685=ORIENTED_EDGE('',*,*,#4090,.F.);
#5686=ORIENTED_EDGE('',*,*,#4096,.T.);
#5687=ORIENTED_EDGE('',*,*,#3693,.F.);
#5688=ORIENTED_EDGE('',*,*,#4096,.F.);
#5689=ORIENTED_EDGE('',*,*,#4089,.F.);
#5690=ORIENTED_EDGE('',*,*,#4097,.T.);
#5691=ORIENTED_EDGE('',*,*,#3695,.F.);
#5692=ORIENTED_EDGE('',*,*,#4097,.F.);
#5693=ORIENTED_EDGE('',*,*,#4087,.F.);
#5694=ORIENTED_EDGE('',*,*,#4098,.T.);
#5695=ORIENTED_EDGE('',*,*,#4099,.T.);
#5696=ORIENTED_EDGE('',*,*,#4100,.T.);
#5697=ORIENTED_EDGE('',*,*,#4101,.T.);
#5698=ORIENTED_EDGE('',*,*,#4100,.F.);
#5699=ORIENTED_EDGE('',*,*,#4102,.T.);
#5700=ORIENTED_EDGE('',*,*,#4103,.T.);
#5701=ORIENTED_EDGE('',*,*,#3348,.T.);
#5702=ORIENTED_EDGE('',*,*,#4104,.T.);
#5703=ORIENTED_EDGE('',*,*,#3349,.T.);
#5704=ORIENTED_EDGE('',*,*,#4103,.F.);
#5705=ORIENTED_EDGE('',*,*,#4105,.T.);
#5706=ORIENTED_EDGE('',*,*,#4106,.T.);
#5707=ORIENTED_EDGE('',*,*,#3350,.T.);
#5708=ORIENTED_EDGE('',*,*,#4104,.F.);
#5709=ORIENTED_EDGE('',*,*,#3719,.T.);
#5710=ORIENTED_EDGE('',*,*,#4107,.T.);
#5711=ORIENTED_EDGE('',*,*,#4108,.T.);
#5712=ORIENTED_EDGE('',*,*,#4109,.T.);
#5713=ORIENTED_EDGE('',*,*,#4101,.F.);
#5714=ORIENTED_EDGE('',*,*,#3347,.T.);
#5715=ORIENTED_EDGE('',*,*,#4108,.F.);
#5716=ORIENTED_EDGE('',*,*,#4110,.T.);
#5717=ORIENTED_EDGE('',*,*,#4111,.T.);
#5718=ORIENTED_EDGE('',*,*,#3344,.T.);
#5719=ORIENTED_EDGE('',*,*,#4112,.T.);
#5720=ORIENTED_EDGE('',*,*,#4113,.T.);
#5721=ORIENTED_EDGE('',*,*,#4114,.T.);
#5722=ORIENTED_EDGE('',*,*,#3345,.T.);
#5723=ORIENTED_EDGE('',*,*,#4111,.F.);
#5724=ORIENTED_EDGE('',*,*,#4115,.T.);
#5725=ORIENTED_EDGE('',*,*,#4109,.F.);
#5726=ORIENTED_EDGE('',*,*,#3346,.T.);
#5727=ORIENTED_EDGE('',*,*,#4114,.F.);
#5728=ORIENTED_EDGE('',*,*,#4116,.T.);
#5729=ORIENTED_EDGE('',*,*,#3709,.F.);
#5730=ORIENTED_EDGE('',*,*,#3720,.F.);
#5731=ORIENTED_EDGE('',*,*,#4105,.F.);
#5732=ORIENTED_EDGE('',*,*,#4117,.T.);
#5733=ORIENTED_EDGE('',*,*,#3710,.F.);
#5734=ORIENTED_EDGE('',*,*,#4117,.F.);
#5735=ORIENTED_EDGE('',*,*,#4102,.F.);
#5736=ORIENTED_EDGE('',*,*,#4118,.T.);
#5737=ORIENTED_EDGE('',*,*,#3704,.F.);
#5738=ORIENTED_EDGE('',*,*,#4118,.F.);
#5739=ORIENTED_EDGE('',*,*,#4099,.F.);
#5740=ORIENTED_EDGE('',*,*,#4119,.T.);
#5741=ORIENTED_EDGE('',*,*,#3711,.F.);
#5742=ORIENTED_EDGE('',*,*,#4119,.F.);
#5743=ORIENTED_EDGE('',*,*,#4110,.F.);
#5744=ORIENTED_EDGE('',*,*,#4120,.T.);
#5745=ORIENTED_EDGE('',*,*,#3701,.F.);
#5746=ORIENTED_EDGE('',*,*,#4120,.F.);
#5747=ORIENTED_EDGE('',*,*,#4107,.F.);
#5748=ORIENTED_EDGE('',*,*,#4121,.T.);
#5749=ORIENTED_EDGE('',*,*,#3712,.F.);
#5750=ORIENTED_EDGE('',*,*,#4121,.F.);
#5751=ORIENTED_EDGE('',*,*,#4116,.F.);
#5752=ORIENTED_EDGE('',*,*,#4122,.T.);
#5753=ORIENTED_EDGE('',*,*,#3715,.F.);
#5754=ORIENTED_EDGE('',*,*,#4122,.F.);
#5755=ORIENTED_EDGE('',*,*,#4115,.F.);
#5756=ORIENTED_EDGE('',*,*,#4123,.T.);
#5757=ORIENTED_EDGE('',*,*,#3717,.F.);
#5758=ORIENTED_EDGE('',*,*,#4123,.F.);
#5759=ORIENTED_EDGE('',*,*,#4113,.F.);
#5760=ORIENTED_EDGE('',*,*,#4124,.T.);
#5761=ORIENTED_EDGE('',*,*,#4125,.T.);
#5762=ORIENTED_EDGE('',*,*,#4126,.T.);
#5763=ORIENTED_EDGE('',*,*,#4127,.T.);
#5764=ORIENTED_EDGE('',*,*,#4126,.F.);
#5765=ORIENTED_EDGE('',*,*,#4128,.T.);
#5766=ORIENTED_EDGE('',*,*,#4129,.T.);
#5767=ORIENTED_EDGE('',*,*,#3340,.T.);
#5768=ORIENTED_EDGE('',*,*,#4130,.T.);
#5769=ORIENTED_EDGE('',*,*,#3341,.T.);
#5770=ORIENTED_EDGE('',*,*,#4129,.F.);
#5771=ORIENTED_EDGE('',*,*,#4131,.T.);
#5772=ORIENTED_EDGE('',*,*,#4132,.T.);
#5773=ORIENTED_EDGE('',*,*,#3342,.T.);
#5774=ORIENTED_EDGE('',*,*,#4130,.F.);
#5775=ORIENTED_EDGE('',*,*,#3741,.T.);
#5776=ORIENTED_EDGE('',*,*,#4133,.T.);
#5777=ORIENTED_EDGE('',*,*,#4134,.T.);
#5778=ORIENTED_EDGE('',*,*,#4135,.T.);
#5779=ORIENTED_EDGE('',*,*,#4127,.F.);
#5780=ORIENTED_EDGE('',*,*,#3339,.T.);
#5781=ORIENTED_EDGE('',*,*,#4134,.F.);
#5782=ORIENTED_EDGE('',*,*,#4136,.T.);
#5783=ORIENTED_EDGE('',*,*,#4137,.T.);
#5784=ORIENTED_EDGE('',*,*,#3336,.T.);
#5785=ORIENTED_EDGE('',*,*,#4138,.T.);
#5786=ORIENTED_EDGE('',*,*,#4139,.T.);
#5787=ORIENTED_EDGE('',*,*,#4140,.T.);
#5788=ORIENTED_EDGE('',*,*,#3337,.T.);
#5789=ORIENTED_EDGE('',*,*,#4137,.F.);
#5790=ORIENTED_EDGE('',*,*,#4141,.T.);
#5791=ORIENTED_EDGE('',*,*,#4135,.F.);
#5792=ORIENTED_EDGE('',*,*,#3338,.T.);
#5793=ORIENTED_EDGE('',*,*,#4140,.F.);
#5794=ORIENTED_EDGE('',*,*,#4142,.T.);
#5795=ORIENTED_EDGE('',*,*,#3731,.F.);
#5796=ORIENTED_EDGE('',*,*,#3742,.F.);
#5797=ORIENTED_EDGE('',*,*,#4131,.F.);
#5798=ORIENTED_EDGE('',*,*,#4143,.T.);
#5799=ORIENTED_EDGE('',*,*,#3732,.F.);
#5800=ORIENTED_EDGE('',*,*,#4143,.F.);
#5801=ORIENTED_EDGE('',*,*,#4128,.F.);
#5802=ORIENTED_EDGE('',*,*,#4144,.T.);
#5803=ORIENTED_EDGE('',*,*,#3726,.F.);
#5804=ORIENTED_EDGE('',*,*,#4144,.F.);
#5805=ORIENTED_EDGE('',*,*,#4125,.F.);
#5806=ORIENTED_EDGE('',*,*,#4145,.T.);
#5807=ORIENTED_EDGE('',*,*,#3733,.F.);
#5808=ORIENTED_EDGE('',*,*,#4145,.F.);
#5809=ORIENTED_EDGE('',*,*,#4136,.F.);
#5810=ORIENTED_EDGE('',*,*,#4146,.T.);
#5811=ORIENTED_EDGE('',*,*,#3723,.F.);
#5812=ORIENTED_EDGE('',*,*,#4146,.F.);
#5813=ORIENTED_EDGE('',*,*,#4133,.F.);
#5814=ORIENTED_EDGE('',*,*,#4147,.T.);
#5815=ORIENTED_EDGE('',*,*,#3734,.F.);
#5816=ORIENTED_EDGE('',*,*,#4147,.F.);
#5817=ORIENTED_EDGE('',*,*,#4142,.F.);
#5818=ORIENTED_EDGE('',*,*,#4148,.T.);
#5819=ORIENTED_EDGE('',*,*,#3737,.F.);
#5820=ORIENTED_EDGE('',*,*,#4148,.F.);
#5821=ORIENTED_EDGE('',*,*,#4141,.F.);
#5822=ORIENTED_EDGE('',*,*,#4149,.T.);
#5823=ORIENTED_EDGE('',*,*,#3739,.F.);
#5824=ORIENTED_EDGE('',*,*,#4149,.F.);
#5825=ORIENTED_EDGE('',*,*,#4139,.F.);
#5826=ORIENTED_EDGE('',*,*,#4150,.T.);
#5827=ORIENTED_EDGE('',*,*,#4151,.T.);
#5828=ORIENTED_EDGE('',*,*,#4152,.T.);
#5829=ORIENTED_EDGE('',*,*,#4153,.T.);
#5830=ORIENTED_EDGE('',*,*,#4152,.F.);
#5831=ORIENTED_EDGE('',*,*,#3330,.T.);
#5832=ORIENTED_EDGE('',*,*,#4154,.T.);
#5833=ORIENTED_EDGE('',*,*,#4155,.T.);
#5834=ORIENTED_EDGE('',*,*,#4156,.T.);
#5835=ORIENTED_EDGE('',*,*,#4157,.T.);
#5836=ORIENTED_EDGE('',*,*,#4154,.F.);
#5837=ORIENTED_EDGE('',*,*,#3329,.T.);
#5838=ORIENTED_EDGE('',*,*,#4158,.T.);
#5839=ORIENTED_EDGE('',*,*,#4159,.T.);
#5840=ORIENTED_EDGE('',*,*,#4156,.F.);
#5841=ORIENTED_EDGE('',*,*,#3328,.T.);
#5842=ORIENTED_EDGE('',*,*,#4160,.T.);
#5843=ORIENTED_EDGE('',*,*,#4161,.T.);
#5844=ORIENTED_EDGE('',*,*,#4162,.T.);
#5845=ORIENTED_EDGE('',*,*,#4151,.F.);
#5846=ORIENTED_EDGE('',*,*,#4163,.T.);
#5847=ORIENTED_EDGE('',*,*,#4161,.F.);
#5848=ORIENTED_EDGE('',*,*,#3331,.T.);
#5849=ORIENTED_EDGE('',*,*,#4164,.T.);
#5850=ORIENTED_EDGE('',*,*,#3763,.T.);
#5851=ORIENTED_EDGE('',*,*,#4165,.T.);
#5852=ORIENTED_EDGE('',*,*,#3334,.T.);
#5853=ORIENTED_EDGE('',*,*,#4166,.T.);
#5854=ORIENTED_EDGE('',*,*,#4167,.T.);
#5855=ORIENTED_EDGE('',*,*,#4164,.F.);
#5856=ORIENTED_EDGE('',*,*,#3333,.T.);
#5857=ORIENTED_EDGE('',*,*,#4160,.F.);
#5858=ORIENTED_EDGE('',*,*,#4168,.T.);
#5859=ORIENTED_EDGE('',*,*,#4166,.F.);
#5860=ORIENTED_EDGE('',*,*,#3332,.T.);
#5861=ORIENTED_EDGE('',*,*,#3761,.F.);
#5862=ORIENTED_EDGE('',*,*,#4169,.F.);
#5863=ORIENTED_EDGE('',*,*,#4159,.F.);
#5864=ORIENTED_EDGE('',*,*,#4170,.T.);
#5865=ORIENTED_EDGE('',*,*,#4171,.T.);
#5866=ORIENTED_EDGE('',*,*,#4172,.T.);
#5867=ORIENTED_EDGE('',*,*,#4173,.T.);
#5868=ORIENTED_EDGE('',*,*,#4172,.F.);
#5869=ORIENTED_EDGE('',*,*,#3322,.T.);
#5870=ORIENTED_EDGE('',*,*,#4174,.T.);
#5871=ORIENTED_EDGE('',*,*,#4175,.T.);
#5872=ORIENTED_EDGE('',*,*,#4176,.T.);
#5873=ORIENTED_EDGE('',*,*,#4177,.T.);
#5874=ORIENTED_EDGE('',*,*,#4174,.F.);
#5875=ORIENTED_EDGE('',*,*,#3321,.T.);
#5876=ORIENTED_EDGE('',*,*,#4178,.T.);
#5877=ORIENTED_EDGE('',*,*,#4179,.T.);
#5878=ORIENTED_EDGE('',*,*,#4176,.F.);
#5879=ORIENTED_EDGE('',*,*,#3320,.T.);
#5880=ORIENTED_EDGE('',*,*,#4180,.T.);
#5881=ORIENTED_EDGE('',*,*,#4181,.T.);
#5882=ORIENTED_EDGE('',*,*,#4182,.T.);
#5883=ORIENTED_EDGE('',*,*,#4171,.F.);
#5884=ORIENTED_EDGE('',*,*,#4183,.T.);
#5885=ORIENTED_EDGE('',*,*,#4181,.F.);
#5886=ORIENTED_EDGE('',*,*,#3323,.T.);
#5887=ORIENTED_EDGE('',*,*,#4184,.T.);
#5888=ORIENTED_EDGE('',*,*,#3785,.T.);
#5889=ORIENTED_EDGE('',*,*,#4185,.T.);
#5890=ORIENTED_EDGE('',*,*,#3326,.T.);
#5891=ORIENTED_EDGE('',*,*,#4186,.T.);
#5892=ORIENTED_EDGE('',*,*,#4187,.T.);
#5893=ORIENTED_EDGE('',*,*,#4184,.F.);
#5894=ORIENTED_EDGE('',*,*,#3325,.T.);
#5895=ORIENTED_EDGE('',*,*,#4180,.F.);
#5896=ORIENTED_EDGE('',*,*,#4188,.T.);
#5897=ORIENTED_EDGE('',*,*,#4186,.F.);
#5898=ORIENTED_EDGE('',*,*,#3324,.T.);
#5899=ORIENTED_EDGE('',*,*,#3783,.F.);
#5900=ORIENTED_EDGE('',*,*,#4189,.F.);
#5901=ORIENTED_EDGE('',*,*,#4179,.F.);
#5902=ORIENTED_EDGE('',*,*,#4190,.T.);
#5903=ORIENTED_EDGE('',*,*,#4191,.T.);
#5904=ORIENTED_EDGE('',*,*,#4192,.T.);
#5905=ORIENTED_EDGE('',*,*,#4193,.T.);
#5906=ORIENTED_EDGE('',*,*,#4192,.F.);
#5907=ORIENTED_EDGE('',*,*,#4194,.T.);
#5908=ORIENTED_EDGE('',*,*,#4195,.T.);
#5909=ORIENTED_EDGE('',*,*,#3316,.T.);
#5910=ORIENTED_EDGE('',*,*,#4196,.T.);
#5911=ORIENTED_EDGE('',*,*,#3317,.T.);
#5912=ORIENTED_EDGE('',*,*,#4195,.F.);
#5913=ORIENTED_EDGE('',*,*,#4197,.T.);
#5914=ORIENTED_EDGE('',*,*,#4198,.T.);
#5915=ORIENTED_EDGE('',*,*,#3318,.T.);
#5916=ORIENTED_EDGE('',*,*,#4196,.F.);
#5917=ORIENTED_EDGE('',*,*,#3807,.T.);
#5918=ORIENTED_EDGE('',*,*,#4199,.T.);
#5919=ORIENTED_EDGE('',*,*,#4200,.T.);
#5920=ORIENTED_EDGE('',*,*,#4201,.T.);
#5921=ORIENTED_EDGE('',*,*,#4193,.F.);
#5922=ORIENTED_EDGE('',*,*,#3315,.T.);
#5923=ORIENTED_EDGE('',*,*,#4200,.F.);
#5924=ORIENTED_EDGE('',*,*,#4202,.T.);
#5925=ORIENTED_EDGE('',*,*,#4203,.T.);
#5926=ORIENTED_EDGE('',*,*,#3312,.T.);
#5927=ORIENTED_EDGE('',*,*,#4204,.T.);
#5928=ORIENTED_EDGE('',*,*,#4205,.T.);
#5929=ORIENTED_EDGE('',*,*,#4206,.T.);
#5930=ORIENTED_EDGE('',*,*,#3313,.T.);
#5931=ORIENTED_EDGE('',*,*,#4203,.F.);
#5932=ORIENTED_EDGE('',*,*,#4207,.T.);
#5933=ORIENTED_EDGE('',*,*,#4201,.F.);
#5934=ORIENTED_EDGE('',*,*,#3314,.T.);
#5935=ORIENTED_EDGE('',*,*,#4206,.F.);
#5936=ORIENTED_EDGE('',*,*,#4208,.T.);
#5937=ORIENTED_EDGE('',*,*,#3797,.F.);
#5938=ORIENTED_EDGE('',*,*,#3808,.F.);
#5939=ORIENTED_EDGE('',*,*,#4197,.F.);
#5940=ORIENTED_EDGE('',*,*,#4209,.T.);
#5941=ORIENTED_EDGE('',*,*,#3798,.F.);
#5942=ORIENTED_EDGE('',*,*,#4209,.F.);
#5943=ORIENTED_EDGE('',*,*,#4194,.F.);
#5944=ORIENTED_EDGE('',*,*,#4210,.T.);
#5945=ORIENTED_EDGE('',*,*,#3792,.F.);
#5946=ORIENTED_EDGE('',*,*,#4210,.F.);
#5947=ORIENTED_EDGE('',*,*,#4191,.F.);
#5948=ORIENTED_EDGE('',*,*,#4211,.T.);
#5949=ORIENTED_EDGE('',*,*,#3799,.F.);
#5950=ORIENTED_EDGE('',*,*,#4211,.F.);
#5951=ORIENTED_EDGE('',*,*,#4202,.F.);
#5952=ORIENTED_EDGE('',*,*,#4212,.T.);
#5953=ORIENTED_EDGE('',*,*,#3789,.F.);
#5954=ORIENTED_EDGE('',*,*,#4212,.F.);
#5955=ORIENTED_EDGE('',*,*,#4199,.F.);
#5956=ORIENTED_EDGE('',*,*,#4213,.T.);
#5957=ORIENTED_EDGE('',*,*,#3800,.F.);
#5958=ORIENTED_EDGE('',*,*,#4213,.F.);
#5959=ORIENTED_EDGE('',*,*,#4208,.F.);
#5960=ORIENTED_EDGE('',*,*,#4214,.T.);
#5961=ORIENTED_EDGE('',*,*,#3803,.F.);
#5962=ORIENTED_EDGE('',*,*,#4214,.F.);
#5963=ORIENTED_EDGE('',*,*,#4207,.F.);
#5964=ORIENTED_EDGE('',*,*,#4215,.T.);
#5965=ORIENTED_EDGE('',*,*,#3805,.F.);
#5966=ORIENTED_EDGE('',*,*,#4215,.F.);
#5967=ORIENTED_EDGE('',*,*,#4205,.F.);
#5968=ORIENTED_EDGE('',*,*,#4216,.T.);
#5969=ORIENTED_EDGE('',*,*,#4217,.T.);
#5970=ORIENTED_EDGE('',*,*,#4218,.T.);
#5971=ORIENTED_EDGE('',*,*,#4219,.T.);
#5972=ORIENTED_EDGE('',*,*,#4218,.F.);
#5973=ORIENTED_EDGE('',*,*,#4220,.T.);
#5974=ORIENTED_EDGE('',*,*,#4221,.T.);
#5975=ORIENTED_EDGE('',*,*,#3308,.T.);
#5976=ORIENTED_EDGE('',*,*,#4222,.T.);
#5977=ORIENTED_EDGE('',*,*,#3309,.T.);
#5978=ORIENTED_EDGE('',*,*,#4221,.F.);
#5979=ORIENTED_EDGE('',*,*,#4223,.T.);
#5980=ORIENTED_EDGE('',*,*,#4224,.T.);
#5981=ORIENTED_EDGE('',*,*,#3310,.T.);
#5982=ORIENTED_EDGE('',*,*,#4222,.F.);
#5983=ORIENTED_EDGE('',*,*,#3829,.T.);
#5984=ORIENTED_EDGE('',*,*,#4225,.T.);
#5985=ORIENTED_EDGE('',*,*,#4226,.T.);
#5986=ORIENTED_EDGE('',*,*,#4227,.T.);
#5987=ORIENTED_EDGE('',*,*,#4219,.F.);
#5988=ORIENTED_EDGE('',*,*,#3307,.T.);
#5989=ORIENTED_EDGE('',*,*,#4226,.F.);
#5990=ORIENTED_EDGE('',*,*,#4228,.T.);
#5991=ORIENTED_EDGE('',*,*,#4229,.T.);
#5992=ORIENTED_EDGE('',*,*,#3304,.T.);
#5993=ORIENTED_EDGE('',*,*,#4230,.T.);
#5994=ORIENTED_EDGE('',*,*,#4231,.T.);
#5995=ORIENTED_EDGE('',*,*,#4232,.T.);
#5996=ORIENTED_EDGE('',*,*,#3305,.T.);
#5997=ORIENTED_EDGE('',*,*,#4229,.F.);
#5998=ORIENTED_EDGE('',*,*,#4233,.T.);
#5999=ORIENTED_EDGE('',*,*,#4227,.F.);
#6000=ORIENTED_EDGE('',*,*,#3306,.T.);
#6001=ORIENTED_EDGE('',*,*,#4232,.F.);
#6002=ORIENTED_EDGE('',*,*,#4234,.T.);
#6003=ORIENTED_EDGE('',*,*,#3819,.F.);
#6004=ORIENTED_EDGE('',*,*,#3830,.F.);
#6005=ORIENTED_EDGE('',*,*,#4223,.F.);
#6006=ORIENTED_EDGE('',*,*,#4235,.T.);
#6007=ORIENTED_EDGE('',*,*,#3820,.F.);
#6008=ORIENTED_EDGE('',*,*,#4235,.F.);
#6009=ORIENTED_EDGE('',*,*,#4220,.F.);
#6010=ORIENTED_EDGE('',*,*,#4236,.T.);
#6011=ORIENTED_EDGE('',*,*,#3814,.F.);
#6012=ORIENTED_EDGE('',*,*,#4236,.F.);
#6013=ORIENTED_EDGE('',*,*,#4217,.F.);
#6014=ORIENTED_EDGE('',*,*,#4237,.T.);
#6015=ORIENTED_EDGE('',*,*,#3821,.F.);
#6016=ORIENTED_EDGE('',*,*,#4237,.F.);
#6017=ORIENTED_EDGE('',*,*,#4228,.F.);
#6018=ORIENTED_EDGE('',*,*,#4238,.T.);
#6019=ORIENTED_EDGE('',*,*,#3811,.F.);
#6020=ORIENTED_EDGE('',*,*,#4238,.F.);
#6021=ORIENTED_EDGE('',*,*,#4225,.F.);
#6022=ORIENTED_EDGE('',*,*,#4239,.T.);
#6023=ORIENTED_EDGE('',*,*,#3822,.F.);
#6024=ORIENTED_EDGE('',*,*,#4239,.F.);
#6025=ORIENTED_EDGE('',*,*,#4234,.F.);
#6026=ORIENTED_EDGE('',*,*,#4240,.T.);
#6027=ORIENTED_EDGE('',*,*,#3825,.F.);
#6028=ORIENTED_EDGE('',*,*,#4240,.F.);
#6029=ORIENTED_EDGE('',*,*,#4233,.F.);
#6030=ORIENTED_EDGE('',*,*,#4241,.T.);
#6031=ORIENTED_EDGE('',*,*,#3827,.F.);
#6032=ORIENTED_EDGE('',*,*,#4241,.F.);
#6033=ORIENTED_EDGE('',*,*,#4231,.F.);
#6034=ORIENTED_EDGE('',*,*,#4242,.T.);
#6035=ORIENTED_EDGE('',*,*,#4243,.T.);
#6036=ORIENTED_EDGE('',*,*,#4244,.T.);
#6037=ORIENTED_EDGE('',*,*,#4245,.T.);
#6038=ORIENTED_EDGE('',*,*,#4244,.F.);
#6039=ORIENTED_EDGE('',*,*,#3298,.T.);
#6040=ORIENTED_EDGE('',*,*,#4246,.T.);
#6041=ORIENTED_EDGE('',*,*,#4247,.T.);
#6042=ORIENTED_EDGE('',*,*,#4248,.T.);
#6043=ORIENTED_EDGE('',*,*,#4249,.T.);
#6044=ORIENTED_EDGE('',*,*,#4246,.F.);
#6045=ORIENTED_EDGE('',*,*,#3297,.T.);
#6046=ORIENTED_EDGE('',*,*,#4250,.T.);
#6047=ORIENTED_EDGE('',*,*,#4251,.T.);
#6048=ORIENTED_EDGE('',*,*,#4248,.F.);
#6049=ORIENTED_EDGE('',*,*,#3296,.T.);
#6050=ORIENTED_EDGE('',*,*,#4252,.T.);
#6051=ORIENTED_EDGE('',*,*,#4253,.T.);
#6052=ORIENTED_EDGE('',*,*,#4254,.T.);
#6053=ORIENTED_EDGE('',*,*,#4243,.F.);
#6054=ORIENTED_EDGE('',*,*,#4255,.T.);
#6055=ORIENTED_EDGE('',*,*,#4253,.F.);
#6056=ORIENTED_EDGE('',*,*,#3299,.T.);
#6057=ORIENTED_EDGE('',*,*,#4256,.T.);
#6058=ORIENTED_EDGE('',*,*,#3851,.T.);
#6059=ORIENTED_EDGE('',*,*,#4257,.T.);
#6060=ORIENTED_EDGE('',*,*,#3302,.T.);
#6061=ORIENTED_EDGE('',*,*,#4258,.T.);
#6062=ORIENTED_EDGE('',*,*,#4259,.T.);
#6063=ORIENTED_EDGE('',*,*,#4256,.F.);
#6064=ORIENTED_EDGE('',*,*,#3301,.T.);
#6065=ORIENTED_EDGE('',*,*,#4252,.F.);
#6066=ORIENTED_EDGE('',*,*,#4260,.T.);
#6067=ORIENTED_EDGE('',*,*,#4258,.F.);
#6068=ORIENTED_EDGE('',*,*,#3300,.T.);
#6069=ORIENTED_EDGE('',*,*,#3849,.F.);
#6070=ORIENTED_EDGE('',*,*,#4261,.F.);
#6071=ORIENTED_EDGE('',*,*,#4251,.F.);
#6072=ORIENTED_EDGE('',*,*,#4262,.T.);
#6073=ORIENTED_EDGE('',*,*,#4263,.T.);
#6074=ORIENTED_EDGE('',*,*,#4264,.T.);
#6075=ORIENTED_EDGE('',*,*,#4265,.T.);
#6076=ORIENTED_EDGE('',*,*,#4264,.F.);
#6077=ORIENTED_EDGE('',*,*,#4266,.T.);
#6078=ORIENTED_EDGE('',*,*,#4267,.T.);
#6079=ORIENTED_EDGE('',*,*,#3292,.T.);
#6080=ORIENTED_EDGE('',*,*,#4268,.T.);
#6081=ORIENTED_EDGE('',*,*,#3293,.T.);
#6082=ORIENTED_EDGE('',*,*,#4267,.F.);
#6083=ORIENTED_EDGE('',*,*,#4269,.T.);
#6084=ORIENTED_EDGE('',*,*,#4270,.T.);
#6085=ORIENTED_EDGE('',*,*,#3294,.T.);
#6086=ORIENTED_EDGE('',*,*,#4268,.F.);
#6087=ORIENTED_EDGE('',*,*,#3873,.T.);
#6088=ORIENTED_EDGE('',*,*,#4271,.T.);
#6089=ORIENTED_EDGE('',*,*,#4272,.T.);
#6090=ORIENTED_EDGE('',*,*,#4273,.T.);
#6091=ORIENTED_EDGE('',*,*,#4265,.F.);
#6092=ORIENTED_EDGE('',*,*,#3291,.T.);
#6093=ORIENTED_EDGE('',*,*,#4272,.F.);
#6094=ORIENTED_EDGE('',*,*,#4274,.T.);
#6095=ORIENTED_EDGE('',*,*,#4275,.T.);
#6096=ORIENTED_EDGE('',*,*,#3288,.T.);
#6097=ORIENTED_EDGE('',*,*,#4276,.T.);
#6098=ORIENTED_EDGE('',*,*,#4277,.T.);
#6099=ORIENTED_EDGE('',*,*,#4278,.T.);
#6100=ORIENTED_EDGE('',*,*,#3289,.T.);
#6101=ORIENTED_EDGE('',*,*,#4275,.F.);
#6102=ORIENTED_EDGE('',*,*,#4279,.T.);
#6103=ORIENTED_EDGE('',*,*,#4273,.F.);
#6104=ORIENTED_EDGE('',*,*,#3290,.T.);
#6105=ORIENTED_EDGE('',*,*,#4278,.F.);
#6106=ORIENTED_EDGE('',*,*,#4280,.T.);
#6107=ORIENTED_EDGE('',*,*,#3863,.F.);
#6108=ORIENTED_EDGE('',*,*,#3874,.F.);
#6109=ORIENTED_EDGE('',*,*,#4269,.F.);
#6110=ORIENTED_EDGE('',*,*,#4281,.T.);
#6111=ORIENTED_EDGE('',*,*,#3864,.F.);
#6112=ORIENTED_EDGE('',*,*,#4281,.F.);
#6113=ORIENTED_EDGE('',*,*,#4266,.F.);
#6114=ORIENTED_EDGE('',*,*,#4282,.T.);
#6115=ORIENTED_EDGE('',*,*,#3858,.F.);
#6116=ORIENTED_EDGE('',*,*,#4282,.F.);
#6117=ORIENTED_EDGE('',*,*,#4263,.F.);
#6118=ORIENTED_EDGE('',*,*,#4283,.T.);
#6119=ORIENTED_EDGE('',*,*,#3865,.F.);
#6120=ORIENTED_EDGE('',*,*,#4283,.F.);
#6121=ORIENTED_EDGE('',*,*,#4274,.F.);
#6122=ORIENTED_EDGE('',*,*,#4284,.T.);
#6123=ORIENTED_EDGE('',*,*,#3855,.F.);
#6124=ORIENTED_EDGE('',*,*,#4284,.F.);
#6125=ORIENTED_EDGE('',*,*,#4271,.F.);
#6126=ORIENTED_EDGE('',*,*,#4285,.T.);
#6127=ORIENTED_EDGE('',*,*,#3866,.F.);
#6128=ORIENTED_EDGE('',*,*,#4285,.F.);
#6129=ORIENTED_EDGE('',*,*,#4280,.F.);
#6130=ORIENTED_EDGE('',*,*,#4286,.T.);
#6131=ORIENTED_EDGE('',*,*,#3869,.F.);
#6132=ORIENTED_EDGE('',*,*,#4286,.F.);
#6133=ORIENTED_EDGE('',*,*,#4279,.F.);
#6134=ORIENTED_EDGE('',*,*,#4287,.T.);
#6135=ORIENTED_EDGE('',*,*,#3871,.F.);
#6136=ORIENTED_EDGE('',*,*,#4287,.F.);
#6137=ORIENTED_EDGE('',*,*,#4277,.F.);
#6138=ORIENTED_EDGE('',*,*,#4288,.T.);
#6139=ORIENTED_EDGE('',*,*,#3375,.F.);
#6140=ORIENTED_EDGE('',*,*,#4028,.F.);
#6141=ORIENTED_EDGE('',*,*,#3652,.T.);
#6142=ORIENTED_EDGE('',*,*,#3640,.F.);
#6143=ORIENTED_EDGE('',*,*,#3449,.F.);
#6144=ORIENTED_EDGE('',*,*,#3628,.F.);
#6145=ORIENTED_EDGE('',*,*,#4020,.F.);
#6146=ORIENTED_EDGE('',*,*,#4008,.F.);
#6147=ORIENTED_EDGE('',*,*,#3343,.F.);
#6148=ORIENTED_EDGE('',*,*,#4132,.F.);
#6149=ORIENTED_EDGE('',*,*,#3740,.T.);
#6150=ORIENTED_EDGE('',*,*,#3728,.F.);
#6151=ORIENTED_EDGE('',*,*,#3481,.F.);
#6152=ORIENTED_EDGE('',*,*,#3716,.F.);
#6153=ORIENTED_EDGE('',*,*,#4124,.F.);
#6154=ORIENTED_EDGE('',*,*,#4112,.F.);
#6155=ORIENTED_EDGE('',*,*,#3311,.F.);
#6156=ORIENTED_EDGE('',*,*,#4224,.F.);
#6157=ORIENTED_EDGE('',*,*,#3828,.T.);
#6158=ORIENTED_EDGE('',*,*,#3816,.F.);
#6159=ORIENTED_EDGE('',*,*,#3513,.F.);
#6160=ORIENTED_EDGE('',*,*,#3804,.F.);
#6161=ORIENTED_EDGE('',*,*,#4216,.F.);
#6162=ORIENTED_EDGE('',*,*,#4204,.F.);
#6163=ORIENTED_EDGE('',*,*,#3407,.F.);
#6164=ORIENTED_EDGE('',*,*,#3930,.F.);
#6165=ORIENTED_EDGE('',*,*,#3564,.T.);
#6166=ORIENTED_EDGE('',*,*,#3552,.F.);
#6167=ORIENTED_EDGE('',*,*,#3417,.F.);
#6168=ORIENTED_EDGE('',*,*,#3892,.F.);
#6169=ORIENTED_EDGE('',*,*,#3922,.F.);
#6170=ORIENTED_EDGE('',*,*,#3908,.F.);
#6171=ORIENTED_EDGE('',*,*,#3287,.F.);
#6172=ORIENTED_EDGE('',*,*,#3901,.F.);
#6173=ORIENTED_EDGE('',*,*,#3913,.T.);
#6174=ORIENTED_EDGE('',*,*,#3882,.F.);
#6175=ORIENTED_EDGE('',*,*,#3537,.F.);
#6176=ORIENTED_EDGE('',*,*,#3870,.F.);
#6177=ORIENTED_EDGE('',*,*,#4288,.F.);
#6178=ORIENTED_EDGE('',*,*,#4276,.F.);
#6179=ORIENTED_EDGE('',*,*,#3319,.F.);
#6180=ORIENTED_EDGE('',*,*,#4198,.F.);
#6181=ORIENTED_EDGE('',*,*,#3806,.T.);
#6182=ORIENTED_EDGE('',*,*,#3794,.F.);
#6183=ORIENTED_EDGE('',*,*,#3505,.F.);
#6184=ORIENTED_EDGE('',*,*,#3782,.F.);
#6185=ORIENTED_EDGE('',*,*,#4190,.F.);
#6186=ORIENTED_EDGE('',*,*,#4178,.F.);
#6187=ORIENTED_EDGE('',*,*,#3351,.F.);
#6188=ORIENTED_EDGE('',*,*,#4106,.F.);
#6189=ORIENTED_EDGE('',*,*,#3718,.T.);
#6190=ORIENTED_EDGE('',*,*,#3706,.F.);
#6191=ORIENTED_EDGE('',*,*,#3473,.F.);
#6192=ORIENTED_EDGE('',*,*,#3694,.F.);
#6193=ORIENTED_EDGE('',*,*,#4098,.F.);
#6194=ORIENTED_EDGE('',*,*,#4086,.F.);
#6195=ORIENTED_EDGE('',*,*,#3383,.F.);
#6196=ORIENTED_EDGE('',*,*,#4002,.F.);
#6197=ORIENTED_EDGE('',*,*,#3630,.T.);
#6198=ORIENTED_EDGE('',*,*,#3618,.F.);
#6199=ORIENTED_EDGE('',*,*,#3441,.F.);
#6200=ORIENTED_EDGE('',*,*,#3606,.F.);
#6201=ORIENTED_EDGE('',*,*,#3994,.F.);
#6202=ORIENTED_EDGE('',*,*,#3982,.F.);
#6203=ORIENTED_EDGE('',*,*,#3367,.F.);
#6204=ORIENTED_EDGE('',*,*,#4054,.F.);
#6205=ORIENTED_EDGE('',*,*,#3674,.T.);
#6206=ORIENTED_EDGE('',*,*,#3662,.F.);
#6207=ORIENTED_EDGE('',*,*,#3457,.F.);
#6208=ORIENTED_EDGE('',*,*,#3650,.F.);
#6209=ORIENTED_EDGE('',*,*,#4046,.F.);
#6210=ORIENTED_EDGE('',*,*,#4034,.F.);
#6211=ORIENTED_EDGE('',*,*,#3335,.F.);
#6212=ORIENTED_EDGE('',*,*,#4165,.F.);
#6213=ORIENTED_EDGE('',*,*,#3762,.T.);
#6214=ORIENTED_EDGE('',*,*,#3750,.F.);
#6215=ORIENTED_EDGE('',*,*,#3489,.F.);
#6216=ORIENTED_EDGE('',*,*,#3738,.F.);
#6217=ORIENTED_EDGE('',*,*,#4150,.F.);
#6218=ORIENTED_EDGE('',*,*,#4138,.F.);
#6219=ORIENTED_EDGE('',*,*,#3303,.F.);
#6220=ORIENTED_EDGE('',*,*,#4257,.F.);
#6221=ORIENTED_EDGE('',*,*,#3850,.T.);
#6222=ORIENTED_EDGE('',*,*,#3838,.F.);
#6223=ORIENTED_EDGE('',*,*,#3521,.F.);
#6224=ORIENTED_EDGE('',*,*,#3826,.F.);
#6225=ORIENTED_EDGE('',*,*,#4242,.F.);
#6226=ORIENTED_EDGE('',*,*,#4230,.F.);
#6227=ORIENTED_EDGE('',*,*,#3399,.F.);
#6228=ORIENTED_EDGE('',*,*,#3963,.F.);
#6229=ORIENTED_EDGE('',*,*,#3586,.T.);
#6230=ORIENTED_EDGE('',*,*,#3574,.F.);
#6231=ORIENTED_EDGE('',*,*,#3425,.F.);
#6232=ORIENTED_EDGE('',*,*,#3562,.F.);
#6233=ORIENTED_EDGE('',*,*,#3948,.F.);
#6234=ORIENTED_EDGE('',*,*,#3936,.F.);
#6235=ORIENTED_EDGE('',*,*,#3295,.F.);
#6236=ORIENTED_EDGE('',*,*,#4270,.F.);
#6237=ORIENTED_EDGE('',*,*,#3872,.T.);
#6238=ORIENTED_EDGE('',*,*,#3860,.F.);
#6239=ORIENTED_EDGE('',*,*,#3529,.F.);
#6240=ORIENTED_EDGE('',*,*,#3848,.F.);
#6241=ORIENTED_EDGE('',*,*,#4262,.F.);
#6242=ORIENTED_EDGE('',*,*,#4250,.F.);
#6243=ORIENTED_EDGE('',*,*,#3327,.F.);
#6244=ORIENTED_EDGE('',*,*,#4185,.F.);
#6245=ORIENTED_EDGE('',*,*,#3784,.T.);
#6246=ORIENTED_EDGE('',*,*,#3772,.F.);
#6247=ORIENTED_EDGE('',*,*,#3497,.F.);
#6248=ORIENTED_EDGE('',*,*,#3760,.F.);
#6249=ORIENTED_EDGE('',*,*,#4170,.F.);
#6250=ORIENTED_EDGE('',*,*,#4158,.F.);
#6251=ORIENTED_EDGE('',*,*,#3359,.F.);
#6252=ORIENTED_EDGE('',*,*,#4080,.F.);
#6253=ORIENTED_EDGE('',*,*,#3696,.T.);
#6254=ORIENTED_EDGE('',*,*,#3684,.F.);
#6255=ORIENTED_EDGE('',*,*,#3465,.F.);
#6256=ORIENTED_EDGE('',*,*,#3672,.F.);
#6257=ORIENTED_EDGE('',*,*,#4072,.F.);
#6258=ORIENTED_EDGE('',*,*,#4060,.F.);
#6259=ORIENTED_EDGE('',*,*,#3391,.F.);
#6260=ORIENTED_EDGE('',*,*,#3976,.F.);
#6261=ORIENTED_EDGE('',*,*,#3608,.T.);
#6262=ORIENTED_EDGE('',*,*,#3596,.F.);
#6263=ORIENTED_EDGE('',*,*,#3433,.F.);
#6264=ORIENTED_EDGE('',*,*,#3584,.F.);
#6265=ORIENTED_EDGE('',*,*,#3968,.F.);
#6266=ORIENTED_EDGE('',*,*,#3956,.F.);
#6267=ORIENTED_EDGE('',*,*,#3847,.F.);
#6268=ORIENTED_EDGE('',*,*,#4289,.F.);
#6269=ORIENTED_EDGE('',*,*,#4249,.F.);
#6270=ORIENTED_EDGE('',*,*,#4261,.T.);
#6271=ORIENTED_EDGE('',*,*,#3844,.F.);
#6272=ORIENTED_EDGE('',*,*,#4290,.F.);
#6273=ORIENTED_EDGE('',*,*,#4247,.F.);
#6274=ORIENTED_EDGE('',*,*,#4289,.T.);
#6275=ORIENTED_EDGE('',*,*,#3833,.F.);
#6276=ORIENTED_EDGE('',*,*,#4291,.F.);
#6277=ORIENTED_EDGE('',*,*,#4245,.F.);
#6278=ORIENTED_EDGE('',*,*,#4290,.T.);
#6279=ORIENTED_EDGE('',*,*,#3843,.F.);
#6280=ORIENTED_EDGE('',*,*,#4292,.F.);
#6281=ORIENTED_EDGE('',*,*,#4255,.F.);
#6282=ORIENTED_EDGE('',*,*,#4291,.T.);
#6283=ORIENTED_EDGE('',*,*,#3836,.F.);
#6284=ORIENTED_EDGE('',*,*,#4293,.F.);
#6285=ORIENTED_EDGE('',*,*,#4254,.F.);
#6286=ORIENTED_EDGE('',*,*,#4292,.T.);
#6287=ORIENTED_EDGE('',*,*,#3842,.F.);
#6288=ORIENTED_EDGE('',*,*,#4294,.F.);
#6289=ORIENTED_EDGE('',*,*,#4260,.F.);
#6290=ORIENTED_EDGE('',*,*,#4293,.T.);
#6291=ORIENTED_EDGE('',*,*,#3841,.F.);
#6292=ORIENTED_EDGE('',*,*,#3852,.F.);
#6293=ORIENTED_EDGE('',*,*,#4259,.F.);
#6294=ORIENTED_EDGE('',*,*,#4294,.T.);
#6295=ORIENTED_EDGE('',*,*,#3781,.F.);
#6296=ORIENTED_EDGE('',*,*,#4295,.F.);
#6297=ORIENTED_EDGE('',*,*,#4177,.F.);
#6298=ORIENTED_EDGE('',*,*,#4189,.T.);
#6299=ORIENTED_EDGE('',*,*,#3778,.F.);
#6300=ORIENTED_EDGE('',*,*,#4296,.F.);
#6301=ORIENTED_EDGE('',*,*,#4175,.F.);
#6302=ORIENTED_EDGE('',*,*,#4295,.T.);
#6303=ORIENTED_EDGE('',*,*,#3767,.F.);
#6304=ORIENTED_EDGE('',*,*,#4297,.F.);
#6305=ORIENTED_EDGE('',*,*,#4173,.F.);
#6306=ORIENTED_EDGE('',*,*,#4296,.T.);
#6307=ORIENTED_EDGE('',*,*,#3777,.F.);
#6308=ORIENTED_EDGE('',*,*,#4298,.F.);
#6309=ORIENTED_EDGE('',*,*,#4183,.F.);
#6310=ORIENTED_EDGE('',*,*,#4297,.T.);
#6311=ORIENTED_EDGE('',*,*,#3770,.F.);
#6312=ORIENTED_EDGE('',*,*,#4299,.F.);
#6313=ORIENTED_EDGE('',*,*,#4182,.F.);
#6314=ORIENTED_EDGE('',*,*,#4298,.T.);
#6315=ORIENTED_EDGE('',*,*,#3776,.F.);
#6316=ORIENTED_EDGE('',*,*,#4300,.F.);
#6317=ORIENTED_EDGE('',*,*,#4188,.F.);
#6318=ORIENTED_EDGE('',*,*,#4299,.T.);
#6319=ORIENTED_EDGE('',*,*,#3775,.F.);
#6320=ORIENTED_EDGE('',*,*,#3786,.F.);
#6321=ORIENTED_EDGE('',*,*,#4187,.F.);
#6322=ORIENTED_EDGE('',*,*,#4300,.T.);
#6323=ORIENTED_EDGE('',*,*,#3759,.F.);
#6324=ORIENTED_EDGE('',*,*,#4301,.F.);
#6325=ORIENTED_EDGE('',*,*,#4157,.F.);
#6326=ORIENTED_EDGE('',*,*,#4169,.T.);
#6327=ORIENTED_EDGE('',*,*,#3756,.F.);
#6328=ORIENTED_EDGE('',*,*,#4302,.F.);
#6329=ORIENTED_EDGE('',*,*,#4155,.F.);
#6330=ORIENTED_EDGE('',*,*,#4301,.T.);
#6331=ORIENTED_EDGE('',*,*,#3745,.F.);
#6332=ORIENTED_EDGE('',*,*,#4303,.F.);
#6333=ORIENTED_EDGE('',*,*,#4153,.F.);
#6334=ORIENTED_EDGE('',*,*,#4302,.T.);
#6335=ORIENTED_EDGE('',*,*,#3755,.F.);
#6336=ORIENTED_EDGE('',*,*,#4304,.F.);
#6337=ORIENTED_EDGE('',*,*,#4163,.F.);
#6338=ORIENTED_EDGE('',*,*,#4303,.T.);
#6339=ORIENTED_EDGE('',*,*,#3748,.F.);
#6340=ORIENTED_EDGE('',*,*,#4305,.F.);
#6341=ORIENTED_EDGE('',*,*,#4162,.F.);
#6342=ORIENTED_EDGE('',*,*,#4304,.T.);
#6343=ORIENTED_EDGE('',*,*,#3754,.F.);
#6344=ORIENTED_EDGE('',*,*,#4306,.F.);
#6345=ORIENTED_EDGE('',*,*,#4168,.F.);
#6346=ORIENTED_EDGE('',*,*,#4305,.T.);
#6347=ORIENTED_EDGE('',*,*,#3753,.F.);
#6348=ORIENTED_EDGE('',*,*,#3764,.F.);
#6349=ORIENTED_EDGE('',*,*,#4167,.F.);
#6350=ORIENTED_EDGE('',*,*,#4306,.T.);
#6351=ORIENTED_EDGE('',*,*,#3583,.F.);
#6352=ORIENTED_EDGE('',*,*,#4307,.F.);
#6353=ORIENTED_EDGE('',*,*,#3955,.F.);
#6354=ORIENTED_EDGE('',*,*,#3967,.T.);
#6355=ORIENTED_EDGE('',*,*,#3580,.F.);
#6356=ORIENTED_EDGE('',*,*,#4308,.F.);
#6357=ORIENTED_EDGE('',*,*,#3953,.F.);
#6358=ORIENTED_EDGE('',*,*,#4307,.T.);
#6359=ORIENTED_EDGE('',*,*,#3569,.F.);
#6360=ORIENTED_EDGE('',*,*,#4309,.F.);
#6361=ORIENTED_EDGE('',*,*,#3951,.F.);
#6362=ORIENTED_EDGE('',*,*,#4308,.T.);
#6363=ORIENTED_EDGE('',*,*,#3579,.F.);
#6364=ORIENTED_EDGE('',*,*,#4310,.F.);
#6365=ORIENTED_EDGE('',*,*,#3961,.F.);
#6366=ORIENTED_EDGE('',*,*,#4309,.T.);
#6367=ORIENTED_EDGE('',*,*,#3572,.F.);
#6368=ORIENTED_EDGE('',*,*,#4311,.F.);
#6369=ORIENTED_EDGE('',*,*,#3960,.F.);
#6370=ORIENTED_EDGE('',*,*,#4310,.T.);
#6371=ORIENTED_EDGE('',*,*,#3578,.F.);
#6372=ORIENTED_EDGE('',*,*,#4312,.F.);
#6373=ORIENTED_EDGE('',*,*,#3966,.F.);
#6374=ORIENTED_EDGE('',*,*,#4311,.T.);
#6375=ORIENTED_EDGE('',*,*,#3577,.F.);
#6376=ORIENTED_EDGE('',*,*,#3588,.F.);
#6377=ORIENTED_EDGE('',*,*,#3965,.F.);
#6378=ORIENTED_EDGE('',*,*,#4312,.T.);
#6379=TOROIDAL_SURFACE('',#6912,12.1,1.);
#6380=TOROIDAL_SURFACE('',#7001,12.1,1.);
#6381=TOROIDAL_SURFACE('',#7091,6.06352277841931,1.);
#6382=TOROIDAL_SURFACE('',#7102,6.0635227784193,1.);
#6383=TOROIDAL_SURFACE('',#7112,6.0635227784193,1.);
#6384=TOROIDAL_SURFACE('',#7123,6.06352277841932,1.);
#6385=TOROIDAL_SURFACE('',#7133,6.06352277841932,1.);
#6386=TOROIDAL_SURFACE('',#7144,6.0635227784193,1.);
#6387=TOROIDAL_SURFACE('',#7154,6.0635227784193,1.);
#6388=TOROIDAL_SURFACE('',#7165,6.06352277841931,1.);
#6389=TOROIDAL_SURFACE('',#7175,6.06352277841931,1.);
#6390=TOROIDAL_SURFACE('',#7186,6.0635227784193,1.);
#6391=TOROIDAL_SURFACE('',#7196,6.0635227784193,1.);
#6392=TOROIDAL_SURFACE('',#7207,6.06352277841931,1.);
#6393=TOROIDAL_SURFACE('',#7217,6.06352277841931,1.);
#6394=TOROIDAL_SURFACE('',#7228,6.0635227784193,1.);
#6395=TOROIDAL_SURFACE('',#7238,6.0635227784193,1.);
#6396=TOROIDAL_SURFACE('',#7249,6.06352277841931,1.);
#6397=TOROIDAL_SURFACE('',#7259,6.06352277841931,1.);
#6398=TOROIDAL_SURFACE('',#7270,6.0635227784193,1.);
#6399=TOROIDAL_SURFACE('',#7280,6.0635227784193,1.);
#6400=TOROIDAL_SURFACE('',#7291,6.06352277841931,1.);
#6401=TOROIDAL_SURFACE('',#7301,6.06352277841931,1.);
#6402=TOROIDAL_SURFACE('',#7312,6.0635227784193,1.);
#6403=TOROIDAL_SURFACE('',#7322,6.0635227784193,1.);
#6404=TOROIDAL_SURFACE('',#7333,6.0635227784193,1.);
#6405=TOROIDAL_SURFACE('',#7343,6.0635227784193,1.);
#6406=TOROIDAL_SURFACE('',#7354,6.06352277841931,1.);
#6407=TOROIDAL_SURFACE('',#7364,6.06352277841931,1.);
#6408=TOROIDAL_SURFACE('',#7375,6.06352277841931,1.);
#6409=TOROIDAL_SURFACE('',#7385,6.06352277841931,1.);
#6410=TOROIDAL_SURFACE('',#7396,6.0635227784193,1.);
#6411=TOROIDAL_SURFACE('',#7406,6.0635227784193,1.);
#6412=TOROIDAL_SURFACE('',#7417,6.06352277841931,1.);
#6413=TOROIDAL_SURFACE('',#7426,6.0635227784193,1.);
#6414=TOROIDAL_SURFACE('',#7432,6.06352277841931,1.);
#6415=TOROIDAL_SURFACE('',#7454,6.06352277841931,1.);
#6416=TOROIDAL_SURFACE('',#7459,6.0635227784193,1.);
#6417=TOROIDAL_SURFACE('',#7480,6.06352277841932,1.);
#6418=TOROIDAL_SURFACE('',#7486,6.0635227784193,1.);
#6419=TOROIDAL_SURFACE('',#7499,6.06352277841932,1.);
#6420=TOROIDAL_SURFACE('',#7504,6.0635227784193,1.);
#6421=TOROIDAL_SURFACE('',#7525,6.0635227784193,1.);
#6422=TOROIDAL_SURFACE('',#7530,6.06352277841931,1.);
#6423=TOROIDAL_SURFACE('',#7551,6.06352277841931,1.);
#6424=TOROIDAL_SURFACE('',#7556,6.0635227784193,1.);
#6425=TOROIDAL_SURFACE('',#7577,6.0635227784193,1.);
#6426=TOROIDAL_SURFACE('',#7582,6.06352277841931,1.);
#6427=TOROIDAL_SURFACE('',#7603,6.06352277841931,1.);
#6428=TOROIDAL_SURFACE('',#7608,6.0635227784193,1.);
#6429=TOROIDAL_SURFACE('',#7629,6.0635227784193,1.);
#6430=TOROIDAL_SURFACE('',#7634,6.06352277841931,1.);
#6431=TOROIDAL_SURFACE('',#7655,6.06352277841931,1.);
#6432=TOROIDAL_SURFACE('',#7660,6.0635227784193,1.);
#6433=TOROIDAL_SURFACE('',#7681,6.06352277841931,1.);
#6434=TOROIDAL_SURFACE('',#7687,6.0635227784193,1.);
#6435=TOROIDAL_SURFACE('',#7700,6.0635227784193,1.);
#6436=TOROIDAL_SURFACE('',#7706,6.06352277841931,1.);
#6437=TOROIDAL_SURFACE('',#7719,6.0635227784193,1.);
#6438=TOROIDAL_SURFACE('',#7724,6.0635227784193,1.);
#6439=TOROIDAL_SURFACE('',#7745,6.0635227784193,1.);
#6440=TOROIDAL_SURFACE('',#7750,6.06352277841931,1.);
#6441=TOROIDAL_SURFACE('',#7771,6.06352277841931,1.);
#6442=TOROIDAL_SURFACE('',#7777,6.06352277841931,1.);
#6443=TOROIDAL_SURFACE('',#7790,6.06352277841931,1.);
#6444=TOROIDAL_SURFACE('',#7795,6.0635227784193,1.);
#6445=ADVANCED_FACE('',(#1302),#6379,.T.);
#6446=ADVANCED_FACE('',(#1303),#1093,.F.);
#6447=ADVANCED_FACE('',(#1304,#335),#337,.T.);
#6448=ADVANCED_FACE('',(#1305),#6380,.T.);
#6449=ADVANCED_FACE('',(#1306,#336),#338,.F.);
#6450=ADVANCED_FACE('',(#1307),#271,.F.);
#6451=ADVANCED_FACE('',(#1308),#272,.F.);
#6452=ADVANCED_FACE('',(#1309),#6381,.T.);
#6453=ADVANCED_FACE('',(#1310),#15,.F.);
#6454=ADVANCED_FACE('',(#1311),#1094,.T.);
#6455=ADVANCED_FACE('',(#1312),#1095,.T.);
#6456=ADVANCED_FACE('',(#1313),#1096,.T.);
#6457=ADVANCED_FACE('',(#1314),#16,.F.);
#6458=ADVANCED_FACE('',(#1315),#6382,.T.);
#6459=ADVANCED_FACE('',(#1316),#1097,.F.);
#6460=ADVANCED_FACE('',(#1317),#273,.F.);
#6461=ADVANCED_FACE('',(#1318),#274,.F.);
#6462=ADVANCED_FACE('',(#1319),#6383,.T.);
#6463=ADVANCED_FACE('',(#1320),#17,.F.);
#6464=ADVANCED_FACE('',(#1321),#1098,.T.);
#6465=ADVANCED_FACE('',(#1322),#1099,.T.);
#6466=ADVANCED_FACE('',(#1323),#1100,.T.);
#6467=ADVANCED_FACE('',(#1324),#18,.F.);
#6468=ADVANCED_FACE('',(#1325),#6384,.T.);
#6469=ADVANCED_FACE('',(#1326),#1101,.F.);
#6470=ADVANCED_FACE('',(#1327),#275,.F.);
#6471=ADVANCED_FACE('',(#1328),#276,.F.);
#6472=ADVANCED_FACE('',(#1329),#6385,.T.);
#6473=ADVANCED_FACE('',(#1330),#19,.F.);
#6474=ADVANCED_FACE('',(#1331),#1102,.T.);
#6475=ADVANCED_FACE('',(#1332),#1103,.T.);
#6476=ADVANCED_FACE('',(#1333),#1104,.T.);
#6477=ADVANCED_FACE('',(#1334),#20,.F.);
#6478=ADVANCED_FACE('',(#1335),#6386,.T.);
#6479=ADVANCED_FACE('',(#1336),#1105,.F.);
#6480=ADVANCED_FACE('',(#1337),#277,.F.);
#6481=ADVANCED_FACE('',(#1338),#278,.F.);
#6482=ADVANCED_FACE('',(#1339),#6387,.T.);
#6483=ADVANCED_FACE('',(#1340),#21,.F.);
#6484=ADVANCED_FACE('',(#1341),#1106,.T.);
#6485=ADVANCED_FACE('',(#1342),#1107,.T.);
#6486=ADVANCED_FACE('',(#1343),#1108,.T.);
#6487=ADVANCED_FACE('',(#1344),#22,.F.);
#6488=ADVANCED_FACE('',(#1345),#6388,.T.);
#6489=ADVANCED_FACE('',(#1346),#1109,.F.);
#6490=ADVANCED_FACE('',(#1347),#279,.F.);
#6491=ADVANCED_FACE('',(#1348),#280,.F.);
#6492=ADVANCED_FACE('',(#1349),#6389,.T.);
#6493=ADVANCED_FACE('',(#1350),#23,.F.);
#6494=ADVANCED_FACE('',(#1351),#1110,.T.);
#6495=ADVANCED_FACE('',(#1352),#1111,.T.);
#6496=ADVANCED_FACE('',(#1353),#1112,.T.);
#6497=ADVANCED_FACE('',(#1354),#24,.F.);
#6498=ADVANCED_FACE('',(#1355),#6390,.T.);
#6499=ADVANCED_FACE('',(#1356),#1113,.F.);
#6500=ADVANCED_FACE('',(#1357),#281,.F.);
#6501=ADVANCED_FACE('',(#1358),#282,.F.);
#6502=ADVANCED_FACE('',(#1359),#6391,.T.);
#6503=ADVANCED_FACE('',(#1360),#25,.F.);
#6504=ADVANCED_FACE('',(#1361),#1114,.T.);
#6505=ADVANCED_FACE('',(#1362),#1115,.T.);
#6506=ADVANCED_FACE('',(#1363),#1116,.T.);
#6507=ADVANCED_FACE('',(#1364),#26,.F.);
#6508=ADVANCED_FACE('',(#1365),#6392,.T.);
#6509=ADVANCED_FACE('',(#1366),#1117,.F.);
#6510=ADVANCED_FACE('',(#1367),#283,.F.);
#6511=ADVANCED_FACE('',(#1368),#284,.F.);
#6512=ADVANCED_FACE('',(#1369),#6393,.T.);
#6513=ADVANCED_FACE('',(#1370),#27,.F.);
#6514=ADVANCED_FACE('',(#1371),#1118,.T.);
#6515=ADVANCED_FACE('',(#1372),#1119,.T.);
#6516=ADVANCED_FACE('',(#1373),#1120,.T.);
#6517=ADVANCED_FACE('',(#1374),#28,.F.);
#6518=ADVANCED_FACE('',(#1375),#6394,.T.);
#6519=ADVANCED_FACE('',(#1376),#1121,.F.);
#6520=ADVANCED_FACE('',(#1377),#285,.F.);
#6521=ADVANCED_FACE('',(#1378),#286,.F.);
#6522=ADVANCED_FACE('',(#1379),#6395,.T.);
#6523=ADVANCED_FACE('',(#1380),#29,.F.);
#6524=ADVANCED_FACE('',(#1381),#1122,.T.);
#6525=ADVANCED_FACE('',(#1382),#1123,.T.);
#6526=ADVANCED_FACE('',(#1383),#1124,.T.);
#6527=ADVANCED_FACE('',(#1384),#30,.F.);
#6528=ADVANCED_FACE('',(#1385),#6396,.T.);
#6529=ADVANCED_FACE('',(#1386),#1125,.F.);
#6530=ADVANCED_FACE('',(#1387),#287,.F.);
#6531=ADVANCED_FACE('',(#1388),#288,.F.);
#6532=ADVANCED_FACE('',(#1389),#6397,.T.);
#6533=ADVANCED_FACE('',(#1390),#31,.F.);
#6534=ADVANCED_FACE('',(#1391),#1126,.T.);
#6535=ADVANCED_FACE('',(#1392),#1127,.T.);
#6536=ADVANCED_FACE('',(#1393),#1128,.T.);
#6537=ADVANCED_FACE('',(#1394),#32,.F.);
#6538=ADVANCED_FACE('',(#1395),#6398,.T.);
#6539=ADVANCED_FACE('',(#1396),#1129,.F.);
#6540=ADVANCED_FACE('',(#1397),#289,.F.);
#6541=ADVANCED_FACE('',(#1398),#290,.F.);
#6542=ADVANCED_FACE('',(#1399),#6399,.T.);
#6543=ADVANCED_FACE('',(#1400),#33,.F.);
#6544=ADVANCED_FACE('',(#1401),#1130,.T.);
#6545=ADVANCED_FACE('',(#1402),#1131,.T.);
#6546=ADVANCED_FACE('',(#1403),#1132,.T.);
#6547=ADVANCED_FACE('',(#1404),#34,.F.);
#6548=ADVANCED_FACE('',(#1405),#6400,.T.);
#6549=ADVANCED_FACE('',(#1406),#1133,.F.);
#6550=ADVANCED_FACE('',(#1407),#291,.F.);
#6551=ADVANCED_FACE('',(#1408),#292,.F.);
#6552=ADVANCED_FACE('',(#1409),#6401,.T.);
#6553=ADVANCED_FACE('',(#1410),#35,.F.);
#6554=ADVANCED_FACE('',(#1411),#1134,.T.);
#6555=ADVANCED_FACE('',(#1412),#1135,.T.);
#6556=ADVANCED_FACE('',(#1413),#1136,.T.);
#6557=ADVANCED_FACE('',(#1414),#36,.F.);
#6558=ADVANCED_FACE('',(#1415),#6402,.T.);
#6559=ADVANCED_FACE('',(#1416),#1137,.F.);
#6560=ADVANCED_FACE('',(#1417),#293,.F.);
#6561=ADVANCED_FACE('',(#1418),#294,.F.);
#6562=ADVANCED_FACE('',(#1419),#6403,.T.);
#6563=ADVANCED_FACE('',(#1420),#37,.F.);
#6564=ADVANCED_FACE('',(#1421),#1138,.T.);
#6565=ADVANCED_FACE('',(#1422),#1139,.T.);
#6566=ADVANCED_FACE('',(#1423),#1140,.T.);
#6567=ADVANCED_FACE('',(#1424),#38,.F.);
#6568=ADVANCED_FACE('',(#1425),#6404,.T.);
#6569=ADVANCED_FACE('',(#1426),#1141,.F.);
#6570=ADVANCED_FACE('',(#1427),#295,.F.);
#6571=ADVANCED_FACE('',(#1428),#296,.F.);
#6572=ADVANCED_FACE('',(#1429),#6405,.T.);
#6573=ADVANCED_FACE('',(#1430),#39,.F.);
#6574=ADVANCED_FACE('',(#1431),#1142,.T.);
#6575=ADVANCED_FACE('',(#1432),#1143,.T.);
#6576=ADVANCED_FACE('',(#1433),#1144,.T.);
#6577=ADVANCED_FACE('',(#1434),#40,.F.);
#6578=ADVANCED_FACE('',(#1435),#6406,.T.);
#6579=ADVANCED_FACE('',(#1436),#1145,.F.);
#6580=ADVANCED_FACE('',(#1437),#297,.F.);
#6581=ADVANCED_FACE('',(#1438),#298,.F.);
#6582=ADVANCED_FACE('',(#1439),#6407,.T.);
#6583=ADVANCED_FACE('',(#1440),#41,.F.);
#6584=ADVANCED_FACE('',(#1441),#1146,.T.);
#6585=ADVANCED_FACE('',(#1442),#1147,.T.);
#6586=ADVANCED_FACE('',(#1443),#1148,.T.);
#6587=ADVANCED_FACE('',(#1444),#42,.F.);
#6588=ADVANCED_FACE('',(#1445),#6408,.T.);
#6589=ADVANCED_FACE('',(#1446),#1149,.F.);
#6590=ADVANCED_FACE('',(#1447),#299,.F.);
#6591=ADVANCED_FACE('',(#1448),#300,.F.);
#6592=ADVANCED_FACE('',(#1449),#6409,.T.);
#6593=ADVANCED_FACE('',(#1450),#43,.F.);
#6594=ADVANCED_FACE('',(#1451),#1150,.T.);
#6595=ADVANCED_FACE('',(#1452),#1151,.T.);
#6596=ADVANCED_FACE('',(#1453),#1152,.T.);
#6597=ADVANCED_FACE('',(#1454),#44,.F.);
#6598=ADVANCED_FACE('',(#1455),#6410,.T.);
#6599=ADVANCED_FACE('',(#1456),#1153,.F.);
#6600=ADVANCED_FACE('',(#1457),#301,.F.);
#6601=ADVANCED_FACE('',(#1458),#302,.F.);
#6602=ADVANCED_FACE('',(#1459),#6411,.T.);
#6603=ADVANCED_FACE('',(#1460),#45,.F.);
#6604=ADVANCED_FACE('',(#1461),#1154,.T.);
#6605=ADVANCED_FACE('',(#1462),#1155,.T.);
#6606=ADVANCED_FACE('',(#1463),#1156,.T.);
#6607=ADVANCED_FACE('',(#1464),#46,.F.);
#6608=ADVANCED_FACE('',(#1465),#6412,.T.);
#6609=ADVANCED_FACE('',(#1466),#303,.F.);
#6610=ADVANCED_FACE('',(#1467),#1157,.T.);
#6611=ADVANCED_FACE('',(#1468),#47,.F.);
#6612=ADVANCED_FACE('',(#1469),#6413,.T.);
#6613=ADVANCED_FACE('',(#1470),#304,.F.);
#6614=ADVANCED_FACE('',(#1471),#1158,.T.);
#6615=ADVANCED_FACE('',(#1472),#6414,.T.);
#6616=ADVANCED_FACE('',(#1473),#48,.F.);
#6617=ADVANCED_FACE('',(#1474),#1159,.T.);
#6618=ADVANCED_FACE('',(#1475),#1160,.F.);
#6619=ADVANCED_FACE('',(#1476),#1161,.T.);
#6620=ADVANCED_FACE('',(#1477),#339,.T.);
#6621=ADVANCED_FACE('',(#1478),#1162,.T.);
#6622=ADVANCED_FACE('',(#1479),#340,.T.);
#6623=ADVANCED_FACE('',(#1480),#1163,.T.);
#6624=ADVANCED_FACE('',(#1481),#341,.T.);
#6625=ADVANCED_FACE('',(#1482),#1164,.T.);
#6626=ADVANCED_FACE('',(#1483),#1165,.F.);
#6627=ADVANCED_FACE('',(#1484),#305,.F.);
#6628=ADVANCED_FACE('',(#1485),#1166,.T.);
#6629=ADVANCED_FACE('',(#1486),#49,.F.);
#6630=ADVANCED_FACE('',(#1487),#6415,.T.);
#6631=ADVANCED_FACE('',(#1488),#306,.F.);
#6632=ADVANCED_FACE('',(#1489),#1167,.T.);
#6633=ADVANCED_FACE('',(#1490),#6416,.T.);
#6634=ADVANCED_FACE('',(#1491),#50,.F.);
#6635=ADVANCED_FACE('',(#1492),#1168,.T.);
#6636=ADVANCED_FACE('',(#1493),#1169,.T.);
#6637=ADVANCED_FACE('',(#1494),#342,.T.);
#6638=ADVANCED_FACE('',(#1495),#1170,.T.);
#6639=ADVANCED_FACE('',(#1496),#343,.T.);
#6640=ADVANCED_FACE('',(#1497),#1171,.T.);
#6641=ADVANCED_FACE('',(#1498),#344,.T.);
#6642=ADVANCED_FACE('',(#1499),#1172,.T.);
#6643=ADVANCED_FACE('',(#1500),#1173,.F.);
#6644=ADVANCED_FACE('',(#1501),#307,.F.);
#6645=ADVANCED_FACE('',(#1502),#1174,.T.);
#6646=ADVANCED_FACE('',(#1503),#51,.F.);
#6647=ADVANCED_FACE('',(#1504),#6417,.T.);
#6648=ADVANCED_FACE('',(#1505),#308,.F.);
#6649=ADVANCED_FACE('',(#1506),#1175,.T.);
#6650=ADVANCED_FACE('',(#1507),#6418,.T.);
#6651=ADVANCED_FACE('',(#1508),#52,.F.);
#6652=ADVANCED_FACE('',(#1509),#1176,.T.);
#6653=ADVANCED_FACE('',(#1510),#1177,.F.);
#6654=ADVANCED_FACE('',(#1511),#309,.F.);
#6655=ADVANCED_FACE('',(#1512),#1178,.T.);
#6656=ADVANCED_FACE('',(#1513),#53,.F.);
#6657=ADVANCED_FACE('',(#1514),#6419,.T.);
#6658=ADVANCED_FACE('',(#1515),#310,.F.);
#6659=ADVANCED_FACE('',(#1516),#1179,.T.);
#6660=ADVANCED_FACE('',(#1517),#6420,.T.);
#6661=ADVANCED_FACE('',(#1518),#54,.F.);
#6662=ADVANCED_FACE('',(#1519),#1180,.T.);
#6663=ADVANCED_FACE('',(#1520),#1181,.T.);
#6664=ADVANCED_FACE('',(#1521),#345,.T.);
#6665=ADVANCED_FACE('',(#1522),#1182,.T.);
#6666=ADVANCED_FACE('',(#1523),#346,.T.);
#6667=ADVANCED_FACE('',(#1524),#1183,.T.);
#6668=ADVANCED_FACE('',(#1525),#347,.T.);
#6669=ADVANCED_FACE('',(#1526),#1184,.T.);
#6670=ADVANCED_FACE('',(#1527),#1185,.F.);
#6671=ADVANCED_FACE('',(#1528),#311,.F.);
#6672=ADVANCED_FACE('',(#1529),#1186,.T.);
#6673=ADVANCED_FACE('',(#1530),#55,.F.);
#6674=ADVANCED_FACE('',(#1531),#6421,.T.);
#6675=ADVANCED_FACE('',(#1532),#312,.F.);
#6676=ADVANCED_FACE('',(#1533),#1187,.T.);
#6677=ADVANCED_FACE('',(#1534),#6422,.T.);
#6678=ADVANCED_FACE('',(#1535),#56,.F.);
#6679=ADVANCED_FACE('',(#1536),#1188,.T.);
#6680=ADVANCED_FACE('',(#1537),#1189,.T.);
#6681=ADVANCED_FACE('',(#1538),#348,.T.);
#6682=ADVANCED_FACE('',(#1539),#1190,.T.);
#6683=ADVANCED_FACE('',(#1540),#349,.T.);
#6684=ADVANCED_FACE('',(#1541),#1191,.T.);
#6685=ADVANCED_FACE('',(#1542),#350,.T.);
#6686=ADVANCED_FACE('',(#1543),#1192,.T.);
#6687=ADVANCED_FACE('',(#1544),#1193,.F.);
#6688=ADVANCED_FACE('',(#1545),#313,.F.);
#6689=ADVANCED_FACE('',(#1546),#1194,.T.);
#6690=ADVANCED_FACE('',(#1547),#57,.F.);
#6691=ADVANCED_FACE('',(#1548),#6423,.T.);
#6692=ADVANCED_FACE('',(#1549),#314,.F.);
#6693=ADVANCED_FACE('',(#1550),#1195,.T.);
#6694=ADVANCED_FACE('',(#1551),#6424,.T.);
#6695=ADVANCED_FACE('',(#1552),#58,.F.);
#6696=ADVANCED_FACE('',(#1553),#1196,.T.);
#6697=ADVANCED_FACE('',(#1554),#1197,.T.);
#6698=ADVANCED_FACE('',(#1555),#351,.T.);
#6699=ADVANCED_FACE('',(#1556),#1198,.T.);
#6700=ADVANCED_FACE('',(#1557),#352,.T.);
#6701=ADVANCED_FACE('',(#1558),#1199,.T.);
#6702=ADVANCED_FACE('',(#1559),#353,.T.);
#6703=ADVANCED_FACE('',(#1560),#1200,.T.);
#6704=ADVANCED_FACE('',(#1561),#1201,.F.);
#6705=ADVANCED_FACE('',(#1562),#315,.F.);
#6706=ADVANCED_FACE('',(#1563),#1202,.T.);
#6707=ADVANCED_FACE('',(#1564),#59,.F.);
#6708=ADVANCED_FACE('',(#1565),#6425,.T.);
#6709=ADVANCED_FACE('',(#1566),#316,.F.);
#6710=ADVANCED_FACE('',(#1567),#1203,.T.);
#6711=ADVANCED_FACE('',(#1568),#6426,.T.);
#6712=ADVANCED_FACE('',(#1569),#60,.F.);
#6713=ADVANCED_FACE('',(#1570),#1204,.T.);
#6714=ADVANCED_FACE('',(#1571),#1205,.T.);
#6715=ADVANCED_FACE('',(#1572),#354,.T.);
#6716=ADVANCED_FACE('',(#1573),#1206,.T.);
#6717=ADVANCED_FACE('',(#1574),#355,.T.);
#6718=ADVANCED_FACE('',(#1575),#1207,.T.);
#6719=ADVANCED_FACE('',(#1576),#356,.T.);
#6720=ADVANCED_FACE('',(#1577),#1208,.T.);
#6721=ADVANCED_FACE('',(#1578),#1209,.F.);
#6722=ADVANCED_FACE('',(#1579),#317,.F.);
#6723=ADVANCED_FACE('',(#1580),#1210,.T.);
#6724=ADVANCED_FACE('',(#1581),#61,.F.);
#6725=ADVANCED_FACE('',(#1582),#6427,.T.);
#6726=ADVANCED_FACE('',(#1583),#318,.F.);
#6727=ADVANCED_FACE('',(#1584),#1211,.T.);
#6728=ADVANCED_FACE('',(#1585),#6428,.T.);
#6729=ADVANCED_FACE('',(#1586),#62,.F.);
#6730=ADVANCED_FACE('',(#1587),#1212,.T.);
#6731=ADVANCED_FACE('',(#1588),#1213,.T.);
#6732=ADVANCED_FACE('',(#1589),#357,.T.);
#6733=ADVANCED_FACE('',(#1590),#1214,.T.);
#6734=ADVANCED_FACE('',(#1591),#358,.T.);
#6735=ADVANCED_FACE('',(#1592),#1215,.T.);
#6736=ADVANCED_FACE('',(#1593),#359,.T.);
#6737=ADVANCED_FACE('',(#1594),#1216,.T.);
#6738=ADVANCED_FACE('',(#1595),#1217,.F.);
#6739=ADVANCED_FACE('',(#1596),#319,.F.);
#6740=ADVANCED_FACE('',(#1597),#1218,.T.);
#6741=ADVANCED_FACE('',(#1598),#63,.F.);
#6742=ADVANCED_FACE('',(#1599),#6429,.T.);
#6743=ADVANCED_FACE('',(#1600),#320,.F.);
#6744=ADVANCED_FACE('',(#1601),#1219,.T.);
#6745=ADVANCED_FACE('',(#1602),#6430,.T.);
#6746=ADVANCED_FACE('',(#1603),#64,.F.);
#6747=ADVANCED_FACE('',(#1604),#1220,.T.);
#6748=ADVANCED_FACE('',(#1605),#1221,.T.);
#6749=ADVANCED_FACE('',(#1606),#360,.T.);
#6750=ADVANCED_FACE('',(#1607),#1222,.T.);
#6751=ADVANCED_FACE('',(#1608),#361,.T.);
#6752=ADVANCED_FACE('',(#1609),#1223,.T.);
#6753=ADVANCED_FACE('',(#1610),#362,.T.);
#6754=ADVANCED_FACE('',(#1611),#1224,.T.);
#6755=ADVANCED_FACE('',(#1612),#1225,.F.);
#6756=ADVANCED_FACE('',(#1613),#321,.F.);
#6757=ADVANCED_FACE('',(#1614),#1226,.T.);
#6758=ADVANCED_FACE('',(#1615),#65,.F.);
#6759=ADVANCED_FACE('',(#1616),#6431,.T.);
#6760=ADVANCED_FACE('',(#1617),#322,.F.);
#6761=ADVANCED_FACE('',(#1618),#1227,.T.);
#6762=ADVANCED_FACE('',(#1619),#6432,.T.);
#6763=ADVANCED_FACE('',(#1620),#66,.F.);
#6764=ADVANCED_FACE('',(#1621),#1228,.T.);
#6765=ADVANCED_FACE('',(#1622),#1229,.T.);
#6766=ADVANCED_FACE('',(#1623),#363,.T.);
#6767=ADVANCED_FACE('',(#1624),#1230,.T.);
#6768=ADVANCED_FACE('',(#1625),#364,.T.);
#6769=ADVANCED_FACE('',(#1626),#1231,.T.);
#6770=ADVANCED_FACE('',(#1627),#365,.T.);
#6771=ADVANCED_FACE('',(#1628),#1232,.T.);
#6772=ADVANCED_FACE('',(#1629),#1233,.F.);
#6773=ADVANCED_FACE('',(#1630),#323,.F.);
#6774=ADVANCED_FACE('',(#1631),#1234,.T.);
#6775=ADVANCED_FACE('',(#1632),#67,.F.);
#6776=ADVANCED_FACE('',(#1633),#6433,.T.);
#6777=ADVANCED_FACE('',(#1634),#324,.F.);
#6778=ADVANCED_FACE('',(#1635),#1235,.T.);
#6779=ADVANCED_FACE('',(#1636),#6434,.T.);
#6780=ADVANCED_FACE('',(#1637),#68,.F.);
#6781=ADVANCED_FACE('',(#1638),#1236,.T.);
#6782=ADVANCED_FACE('',(#1639),#1237,.F.);
#6783=ADVANCED_FACE('',(#1640),#325,.F.);
#6784=ADVANCED_FACE('',(#1641),#1238,.T.);
#6785=ADVANCED_FACE('',(#1642),#69,.F.);
#6786=ADVANCED_FACE('',(#1643),#6435,.T.);
#6787=ADVANCED_FACE('',(#1644),#326,.F.);
#6788=ADVANCED_FACE('',(#1645),#1239,.T.);
#6789=ADVANCED_FACE('',(#1646),#6436,.T.);
#6790=ADVANCED_FACE('',(#1647),#70,.F.);
#6791=ADVANCED_FACE('',(#1648),#1240,.T.);
#6792=ADVANCED_FACE('',(#1649),#1241,.F.);
#6793=ADVANCED_FACE('',(#1650),#327,.F.);
#6794=ADVANCED_FACE('',(#1651),#1242,.T.);
#6795=ADVANCED_FACE('',(#1652),#71,.F.);
#6796=ADVANCED_FACE('',(#1653),#6437,.T.);
#6797=ADVANCED_FACE('',(#1654),#328,.F.);
#6798=ADVANCED_FACE('',(#1655),#1243,.T.);
#6799=ADVANCED_FACE('',(#1656),#6438,.T.);
#6800=ADVANCED_FACE('',(#1657),#72,.F.);
#6801=ADVANCED_FACE('',(#1658),#1244,.T.);
#6802=ADVANCED_FACE('',(#1659),#1245,.T.);
#6803=ADVANCED_FACE('',(#1660),#366,.T.);
#6804=ADVANCED_FACE('',(#1661),#1246,.T.);
#6805=ADVANCED_FACE('',(#1662),#367,.T.);
#6806=ADVANCED_FACE('',(#1663),#1247,.T.);
#6807=ADVANCED_FACE('',(#1664),#368,.T.);
#6808=ADVANCED_FACE('',(#1665),#1248,.T.);
#6809=ADVANCED_FACE('',(#1666),#1249,.F.);
#6810=ADVANCED_FACE('',(#1667),#329,.F.);
#6811=ADVANCED_FACE('',(#1668),#1250,.T.);
#6812=ADVANCED_FACE('',(#1669),#73,.F.);
#6813=ADVANCED_FACE('',(#1670),#6439,.T.);
#6814=ADVANCED_FACE('',(#1671),#330,.F.);
#6815=ADVANCED_FACE('',(#1672),#1251,.T.);
#6816=ADVANCED_FACE('',(#1673),#6440,.T.);
#6817=ADVANCED_FACE('',(#1674),#74,.F.);
#6818=ADVANCED_FACE('',(#1675),#1252,.T.);
#6819=ADVANCED_FACE('',(#1676),#1253,.T.);
#6820=ADVANCED_FACE('',(#1677),#369,.T.);
#6821=ADVANCED_FACE('',(#1678),#1254,.T.);
#6822=ADVANCED_FACE('',(#1679),#370,.T.);
#6823=ADVANCED_FACE('',(#1680),#1255,.T.);
#6824=ADVANCED_FACE('',(#1681),#371,.T.);
#6825=ADVANCED_FACE('',(#1682),#1256,.T.);
#6826=ADVANCED_FACE('',(#1683),#1257,.F.);
#6827=ADVANCED_FACE('',(#1684),#331,.F.);
#6828=ADVANCED_FACE('',(#1685),#1258,.T.);
#6829=ADVANCED_FACE('',(#1686),#75,.F.);
#6830=ADVANCED_FACE('',(#1687),#6441,.T.);
#6831=ADVANCED_FACE('',(#1688),#332,.F.);
#6832=ADVANCED_FACE('',(#1689),#1259,.T.);
#6833=ADVANCED_FACE('',(#1690),#6442,.T.);
#6834=ADVANCED_FACE('',(#1691),#76,.F.);
#6835=ADVANCED_FACE('',(#1692),#1260,.T.);
#6836=ADVANCED_FACE('',(#1693),#1261,.F.);
#6837=ADVANCED_FACE('',(#1694),#333,.F.);
#6838=ADVANCED_FACE('',(#1695),#1262,.T.);
#6839=ADVANCED_FACE('',(#1696),#77,.F.);
#6840=ADVANCED_FACE('',(#1697),#6443,.T.);
#6841=ADVANCED_FACE('',(#1698),#334,.F.);
#6842=ADVANCED_FACE('',(#1699),#1263,.T.);
#6843=ADVANCED_FACE('',(#1700),#6444,.T.);
#6844=ADVANCED_FACE('',(#1701),#78,.F.);
#6845=ADVANCED_FACE('',(#1702),#1264,.T.);
#6846=ADVANCED_FACE('',(#1703),#1265,.T.);
#6847=ADVANCED_FACE('',(#1704),#372,.T.);
#6848=ADVANCED_FACE('',(#1705),#1266,.T.);
#6849=ADVANCED_FACE('',(#1706),#373,.T.);
#6850=ADVANCED_FACE('',(#1707),#1267,.T.);
#6851=ADVANCED_FACE('',(#1708),#374,.T.);
#6852=ADVANCED_FACE('',(#1709),#1268,.T.);
#6853=ADVANCED_FACE('',(#1710),#1269,.F.);
#6854=ADVANCED_FACE('',(#1711),#1270,.T.);
#6855=ADVANCED_FACE('',(#1712),#1271,.T.);
#6856=ADVANCED_FACE('',(#1713),#1272,.T.);
#6857=ADVANCED_FACE('',(#1714),#1273,.T.);
#6858=ADVANCED_FACE('',(#1715),#1274,.T.);
#6859=ADVANCED_FACE('',(#1716),#1275,.T.);
#6860=ADVANCED_FACE('',(#1717),#1276,.T.);
#6861=ADVANCED_FACE('',(#1718),#1277,.T.);
#6862=ADVANCED_FACE('',(#1719),#1278,.T.);
#6863=ADVANCED_FACE('',(#1720),#1279,.T.);
#6864=ADVANCED_FACE('',(#1721),#1280,.T.);
#6865=ADVANCED_FACE('',(#1722),#1281,.T.);
#6866=ADVANCED_FACE('',(#1723),#1282,.T.);
#6867=ADVANCED_FACE('',(#1724),#1283,.T.);
#6868=ADVANCED_FACE('',(#1725),#1284,.T.);
#6869=ADVANCED_FACE('',(#1726),#1285,.T.);
#6870=ADVANCED_FACE('',(#1727),#1286,.T.);
#6871=ADVANCED_FACE('',(#1728),#375,.T.);
#6872=ADVANCED_FACE('',(#1729),#1287,.T.);
#6873=ADVANCED_FACE('',(#1730),#376,.T.);
#6874=ADVANCED_FACE('',(#1731),#1288,.T.);
#6875=ADVANCED_FACE('',(#1732),#377,.T.);
#6876=ADVANCED_FACE('',(#1733),#1289,.T.);
#6877=ADVANCED_FACE('',(#1734),#1290,.T.);
#6878=ADVANCED_FACE('',(#1735),#378,.T.);
#6879=ADVANCED_FACE('',(#1736),#1291,.T.);
#6880=ADVANCED_FACE('',(#1737),#379,.T.);
#6881=ADVANCED_FACE('',(#1738),#1292,.T.);
#6882=ADVANCED_FACE('',(#1739),#380,.T.);
#6883=ADVANCED_FACE('',(#1740),#1293,.T.);
#6884=ADVANCED_FACE('',(#1741),#1294,.T.);
#6885=ADVANCED_FACE('',(#1742),#381,.T.);
#6886=ADVANCED_FACE('',(#1743),#1295,.T.);
#6887=ADVANCED_FACE('',(#1744),#382,.T.);
#6888=ADVANCED_FACE('',(#1745),#1296,.T.);
#6889=ADVANCED_FACE('',(#1746),#383,.T.);
#6890=ADVANCED_FACE('',(#1747),#1297,.T.);
#6891=ADVANCED_FACE('',(#1748),#1298,.T.);
#6892=ADVANCED_FACE('',(#1749),#384,.T.);
#6893=ADVANCED_FACE('',(#1750),#1299,.T.);
#6894=ADVANCED_FACE('',(#1751),#385,.T.);
#6895=ADVANCED_FACE('',(#1752),#1300,.T.);
#6896=ADVANCED_FACE('',(#1753),#386,.T.);
#6897=ADVANCED_FACE('',(#1754),#1301,.T.);
#6898=CLOSED_SHELL('',(#6445,#6446,#6447,#6448,#6449,#6450,#6451,#6452,
#6453,#6454,#6455,#6456,#6457,#6458,#6459,#6460,#6461,#6462,#6463,#6464,
#6465,#6466,#6467,#6468,#6469,#6470,#6471,#6472,#6473,#6474,#6475,#6476,
#6477,#6478,#6479,#6480,#6481,#6482,#6483,#6484,#6485,#6486,#6487,#6488,
#6489,#6490,#6491,#6492,#6493,#6494,#6495,#6496,#6497,#6498,#6499,#6500,
#6501,#6502,#6503,#6504,#6505,#6506,#6507,#6508,#6509,#6510,#6511,#6512,
#6513,#6514,#6515,#6516,#6517,#6518,#6519,#6520,#6521,#6522,#6523,#6524,
#6525,#6526,#6527,#6528,#6529,#6530,#6531,#6532,#6533,#6534,#6535,#6536,
#6537,#6538,#6539,#6540,#6541,#6542,#6543,#6544,#6545,#6546,#6547,#6548,
#6549,#6550,#6551,#6552,#6553,#6554,#6555,#6556,#6557,#6558,#6559,#6560,
#6561,#6562,#6563,#6564,#6565,#6566,#6567,#6568,#6569,#6570,#6571,#6572,
#6573,#6574,#6575,#6576,#6577,#6578,#6579,#6580,#6581,#6582,#6583,#6584,
#6585,#6586,#6587,#6588,#6589,#6590,#6591,#6592,#6593,#6594,#6595,#6596,
#6597,#6598,#6599,#6600,#6601,#6602,#6603,#6604,#6605,#6606,#6607,#6608,
#6609,#6610,#6611,#6612,#6613,#6614,#6615,#6616,#6617,#6618,#6619,#6620,
#6621,#6622,#6623,#6624,#6625,#6626,#6627,#6628,#6629,#6630,#6631,#6632,
#6633,#6634,#6635,#6636,#6637,#6638,#6639,#6640,#6641,#6642,#6643,#6644,
#6645,#6646,#6647,#6648,#6649,#6650,#6651,#6652,#6653,#6654,#6655,#6656,
#6657,#6658,#6659,#6660,#6661,#6662,#6663,#6664,#6665,#6666,#6667,#6668,
#6669,#6670,#6671,#6672,#6673,#6674,#6675,#6676,#6677,#6678,#6679,#6680,
#6681,#6682,#6683,#6684,#6685,#6686,#6687,#6688,#6689,#6690,#6691,#6692,
#6693,#6694,#6695,#6696,#6697,#6698,#6699,#6700,#6701,#6702,#6703,#6704,
#6705,#6706,#6707,#6708,#6709,#6710,#6711,#6712,#6713,#6714,#6715,#6716,
#6717,#6718,#6719,#6720,#6721,#6722,#6723,#6724,#6725,#6726,#6727,#6728,
#6729,#6730,#6731,#6732,#6733,#6734,#6735,#6736,#6737,#6738,#6739,#6740,
#6741,#6742,#6743,#6744,#6745,#6746,#6747,#6748,#6749,#6750,#6751,#6752,
#6753,#6754,#6755,#6756,#6757,#6758,#6759,#6760,#6761,#6762,#6763,#6764,
#6765,#6766,#6767,#6768,#6769,#6770,#6771,#6772,#6773,#6774,#6775,#6776,
#6777,#6778,#6779,#6780,#6781,#6782,#6783,#6784,#6785,#6786,#6787,#6788,
#6789,#6790,#6791,#6792,#6793,#6794,#6795,#6796,#6797,#6798,#6799,#6800,
#6801,#6802,#6803,#6804,#6805,#6806,#6807,#6808,#6809,#6810,#6811,#6812,
#6813,#6814,#6815,#6816,#6817,#6818,#6819,#6820,#6821,#6822,#6823,#6824,
#6825,#6826,#6827,#6828,#6829,#6830,#6831,#6832,#6833,#6834,#6835,#6836,
#6837,#6838,#6839,#6840,#6841,#6842,#6843,#6844,#6845,#6846,#6847,#6848,
#6849,#6850,#6851,#6852,#6853,#6854,#6855,#6856,#6857,#6858,#6859,#6860,
#6861,#6862,#6863,#6864,#6865,#6866,#6867,#6868,#6869,#6870,#6871,#6872,
#6873,#6874,#6875,#6876,#6877,#6878,#6879,#6880,#6881,#6882,#6883,#6884,
#6885,#6886,#6887,#6888,#6889,#6890,#6891,#6892,#6893,#6894,#6895,#6896,
#6897));
#6899=DERIVED_UNIT_ELEMENT(#6901,1.);
#6900=DERIVED_UNIT_ELEMENT(#15044,-3.);
#6901=(
MASS_UNIT()
NAMED_UNIT(*)
SI_UNIT(.KILO.,.GRAM.)
);
#6902=DERIVED_UNIT((#6899,#6900));
#6903=MEASURE_REPRESENTATION_ITEM('density measure',
POSITIVE_RATIO_MEASURE(7850.),#6902);
#6904=PROPERTY_DEFINITION_REPRESENTATION(#6909,#6906);
#6905=PROPERTY_DEFINITION_REPRESENTATION(#6910,#6907);
#6906=REPRESENTATION('material name',(#6908),#15041);
#6907=REPRESENTATION('density',(#6903),#15041);
#6908=DESCRIPTIVE_REPRESENTATION_ITEM('Steel','Steel');
#6909=PROPERTY_DEFINITION('material property','material name',#15051);
#6910=PROPERTY_DEFINITION('material property','density of part',#15051);
#6911=AXIS2_PLACEMENT_3D('',#10090,#7853,#7854);
#6912=AXIS2_PLACEMENT_3D('',#10091,#7855,#7856);
#6913=AXIS2_PLACEMENT_3D('',#10094,#7857,#7858);
#6914=AXIS2_PLACEMENT_3D('',#10096,#7859,#7860);
#6915=AXIS2_PLACEMENT_3D('',#10097,#7861,#7862);
#6916=AXIS2_PLACEMENT_3D('',#10098,#7863,#7864);
#6917=AXIS2_PLACEMENT_3D('',#10099,#7865,#7866);
#6918=AXIS2_PLACEMENT_3D('',#10102,#7867,#7868);
#6919=AXIS2_PLACEMENT_3D('',#10104,#7870,#7871);
#6920=AXIS2_PLACEMENT_3D('',#10105,#7872,#7873);
#6921=AXIS2_PLACEMENT_3D('',#10108,#7874,#7875);
#6922=AXIS2_PLACEMENT_3D('',#10110,#7876,#7877);
#6923=AXIS2_PLACEMENT_3D('',#10112,#7878,#7879);
#6924=AXIS2_PLACEMENT_3D('',#10120,#7883,#7884);
#6925=AXIS2_PLACEMENT_3D('',#10122,#7885,#7886);
#6926=AXIS2_PLACEMENT_3D('',#10124,#7887,#7888);
#6927=AXIS2_PLACEMENT_3D('',#10126,#7889,#7890);
#6928=AXIS2_PLACEMENT_3D('',#10128,#7891,#7892);
#6929=AXIS2_PLACEMENT_3D('',#10136,#7896,#7897);
#6930=AXIS2_PLACEMENT_3D('',#10138,#7898,#7899);
#6931=AXIS2_PLACEMENT_3D('',#10140,#7900,#7901);
#6932=AXIS2_PLACEMENT_3D('',#10142,#7902,#7903);
#6933=AXIS2_PLACEMENT_3D('',#10144,#7904,#7905);
#6934=AXIS2_PLACEMENT_3D('',#10152,#7909,#7910);
#6935=AXIS2_PLACEMENT_3D('',#10154,#7911,#7912);
#6936=AXIS2_PLACEMENT_3D('',#10156,#7913,#7914);
#6937=AXIS2_PLACEMENT_3D('',#10158,#7915,#7916);
#6938=AXIS2_PLACEMENT_3D('',#10160,#7917,#7918);
#6939=AXIS2_PLACEMENT_3D('',#10168,#7922,#7923);
#6940=AXIS2_PLACEMENT_3D('',#10170,#7924,#7925);
#6941=AXIS2_PLACEMENT_3D('',#10172,#7926,#7927);
#6942=AXIS2_PLACEMENT_3D('',#10174,#7928,#7929);
#6943=AXIS2_PLACEMENT_3D('',#10176,#7930,#7931);
#6944=AXIS2_PLACEMENT_3D('',#10184,#7935,#7936);
#6945=AXIS2_PLACEMENT_3D('',#10186,#7937,#7938);
#6946=AXIS2_PLACEMENT_3D('',#10188,#7939,#7940);
#6947=AXIS2_PLACEMENT_3D('',#10190,#7941,#7942);
#6948=AXIS2_PLACEMENT_3D('',#10192,#7943,#7944);
#6949=AXIS2_PLACEMENT_3D('',#10200,#7948,#7949);
#6950=AXIS2_PLACEMENT_3D('',#10202,#7950,#7951);
#6951=AXIS2_PLACEMENT_3D('',#10204,#7952,#7953);
#6952=AXIS2_PLACEMENT_3D('',#10206,#7954,#7955);
#6953=AXIS2_PLACEMENT_3D('',#10208,#7956,#7957);
#6954=AXIS2_PLACEMENT_3D('',#10216,#7961,#7962);
#6955=AXIS2_PLACEMENT_3D('',#10218,#7963,#7964);
#6956=AXIS2_PLACEMENT_3D('',#10220,#7965,#7966);
#6957=AXIS2_PLACEMENT_3D('',#10222,#7967,#7968);
#6958=AXIS2_PLACEMENT_3D('',#10224,#7969,#7970);
#6959=AXIS2_PLACEMENT_3D('',#10232,#7974,#7975);
#6960=AXIS2_PLACEMENT_3D('',#10234,#7976,#7977);
#6961=AXIS2_PLACEMENT_3D('',#10236,#7978,#7979);
#6962=AXIS2_PLACEMENT_3D('',#10238,#7980,#7981);
#6963=AXIS2_PLACEMENT_3D('',#10240,#7982,#7983);
#6964=AXIS2_PLACEMENT_3D('',#10248,#7987,#7988);
#6965=AXIS2_PLACEMENT_3D('',#10250,#7989,#7990);
#6966=AXIS2_PLACEMENT_3D('',#10252,#7991,#7992);
#6967=AXIS2_PLACEMENT_3D('',#10254,#7993,#7994);
#6968=AXIS2_PLACEMENT_3D('',#10256,#7995,#7996);
#6969=AXIS2_PLACEMENT_3D('',#10264,#8000,#8001);
#6970=AXIS2_PLACEMENT_3D('',#10266,#8002,#8003);
#6971=AXIS2_PLACEMENT_3D('',#10268,#8004,#8005);
#6972=AXIS2_PLACEMENT_3D('',#10270,#8006,#8007);
#6973=AXIS2_PLACEMENT_3D('',#10272,#8008,#8009);
#6974=AXIS2_PLACEMENT_3D('',#10280,#8013,#8014);
#6975=AXIS2_PLACEMENT_3D('',#10282,#8015,#8016);
#6976=AXIS2_PLACEMENT_3D('',#10284,#8017,#8018);
#6977=AXIS2_PLACEMENT_3D('',#10286,#8019,#8020);
#6978=AXIS2_PLACEMENT_3D('',#10288,#8021,#8022);
#6979=AXIS2_PLACEMENT_3D('',#10296,#8026,#8027);
#6980=AXIS2_PLACEMENT_3D('',#10298,#8028,#8029);
#6981=AXIS2_PLACEMENT_3D('',#10300,#8030,#8031);
#6982=AXIS2_PLACEMENT_3D('',#10302,#8032,#8033);
#6983=AXIS2_PLACEMENT_3D('',#10304,#8034,#8035);
#6984=AXIS2_PLACEMENT_3D('',#10312,#8039,#8040);
#6985=AXIS2_PLACEMENT_3D('',#10314,#8041,#8042);
#6986=AXIS2_PLACEMENT_3D('',#10316,#8043,#8044);
#6987=AXIS2_PLACEMENT_3D('',#10318,#8045,#8046);
#6988=AXIS2_PLACEMENT_3D('',#10320,#8047,#8048);
#6989=AXIS2_PLACEMENT_3D('',#10328,#8052,#8053);
#6990=AXIS2_PLACEMENT_3D('',#10330,#8054,#8055);
#6991=AXIS2_PLACEMENT_3D('',#10332,#8056,#8057);
#6992=AXIS2_PLACEMENT_3D('',#10334,#8058,#8059);
#6993=AXIS2_PLACEMENT_3D('',#10336,#8060,#8061);
#6994=AXIS2_PLACEMENT_3D('',#10344,#8065,#8066);
#6995=AXIS2_PLACEMENT_3D('',#10346,#8067,#8068);
#6996=AXIS2_PLACEMENT_3D('',#10348,#8069,#8070);
#6997=AXIS2_PLACEMENT_3D('',#10350,#8071,#8072);
#6998=AXIS2_PLACEMENT_3D('',#10352,#8073,#8074);
#6999=AXIS2_PLACEMENT_3D('',#10360,#8078,#8079);
#7000=AXIS2_PLACEMENT_3D('',#10361,#8080,#8081);
#7001=AXIS2_PLACEMENT_3D('',#10362,#8082,#8083);
#7002=AXIS2_PLACEMENT_3D('',#10364,#8084,#8085);
#7003=AXIS2_PLACEMENT_3D('',#10365,#8086,#8087);
#7004=AXIS2_PLACEMENT_3D('',#10366,#8088,#8089);
#7005=AXIS2_PLACEMENT_3D('',#10369,#8090,#8091);
#7006=AXIS2_PLACEMENT_3D('',#10371,#8092,#8093);
#7007=AXIS2_PLACEMENT_3D('',#10373,#8094,#8095);
#7008=AXIS2_PLACEMENT_3D('',#10381,#8099,#8100);
#7009=AXIS2_PLACEMENT_3D('',#10383,#8101,#8102);
#7010=AXIS2_PLACEMENT_3D('',#10385,#8103,#8104);
#7011=AXIS2_PLACEMENT_3D('',#10387,#8105,#8106);
#7012=AXIS2_PLACEMENT_3D('',#10389,#8107,#8108);
#7013=AXIS2_PLACEMENT_3D('',#10397,#8112,#8113);
#7014=AXIS2_PLACEMENT_3D('',#10399,#8114,#8115);
#7015=AXIS2_PLACEMENT_3D('',#10401,#8116,#8117);
#7016=AXIS2_PLACEMENT_3D('',#10403,#8118,#8119);
#7017=AXIS2_PLACEMENT_3D('',#10405,#8120,#8121);
#7018=AXIS2_PLACEMENT_3D('',#10413,#8125,#8126);
#7019=AXIS2_PLACEMENT_3D('',#10415,#8127,#8128);
#7020=AXIS2_PLACEMENT_3D('',#10417,#8129,#8130);
#7021=AXIS2_PLACEMENT_3D('',#10419,#8131,#8132);
#7022=AXIS2_PLACEMENT_3D('',#10421,#8133,#8134);
#7023=AXIS2_PLACEMENT_3D('',#10429,#8138,#8139);
#7024=AXIS2_PLACEMENT_3D('',#10431,#8140,#8141);
#7025=AXIS2_PLACEMENT_3D('',#10433,#8142,#8143);
#7026=AXIS2_PLACEMENT_3D('',#10435,#8144,#8145);
#7027=AXIS2_PLACEMENT_3D('',#10437,#8146,#8147);
#7028=AXIS2_PLACEMENT_3D('',#10445,#8151,#8152);
#7029=AXIS2_PLACEMENT_3D('',#10447,#8153,#8154);
#7030=AXIS2_PLACEMENT_3D('',#10449,#8155,#8156);
#7031=AXIS2_PLACEMENT_3D('',#10451,#8157,#8158);
#7032=AXIS2_PLACEMENT_3D('',#10453,#8159,#8160);
#7033=AXIS2_PLACEMENT_3D('',#10461,#8164,#8165);
#7034=AXIS2_PLACEMENT_3D('',#10463,#8166,#8167);
#7035=AXIS2_PLACEMENT_3D('',#10465,#8168,#8169);
#7036=AXIS2_PLACEMENT_3D('',#10467,#8170,#8171);
#7037=AXIS2_PLACEMENT_3D('',#10469,#8172,#8173);
#7038=AXIS2_PLACEMENT_3D('',#10477,#8177,#8178);
#7039=AXIS2_PLACEMENT_3D('',#10479,#8179,#8180);
#7040=AXIS2_PLACEMENT_3D('',#10481,#8181,#8182);
#7041=AXIS2_PLACEMENT_3D('',#10483,#8183,#8184);
#7042=AXIS2_PLACEMENT_3D('',#10485,#8185,#8186);
#7043=AXIS2_PLACEMENT_3D('',#10493,#8190,#8191);
#7044=AXIS2_PLACEMENT_3D('',#10495,#8192,#8193);
#7045=AXIS2_PLACEMENT_3D('',#10497,#8194,#8195);
#7046=AXIS2_PLACEMENT_3D('',#10499,#8196,#8197);
#7047=AXIS2_PLACEMENT_3D('',#10501,#8198,#8199);
#7048=AXIS2_PLACEMENT_3D('',#10509,#8203,#8204);
#7049=AXIS2_PLACEMENT_3D('',#10511,#8205,#8206);
#7050=AXIS2_PLACEMENT_3D('',#10513,#8207,#8208);
#7051=AXIS2_PLACEMENT_3D('',#10515,#8209,#8210);
#7052=AXIS2_PLACEMENT_3D('',#10517,#8211,#8212);
#7053=AXIS2_PLACEMENT_3D('',#10525,#8216,#8217);
#7054=AXIS2_PLACEMENT_3D('',#10527,#8218,#8219);
#7055=AXIS2_PLACEMENT_3D('',#10529,#8220,#8221);
#7056=AXIS2_PLACEMENT_3D('',#10531,#8222,#8223);
#7057=AXIS2_PLACEMENT_3D('',#10533,#8224,#8225);
#7058=AXIS2_PLACEMENT_3D('',#10541,#8229,#8230);
#7059=AXIS2_PLACEMENT_3D('',#10543,#8231,#8232);
#7060=AXIS2_PLACEMENT_3D('',#10545,#8233,#8234);
#7061=AXIS2_PLACEMENT_3D('',#10547,#8235,#8236);
#7062=AXIS2_PLACEMENT_3D('',#10549,#8237,#8238);
#7063=AXIS2_PLACEMENT_3D('',#10557,#8242,#8243);
#7064=AXIS2_PLACEMENT_3D('',#10559,#8244,#8245);
#7065=AXIS2_PLACEMENT_3D('',#10561,#8246,#8247);
#7066=AXIS2_PLACEMENT_3D('',#10563,#8248,#8249);
#7067=AXIS2_PLACEMENT_3D('',#10565,#8250,#8251);
#7068=AXIS2_PLACEMENT_3D('',#10573,#8255,#8256);
#7069=AXIS2_PLACEMENT_3D('',#10575,#8257,#8258);
#7070=AXIS2_PLACEMENT_3D('',#10577,#8259,#8260);
#7071=AXIS2_PLACEMENT_3D('',#10579,#8261,#8262);
#7072=AXIS2_PLACEMENT_3D('',#10581,#8263,#8264);
#7073=AXIS2_PLACEMENT_3D('',#10589,#8268,#8269);
#7074=AXIS2_PLACEMENT_3D('',#10591,#8270,#8271);
#7075=AXIS2_PLACEMENT_3D('',#10593,#8272,#8273);
#7076=AXIS2_PLACEMENT_3D('',#10595,#8274,#8275);
#7077=AXIS2_PLACEMENT_3D('',#10597,#8276,#8277);
#7078=AXIS2_PLACEMENT_3D('',#10605,#8281,#8282);
#7079=AXIS2_PLACEMENT_3D('',#10607,#8283,#8284);
#7080=AXIS2_PLACEMENT_3D('',#10609,#8285,#8286);
#7081=AXIS2_PLACEMENT_3D('',#10611,#8287,#8288);
#7082=AXIS2_PLACEMENT_3D('',#10613,#8289,#8290);
#7083=AXIS2_PLACEMENT_3D('',#10621,#8294,#8295);
#7084=AXIS2_PLACEMENT_3D('',#10622,#8296,#8297);
#7085=AXIS2_PLACEMENT_3D('',#10649,#8298,#8299);
#7086=AXIS2_PLACEMENT_3D('',#10651,#8300,#8301);
#7087=AXIS2_PLACEMENT_3D('',#10652,#8302,#8303);
#7088=AXIS2_PLACEMENT_3D('',#10679,#8304,#8305);
#7089=AXIS2_PLACEMENT_3D('',#10681,#8306,#8307);
#7090=AXIS2_PLACEMENT_3D('',#10682,#8308,#8309);
#7091=AXIS2_PLACEMENT_3D('',#10683,#8310,#8311);
#7092=AXIS2_PLACEMENT_3D('',#10685,#8312,#8313);
#7093=AXIS2_PLACEMENT_3D('',#10701,#8314,#8315);
#7094=AXIS2_PLACEMENT_3D('',#10712,#8316,#8317);
#7095=AXIS2_PLACEMENT_3D('',#10713,#8318,#8319);
#7096=AXIS2_PLACEMENT_3D('',#10714,#8320,#8321);
#7097=AXIS2_PLACEMENT_3D('',#10716,#8323,#8324);
#7098=AXIS2_PLACEMENT_3D('',#10718,#8326,#8327);
#7099=AXIS2_PLACEMENT_3D('',#10721,#8329,#8330);
#7100=AXIS2_PLACEMENT_3D('',#10732,#8331,#8332);
#7101=AXIS2_PLACEMENT_3D('',#10733,#8333,#8334);
#7102=AXIS2_PLACEMENT_3D('',#10734,#8335,#8336);
#7103=AXIS2_PLACEMENT_3D('',#10750,#8337,#8338);
#7104=AXIS2_PLACEMENT_3D('',#10751,#8339,#8340);
#7105=AXIS2_PLACEMENT_3D('',#10755,#8342,#8343);
#7106=AXIS2_PLACEMENT_3D('',#10783,#8345,#8346);
#7107=AXIS2_PLACEMENT_3D('',#10785,#8347,#8348);
#7108=AXIS2_PLACEMENT_3D('',#10786,#8349,#8350);
#7109=AXIS2_PLACEMENT_3D('',#10813,#8351,#8352);
#7110=AXIS2_PLACEMENT_3D('',#10815,#8353,#8354);
#7111=AXIS2_PLACEMENT_3D('',#10816,#8355,#8356);
#7112=AXIS2_PLACEMENT_3D('',#10817,#8357,#8358);
#7113=AXIS2_PLACEMENT_3D('',#10819,#8359,#8360);
#7114=AXIS2_PLACEMENT_3D('',#10835,#8361,#8362);
#7115=AXIS2_PLACEMENT_3D('',#10846,#8363,#8364);
#7116=AXIS2_PLACEMENT_3D('',#10847,#8365,#8366);
#7117=AXIS2_PLACEMENT_3D('',#10848,#8367,#8368);
#7118=AXIS2_PLACEMENT_3D('',#10850,#8370,#8371);
#7119=AXIS2_PLACEMENT_3D('',#10852,#8373,#8374);
#7120=AXIS2_PLACEMENT_3D('',#10855,#8376,#8377);
#7121=AXIS2_PLACEMENT_3D('',#10866,#8378,#8379);
#7122=AXIS2_PLACEMENT_3D('',#10867,#8380,#8381);
#7123=AXIS2_PLACEMENT_3D('',#10868,#8382,#8383);
#7124=AXIS2_PLACEMENT_3D('',#10884,#8384,#8385);
#7125=AXIS2_PLACEMENT_3D('',#10885,#8386,#8387);
#7126=AXIS2_PLACEMENT_3D('',#10889,#8389,#8390);
#7127=AXIS2_PLACEMENT_3D('',#10917,#8392,#8393);
#7128=AXIS2_PLACEMENT_3D('',#10919,#8394,#8395);
#7129=AXIS2_PLACEMENT_3D('',#10920,#8396,#8397);
#7130=AXIS2_PLACEMENT_3D('',#10947,#8398,#8399);
#7131=AXIS2_PLACEMENT_3D('',#10949,#8400,#8401);
#7132=AXIS2_PLACEMENT_3D('',#10950,#8402,#8403);
#7133=AXIS2_PLACEMENT_3D('',#10951,#8404,#8405);
#7134=AXIS2_PLACEMENT_3D('',#10953,#8406,#8407);
#7135=AXIS2_PLACEMENT_3D('',#10969,#8408,#8409);
#7136=AXIS2_PLACEMENT_3D('',#10980,#8410,#8411);
#7137=AXIS2_PLACEMENT_3D('',#10981,#8412,#8413);
#7138=AXIS2_PLACEMENT_3D('',#10982,#8414,#8415);
#7139=AXIS2_PLACEMENT_3D('',#10984,#8417,#8418);
#7140=AXIS2_PLACEMENT_3D('',#10986,#8420,#8421);
#7141=AXIS2_PLACEMENT_3D('',#10989,#8423,#8424);
#7142=AXIS2_PLACEMENT_3D('',#11000,#8425,#8426);
#7143=AXIS2_PLACEMENT_3D('',#11001,#8427,#8428);
#7144=AXIS2_PLACEMENT_3D('',#11002,#8429,#8430);
#7145=AXIS2_PLACEMENT_3D('',#11018,#8431,#8432);
#7146=AXIS2_PLACEMENT_3D('',#11019,#8433,#8434);
#7147=AXIS2_PLACEMENT_3D('',#11023,#8436,#8437);
#7148=AXIS2_PLACEMENT_3D('',#11051,#8439,#8440);
#7149=AXIS2_PLACEMENT_3D('',#11053,#8441,#8442);
#7150=AXIS2_PLACEMENT_3D('',#11054,#8443,#8444);
#7151=AXIS2_PLACEMENT_3D('',#11081,#8445,#8446);
#7152=AXIS2_PLACEMENT_3D('',#11083,#8447,#8448);
#7153=AXIS2_PLACEMENT_3D('',#11084,#8449,#8450);
#7154=AXIS2_PLACEMENT_3D('',#11085,#8451,#8452);
#7155=AXIS2_PLACEMENT_3D('',#11087,#8453,#8454);
#7156=AXIS2_PLACEMENT_3D('',#11103,#8455,#8456);
#7157=AXIS2_PLACEMENT_3D('',#11114,#8457,#8458);
#7158=AXIS2_PLACEMENT_3D('',#11115,#8459,#8460);
#7159=AXIS2_PLACEMENT_3D('',#11116,#8461,#8462);
#7160=AXIS2_PLACEMENT_3D('',#11118,#8464,#8465);
#7161=AXIS2_PLACEMENT_3D('',#11120,#8467,#8468);
#7162=AXIS2_PLACEMENT_3D('',#11123,#8470,#8471);
#7163=AXIS2_PLACEMENT_3D('',#11134,#8472,#8473);
#7164=AXIS2_PLACEMENT_3D('',#11135,#8474,#8475);
#7165=AXIS2_PLACEMENT_3D('',#11136,#8476,#8477);
#7166=AXIS2_PLACEMENT_3D('',#11152,#8478,#8479);
#7167=AXIS2_PLACEMENT_3D('',#11153,#8480,#8481);
#7168=AXIS2_PLACEMENT_3D('',#11157,#8483,#8484);
#7169=AXIS2_PLACEMENT_3D('',#11185,#8486,#8487);
#7170=AXIS2_PLACEMENT_3D('',#11187,#8488,#8489);
#7171=AXIS2_PLACEMENT_3D('',#11188,#8490,#8491);
#7172=AXIS2_PLACEMENT_3D('',#11215,#8492,#8493);
#7173=AXIS2_PLACEMENT_3D('',#11217,#8494,#8495);
#7174=AXIS2_PLACEMENT_3D('',#11218,#8496,#8497);
#7175=AXIS2_PLACEMENT_3D('',#11219,#8498,#8499);
#7176=AXIS2_PLACEMENT_3D('',#11221,#8500,#8501);
#7177=AXIS2_PLACEMENT_3D('',#11237,#8502,#8503);
#7178=AXIS2_PLACEMENT_3D('',#11248,#8504,#8505);
#7179=AXIS2_PLACEMENT_3D('',#11249,#8506,#8507);
#7180=AXIS2_PLACEMENT_3D('',#11250,#8508,#8509);
#7181=AXIS2_PLACEMENT_3D('',#11252,#8511,#8512);
#7182=AXIS2_PLACEMENT_3D('',#11254,#8514,#8515);
#7183=AXIS2_PLACEMENT_3D('',#11257,#8517,#8518);
#7184=AXIS2_PLACEMENT_3D('',#11268,#8519,#8520);
#7185=AXIS2_PLACEMENT_3D('',#11269,#8521,#8522);
#7186=AXIS2_PLACEMENT_3D('',#11270,#8523,#8524);
#7187=AXIS2_PLACEMENT_3D('',#11286,#8525,#8526);
#7188=AXIS2_PLACEMENT_3D('',#11287,#8527,#8528);
#7189=AXIS2_PLACEMENT_3D('',#11291,#8530,#8531);
#7190=AXIS2_PLACEMENT_3D('',#11319,#8533,#8534);
#7191=AXIS2_PLACEMENT_3D('',#11321,#8535,#8536);
#7192=AXIS2_PLACEMENT_3D('',#11322,#8537,#8538);
#7193=AXIS2_PLACEMENT_3D('',#11349,#8539,#8540);
#7194=AXIS2_PLACEMENT_3D('',#11351,#8541,#8542);
#7195=AXIS2_PLACEMENT_3D('',#11352,#8543,#8544);
#7196=AXIS2_PLACEMENT_3D('',#11353,#8545,#8546);
#7197=AXIS2_PLACEMENT_3D('',#11355,#8547,#8548);
#7198=AXIS2_PLACEMENT_3D('',#11371,#8549,#8550);
#7199=AXIS2_PLACEMENT_3D('',#11382,#8551,#8552);
#7200=AXIS2_PLACEMENT_3D('',#11383,#8553,#8554);
#7201=AXIS2_PLACEMENT_3D('',#11384,#8555,#8556);
#7202=AXIS2_PLACEMENT_3D('',#11386,#8558,#8559);
#7203=AXIS2_PLACEMENT_3D('',#11388,#8561,#8562);
#7204=AXIS2_PLACEMENT_3D('',#11391,#8564,#8565);
#7205=AXIS2_PLACEMENT_3D('',#11402,#8566,#8567);
#7206=AXIS2_PLACEMENT_3D('',#11403,#8568,#8569);
#7207=AXIS2_PLACEMENT_3D('',#11404,#8570,#8571);
#7208=AXIS2_PLACEMENT_3D('',#11420,#8572,#8573);
#7209=AXIS2_PLACEMENT_3D('',#11421,#8574,#8575);
#7210=AXIS2_PLACEMENT_3D('',#11425,#8577,#8578);
#7211=AXIS2_PLACEMENT_3D('',#11453,#8580,#8581);
#7212=AXIS2_PLACEMENT_3D('',#11455,#8582,#8583);
#7213=AXIS2_PLACEMENT_3D('',#11456,#8584,#8585);
#7214=AXIS2_PLACEMENT_3D('',#11483,#8586,#8587);
#7215=AXIS2_PLACEMENT_3D('',#11485,#8588,#8589);
#7216=AXIS2_PLACEMENT_3D('',#11486,#8590,#8591);
#7217=AXIS2_PLACEMENT_3D('',#11487,#8592,#8593);
#7218=AXIS2_PLACEMENT_3D('',#11489,#8594,#8595);
#7219=AXIS2_PLACEMENT_3D('',#11505,#8596,#8597);
#7220=AXIS2_PLACEMENT_3D('',#11516,#8598,#8599);
#7221=AXIS2_PLACEMENT_3D('',#11517,#8600,#8601);
#7222=AXIS2_PLACEMENT_3D('',#11518,#8602,#8603);
#7223=AXIS2_PLACEMENT_3D('',#11520,#8605,#8606);
#7224=AXIS2_PLACEMENT_3D('',#11522,#8608,#8609);
#7225=AXIS2_PLACEMENT_3D('',#11525,#8611,#8612);
#7226=AXIS2_PLACEMENT_3D('',#11536,#8613,#8614);
#7227=AXIS2_PLACEMENT_3D('',#11537,#8615,#8616);
#7228=AXIS2_PLACEMENT_3D('',#11538,#8617,#8618);
#7229=AXIS2_PLACEMENT_3D('',#11554,#8619,#8620);
#7230=AXIS2_PLACEMENT_3D('',#11555,#8621,#8622);
#7231=AXIS2_PLACEMENT_3D('',#11559,#8624,#8625);
#7232=AXIS2_PLACEMENT_3D('',#11587,#8627,#8628);
#7233=AXIS2_PLACEMENT_3D('',#11589,#8629,#8630);
#7234=AXIS2_PLACEMENT_3D('',#11590,#8631,#8632);
#7235=AXIS2_PLACEMENT_3D('',#11617,#8633,#8634);
#7236=AXIS2_PLACEMENT_3D('',#11619,#8635,#8636);
#7237=AXIS2_PLACEMENT_3D('',#11620,#8637,#8638);
#7238=AXIS2_PLACEMENT_3D('',#11621,#8639,#8640);
#7239=AXIS2_PLACEMENT_3D('',#11623,#8641,#8642);
#7240=AXIS2_PLACEMENT_3D('',#11639,#8643,#8644);
#7241=AXIS2_PLACEMENT_3D('',#11650,#8645,#8646);
#7242=AXIS2_PLACEMENT_3D('',#11651,#8647,#8648);
#7243=AXIS2_PLACEMENT_3D('',#11652,#8649,#8650);
#7244=AXIS2_PLACEMENT_3D('',#11654,#8652,#8653);
#7245=AXIS2_PLACEMENT_3D('',#11656,#8655,#8656);
#7246=AXIS2_PLACEMENT_3D('',#11659,#8658,#8659);
#7247=AXIS2_PLACEMENT_3D('',#11670,#8660,#8661);
#7248=AXIS2_PLACEMENT_3D('',#11671,#8662,#8663);
#7249=AXIS2_PLACEMENT_3D('',#11672,#8664,#8665);
#7250=AXIS2_PLACEMENT_3D('',#11688,#8666,#8667);
#7251=AXIS2_PLACEMENT_3D('',#11689,#8668,#8669);
#7252=AXIS2_PLACEMENT_3D('',#11693,#8671,#8672);
#7253=AXIS2_PLACEMENT_3D('',#11721,#8674,#8675);
#7254=AXIS2_PLACEMENT_3D('',#11723,#8676,#8677);
#7255=AXIS2_PLACEMENT_3D('',#11724,#8678,#8679);
#7256=AXIS2_PLACEMENT_3D('',#11751,#8680,#8681);
#7257=AXIS2_PLACEMENT_3D('',#11753,#8682,#8683);
#7258=AXIS2_PLACEMENT_3D('',#11754,#8684,#8685);
#7259=AXIS2_PLACEMENT_3D('',#11755,#8686,#8687);
#7260=AXIS2_PLACEMENT_3D('',#11757,#8688,#8689);
#7261=AXIS2_PLACEMENT_3D('',#11773,#8690,#8691);
#7262=AXIS2_PLACEMENT_3D('',#11784,#8692,#8693);
#7263=AXIS2_PLACEMENT_3D('',#11785,#8694,#8695);
#7264=AXIS2_PLACEMENT_3D('',#11786,#8696,#8697);
#7265=AXIS2_PLACEMENT_3D('',#11788,#8699,#8700);
#7266=AXIS2_PLACEMENT_3D('',#11790,#8702,#8703);
#7267=AXIS2_PLACEMENT_3D('',#11793,#8705,#8706);
#7268=AXIS2_PLACEMENT_3D('',#11804,#8707,#8708);
#7269=AXIS2_PLACEMENT_3D('',#11805,#8709,#8710);
#7270=AXIS2_PLACEMENT_3D('',#11806,#8711,#8712);
#7271=AXIS2_PLACEMENT_3D('',#11822,#8713,#8714);
#7272=AXIS2_PLACEMENT_3D('',#11823,#8715,#8716);
#7273=AXIS2_PLACEMENT_3D('',#11827,#8718,#8719);
#7274=AXIS2_PLACEMENT_3D('',#11855,#8721,#8722);
#7275=AXIS2_PLACEMENT_3D('',#11857,#8723,#8724);
#7276=AXIS2_PLACEMENT_3D('',#11858,#8725,#8726);
#7277=AXIS2_PLACEMENT_3D('',#11885,#8727,#8728);
#7278=AXIS2_PLACEMENT_3D('',#11887,#8729,#8730);
#7279=AXIS2_PLACEMENT_3D('',#11888,#8731,#8732);
#7280=AXIS2_PLACEMENT_3D('',#11889,#8733,#8734);
#7281=AXIS2_PLACEMENT_3D('',#11891,#8735,#8736);
#7282=AXIS2_PLACEMENT_3D('',#11907,#8737,#8738);
#7283=AXIS2_PLACEMENT_3D('',#11918,#8739,#8740);
#7284=AXIS2_PLACEMENT_3D('',#11919,#8741,#8742);
#7285=AXIS2_PLACEMENT_3D('',#11920,#8743,#8744);
#7286=AXIS2_PLACEMENT_3D('',#11922,#8746,#8747);
#7287=AXIS2_PLACEMENT_3D('',#11924,#8749,#8750);
#7288=AXIS2_PLACEMENT_3D('',#11927,#8752,#8753);
#7289=AXIS2_PLACEMENT_3D('',#11938,#8754,#8755);
#7290=AXIS2_PLACEMENT_3D('',#11939,#8756,#8757);
#7291=AXIS2_PLACEMENT_3D('',#11940,#8758,#8759);
#7292=AXIS2_PLACEMENT_3D('',#11956,#8760,#8761);
#7293=AXIS2_PLACEMENT_3D('',#11957,#8762,#8763);
#7294=AXIS2_PLACEMENT_3D('',#11961,#8765,#8766);
#7295=AXIS2_PLACEMENT_3D('',#11989,#8768,#8769);
#7296=AXIS2_PLACEMENT_3D('',#11991,#8770,#8771);
#7297=AXIS2_PLACEMENT_3D('',#11992,#8772,#8773);
#7298=AXIS2_PLACEMENT_3D('',#12019,#8774,#8775);
#7299=AXIS2_PLACEMENT_3D('',#12021,#8776,#8777);
#7300=AXIS2_PLACEMENT_3D('',#12022,#8778,#8779);
#7301=AXIS2_PLACEMENT_3D('',#12023,#8780,#8781);
#7302=AXIS2_PLACEMENT_3D('',#12025,#8782,#8783);
#7303=AXIS2_PLACEMENT_3D('',#12041,#8784,#8785);
#7304=AXIS2_PLACEMENT_3D('',#12052,#8786,#8787);
#7305=AXIS2_PLACEMENT_3D('',#12053,#8788,#8789);
#7306=AXIS2_PLACEMENT_3D('',#12054,#8790,#8791);
#7307=AXIS2_PLACEMENT_3D('',#12056,#8793,#8794);
#7308=AXIS2_PLACEMENT_3D('',#12058,#8796,#8797);
#7309=AXIS2_PLACEMENT_3D('',#12061,#8799,#8800);
#7310=AXIS2_PLACEMENT_3D('',#12072,#8801,#8802);
#7311=AXIS2_PLACEMENT_3D('',#12073,#8803,#8804);
#7312=AXIS2_PLACEMENT_3D('',#12074,#8805,#8806);
#7313=AXIS2_PLACEMENT_3D('',#12090,#8807,#8808);
#7314=AXIS2_PLACEMENT_3D('',#12091,#8809,#8810);
#7315=AXIS2_PLACEMENT_3D('',#12095,#8812,#8813);
#7316=AXIS2_PLACEMENT_3D('',#12123,#8815,#8816);
#7317=AXIS2_PLACEMENT_3D('',#12125,#8817,#8818);
#7318=AXIS2_PLACEMENT_3D('',#12126,#8819,#8820);
#7319=AXIS2_PLACEMENT_3D('',#12153,#8821,#8822);
#7320=AXIS2_PLACEMENT_3D('',#12155,#8823,#8824);
#7321=AXIS2_PLACEMENT_3D('',#12156,#8825,#8826);
#7322=AXIS2_PLACEMENT_3D('',#12157,#8827,#8828);
#7323=AXIS2_PLACEMENT_3D('',#12159,#8829,#8830);
#7324=AXIS2_PLACEMENT_3D('',#12175,#8831,#8832);
#7325=AXIS2_PLACEMENT_3D('',#12186,#8833,#8834);
#7326=AXIS2_PLACEMENT_3D('',#12187,#8835,#8836);
#7327=AXIS2_PLACEMENT_3D('',#12188,#8837,#8838);
#7328=AXIS2_PLACEMENT_3D('',#12190,#8840,#8841);
#7329=AXIS2_PLACEMENT_3D('',#12192,#8843,#8844);
#7330=AXIS2_PLACEMENT_3D('',#12195,#8846,#8847);
#7331=AXIS2_PLACEMENT_3D('',#12206,#8848,#8849);
#7332=AXIS2_PLACEMENT_3D('',#12207,#8850,#8851);
#7333=AXIS2_PLACEMENT_3D('',#12208,#8852,#8853);
#7334=AXIS2_PLACEMENT_3D('',#12224,#8854,#8855);
#7335=AXIS2_PLACEMENT_3D('',#12225,#8856,#8857);
#7336=AXIS2_PLACEMENT_3D('',#12229,#8859,#8860);
#7337=AXIS2_PLACEMENT_3D('',#12257,#8862,#8863);
#7338=AXIS2_PLACEMENT_3D('',#12259,#8864,#8865);
#7339=AXIS2_PLACEMENT_3D('',#12260,#8866,#8867);
#7340=AXIS2_PLACEMENT_3D('',#12287,#8868,#8869);
#7341=AXIS2_PLACEMENT_3D('',#12289,#8870,#8871);
#7342=AXIS2_PLACEMENT_3D('',#12290,#8872,#8873);
#7343=AXIS2_PLACEMENT_3D('',#12291,#8874,#8875);
#7344=AXIS2_PLACEMENT_3D('',#12293,#8876,#8877);
#7345=AXIS2_PLACEMENT_3D('',#12309,#8878,#8879);
#7346=AXIS2_PLACEMENT_3D('',#12320,#8880,#8881);
#7347=AXIS2_PLACEMENT_3D('',#12321,#8882,#8883);
#7348=AXIS2_PLACEMENT_3D('',#12322,#8884,#8885);
#7349=AXIS2_PLACEMENT_3D('',#12324,#8887,#8888);
#7350=AXIS2_PLACEMENT_3D('',#12326,#8890,#8891);
#7351=AXIS2_PLACEMENT_3D('',#12329,#8893,#8894);
#7352=AXIS2_PLACEMENT_3D('',#12340,#8895,#8896);
#7353=AXIS2_PLACEMENT_3D('',#12341,#8897,#8898);
#7354=AXIS2_PLACEMENT_3D('',#12342,#8899,#8900);
#7355=AXIS2_PLACEMENT_3D('',#12358,#8901,#8902);
#7356=AXIS2_PLACEMENT_3D('',#12359,#8903,#8904);
#7357=AXIS2_PLACEMENT_3D('',#12363,#8906,#8907);
#7358=AXIS2_PLACEMENT_3D('',#12391,#8909,#8910);
#7359=AXIS2_PLACEMENT_3D('',#12393,#8911,#8912);
#7360=AXIS2_PLACEMENT_3D('',#12394,#8913,#8914);
#7361=AXIS2_PLACEMENT_3D('',#12421,#8915,#8916);
#7362=AXIS2_PLACEMENT_3D('',#12423,#8917,#8918);
#7363=AXIS2_PLACEMENT_3D('',#12424,#8919,#8920);
#7364=AXIS2_PLACEMENT_3D('',#12425,#8921,#8922);
#7365=AXIS2_PLACEMENT_3D('',#12427,#8923,#8924);
#7366=AXIS2_PLACEMENT_3D('',#12443,#8925,#8926);
#7367=AXIS2_PLACEMENT_3D('',#12454,#8927,#8928);
#7368=AXIS2_PLACEMENT_3D('',#12455,#8929,#8930);
#7369=AXIS2_PLACEMENT_3D('',#12456,#8931,#8932);
#7370=AXIS2_PLACEMENT_3D('',#12458,#8934,#8935);
#7371=AXIS2_PLACEMENT_3D('',#12460,#8937,#8938);
#7372=AXIS2_PLACEMENT_3D('',#12463,#8940,#8941);
#7373=AXIS2_PLACEMENT_3D('',#12474,#8942,#8943);
#7374=AXIS2_PLACEMENT_3D('',#12475,#8944,#8945);
#7375=AXIS2_PLACEMENT_3D('',#12476,#8946,#8947);
#7376=AXIS2_PLACEMENT_3D('',#12492,#8948,#8949);
#7377=AXIS2_PLACEMENT_3D('',#12493,#8950,#8951);
#7378=AXIS2_PLACEMENT_3D('',#12497,#8953,#8954);
#7379=AXIS2_PLACEMENT_3D('',#12525,#8956,#8957);
#7380=AXIS2_PLACEMENT_3D('',#12527,#8958,#8959);
#7381=AXIS2_PLACEMENT_3D('',#12528,#8960,#8961);
#7382=AXIS2_PLACEMENT_3D('',#12555,#8962,#8963);
#7383=AXIS2_PLACEMENT_3D('',#12557,#8964,#8965);
#7384=AXIS2_PLACEMENT_3D('',#12558,#8966,#8967);
#7385=AXIS2_PLACEMENT_3D('',#12559,#8968,#8969);
#7386=AXIS2_PLACEMENT_3D('',#12561,#8970,#8971);
#7387=AXIS2_PLACEMENT_3D('',#12577,#8972,#8973);
#7388=AXIS2_PLACEMENT_3D('',#12588,#8974,#8975);
#7389=AXIS2_PLACEMENT_3D('',#12589,#8976,#8977);
#7390=AXIS2_PLACEMENT_3D('',#12590,#8978,#8979);
#7391=AXIS2_PLACEMENT_3D('',#12592,#8981,#8982);
#7392=AXIS2_PLACEMENT_3D('',#12594,#8984,#8985);
#7393=AXIS2_PLACEMENT_3D('',#12597,#8987,#8988);
#7394=AXIS2_PLACEMENT_3D('',#12608,#8989,#8990);
#7395=AXIS2_PLACEMENT_3D('',#12609,#8991,#8992);
#7396=AXIS2_PLACEMENT_3D('',#12610,#8993,#8994);
#7397=AXIS2_PLACEMENT_3D('',#12626,#8995,#8996);
#7398=AXIS2_PLACEMENT_3D('',#12627,#8997,#8998);
#7399=AXIS2_PLACEMENT_3D('',#12631,#9000,#9001);
#7400=AXIS2_PLACEMENT_3D('',#12659,#9003,#9004);
#7401=AXIS2_PLACEMENT_3D('',#12661,#9005,#9006);
#7402=AXIS2_PLACEMENT_3D('',#12662,#9007,#9008);
#7403=AXIS2_PLACEMENT_3D('',#12689,#9009,#9010);
#7404=AXIS2_PLACEMENT_3D('',#12691,#9011,#9012);
#7405=AXIS2_PLACEMENT_3D('',#12692,#9013,#9014);
#7406=AXIS2_PLACEMENT_3D('',#12693,#9015,#9016);
#7407=AXIS2_PLACEMENT_3D('',#12695,#9017,#9018);
#7408=AXIS2_PLACEMENT_3D('',#12711,#9019,#9020);
#7409=AXIS2_PLACEMENT_3D('',#12722,#9021,#9022);
#7410=AXIS2_PLACEMENT_3D('',#12723,#9023,#9024);
#7411=AXIS2_PLACEMENT_3D('',#12724,#9025,#9026);
#7412=AXIS2_PLACEMENT_3D('',#12726,#9028,#9029);
#7413=AXIS2_PLACEMENT_3D('',#12728,#9031,#9032);
#7414=AXIS2_PLACEMENT_3D('',#12731,#9034,#9035);
#7415=AXIS2_PLACEMENT_3D('',#12742,#9036,#9037);
#7416=AXIS2_PLACEMENT_3D('',#12743,#9038,#9039);
#7417=AXIS2_PLACEMENT_3D('',#12744,#9040,#9041);
#7418=AXIS2_PLACEMENT_3D('',#12760,#9042,#9043);
#7419=AXIS2_PLACEMENT_3D('',#12788,#9044,#9045);
#7420=AXIS2_PLACEMENT_3D('',#12789,#9046,#9047);
#7421=AXIS2_PLACEMENT_3D('',#12790,#9048,#9049);
#7422=AXIS2_PLACEMENT_3D('',#12791,#9050,#9051);
#7423=AXIS2_PLACEMENT_3D('',#12794,#9053,#9054);
#7424=AXIS2_PLACEMENT_3D('',#12805,#9055,#9056);
#7425=AXIS2_PLACEMENT_3D('',#12806,#9057,#9058);
#7426=AXIS2_PLACEMENT_3D('',#12807,#9059,#9060);
#7427=AXIS2_PLACEMENT_3D('',#12823,#9061,#9062);
#7428=AXIS2_PLACEMENT_3D('',#12851,#9063,#9064);
#7429=AXIS2_PLACEMENT_3D('',#12852,#9065,#9066);
#7430=AXIS2_PLACEMENT_3D('',#12853,#9067,#9068);
#7431=AXIS2_PLACEMENT_3D('',#12854,#9069,#9070);
#7432=AXIS2_PLACEMENT_3D('',#12856,#9072,#9073);
#7433=AXIS2_PLACEMENT_3D('',#12858,#9074,#9075);
#7434=AXIS2_PLACEMENT_3D('',#12874,#9076,#9077);
#7435=AXIS2_PLACEMENT_3D('',#12885,#9078,#9079);
#7436=AXIS2_PLACEMENT_3D('',#12886,#9080,#9081);
#7437=AXIS2_PLACEMENT_3D('',#12887,#9082,#9083);
#7438=AXIS2_PLACEMENT_3D('',#12889,#9085,#9086);
#7439=AXIS2_PLACEMENT_3D('',#12892,#9089,#9090);
#7440=AXIS2_PLACEMENT_3D('',#12894,#9092,#9093);
#7441=AXIS2_PLACEMENT_3D('',#12896,#9095,#9096);
#7442=AXIS2_PLACEMENT_3D('',#12898,#9098,#9099);
#7443=AXIS2_PLACEMENT_3D('',#12900,#9101,#9102);
#7444=AXIS2_PLACEMENT_3D('',#12902,#9104,#9105);
#7445=AXIS2_PLACEMENT_3D('',#12904,#9107,#9108);
#7446=AXIS2_PLACEMENT_3D('',#12906,#9110,#9111);
#7447=AXIS2_PLACEMENT_3D('',#12935,#9113,#9114);
#7448=AXIS2_PLACEMENT_3D('',#12936,#9115,#9116);
#7449=AXIS2_PLACEMENT_3D('',#12937,#9117,#9118);
#7450=AXIS2_PLACEMENT_3D('',#12938,#9119,#9120);
#7451=AXIS2_PLACEMENT_3D('',#12941,#9122,#9123);
#7452=AXIS2_PLACEMENT_3D('',#12951,#9124,#9125);
#7453=AXIS2_PLACEMENT_3D('',#12952,#9126,#9127);
#7454=AXIS2_PLACEMENT_3D('',#12953,#9128,#9129);
#7455=AXIS2_PLACEMENT_3D('',#12995,#9130,#9131);
#7456=AXIS2_PLACEMENT_3D('',#12996,#9132,#9133);
#7457=AXIS2_PLACEMENT_3D('',#12997,#9134,#9135);
#7458=AXIS2_PLACEMENT_3D('',#12998,#9136,#9137);
#7459=AXIS2_PLACEMENT_3D('',#13000,#9139,#9140);
#7460=AXIS2_PLACEMENT_3D('',#13002,#9141,#9142);
#7461=AXIS2_PLACEMENT_3D('',#13018,#9143,#9144);
#7462=AXIS2_PLACEMENT_3D('',#13029,#9145,#9146);
#7463=AXIS2_PLACEMENT_3D('',#13030,#9147,#9148);
#7464=AXIS2_PLACEMENT_3D('',#13031,#9149,#9150);
#7465=AXIS2_PLACEMENT_3D('',#13033,#9152,#9153);
#7466=AXIS2_PLACEMENT_3D('',#13035,#9155,#9156);
#7467=AXIS2_PLACEMENT_3D('',#13037,#9158,#9159);
#7468=AXIS2_PLACEMENT_3D('',#13039,#9161,#9162);
#7469=AXIS2_PLACEMENT_3D('',#13041,#9164,#9165);
#7470=AXIS2_PLACEMENT_3D('',#13043,#9167,#9168);
#7471=AXIS2_PLACEMENT_3D('',#13045,#9170,#9171);
#7472=AXIS2_PLACEMENT_3D('',#13047,#9173,#9174);
#7473=AXIS2_PLACEMENT_3D('',#13075,#9176,#9177);
#7474=AXIS2_PLACEMENT_3D('',#13077,#9178,#9179);
#7475=AXIS2_PLACEMENT_3D('',#13078,#9180,#9181);
#7476=AXIS2_PLACEMENT_3D('',#13079,#9182,#9183);
#7477=AXIS2_PLACEMENT_3D('',#13081,#9184,#9185);
#7478=AXIS2_PLACEMENT_3D('',#13093,#9187,#9188);
#7479=AXIS2_PLACEMENT_3D('',#13094,#9189,#9190);
#7480=AXIS2_PLACEMENT_3D('',#13095,#9191,#9192);
#7481=AXIS2_PLACEMENT_3D('',#13111,#9193,#9194);
#7482=AXIS2_PLACEMENT_3D('',#13138,#9195,#9196);
#7483=AXIS2_PLACEMENT_3D('',#13140,#9197,#9198);
#7484=AXIS2_PLACEMENT_3D('',#13141,#9199,#9200);
#7485=AXIS2_PLACEMENT_3D('',#13142,#9201,#9202);
#7486=AXIS2_PLACEMENT_3D('',#13144,#9204,#9205);
#7487=AXIS2_PLACEMENT_3D('',#13145,#9206,#9207);
#7488=AXIS2_PLACEMENT_3D('',#13170,#9208,#9209);
#7489=AXIS2_PLACEMENT_3D('',#13171,#9210,#9211);
#7490=AXIS2_PLACEMENT_3D('',#13172,#9212,#9213);
#7491=AXIS2_PLACEMENT_3D('',#13174,#9215,#9216);
#7492=AXIS2_PLACEMENT_3D('',#13204,#9219,#9220);
#7493=AXIS2_PLACEMENT_3D('',#13205,#9221,#9222);
#7494=AXIS2_PLACEMENT_3D('',#13206,#9223,#9224);
#7495=AXIS2_PLACEMENT_3D('',#13207,#9225,#9226);
#7496=AXIS2_PLACEMENT_3D('',#13210,#9228,#9229);
#7497=AXIS2_PLACEMENT_3D('',#13220,#9230,#9231);
#7498=AXIS2_PLACEMENT_3D('',#13221,#9232,#9233);
#7499=AXIS2_PLACEMENT_3D('',#13222,#9234,#9235);
#7500=AXIS2_PLACEMENT_3D('',#13264,#9236,#9237);
#7501=AXIS2_PLACEMENT_3D('',#13265,#9238,#9239);
#7502=AXIS2_PLACEMENT_3D('',#13266,#9240,#9241);
#7503=AXIS2_PLACEMENT_3D('',#13267,#9242,#9243);
#7504=AXIS2_PLACEMENT_3D('',#13269,#9245,#9246);
#7505=AXIS2_PLACEMENT_3D('',#13271,#9247,#9248);
#7506=AXIS2_PLACEMENT_3D('',#13287,#9249,#9250);
#7507=AXIS2_PLACEMENT_3D('',#13298,#9251,#9252);
#7508=AXIS2_PLACEMENT_3D('',#13299,#9253,#9254);
#7509=AXIS2_PLACEMENT_3D('',#13300,#9255,#9256);
#7510=AXIS2_PLACEMENT_3D('',#13302,#9258,#9259);
#7511=AXIS2_PLACEMENT_3D('',#13304,#9261,#9262);
#7512=AXIS2_PLACEMENT_3D('',#13306,#9264,#9265);
#7513=AXIS2_PLACEMENT_3D('',#13308,#9267,#9268);
#7514=AXIS2_PLACEMENT_3D('',#13310,#9270,#9271);
#7515=AXIS2_PLACEMENT_3D('',#13312,#9273,#9274);
#7516=AXIS2_PLACEMENT_3D('',#13314,#9276,#9277);
#7517=AXIS2_PLACEMENT_3D('',#13316,#9279,#9280);
#7518=AXIS2_PLACEMENT_3D('',#13345,#9282,#9283);
#7519=AXIS2_PLACEMENT_3D('',#13346,#9284,#9285);
#7520=AXIS2_PLACEMENT_3D('',#13347,#9286,#9287);
#7521=AXIS2_PLACEMENT_3D('',#13348,#9288,#9289);
#7522=AXIS2_PLACEMENT_3D('',#13351,#9291,#9292);
#7523=AXIS2_PLACEMENT_3D('',#13361,#9293,#9294);
#7524=AXIS2_PLACEMENT_3D('',#13362,#9295,#9296);
#7525=AXIS2_PLACEMENT_3D('',#13363,#9297,#9298);
#7526=AXIS2_PLACEMENT_3D('',#13405,#9299,#9300);
#7527=AXIS2_PLACEMENT_3D('',#13406,#9301,#9302);
#7528=AXIS2_PLACEMENT_3D('',#13407,#9303,#9304);
#7529=AXIS2_PLACEMENT_3D('',#13408,#9305,#9306);
#7530=AXIS2_PLACEMENT_3D('',#13410,#9308,#9309);
#7531=AXIS2_PLACEMENT_3D('',#13412,#9310,#9311);
#7532=AXIS2_PLACEMENT_3D('',#13428,#9312,#9313);
#7533=AXIS2_PLACEMENT_3D('',#13439,#9314,#9315);
#7534=AXIS2_PLACEMENT_3D('',#13440,#9316,#9317);
#7535=AXIS2_PLACEMENT_3D('',#13441,#9318,#9319);
#7536=AXIS2_PLACEMENT_3D('',#13443,#9321,#9322);
#7537=AXIS2_PLACEMENT_3D('',#13445,#9324,#9325);
#7538=AXIS2_PLACEMENT_3D('',#13447,#9327,#9328);
#7539=AXIS2_PLACEMENT_3D('',#13449,#9330,#9331);
#7540=AXIS2_PLACEMENT_3D('',#13451,#9333,#9334);
#7541=AXIS2_PLACEMENT_3D('',#13453,#9336,#9337);
#7542=AXIS2_PLACEMENT_3D('',#13455,#9339,#9340);
#7543=AXIS2_PLACEMENT_3D('',#13457,#9342,#9343);
#7544=AXIS2_PLACEMENT_3D('',#13486,#9345,#9346);
#7545=AXIS2_PLACEMENT_3D('',#13487,#9347,#9348);
#7546=AXIS2_PLACEMENT_3D('',#13488,#9349,#9350);
#7547=AXIS2_PLACEMENT_3D('',#13489,#9351,#9352);
#7548=AXIS2_PLACEMENT_3D('',#13492,#9354,#9355);
#7549=AXIS2_PLACEMENT_3D('',#13502,#9356,#9357);
#7550=AXIS2_PLACEMENT_3D('',#13503,#9358,#9359);
#7551=AXIS2_PLACEMENT_3D('',#13504,#9360,#9361);
#7552=AXIS2_PLACEMENT_3D('',#13546,#9362,#9363);
#7553=AXIS2_PLACEMENT_3D('',#13547,#9364,#9365);
#7554=AXIS2_PLACEMENT_3D('',#13548,#9366,#9367);
#7555=AXIS2_PLACEMENT_3D('',#13549,#9368,#9369);
#7556=AXIS2_PLACEMENT_3D('',#13551,#9371,#9372);
#7557=AXIS2_PLACEMENT_3D('',#13553,#9373,#9374);
#7558=AXIS2_PLACEMENT_3D('',#13569,#9375,#9376);
#7559=AXIS2_PLACEMENT_3D('',#13580,#9377,#9378);
#7560=AXIS2_PLACEMENT_3D('',#13581,#9379,#9380);
#7561=AXIS2_PLACEMENT_3D('',#13582,#9381,#9382);
#7562=AXIS2_PLACEMENT_3D('',#13584,#9384,#9385);
#7563=AXIS2_PLACEMENT_3D('',#13586,#9387,#9388);
#7564=AXIS2_PLACEMENT_3D('',#13588,#9390,#9391);
#7565=AXIS2_PLACEMENT_3D('',#13590,#9393,#9394);
#7566=AXIS2_PLACEMENT_3D('',#13592,#9396,#9397);
#7567=AXIS2_PLACEMENT_3D('',#13594,#9399,#9400);
#7568=AXIS2_PLACEMENT_3D('',#13596,#9402,#9403);
#7569=AXIS2_PLACEMENT_3D('',#13598,#9405,#9406);
#7570=AXIS2_PLACEMENT_3D('',#13627,#9408,#9409);
#7571=AXIS2_PLACEMENT_3D('',#13628,#9410,#9411);
#7572=AXIS2_PLACEMENT_3D('',#13629,#9412,#9413);
#7573=AXIS2_PLACEMENT_3D('',#13630,#9414,#9415);
#7574=AXIS2_PLACEMENT_3D('',#13633,#9417,#9418);
#7575=AXIS2_PLACEMENT_3D('',#13643,#9419,#9420);
#7576=AXIS2_PLACEMENT_3D('',#13644,#9421,#9422);
#7577=AXIS2_PLACEMENT_3D('',#13645,#9423,#9424);
#7578=AXIS2_PLACEMENT_3D('',#13687,#9425,#9426);
#7579=AXIS2_PLACEMENT_3D('',#13688,#9427,#9428);
#7580=AXIS2_PLACEMENT_3D('',#13689,#9429,#9430);
#7581=AXIS2_PLACEMENT_3D('',#13690,#9431,#9432);
#7582=AXIS2_PLACEMENT_3D('',#13692,#9434,#9435);
#7583=AXIS2_PLACEMENT_3D('',#13694,#9436,#9437);
#7584=AXIS2_PLACEMENT_3D('',#13710,#9438,#9439);
#7585=AXIS2_PLACEMENT_3D('',#13721,#9440,#9441);
#7586=AXIS2_PLACEMENT_3D('',#13722,#9442,#9443);
#7587=AXIS2_PLACEMENT_3D('',#13723,#9444,#9445);
#7588=AXIS2_PLACEMENT_3D('',#13725,#9447,#9448);
#7589=AXIS2_PLACEMENT_3D('',#13727,#9450,#9451);
#7590=AXIS2_PLACEMENT_3D('',#13729,#9453,#9454);
#7591=AXIS2_PLACEMENT_3D('',#13731,#9456,#9457);
#7592=AXIS2_PLACEMENT_3D('',#13733,#9459,#9460);
#7593=AXIS2_PLACEMENT_3D('',#13735,#9462,#9463);
#7594=AXIS2_PLACEMENT_3D('',#13737,#9465,#9466);
#7595=AXIS2_PLACEMENT_3D('',#13739,#9468,#9469);
#7596=AXIS2_PLACEMENT_3D('',#13768,#9471,#9472);
#7597=AXIS2_PLACEMENT_3D('',#13769,#9473,#9474);
#7598=AXIS2_PLACEMENT_3D('',#13770,#9475,#9476);
#7599=AXIS2_PLACEMENT_3D('',#13771,#9477,#9478);
#7600=AXIS2_PLACEMENT_3D('',#13774,#9480,#9481);
#7601=AXIS2_PLACEMENT_3D('',#13784,#9482,#9483);
#7602=AXIS2_PLACEMENT_3D('',#13785,#9484,#9485);
#7603=AXIS2_PLACEMENT_3D('',#13786,#9486,#9487);
#7604=AXIS2_PLACEMENT_3D('',#13828,#9488,#9489);
#7605=AXIS2_PLACEMENT_3D('',#13829,#9490,#9491);
#7606=AXIS2_PLACEMENT_3D('',#13830,#9492,#9493);
#7607=AXIS2_PLACEMENT_3D('',#13831,#9494,#9495);
#7608=AXIS2_PLACEMENT_3D('',#13833,#9497,#9498);
#7609=AXIS2_PLACEMENT_3D('',#13835,#9499,#9500);
#7610=AXIS2_PLACEMENT_3D('',#13851,#9501,#9502);
#7611=AXIS2_PLACEMENT_3D('',#13862,#9503,#9504);
#7612=AXIS2_PLACEMENT_3D('',#13863,#9505,#9506);
#7613=AXIS2_PLACEMENT_3D('',#13864,#9507,#9508);
#7614=AXIS2_PLACEMENT_3D('',#13866,#9510,#9511);
#7615=AXIS2_PLACEMENT_3D('',#13868,#9513,#9514);
#7616=AXIS2_PLACEMENT_3D('',#13870,#9516,#9517);
#7617=AXIS2_PLACEMENT_3D('',#13872,#9519,#9520);
#7618=AXIS2_PLACEMENT_3D('',#13874,#9522,#9523);
#7619=AXIS2_PLACEMENT_3D('',#13876,#9525,#9526);
#7620=AXIS2_PLACEMENT_3D('',#13878,#9528,#9529);
#7621=AXIS2_PLACEMENT_3D('',#13880,#9531,#9532);
#7622=AXIS2_PLACEMENT_3D('',#13909,#9534,#9535);
#7623=AXIS2_PLACEMENT_3D('',#13910,#9536,#9537);
#7624=AXIS2_PLACEMENT_3D('',#13911,#9538,#9539);
#7625=AXIS2_PLACEMENT_3D('',#13912,#9540,#9541);
#7626=AXIS2_PLACEMENT_3D('',#13915,#9543,#9544);
#7627=AXIS2_PLACEMENT_3D('',#13925,#9545,#9546);
#7628=AXIS2_PLACEMENT_3D('',#13926,#9547,#9548);
#7629=AXIS2_PLACEMENT_3D('',#13927,#9549,#9550);
#7630=AXIS2_PLACEMENT_3D('',#13969,#9551,#9552);
#7631=AXIS2_PLACEMENT_3D('',#13970,#9553,#9554);
#7632=AXIS2_PLACEMENT_3D('',#13971,#9555,#9556);
#7633=AXIS2_PLACEMENT_3D('',#13972,#9557,#9558);
#7634=AXIS2_PLACEMENT_3D('',#13974,#9560,#9561);
#7635=AXIS2_PLACEMENT_3D('',#13976,#9562,#9563);
#7636=AXIS2_PLACEMENT_3D('',#13992,#9564,#9565);
#7637=AXIS2_PLACEMENT_3D('',#14003,#9566,#9567);
#7638=AXIS2_PLACEMENT_3D('',#14004,#9568,#9569);
#7639=AXIS2_PLACEMENT_3D('',#14005,#9570,#9571);
#7640=AXIS2_PLACEMENT_3D('',#14007,#9573,#9574);
#7641=AXIS2_PLACEMENT_3D('',#14009,#9576,#9577);
#7642=AXIS2_PLACEMENT_3D('',#14011,#9579,#9580);
#7643=AXIS2_PLACEMENT_3D('',#14013,#9582,#9583);
#7644=AXIS2_PLACEMENT_3D('',#14015,#9585,#9586);
#7645=AXIS2_PLACEMENT_3D('',#14017,#9588,#9589);
#7646=AXIS2_PLACEMENT_3D('',#14019,#9591,#9592);
#7647=AXIS2_PLACEMENT_3D('',#14021,#9594,#9595);
#7648=AXIS2_PLACEMENT_3D('',#14050,#9597,#9598);
#7649=AXIS2_PLACEMENT_3D('',#14051,#9599,#9600);
#7650=AXIS2_PLACEMENT_3D('',#14052,#9601,#9602);
#7651=AXIS2_PLACEMENT_3D('',#14053,#9603,#9604);
#7652=AXIS2_PLACEMENT_3D('',#14056,#9606,#9607);
#7653=AXIS2_PLACEMENT_3D('',#14066,#9608,#9609);
#7654=AXIS2_PLACEMENT_3D('',#14067,#9610,#9611);
#7655=AXIS2_PLACEMENT_3D('',#14068,#9612,#9613);
#7656=AXIS2_PLACEMENT_3D('',#14110,#9614,#9615);
#7657=AXIS2_PLACEMENT_3D('',#14111,#9616,#9617);
#7658=AXIS2_PLACEMENT_3D('',#14112,#9618,#9619);
#7659=AXIS2_PLACEMENT_3D('',#14113,#9620,#9621);
#7660=AXIS2_PLACEMENT_3D('',#14115,#9623,#9624);
#7661=AXIS2_PLACEMENT_3D('',#14117,#9625,#9626);
#7662=AXIS2_PLACEMENT_3D('',#14133,#9627,#9628);
#7663=AXIS2_PLACEMENT_3D('',#14144,#9629,#9630);
#7664=AXIS2_PLACEMENT_3D('',#14145,#9631,#9632);
#7665=AXIS2_PLACEMENT_3D('',#14146,#9633,#9634);
#7666=AXIS2_PLACEMENT_3D('',#14148,#9636,#9637);
#7667=AXIS2_PLACEMENT_3D('',#14150,#9639,#9640);
#7668=AXIS2_PLACEMENT_3D('',#14152,#9642,#9643);
#7669=AXIS2_PLACEMENT_3D('',#14154,#9645,#9646);
#7670=AXIS2_PLACEMENT_3D('',#14156,#9648,#9649);
#7671=AXIS2_PLACEMENT_3D('',#14158,#9651,#9652);
#7672=AXIS2_PLACEMENT_3D('',#14160,#9654,#9655);
#7673=AXIS2_PLACEMENT_3D('',#14162,#9657,#9658);
#7674=AXIS2_PLACEMENT_3D('',#14190,#9660,#9661);
#7675=AXIS2_PLACEMENT_3D('',#14192,#9662,#9663);
#7676=AXIS2_PLACEMENT_3D('',#14193,#9664,#9665);
#7677=AXIS2_PLACEMENT_3D('',#14194,#9666,#9667);
#7678=AXIS2_PLACEMENT_3D('',#14196,#9668,#9669);
#7679=AXIS2_PLACEMENT_3D('',#14208,#9671,#9672);
#7680=AXIS2_PLACEMENT_3D('',#14209,#9673,#9674);
#7681=AXIS2_PLACEMENT_3D('',#14210,#9675,#9676);
#7682=AXIS2_PLACEMENT_3D('',#14226,#9677,#9678);
#7683=AXIS2_PLACEMENT_3D('',#14253,#9679,#9680);
#7684=AXIS2_PLACEMENT_3D('',#14255,#9681,#9682);
#7685=AXIS2_PLACEMENT_3D('',#14256,#9683,#9684);
#7686=AXIS2_PLACEMENT_3D('',#14257,#9685,#9686);
#7687=AXIS2_PLACEMENT_3D('',#14259,#9688,#9689);
#7688=AXIS2_PLACEMENT_3D('',#14260,#9690,#9691);
#7689=AXIS2_PLACEMENT_3D('',#14285,#9692,#9693);
#7690=AXIS2_PLACEMENT_3D('',#14286,#9694,#9695);
#7691=AXIS2_PLACEMENT_3D('',#14287,#9696,#9697);
#7692=AXIS2_PLACEMENT_3D('',#14289,#9699,#9700);
#7693=AXIS2_PLACEMENT_3D('',#14318,#9703,#9704);
#7694=AXIS2_PLACEMENT_3D('',#14320,#9705,#9706);
#7695=AXIS2_PLACEMENT_3D('',#14321,#9707,#9708);
#7696=AXIS2_PLACEMENT_3D('',#14322,#9709,#9710);
#7697=AXIS2_PLACEMENT_3D('',#14324,#9711,#9712);
#7698=AXIS2_PLACEMENT_3D('',#14336,#9714,#9715);
#7699=AXIS2_PLACEMENT_3D('',#14337,#9716,#9717);
#7700=AXIS2_PLACEMENT_3D('',#14338,#9718,#9719);
#7701=AXIS2_PLACEMENT_3D('',#14354,#9720,#9721);
#7702=AXIS2_PLACEMENT_3D('',#14381,#9722,#9723);
#7703=AXIS2_PLACEMENT_3D('',#14383,#9724,#9725);
#7704=AXIS2_PLACEMENT_3D('',#14384,#9726,#9727);
#7705=AXIS2_PLACEMENT_3D('',#14385,#9728,#9729);
#7706=AXIS2_PLACEMENT_3D('',#14387,#9731,#9732);
#7707=AXIS2_PLACEMENT_3D('',#14388,#9733,#9734);
#7708=AXIS2_PLACEMENT_3D('',#14413,#9735,#9736);
#7709=AXIS2_PLACEMENT_3D('',#14414,#9737,#9738);
#7710=AXIS2_PLACEMENT_3D('',#14415,#9739,#9740);
#7711=AXIS2_PLACEMENT_3D('',#14417,#9742,#9743);
#7712=AXIS2_PLACEMENT_3D('',#14447,#9746,#9747);
#7713=AXIS2_PLACEMENT_3D('',#14448,#9748,#9749);
#7714=AXIS2_PLACEMENT_3D('',#14449,#9750,#9751);
#7715=AXIS2_PLACEMENT_3D('',#14450,#9752,#9753);
#7716=AXIS2_PLACEMENT_3D('',#14453,#9755,#9756);
#7717=AXIS2_PLACEMENT_3D('',#14463,#9757,#9758);
#7718=AXIS2_PLACEMENT_3D('',#14464,#9759,#9760);
#7719=AXIS2_PLACEMENT_3D('',#14465,#9761,#9762);
#7720=AXIS2_PLACEMENT_3D('',#14507,#9763,#9764);
#7721=AXIS2_PLACEMENT_3D('',#14508,#9765,#9766);
#7722=AXIS2_PLACEMENT_3D('',#14509,#9767,#9768);
#7723=AXIS2_PLACEMENT_3D('',#14510,#9769,#9770);
#7724=AXIS2_PLACEMENT_3D('',#14512,#9772,#9773);
#7725=AXIS2_PLACEMENT_3D('',#14514,#9774,#9775);
#7726=AXIS2_PLACEMENT_3D('',#14530,#9776,#9777);
#7727=AXIS2_PLACEMENT_3D('',#14541,#9778,#9779);
#7728=AXIS2_PLACEMENT_3D('',#14542,#9780,#9781);
#7729=AXIS2_PLACEMENT_3D('',#14543,#9782,#9783);
#7730=AXIS2_PLACEMENT_3D('',#14545,#9785,#9786);
#7731=AXIS2_PLACEMENT_3D('',#14547,#9788,#9789);
#7732=AXIS2_PLACEMENT_3D('',#14549,#9791,#9792);
#7733=AXIS2_PLACEMENT_3D('',#14551,#9794,#9795);
#7734=AXIS2_PLACEMENT_3D('',#14553,#9797,#9798);
#7735=AXIS2_PLACEMENT_3D('',#14555,#9800,#9801);
#7736=AXIS2_PLACEMENT_3D('',#14557,#9803,#9804);
#7737=AXIS2_PLACEMENT_3D('',#14559,#9806,#9807);
#7738=AXIS2_PLACEMENT_3D('',#14588,#9809,#9810);
#7739=AXIS2_PLACEMENT_3D('',#14589,#9811,#9812);
#7740=AXIS2_PLACEMENT_3D('',#14590,#9813,#9814);
#7741=AXIS2_PLACEMENT_3D('',#14591,#9815,#9816);
#7742=AXIS2_PLACEMENT_3D('',#14594,#9818,#9819);
#7743=AXIS2_PLACEMENT_3D('',#14604,#9820,#9821);
#7744=AXIS2_PLACEMENT_3D('',#14605,#9822,#9823);
#7745=AXIS2_PLACEMENT_3D('',#14606,#9824,#9825);
#7746=AXIS2_PLACEMENT_3D('',#14648,#9826,#9827);
#7747=AXIS2_PLACEMENT_3D('',#14649,#9828,#9829);
#7748=AXIS2_PLACEMENT_3D('',#14650,#9830,#9831);
#7749=AXIS2_PLACEMENT_3D('',#14651,#9832,#9833);
#7750=AXIS2_PLACEMENT_3D('',#14653,#9835,#9836);
#7751=AXIS2_PLACEMENT_3D('',#14655,#9837,#9838);
#7752=AXIS2_PLACEMENT_3D('',#14671,#9839,#9840);
#7753=AXIS2_PLACEMENT_3D('',#14682,#9841,#9842);
#7754=AXIS2_PLACEMENT_3D('',#14683,#9843,#9844);
#7755=AXIS2_PLACEMENT_3D('',#14684,#9845,#9846);
#7756=AXIS2_PLACEMENT_3D('',#14686,#9848,#9849);
#7757=AXIS2_PLACEMENT_3D('',#14688,#9851,#9852);
#7758=AXIS2_PLACEMENT_3D('',#14690,#9854,#9855);
#7759=AXIS2_PLACEMENT_3D('',#14692,#9857,#9858);
#7760=AXIS2_PLACEMENT_3D('',#14694,#9860,#9861);
#7761=AXIS2_PLACEMENT_3D('',#14696,#9863,#9864);
#7762=AXIS2_PLACEMENT_3D('',#14698,#9866,#9867);
#7763=AXIS2_PLACEMENT_3D('',#14700,#9869,#9870);
#7764=AXIS2_PLACEMENT_3D('',#14728,#9872,#9873);
#7765=AXIS2_PLACEMENT_3D('',#14730,#9874,#9875);
#7766=AXIS2_PLACEMENT_3D('',#14731,#9876,#9877);
#7767=AXIS2_PLACEMENT_3D('',#14732,#9878,#9879);
#7768=AXIS2_PLACEMENT_3D('',#14734,#9880,#9881);
#7769=AXIS2_PLACEMENT_3D('',#14746,#9883,#9884);
#7770=AXIS2_PLACEMENT_3D('',#14747,#9885,#9886);
#7771=AXIS2_PLACEMENT_3D('',#14748,#9887,#9888);
#7772=AXIS2_PLACEMENT_3D('',#14764,#9889,#9890);
#7773=AXIS2_PLACEMENT_3D('',#14791,#9891,#9892);
#7774=AXIS2_PLACEMENT_3D('',#14793,#9893,#9894);
#7775=AXIS2_PLACEMENT_3D('',#14794,#9895,#9896);
#7776=AXIS2_PLACEMENT_3D('',#14795,#9897,#9898);
#7777=AXIS2_PLACEMENT_3D('',#14797,#9900,#9901);
#7778=AXIS2_PLACEMENT_3D('',#14798,#9902,#9903);
#7779=AXIS2_PLACEMENT_3D('',#14823,#9904,#9905);
#7780=AXIS2_PLACEMENT_3D('',#14824,#9906,#9907);
#7781=AXIS2_PLACEMENT_3D('',#14825,#9908,#9909);
#7782=AXIS2_PLACEMENT_3D('',#14827,#9911,#9912);
#7783=AXIS2_PLACEMENT_3D('',#14857,#9915,#9916);
#7784=AXIS2_PLACEMENT_3D('',#14858,#9917,#9918);
#7785=AXIS2_PLACEMENT_3D('',#14859,#9919,#9920);
#7786=AXIS2_PLACEMENT_3D('',#14860,#9921,#9922);
#7787=AXIS2_PLACEMENT_3D('',#14863,#9924,#9925);
#7788=AXIS2_PLACEMENT_3D('',#14873,#9926,#9927);
#7789=AXIS2_PLACEMENT_3D('',#14874,#9928,#9929);
#7790=AXIS2_PLACEMENT_3D('',#14875,#9930,#9931);
#7791=AXIS2_PLACEMENT_3D('',#14917,#9932,#9933);
#7792=AXIS2_PLACEMENT_3D('',#14918,#9934,#9935);
#7793=AXIS2_PLACEMENT_3D('',#14919,#9936,#9937);
#7794=AXIS2_PLACEMENT_3D('',#14920,#9938,#9939);
#7795=AXIS2_PLACEMENT_3D('',#14922,#9941,#9942);
#7796=AXIS2_PLACEMENT_3D('',#14924,#9943,#9944);
#7797=AXIS2_PLACEMENT_3D('',#14940,#9945,#9946);
#7798=AXIS2_PLACEMENT_3D('',#14951,#9947,#9948);
#7799=AXIS2_PLACEMENT_3D('',#14952,#9949,#9950);
#7800=AXIS2_PLACEMENT_3D('',#14953,#9951,#9952);
#7801=AXIS2_PLACEMENT_3D('',#14955,#9954,#9955);
#7802=AXIS2_PLACEMENT_3D('',#14957,#9957,#9958);
#7803=AXIS2_PLACEMENT_3D('',#14959,#9960,#9961);
#7804=AXIS2_PLACEMENT_3D('',#14961,#9963,#9964);
#7805=AXIS2_PLACEMENT_3D('',#14963,#9966,#9967);
#7806=AXIS2_PLACEMENT_3D('',#14965,#9969,#9970);
#7807=AXIS2_PLACEMENT_3D('',#14967,#9972,#9973);
#7808=AXIS2_PLACEMENT_3D('',#14969,#9975,#9976);
#7809=AXIS2_PLACEMENT_3D('',#14971,#9978,#9979);
#7810=AXIS2_PLACEMENT_3D('',#14972,#9980,#9981);
#7811=AXIS2_PLACEMENT_3D('',#14973,#9982,#9983);
#7812=AXIS2_PLACEMENT_3D('',#14974,#9984,#9985);
#7813=AXIS2_PLACEMENT_3D('',#14975,#9986,#9987);
#7814=AXIS2_PLACEMENT_3D('',#14976,#9988,#9989);
#7815=AXIS2_PLACEMENT_3D('',#14977,#9990,#9991);
#7816=AXIS2_PLACEMENT_3D('',#14978,#9992,#9993);
#7817=AXIS2_PLACEMENT_3D('',#14979,#9994,#9995);
#7818=AXIS2_PLACEMENT_3D('',#14980,#9996,#9997);
#7819=AXIS2_PLACEMENT_3D('',#14981,#9998,#9999);
#7820=AXIS2_PLACEMENT_3D('',#14982,#10000,#10001);
#7821=AXIS2_PLACEMENT_3D('',#14983,#10002,#10003);
#7822=AXIS2_PLACEMENT_3D('',#14984,#10004,#10005);
#7823=AXIS2_PLACEMENT_3D('',#14985,#10006,#10007);
#7824=AXIS2_PLACEMENT_3D('',#14986,#10008,#10009);
#7825=AXIS2_PLACEMENT_3D('',#14987,#10010,#10011);
#7826=AXIS2_PLACEMENT_3D('',#14989,#10013,#10014);
#7827=AXIS2_PLACEMENT_3D('',#14991,#10016,#10017);
#7828=AXIS2_PLACEMENT_3D('',#14993,#10019,#10020);
#7829=AXIS2_PLACEMENT_3D('',#14995,#10022,#10023);
#7830=AXIS2_PLACEMENT_3D('',#14997,#10025,#10026);
#7831=AXIS2_PLACEMENT_3D('',#14999,#10028,#10029);
#7832=AXIS2_PLACEMENT_3D('',#15000,#10030,#10031);
#7833=AXIS2_PLACEMENT_3D('',#15002,#10033,#10034);
#7834=AXIS2_PLACEMENT_3D('',#15004,#10036,#10037);
#7835=AXIS2_PLACEMENT_3D('',#15006,#10039,#10040);
#7836=AXIS2_PLACEMENT_3D('',#15008,#10042,#10043);
#7837=AXIS2_PLACEMENT_3D('',#15010,#10045,#10046);
#7838=AXIS2_PLACEMENT_3D('',#15012,#10048,#10049);
#7839=AXIS2_PLACEMENT_3D('',#15013,#10050,#10051);
#7840=AXIS2_PLACEMENT_3D('',#15015,#10053,#10054);
#7841=AXIS2_PLACEMENT_3D('',#15017,#10056,#10057);
#7842=AXIS2_PLACEMENT_3D('',#15019,#10059,#10060);
#7843=AXIS2_PLACEMENT_3D('',#15021,#10062,#10063);
#7844=AXIS2_PLACEMENT_3D('',#15023,#10065,#10066);
#7845=AXIS2_PLACEMENT_3D('',#15025,#10068,#10069);
#7846=AXIS2_PLACEMENT_3D('',#15026,#10070,#10071);
#7847=AXIS2_PLACEMENT_3D('',#15028,#10073,#10074);
#7848=AXIS2_PLACEMENT_3D('',#15030,#10076,#10077);
#7849=AXIS2_PLACEMENT_3D('',#15032,#10079,#10080);
#7850=AXIS2_PLACEMENT_3D('',#15034,#10082,#10083);
#7851=AXIS2_PLACEMENT_3D('',#15036,#10085,#10086);
#7852=AXIS2_PLACEMENT_3D('',#15038,#10088,#10089);
#7853=DIRECTION('axis',(0.,0.,1.));
#7854=DIRECTION('refdir',(1.,0.,0.));
#7855=DIRECTION('center_axis',(-1.51323043476125E-14,8.62441148551927E-16,
1.));
#7856=DIRECTION('ref_axis',(1.,0.,1.3017576838353E-14));
#7857=DIRECTION('center_axis',(1.51323043476125E-14,-8.62441148551927E-16,
-1.));
#7858=DIRECTION('ref_axis',(-1.,-7.7697400770469E-17,-1.51280389616716E-14));
#7859=DIRECTION('center_axis',(-1.40336173997901E-29,-1.,8.62441148551927E-16));
#7860=DIRECTION('ref_axis',(-1.,0.,-1.62719710479412E-14));
#7861=DIRECTION('center_axis',(-1.51323043476125E-14,8.62441148551927E-16,
1.));
#7862=DIRECTION('ref_axis',(-1.,-7.7697400770469E-17,-1.51323043476125E-14));
#7863=DIRECTION('center_axis',(1.51323043476125E-14,-8.62441148551927E-16,
-1.));
#7864=DIRECTION('ref_axis',(-1.,-7.7697400770469E-17,-1.51280389616716E-14));
#7865=DIRECTION('center_axis',(-1.59872115546023E-14,2.53765262771464E-16,
1.));
#7866=DIRECTION('ref_axis',(-1.,3.84665303356033E-31,-1.59872115546023E-14));
#7867=DIRECTION('center_axis',(-1.51323043476125E-14,8.62441148551927E-16,
1.));
#7868=DIRECTION('ref_axis',(-1.,7.7697400770443E-17,-1.51280389616716E-14));
#7869=DIRECTION('',(-1.59872115546023E-14,2.53765262771464E-16,1.));
#7870=DIRECTION('center_axis',(-1.51323043476125E-14,8.62441148551927E-16,
1.));
#7871=DIRECTION('ref_axis',(-1.,7.7697400770443E-17,-1.51280389616716E-14));
#7872=DIRECTION('center_axis',(-1.51323043476125E-14,8.62441148551927E-16,
1.));
#7873=DIRECTION('ref_axis',(-1.,5.93865031300491E-31,-1.51323043476125E-14));
#7874=DIRECTION('center_axis',(-1.51323043476125E-14,8.62441148551927E-16,
1.));
#7875=DIRECTION('ref_axis',(1.,0.,0.));
#7876=DIRECTION('center_axis',(-1.51323043476125E-14,8.62441148551927E-16,
1.));
#7877=DIRECTION('ref_axis',(-0.54685167675109,-0.837229504756325,-7.5530648299161E-15));
#7878=DIRECTION('center_axis',(1.51323043476125E-14,-8.62441148551927E-16,
-1.));
#7879=DIRECTION('ref_axis',(0.817252347691696,0.576279966849804,1.18699036975742E-14));
#7880=DIRECTION('',(0.775176841767031,-0.631744302695396,1.22750541748475E-14));
#7881=DIRECTION('',(0.923879532511283,0.3826834323651,1.36503843275499E-14));
#7882=DIRECTION('',(0.0801002670737407,0.9967868113166,3.52431657271585E-16));
#7883=DIRECTION('center_axis',(1.51323043476125E-14,-8.62441148551927E-16,
-1.));
#7884=DIRECTION('ref_axis',(-0.978781156903,-0.204908386581968,-1.46344929316928E-14));
#7885=DIRECTION('center_axis',(-1.51323043476125E-14,8.62441148551927E-16,
1.));
#7886=DIRECTION('ref_axis',(0.987841258017102,-0.155465909315159,1.50823947608336E-14));
#7887=DIRECTION('center_axis',(-1.51323043476125E-14,8.62441148551927E-16,
1.));
#7888=DIRECTION('ref_axis',(1.,0.,0.));
#7889=DIRECTION('center_axis',(-1.51323043476125E-14,8.62441148551927E-16,
1.));
#7890=DIRECTION('ref_axis',(-0.184831210912325,-0.982770280112643,-1.94934060732001E-15));
#7891=DIRECTION('center_axis',(1.51323043476125E-14,-8.62441148551927E-16,
-1.));
#7892=DIRECTION('ref_axis',(0.534509921211836,0.8451621998919,7.35946414620843E-15));
#7893=DIRECTION('',(0.957928096317865,-0.287008296543552,1.47431872615259E-14));
#7894=DIRECTION('',(0.70710678118655,0.707106781186545,1.00903170346601E-14));
#7895=DIRECTION('',(-0.307450800992773,0.951563978389736,-5.47310702298296E-15));
#7896=DIRECTION('center_axis',(1.51323043476125E-14,-8.62441148551927E-16,
-1.));
#7897=DIRECTION('ref_axis',(-0.82586083297282,-0.563873997060904,-1.20108693356537E-14));
#7898=DIRECTION('center_axis',(-1.51323043476125E-14,8.62441148551927E-16,
1.));
#7899=DIRECTION('ref_axis',(0.972140547444672,0.23439871163036,1.45085715385098E-14));
#7900=DIRECTION('center_axis',(-1.51323043476125E-14,8.62441148551927E-16,
1.));
#7901=DIRECTION('ref_axis',(1.,0.,0.));
#7902=DIRECTION('center_axis',(-1.51323043476125E-14,8.62441148551927E-16,
1.));
#7903=DIRECTION('ref_axis',(0.205328131288723,-0.978693189156582,3.95115305192364E-15));
#7904=DIRECTION('center_axis',(1.51323043476125E-14,-8.62441148551927E-16,
-1.));
#7905=DIRECTION('ref_axis',(0.170393204571968,0.98537614941488,1.72861289229096E-15));
#7906=DIRECTION('',(0.99484348184412,0.101422121020358,1.49668037349623E-14));
#7907=DIRECTION('',(0.382683432365091,0.923879532511286,4.99409044219488E-15));
#7908=DIRECTION('',(-0.648195271656588,0.76147415570198,-1.04654147728271E-14));
#7909=DIRECTION('center_axis',(1.51323043476125E-14,-8.62441148551927E-16,
-1.));
#7910=DIRECTION('ref_axis',(-0.547210683669621,-0.836994903017829,-7.558699762063E-15));
#7911=DIRECTION('center_axis',(-1.51323043476125E-14,8.62441148551927E-16,
1.));
#7912=DIRECTION('ref_axis',(0.808440250999797,0.588578253559698,1.17259498199764E-14));
#7913=DIRECTION('center_axis',(-1.51323043476125E-14,8.62441148551927E-16,
1.));
#7914=DIRECTION('ref_axis',(1.,0.,0.));
#7915=DIRECTION('center_axis',(-1.51323043476125E-14,8.62441148551927E-16,
1.));
#7916=DIRECTION('ref_axis',(0.564228126805227,-0.825618932027279,9.25011947630381E-15));
#7917=DIRECTION('center_axis',(1.51323043476125E-14,-8.62441148551927E-16,
-1.));
#7918=DIRECTION('ref_axis',(-0.219664332845724,0.97557551264648,-4.16540400456271E-15));
#7919=DIRECTION('',(0.880302965538228,0.474411940052737,1.29118600141645E-14));
#7920=DIRECTION('',(0.,1.,-8.62441148551927E-16));
#7921=DIRECTION('',(-0.890257888115457,0.455456795589007,-1.38644579927294E-14));
#7922=DIRECTION('center_axis',(1.51323043476125E-14,-8.62441148551927E-16,
-1.));
#7923=DIRECTION('ref_axis',(-0.185252668254922,-0.98269092236798,-1.95578666948218E-15));
#7924=DIRECTION('center_axis',(-1.51323043476125E-14,8.62441148551927E-16,
1.));
#7925=DIRECTION('ref_axis',(0.521662254869324,0.853152091859741,7.1581585373514E-15));
#7926=DIRECTION('center_axis',(-1.51323043476125E-14,8.62441148551927E-16,
1.));
#7927=DIRECTION('ref_axis',(1.,0.,0.));
#7928=DIRECTION('center_axis',(-1.51323043476125E-14,8.62441148551927E-16,
1.));
#7929=DIRECTION('ref_axis',(0.837229504756334,-0.546851676751076,1.31408390629585E-14));
#7930=DIRECTION('center_axis',(1.51323043476125E-14,-8.62441148551927E-16,
-1.));
#7931=DIRECTION('ref_axis',(-0.576279966849802,0.817252347691697,-9.42527590120323E-15));
#7932=DIRECTION('',(0.631744302695395,0.775176841767032,8.89120265251252E-15));
#7933=DIRECTION('',(-0.382683432365092,0.923879532511286,-6.5876738924802E-15));
#7934=DIRECTION('',(-0.9967868113166,0.0801002670737399,-1.51527631648634E-14));
#7935=DIRECTION('center_axis',(1.51323043476125E-14,-8.62441148551927E-16,
-1.));
#7936=DIRECTION('ref_axis',(0.204908386581962,-0.978781156903001,3.94487721427689E-15));
#7937=DIRECTION('center_axis',(-1.51323043476125E-14,8.62441148551927E-16,
1.));
#7938=DIRECTION('ref_axis',(0.155465909315127,0.987841258017107,1.50060250628357E-15));
#7939=DIRECTION('center_axis',(-1.51323043476125E-14,8.62441148551927E-16,
1.));
#7940=DIRECTION('ref_axis',(1.,0.,0.));
#7941=DIRECTION('center_axis',(-1.51323043476125E-14,8.62441148551927E-16,
1.));
#7942=DIRECTION('ref_axis',(0.982770280112643,-0.184831210912326,1.50309850242804E-14));
#7943=DIRECTION('center_axis',(1.51323043476125E-14,-8.62441148551927E-16,
-1.));
#7944=DIRECTION('ref_axis',(-0.845162199891904,0.53450992121183,-1.32502349822243E-14));
#7945=DIRECTION('',(0.287008296543552,0.957928096317865,3.5169402859683E-15));
#7946=DIRECTION('',(-0.70710678118655,0.707106781186545,-1.13099930036909E-14));
#7947=DIRECTION('',(-0.951563978389736,-0.307450800992773,-1.4134197505287E-14));
#7948=DIRECTION('center_axis',(1.51323043476125E-14,-8.62441148551927E-16,
-1.));
#7949=DIRECTION('ref_axis',(0.563873997060902,-0.825860832972821,9.24496930256345E-15));
#7950=DIRECTION('center_axis',(-1.51323043476125E-14,8.62441148551927E-16,
1.));
#7951=DIRECTION('ref_axis',(-0.234398711630327,0.97214054744468,-4.38540665337045E-15));
#7952=DIRECTION('center_axis',(-1.51323043476125E-14,8.62441148551927E-16,
1.));
#7953=DIRECTION('ref_axis',(1.,0.,0.));
#7954=DIRECTION('center_axis',(-1.51323043476125E-14,8.62441148551927E-16,
1.));
#7955=DIRECTION('ref_axis',(0.978693189156585,0.205328131288708,1.46327997718743E-14));
#7956=DIRECTION('center_axis',(1.51323043476125E-14,-8.62441148551927E-16,
-1.));
#7957=DIRECTION('ref_axis',(-0.98537614941488,0.170393204571965,-1.50579659008809E-14));
#7958=DIRECTION('',(-0.101422121020358,0.99484348184412,-2.39274435797149E-15));
#7959=DIRECTION('',(-0.923879532511288,0.382683432365086,-1.43104682054315E-14));
#7960=DIRECTION('',(-0.76147415570198,-0.648195271656588,-1.09638284023502E-14));
#7961=DIRECTION('center_axis',(1.51323043476125E-14,-8.62441148551927E-16,
-1.));
#7962=DIRECTION('ref_axis',(0.836994903017823,-0.547210683669631,1.313759862039E-14));
#7963=DIRECTION('center_axis',(-1.51323043476125E-14,8.62441148551927E-16,
1.));
#7964=DIRECTION('ref_axis',(-0.588578253559695,0.8084402509998,-9.60377740385941E-15));
#7965=DIRECTION('center_axis',(-1.51323043476125E-14,8.62441148551927E-16,
1.));
#7966=DIRECTION('ref_axis',(1.,0.,0.));
#7967=DIRECTION('center_axis',(-1.51323043476125E-14,8.62441148551927E-16,
1.));
#7968=DIRECTION('ref_axis',(0.825618932027304,0.56422812680519,1.20069034008608E-14));
#7969=DIRECTION('center_axis',(1.51323043476125E-14,-8.62441148551927E-16,
-1.));
#7970=DIRECTION('ref_axis',(-0.975575512646476,-0.219664332845741,-1.45732580119292E-14));
#7971=DIRECTION('',(-0.474411940052737,0.880302965538228,-7.93815536369176E-15));
#7972=DIRECTION('',(-1.,0.,-1.51323043476125E-14));
#7973=DIRECTION('',(-0.455456795589006,-0.890257888115457,-6.12431581250746E-15));
#7974=DIRECTION('center_axis',(1.51323043476125E-14,-8.62441148551927E-16,
-1.));
#7975=DIRECTION('ref_axis',(0.982690922367978,-0.185252668254932,1.50301476408904E-14));
#7976=DIRECTION('center_axis',(-1.51323043476125E-14,8.62441148551927E-16,
1.));
#7977=DIRECTION('ref_axis',(-0.85315209185974,0.521662254869327,-1.33600601030695E-14));
#7978=DIRECTION('center_axis',(-1.51323043476125E-14,8.62441148551927E-16,
1.));
#7979=DIRECTION('ref_axis',(1.,0.,0.));
#7980=DIRECTION('center_axis',(-1.51323043476125E-14,8.62441148551927E-16,
1.));
#7981=DIRECTION('ref_axis',(0.546851676751099,0.83722950475632,7.55306482991622E-15));
#7982=DIRECTION('center_axis',(1.51323043476125E-14,-8.62441148551927E-16,
-1.));
#7983=DIRECTION('ref_axis',(-0.81725234769169,-0.576279966849812,-1.18699036975741E-14));
#7984=DIRECTION('',(-0.775176841767031,0.631744302695395,-1.22750541748475E-14));
#7985=DIRECTION('',(-0.923879532511286,-0.382683432365091,-1.365038432755E-14));
#7986=DIRECTION('',(-0.0801002670737407,-0.9967868113166,-3.52431657271585E-16));
#7987=DIRECTION('center_axis',(1.51323043476125E-14,-8.62441148551927E-16,
-1.));
#7988=DIRECTION('ref_axis',(0.978781156903005,0.204908386581943,1.46344929316929E-14));
#7989=DIRECTION('center_axis',(-1.51323043476125E-14,8.62441148551927E-16,
1.));
#7990=DIRECTION('ref_axis',(-0.987841258017108,0.155465909315122,-1.50823947608337E-14));
#7991=DIRECTION('center_axis',(-1.51323043476125E-14,8.62441148551927E-16,
1.));
#7992=DIRECTION('ref_axis',(1.,0.,0.));
#7993=DIRECTION('center_axis',(-1.51323043476125E-14,8.62441148551927E-16,
1.));
#7994=DIRECTION('ref_axis',(0.184831210912362,0.982770280112636,1.94934060732057E-15));
#7995=DIRECTION('center_axis',(1.51323043476125E-14,-8.62441148551927E-16,
-1.));
#7996=DIRECTION('ref_axis',(-0.534509921211821,-0.84516219989191,-7.3594641462082E-15));
#7997=DIRECTION('',(-0.957928096317865,0.287008296543552,-1.47431872615259E-14));
#7998=DIRECTION('',(-0.70710678118655,-0.707106781186545,-1.00903170346601E-14));
#7999=DIRECTION('',(0.307450800992773,-0.951563978389736,5.47310702298296E-15));
#8000=DIRECTION('center_axis',(1.51323043476125E-14,-8.62441148551927E-16,
-1.));
#8001=DIRECTION('ref_axis',(0.825860832972829,0.563873997060891,1.20108693356538E-14));
#8002=DIRECTION('center_axis',(-1.51323043476125E-14,8.62441148551927E-16,
1.));
#8003=DIRECTION('ref_axis',(-0.972140547444673,-0.234398711630358,-1.45085715385098E-14));
#8004=DIRECTION('center_axis',(-1.51323043476125E-14,8.62441148551927E-16,
1.));
#8005=DIRECTION('ref_axis',(1.,0.,0.));
#8006=DIRECTION('center_axis',(-1.51323043476125E-14,8.62441148551927E-16,
1.));
#8007=DIRECTION('ref_axis',(-0.205328131288697,0.978693189156587,-3.95115305192325E-15));
#8008=DIRECTION('center_axis',(1.51323043476125E-14,-8.62441148551927E-16,
-1.));
#8009=DIRECTION('ref_axis',(-0.170393204571939,-0.985376149414885,-1.72861289229053E-15));
#8010=DIRECTION('',(-0.99484348184412,-0.101422121020359,-1.49668037349623E-14));
#8011=DIRECTION('',(-0.382683432365091,-0.923879532511286,-4.99409044219488E-15));
#8012=DIRECTION('',(0.648195271656588,-0.761474155701979,1.04654147728271E-14));
#8013=DIRECTION('center_axis',(1.51323043476125E-14,-8.62441148551927E-16,
-1.));
#8014=DIRECTION('ref_axis',(0.547210683669646,0.836994903017814,7.55869976206338E-15));
#8015=DIRECTION('center_axis',(-1.51323043476125E-14,8.62441148551927E-16,
1.));
#8016=DIRECTION('ref_axis',(-0.8084402509998,-0.588578253559695,-1.17259498199765E-14));
#8017=DIRECTION('center_axis',(-1.51323043476125E-14,8.62441148551927E-16,
1.));
#8018=DIRECTION('ref_axis',(1.,0.,0.));
#8019=DIRECTION('center_axis',(-1.51323043476125E-14,8.62441148551927E-16,
1.));
#8020=DIRECTION('ref_axis',(-0.564228126805213,0.825618932027289,-9.2501194763036E-15));
#8021=DIRECTION('center_axis',(1.51323043476125E-14,-8.62441148551927E-16,
-1.));
#8022=DIRECTION('ref_axis',(0.219664332845754,-0.975575512646474,4.16540400456316E-15));
#8023=DIRECTION('',(-0.880302965538228,-0.474411940052737,-1.29118600141645E-14));
#8024=DIRECTION('',(0.,-1.,8.62441148551927E-16));
#8025=DIRECTION('',(0.890257888115458,-0.455456795589005,1.38644579927294E-14));
#8026=DIRECTION('center_axis',(1.51323043476125E-14,-8.62441148551927E-16,
-1.));
#8027=DIRECTION('ref_axis',(0.185252668254944,0.982690922367976,1.95578666948251E-15));
#8028=DIRECTION('center_axis',(-1.51323043476125E-14,8.62441148551927E-16,
1.));
#8029=DIRECTION('ref_axis',(-0.521662254869338,-0.853152091859733,-7.15815853735162E-15));
#8030=DIRECTION('center_axis',(-1.51323043476125E-14,8.62441148551927E-16,
1.));
#8031=DIRECTION('ref_axis',(1.,0.,0.));
#8032=DIRECTION('center_axis',(-1.51323043476125E-14,8.62441148551927E-16,
1.));
#8033=DIRECTION('ref_axis',(-0.837229504756317,0.546851676751102,-1.31408390629582E-14));
#8034=DIRECTION('center_axis',(1.51323043476125E-14,-8.62441148551927E-16,
-1.));
#8035=DIRECTION('ref_axis',(0.576279966849817,-0.817252347691687,9.42527590120344E-15));
#8036=DIRECTION('',(-0.631744302695394,-0.775176841767032,-8.89120265251251E-15));
#8037=DIRECTION('',(0.382683432365091,-0.923879532511286,6.58767389248018E-15));
#8038=DIRECTION('',(0.9967868113166,-0.080100267073739,1.51527631648634E-14));
#8039=DIRECTION('center_axis',(1.51323043476125E-14,-8.62441148551927E-16,
-1.));
#8040=DIRECTION('ref_axis',(-0.204908386581939,0.978781156903006,-3.94487721427654E-15));
#8041=DIRECTION('center_axis',(-1.51323043476125E-14,8.62441148551927E-16,
1.));
#8042=DIRECTION('ref_axis',(-0.15546590931511,-0.98784125801711,-1.50060250628332E-15));
#8043=DIRECTION('center_axis',(-1.51323043476125E-14,8.62441148551927E-16,
1.));
#8044=DIRECTION('ref_axis',(1.,0.,0.));
#8045=DIRECTION('center_axis',(-1.51323043476125E-14,8.62441148551927E-16,
1.));
#8046=DIRECTION('ref_axis',(-0.982770280112634,0.184831210912375,-1.50309850242803E-14));
#8047=DIRECTION('center_axis',(1.51323043476125E-14,-8.62441148551927E-16,
-1.));
#8048=DIRECTION('ref_axis',(0.845162199891909,-0.534509921211822,1.32502349822244E-14));
#8049=DIRECTION('',(-0.287008296543552,-0.957928096317865,-3.5169402859683E-15));
#8050=DIRECTION('',(0.70710678118655,-0.707106781186545,1.13099930036909E-14));
#8051=DIRECTION('',(0.951563978389737,0.307450800992771,1.4134197505287E-14));
#8052=DIRECTION('center_axis',(1.51323043476125E-14,-8.62441148551927E-16,
-1.));
#8053=DIRECTION('ref_axis',(-0.563873997060891,0.825860832972828,-9.24496930256329E-15));
#8054=DIRECTION('center_axis',(-1.51323043476125E-14,8.62441148551927E-16,
1.));
#8055=DIRECTION('ref_axis',(0.234398711630347,-0.972140547444675,4.38540665337074E-15));
#8056=DIRECTION('center_axis',(-1.51323043476125E-14,8.62441148551927E-16,
1.));
#8057=DIRECTION('ref_axis',(1.,0.,0.));
#8058=DIRECTION('center_axis',(-1.51323043476125E-14,8.62441148551927E-16,
1.));
#8059=DIRECTION('ref_axis',(-0.97869318915658,-0.20532813128873,-1.46327997718742E-14));
#8060=DIRECTION('center_axis',(1.51323043476125E-14,-8.62441148551927E-16,
-1.));
#8061=DIRECTION('ref_axis',(0.985376149414882,-0.170393204571957,1.50579659008809E-14));
#8062=DIRECTION('',(0.101422121020358,-0.99484348184412,2.39274435797149E-15));
#8063=DIRECTION('',(0.923879532511286,-0.382683432365091,1.43104682054315E-14));
#8064=DIRECTION('',(0.76147415570198,0.648195271656588,1.09638284023502E-14));
#8065=DIRECTION('center_axis',(1.51323043476125E-14,-8.62441148551927E-16,
-1.));
#8066=DIRECTION('ref_axis',(-0.836994903017815,0.547210683669643,-1.31375986203899E-14));
#8067=DIRECTION('center_axis',(-1.51323043476125E-14,8.62441148551927E-16,
1.));
#8068=DIRECTION('ref_axis',(0.588578253559687,-0.808440250999806,9.60377740385929E-15));
#8069=DIRECTION('center_axis',(-1.51323043476125E-14,8.62441148551927E-16,
1.));
#8070=DIRECTION('ref_axis',(1.,0.,0.));
#8071=DIRECTION('center_axis',(-1.51323043476125E-14,8.62441148551927E-16,
1.));
#8072=DIRECTION('ref_axis',(-0.825618932027293,-0.564228126805207,-1.20069034008606E-14));
#8073=DIRECTION('center_axis',(1.51323043476125E-14,-8.62441148551927E-16,
-1.));
#8074=DIRECTION('ref_axis',(0.975575512646478,0.219664332845733,1.45732580119292E-14));
#8075=DIRECTION('',(0.474411940052737,-0.880302965538228,7.93815536369176E-15));
#8076=DIRECTION('',(1.,0.,1.51323043476125E-14));
#8077=DIRECTION('',(0.455456795589006,0.890257888115457,6.12431581250746E-15));
#8078=DIRECTION('center_axis',(1.51323043476125E-14,-8.62441148551927E-16,
-1.));
#8079=DIRECTION('ref_axis',(-0.982690922367978,0.185252668254934,-1.50301476408904E-14));
#8080=DIRECTION('center_axis',(-1.51323043476125E-14,8.62441148551927E-16,
1.));
#8081=DIRECTION('ref_axis',(0.853152091859726,-0.521662254869349,1.33600601030693E-14));
#8082=DIRECTION('center_axis',(-1.51323043476125E-14,8.62441148551927E-16,
1.));
#8083=DIRECTION('ref_axis',(1.,0.,1.3017576838353E-14));
#8084=DIRECTION('center_axis',(1.51323043476125E-14,-8.62441148551927E-16,
-1.));
#8085=DIRECTION('ref_axis',(-1.,7.7697400770443E-17,-1.51323043476125E-14));
#8086=DIRECTION('center_axis',(-1.40336173997901E-29,-1.,8.62441148551927E-16));
#8087=DIRECTION('ref_axis',(-1.,0.,-1.62719710479412E-14));
#8088=DIRECTION('center_axis',(-1.51323043476125E-14,8.62441148551927E-16,
1.));
#8089=DIRECTION('ref_axis',(-1.,5.93865031300491E-31,-1.51323043476125E-14));
#8090=DIRECTION('center_axis',(1.51323043476125E-14,-8.62441148551927E-16,
-1.));
#8091=DIRECTION('ref_axis',(1.,0.,0.));
#8092=DIRECTION('center_axis',(1.51323043476125E-14,-8.62441148551927E-16,
-1.));
#8093=DIRECTION('ref_axis',(0.588578253559685,-0.808440250999807,9.60377740385927E-15));
#8094=DIRECTION('center_axis',(-1.51323043476125E-14,8.62441148551927E-16,
1.));
#8095=DIRECTION('ref_axis',(-0.836994903017822,0.547210683669633,-1.313759862039E-14));
#8096=DIRECTION('',(-0.76147415570198,-0.648195271656588,-1.09638284023502E-14));
#8097=DIRECTION('',(-0.923879532511286,0.382683432365091,-1.43104682054315E-14));
#8098=DIRECTION('',(-0.101422121020358,0.99484348184412,-2.39274435797149E-15));
#8099=DIRECTION('center_axis',(-1.51323043476125E-14,8.62441148551927E-16,
1.));
#8100=DIRECTION('ref_axis',(0.985376149414881,-0.170393204571959,1.50579659008809E-14));
#8101=DIRECTION('center_axis',(1.51323043476125E-14,-8.62441148551927E-16,
-1.));
#8102=DIRECTION('ref_axis',(-0.97869318915658,-0.205328131288731,-1.46327997718742E-14));
#8103=DIRECTION('center_axis',(1.51323043476125E-14,-8.62441148551927E-16,
-1.));
#8104=DIRECTION('ref_axis',(1.,0.,0.));
#8105=DIRECTION('center_axis',(1.51323043476125E-14,-8.62441148551927E-16,
-1.));
#8106=DIRECTION('ref_axis',(0.234398711630343,-0.972140547444676,4.38540665337069E-15));
#8107=DIRECTION('center_axis',(-1.51323043476125E-14,8.62441148551927E-16,
1.));
#8108=DIRECTION('ref_axis',(-0.563873997060907,0.825860832972818,-9.24496930256351E-15));
#8109=DIRECTION('',(-0.951563978389737,-0.307450800992771,-1.4134197505287E-14));
#8110=DIRECTION('',(-0.70710678118655,0.707106781186545,-1.13099930036909E-14));
#8111=DIRECTION('',(0.287008296543552,0.957928096317865,3.5169402859683E-15));
#8112=DIRECTION('center_axis',(-1.51323043476125E-14,8.62441148551927E-16,
1.));
#8113=DIRECTION('ref_axis',(0.845162199891903,-0.534509921211832,1.32502349822243E-14));
#8114=DIRECTION('center_axis',(1.51323043476125E-14,-8.62441148551927E-16,
-1.));
#8115=DIRECTION('ref_axis',(-0.982770280112635,0.184831210912371,-1.50309850242803E-14));
#8116=DIRECTION('center_axis',(1.51323043476125E-14,-8.62441148551927E-16,
-1.));
#8117=DIRECTION('ref_axis',(1.,0.,0.));
#8118=DIRECTION('center_axis',(1.51323043476125E-14,-8.62441148551927E-16,
-1.));
#8119=DIRECTION('ref_axis',(-0.155465909315111,-0.98784125801711,-1.50060250628332E-15));
#8120=DIRECTION('center_axis',(-1.51323043476125E-14,8.62441148551927E-16,
1.));
#8121=DIRECTION('ref_axis',(-0.204908386581961,0.978781156903001,-3.94487721427687E-15));
#8122=DIRECTION('',(-0.9967868113166,0.080100267073739,-1.51527631648634E-14));
#8123=DIRECTION('',(-0.382683432365091,0.923879532511286,-6.58767389248018E-15));
#8124=DIRECTION('',(0.631744302695394,0.775176841767032,8.89120265251251E-15));
#8125=DIRECTION('center_axis',(-1.51323043476125E-14,8.62441148551927E-16,
1.));
#8126=DIRECTION('ref_axis',(0.576279966849802,-0.817252347691697,9.42527590120322E-15));
#8127=DIRECTION('center_axis',(1.51323043476125E-14,-8.62441148551927E-16,
-1.));
#8128=DIRECTION('ref_axis',(-0.837229504756321,0.546851676751096,-1.31408390629583E-14));
#8129=DIRECTION('center_axis',(1.51323043476125E-14,-8.62441148551927E-16,
-1.));
#8130=DIRECTION('ref_axis',(1.,0.,0.));
#8131=DIRECTION('center_axis',(1.51323043476125E-14,-8.62441148551927E-16,
-1.));
#8132=DIRECTION('ref_axis',(-0.521662254869339,-0.853152091859732,-7.15815853735164E-15));
#8133=DIRECTION('center_axis',(-1.51323043476125E-14,8.62441148551927E-16,
1.));
#8134=DIRECTION('ref_axis',(0.185252668254921,0.98269092236798,1.95578666948217E-15));
#8135=DIRECTION('',(-0.890257888115458,0.455456795589005,-1.38644579927294E-14));
#8136=DIRECTION('',(0.,1.,-8.62441148551927E-16));
#8137=DIRECTION('',(0.880302965538228,0.474411940052737,1.29118600141645E-14));
#8138=DIRECTION('center_axis',(-1.51323043476125E-14,8.62441148551927E-16,
1.));
#8139=DIRECTION('ref_axis',(0.219664332845732,-0.975575512646479,4.16540400456283E-15));
#8140=DIRECTION('center_axis',(1.51323043476125E-14,-8.62441148551927E-16,
-1.));
#8141=DIRECTION('ref_axis',(-0.56422812680522,0.825618932027284,-9.25011947630371E-15));
#8142=DIRECTION('center_axis',(1.51323043476125E-14,-8.62441148551927E-16,
-1.));
#8143=DIRECTION('ref_axis',(1.,0.,0.));
#8144=DIRECTION('center_axis',(1.51323043476125E-14,-8.62441148551927E-16,
-1.));
#8145=DIRECTION('ref_axis',(-0.808440250999801,-0.588578253559694,-1.17259498199765E-14));
#8146=DIRECTION('center_axis',(-1.51323043476125E-14,8.62441148551927E-16,
1.));
#8147=DIRECTION('ref_axis',(0.547210683669629,0.836994903017824,7.55869976206312E-15));
#8148=DIRECTION('',(-0.648195271656588,0.761474155701979,-1.04654147728271E-14));
#8149=DIRECTION('',(0.382683432365091,0.923879532511286,4.99409044219488E-15));
#8150=DIRECTION('',(0.99484348184412,0.101422121020359,1.49668037349623E-14));
#8151=DIRECTION('center_axis',(-1.51323043476125E-14,8.62441148551927E-16,
1.));
#8152=DIRECTION('ref_axis',(-0.170393204571969,-0.98537614941488,-1.72861289229098E-15));
#8153=DIRECTION('center_axis',(1.51323043476125E-14,-8.62441148551927E-16,
-1.));
#8154=DIRECTION('ref_axis',(-0.205328131288708,0.978693189156585,-3.95115305192341E-15));
#8155=DIRECTION('center_axis',(1.51323043476125E-14,-8.62441148551927E-16,
-1.));
#8156=DIRECTION('ref_axis',(1.,0.,0.));
#8157=DIRECTION('center_axis',(1.51323043476125E-14,-8.62441148551927E-16,
-1.));
#8158=DIRECTION('ref_axis',(-0.972140547444673,-0.234398711630357,-1.45085715385098E-14));
#8159=DIRECTION('center_axis',(-1.51323043476125E-14,8.62441148551927E-16,
1.));
#8160=DIRECTION('ref_axis',(0.82586083297282,0.563873997060904,1.20108693356537E-14));
#8161=DIRECTION('',(-0.307450800992773,0.951563978389736,-5.47310702298296E-15));
#8162=DIRECTION('',(0.70710678118655,0.707106781186545,1.00903170346601E-14));
#8163=DIRECTION('',(0.957928096317865,-0.287008296543552,1.47431872615259E-14));
#8164=DIRECTION('center_axis',(-1.51323043476125E-14,8.62441148551927E-16,
1.));
#8165=DIRECTION('ref_axis',(-0.534509921211839,-0.845162199891899,-7.35946414620847E-15));
#8166=DIRECTION('center_axis',(1.51323043476125E-14,-8.62441148551927E-16,
-1.));
#8167=DIRECTION('ref_axis',(0.184831210912351,0.982770280112639,1.9493406073204E-15));
#8168=DIRECTION('center_axis',(1.51323043476125E-14,-8.62441148551927E-16,
-1.));
#8169=DIRECTION('ref_axis',(1.,0.,0.));
#8170=DIRECTION('center_axis',(1.51323043476125E-14,-8.62441148551927E-16,
-1.));
#8171=DIRECTION('ref_axis',(-0.987841258017108,0.155465909315122,-1.50823947608337E-14));
#8172=DIRECTION('center_axis',(-1.51323043476125E-14,8.62441148551927E-16,
1.));
#8173=DIRECTION('ref_axis',(0.978781156903003,0.204908386581951,1.46344929316928E-14));
#8174=DIRECTION('',(0.0801002670737407,0.9967868113166,3.52431657271585E-16));
#8175=DIRECTION('',(0.923879532511286,0.382683432365091,1.365038432755E-14));
#8176=DIRECTION('',(0.775176841767031,-0.631744302695395,1.22750541748475E-14));
#8177=DIRECTION('center_axis',(-1.51323043476125E-14,8.62441148551927E-16,
1.));
#8178=DIRECTION('ref_axis',(-0.817252347691698,-0.576279966849801,-1.18699036975742E-14));
#8179=DIRECTION('center_axis',(1.51323043476125E-14,-8.62441148551927E-16,
-1.));
#8180=DIRECTION('ref_axis',(0.546851676751091,0.837229504756324,7.5530648299161E-15));
#8181=DIRECTION('center_axis',(1.51323043476125E-14,-8.62441148551927E-16,
-1.));
#8182=DIRECTION('ref_axis',(1.,0.,0.));
#8183=DIRECTION('center_axis',(1.51323043476125E-14,-8.62441148551927E-16,
-1.));
#8184=DIRECTION('ref_axis',(-0.853152091859741,0.521662254869325,-1.33600601030695E-14));
#8185=DIRECTION('center_axis',(-1.51323043476125E-14,8.62441148551927E-16,
1.));
#8186=DIRECTION('ref_axis',(0.982690922367978,-0.185252668254935,1.50301476408904E-14));
#8187=DIRECTION('',(0.455456795589006,0.890257888115457,6.12431581250746E-15));
#8188=DIRECTION('',(1.,0.,1.51323043476125E-14));
#8189=DIRECTION('',(0.474411940052737,-0.880302965538228,7.93815536369176E-15));
#8190=DIRECTION('center_axis',(-1.51323043476125E-14,8.62441148551927E-16,
1.));
#8191=DIRECTION('ref_axis',(-0.975575512646478,-0.219664332845735,-1.45732580119292E-14));
#8192=DIRECTION('center_axis',(1.51323043476125E-14,-8.62441148551927E-16,
-1.));
#8193=DIRECTION('ref_axis',(0.8256189320273,0.564228126805197,1.20069034008607E-14));
#8194=DIRECTION('center_axis',(1.51323043476125E-14,-8.62441148551927E-16,
-1.));
#8195=DIRECTION('ref_axis',(1.,0.,0.));
#8196=DIRECTION('center_axis',(1.51323043476125E-14,-8.62441148551927E-16,
-1.));
#8197=DIRECTION('ref_axis',(-0.588578253559696,0.8084402509998,-9.60377740385942E-15));
#8198=DIRECTION('center_axis',(-1.51323043476125E-14,8.62441148551927E-16,
1.));
#8199=DIRECTION('ref_axis',(0.836994903017816,-0.547210683669641,1.31375986203899E-14));
#8200=DIRECTION('',(0.76147415570198,0.648195271656588,1.09638284023502E-14));
#8201=DIRECTION('',(0.923879532511288,-0.382683432365086,1.43104682054315E-14));
#8202=DIRECTION('',(0.101422121020358,-0.99484348184412,2.39274435797149E-15));
#8203=DIRECTION('center_axis',(-1.51323043476125E-14,8.62441148551927E-16,
1.));
#8204=DIRECTION('ref_axis',(-0.985376149414881,0.170393204571962,-1.50579659008809E-14));
#8205=DIRECTION('center_axis',(1.51323043476125E-14,-8.62441148551927E-16,
-1.));
#8206=DIRECTION('ref_axis',(0.978693189156584,0.205328131288713,1.46327997718742E-14));
#8207=DIRECTION('center_axis',(1.51323043476125E-14,-8.62441148551927E-16,
-1.));
#8208=DIRECTION('ref_axis',(1.,0.,0.));
#8209=DIRECTION('center_axis',(1.51323043476125E-14,-8.62441148551927E-16,
-1.));
#8210=DIRECTION('ref_axis',(-0.234398711630328,0.97214054744468,-4.38540665337047E-15));
#8211=DIRECTION('center_axis',(-1.51323043476125E-14,8.62441148551927E-16,
1.));
#8212=DIRECTION('ref_axis',(0.563873997060887,-0.825860832972832,9.24496930256323E-15));
#8213=DIRECTION('',(0.951563978389736,0.307450800992773,1.4134197505287E-14));
#8214=DIRECTION('',(0.70710678118655,-0.707106781186545,1.13099930036909E-14));
#8215=DIRECTION('',(-0.287008296543552,-0.957928096317865,-3.5169402859683E-15));
#8216=DIRECTION('center_axis',(-1.51323043476125E-14,8.62441148551927E-16,
1.));
#8217=DIRECTION('ref_axis',(-0.845162199891911,0.53450992121182,-1.32502349822244E-14));
#8218=DIRECTION('center_axis',(1.51323043476125E-14,-8.62441148551927E-16,
-1.));
#8219=DIRECTION('ref_axis',(0.982770280112644,-0.184831210912324,1.50309850242804E-14));
#8220=DIRECTION('center_axis',(1.51323043476125E-14,-8.62441148551927E-16,
-1.));
#8221=DIRECTION('ref_axis',(1.,0.,0.));
#8222=DIRECTION('center_axis',(1.51323043476125E-14,-8.62441148551927E-16,
-1.));
#8223=DIRECTION('ref_axis',(0.155465909315125,0.987841258017107,1.50060250628354E-15));
#8224=DIRECTION('center_axis',(-1.51323043476125E-14,8.62441148551927E-16,
1.));
#8225=DIRECTION('ref_axis',(0.204908386581938,-0.978781156903006,3.94487721427653E-15));
#8226=DIRECTION('',(0.9967868113166,-0.0801002670737399,1.51527631648634E-14));
#8227=DIRECTION('',(0.382683432365092,-0.923879532511286,6.5876738924802E-15));
#8228=DIRECTION('',(-0.631744302695395,-0.775176841767032,-8.89120265251252E-15));
#8229=DIRECTION('center_axis',(-1.51323043476125E-14,8.62441148551927E-16,
1.));
#8230=DIRECTION('ref_axis',(-0.576279966849817,0.817252347691687,-9.42527590120344E-15));
#8231=DIRECTION('center_axis',(1.51323043476125E-14,-8.62441148551927E-16,
-1.));
#8232=DIRECTION('ref_axis',(0.837229504756334,-0.546851676751076,1.31408390629585E-14));
#8233=DIRECTION('center_axis',(1.51323043476125E-14,-8.62441148551927E-16,
-1.));
#8234=DIRECTION('ref_axis',(1.,0.,0.));
#8235=DIRECTION('center_axis',(1.51323043476125E-14,-8.62441148551927E-16,
-1.));
#8236=DIRECTION('ref_axis',(0.521662254869323,0.853152091859742,7.15815853735139E-15));
#8237=DIRECTION('center_axis',(-1.51323043476125E-14,8.62441148551927E-16,
1.));
#8238=DIRECTION('ref_axis',(-0.185252668254945,-0.982690922367976,-1.95578666948253E-15));
#8239=DIRECTION('',(0.890257888115457,-0.455456795589007,1.38644579927294E-14));
#8240=DIRECTION('',(0.,-1.,8.62441148551927E-16));
#8241=DIRECTION('',(-0.880302965538228,-0.474411940052737,-1.29118600141645E-14));
#8242=DIRECTION('center_axis',(-1.51323043476125E-14,8.62441148551927E-16,
1.));
#8243=DIRECTION('ref_axis',(-0.219664332845746,0.975575512646476,-4.16540400456304E-15));
#8244=DIRECTION('center_axis',(1.51323043476125E-14,-8.62441148551927E-16,
-1.));
#8245=DIRECTION('ref_axis',(0.564228126805227,-0.825618932027279,9.2501194763038E-15));
#8246=DIRECTION('center_axis',(1.51323043476125E-14,-8.62441148551927E-16,
-1.));
#8247=DIRECTION('ref_axis',(1.,0.,0.));
#8248=DIRECTION('center_axis',(1.51323043476125E-14,-8.62441148551927E-16,
-1.));
#8249=DIRECTION('ref_axis',(0.808440250999797,0.588578253559699,1.17259498199764E-14));
#8250=DIRECTION('center_axis',(-1.51323043476125E-14,8.62441148551927E-16,
1.));
#8251=DIRECTION('ref_axis',(-0.547210683669638,-0.836994903017818,-7.55869976206327E-15));
#8252=DIRECTION('',(0.648195271656588,-0.76147415570198,1.04654147728271E-14));
#8253=DIRECTION('',(-0.382683432365091,-0.923879532511286,-4.99409044219488E-15));
#8254=DIRECTION('',(-0.99484348184412,-0.101422121020358,-1.49668037349623E-14));
#8255=DIRECTION('center_axis',(-1.51323043476125E-14,8.62441148551927E-16,
1.));
#8256=DIRECTION('ref_axis',(0.170393204571946,0.985376149414883,1.72861289229064E-15));
#8257=DIRECTION('center_axis',(1.51323043476125E-14,-8.62441148551927E-16,
-1.));
#8258=DIRECTION('ref_axis',(0.205328131288721,-0.978693189156582,3.95115305192362E-15));
#8259=DIRECTION('center_axis',(1.51323043476125E-14,-8.62441148551927E-16,
-1.));
#8260=DIRECTION('ref_axis',(1.,0.,0.));
#8261=DIRECTION('center_axis',(1.51323043476125E-14,-8.62441148551927E-16,
-1.));
#8262=DIRECTION('ref_axis',(0.972140547444672,0.234398711630362,1.45085715385098E-14));
#8263=DIRECTION('center_axis',(-1.51323043476125E-14,8.62441148551927E-16,
1.));
#8264=DIRECTION('ref_axis',(-0.825860832972828,-0.563873997060892,-1.20108693356538E-14));
#8265=DIRECTION('',(0.307450800992773,-0.951563978389736,5.47310702298296E-15));
#8266=DIRECTION('',(-0.70710678118655,-0.707106781186545,-1.00903170346601E-14));
#8267=DIRECTION('',(-0.957928096317865,0.287008296543552,-1.47431872615259E-14));
#8268=DIRECTION('center_axis',(-1.51323043476125E-14,8.62441148551927E-16,
1.));
#8269=DIRECTION('ref_axis',(0.534509921211819,0.845162199891911,7.35946414620816E-15));
#8270=DIRECTION('center_axis',(1.51323043476125E-14,-8.62441148551927E-16,
-1.));
#8271=DIRECTION('ref_axis',(-0.184831210912328,-0.982770280112643,-1.94934060732006E-15));
#8272=DIRECTION('center_axis',(1.51323043476125E-14,-8.62441148551927E-16,
-1.));
#8273=DIRECTION('ref_axis',(1.,0.,0.));
#8274=DIRECTION('center_axis',(1.51323043476125E-14,-8.62441148551927E-16,
-1.));
#8275=DIRECTION('ref_axis',(0.987841258017102,-0.15546590931516,1.50823947608336E-14));
#8276=DIRECTION('center_axis',(-1.51323043476125E-14,8.62441148551927E-16,
1.));
#8277=DIRECTION('ref_axis',(-0.978781156903001,-0.204908386581962,-1.46344929316928E-14));
#8278=DIRECTION('',(-0.0801002670737407,-0.9967868113166,-3.52431657271585E-16));
#8279=DIRECTION('',(-0.923879532511283,-0.3826834323651,-1.36503843275499E-14));
#8280=DIRECTION('',(-0.775176841767031,0.631744302695396,-1.22750541748475E-14));
#8281=DIRECTION('center_axis',(-1.51323043476125E-14,8.62441148551927E-16,
1.));
#8282=DIRECTION('ref_axis',(0.817252347691688,0.576279966849815,1.1869903697574E-14));
#8283=DIRECTION('center_axis',(1.51323043476125E-14,-8.62441148551927E-16,
-1.));
#8284=DIRECTION('ref_axis',(-0.546851676751093,-0.837229504756323,-7.55306482991614E-15));
#8285=DIRECTION('center_axis',(1.51323043476125E-14,-8.62441148551927E-16,
-1.));
#8286=DIRECTION('ref_axis',(1.,0.,0.));
#8287=DIRECTION('center_axis',(1.51323043476125E-14,-8.62441148551927E-16,
-1.));
#8288=DIRECTION('ref_axis',(0.853152091859726,-0.52166225486935,1.33600601030693E-14));
#8289=DIRECTION('center_axis',(-1.51323043476125E-14,8.62441148551927E-16,
1.));
#8290=DIRECTION('ref_axis',(-0.982690922367979,0.185252668254931,-1.50301476408904E-14));
#8291=DIRECTION('',(-0.455456795589006,-0.890257888115457,-6.12431581250746E-15));
#8292=DIRECTION('',(-1.,0.,-1.51323043476125E-14));
#8293=DIRECTION('',(-0.474411940052737,0.880302965538228,-7.93815536369176E-15));
#8294=DIRECTION('center_axis',(-1.51323043476125E-14,8.62441148551927E-16,
1.));
#8295=DIRECTION('ref_axis',(0.975575512646477,0.21966433284574,1.45732580119292E-14));
#8296=DIRECTION('center_axis',(1.51323043476125E-14,-8.62441148551927E-16,
-1.));
#8297=DIRECTION('ref_axis',(-0.825618932027295,-0.564228126805204,-1.20069034008606E-14));
#8298=DIRECTION('center_axis',(-0.381761596704793,0.924260830762295,-6.7814482332691E-15));
#8299=DIRECTION('ref_axis',(0.924260830762295,0.381761596704793,0.));
#8300=DIRECTION('center_axis',(0.775806672557317,-0.630970686177689,1.37810948884952E-14));
#8301=DIRECTION('ref_axis',(0.630970686177689,0.775806672557318,0.));
#8302=DIRECTION('center_axis',(0.,0.,-1.));
#8303=DIRECTION('ref_axis',(0.382683432365083,0.92387953251129,0.));
#8304=DIRECTION('center_axis',(-0.995405296165856,0.0957512212191806,-3.40176673387279E-15));
#8305=DIRECTION('ref_axis',(0.0957512212191806,0.995405296165856,0.));
#8306=DIRECTION('center_axis',(0.917753034069914,0.397151568617659,1.6302568789504E-14));
#8307=DIRECTION('ref_axis',(-0.397151568617659,0.917753034069914,0.));
#8308=DIRECTION('center_axis',(-1.215512801461E-13,-1.03468994271872E-13,
-1.));
#8309=DIRECTION('ref_axis',(-0.648195271656588,0.76147415570198,0.));
#8310=DIRECTION('center_axis',(-1.51323043476125E-14,8.62441148551927E-16,
1.));
#8311=DIRECTION('ref_axis',(1.,0.,1.60949205216632E-14));
#8312=DIRECTION('center_axis',(-0.288319916984098,-0.957534138018213,-5.12159056470044E-15));
#8313=DIRECTION('ref_axis',(-0.957534138018214,0.288319916984098,-7.10542735760119E-14));
#8314=DIRECTION('center_axis',(-1.51323043476125E-14,8.62441148551927E-16,
1.));
#8315=DIRECTION('ref_axis',(0.588578253559685,-0.808440250999807,9.5925819736341E-15));
#8316=DIRECTION('center_axis',(-0.761474155701995,-0.64819527165657,-1.35264982450804E-14));
#8317=DIRECTION('ref_axis',(-0.64819527165657,0.761474155701995,0.));
#8318=DIRECTION('center_axis',(1.51323043476125E-14,-8.62441148551927E-16,
-1.));
#8319=DIRECTION('ref_axis',(-0.836994903017822,0.547210683669633,-1.31305223104709E-14));
#8320=DIRECTION('center_axis',(0.76147415570198,0.648195271656588,1.09638284023502E-14));
#8321=DIRECTION('ref_axis',(-0.4583432721214,0.538443539195149,-0.707106781186583));
#8322=DIRECTION('',(0.76147415570198,0.648195271656588,1.09638284023502E-14));
#8323=DIRECTION('center_axis',(0.923879532511286,-0.382683432365091,1.43104682054315E-14));
#8324=DIRECTION('ref_axis',(0.270598050073091,0.653281482438165,-0.707106781186572));
#8325=DIRECTION('',(0.923879532511286,-0.382683432365091,1.43104682054315E-14));
#8326=DIRECTION('center_axis',(0.101422121020358,-0.99484348184412,2.39274435797149E-15));
#8327=DIRECTION('ref_axis',(0.703460572231194,0.0717162695358122,-0.707106781186567));
#8328=DIRECTION('',(0.101422121020358,-0.99484348184412,2.39274435797149E-15));
#8329=DIRECTION('center_axis',(-0.101422121020356,0.99484348184412,-1.80161878340988E-15));
#8330=DIRECTION('ref_axis',(0.99484348184412,0.101422121020356,0.));
#8331=DIRECTION('center_axis',(0.429603999289442,0.903017388423123,7.63130002371707E-15));
#8332=DIRECTION('ref_axis',(0.903017388423123,-0.429603999289442,0.));
#8333=DIRECTION('center_axis',(1.51323043476125E-14,-8.62441148551927E-16,
-1.));
#8334=DIRECTION('ref_axis',(0.985376149414881,-0.170393204571959,1.50520621607823E-14));
#8335=DIRECTION('center_axis',(-1.51323043476125E-14,8.62441148551927E-16,
1.));
#8336=DIRECTION('ref_axis',(-0.978693189156581,-0.205328131288728,-1.60949205216632E-14));
#8337=DIRECTION('center_axis',(-1.51323043476125E-14,8.62441148551927E-16,
1.));
#8338=DIRECTION('ref_axis',(-0.97869318915658,-0.205328131288731,-1.46355393540589E-14));
#8339=DIRECTION('center_axis',(0.,0.,-1.));
#8340=DIRECTION('ref_axis',(-0.998681615671769,0.0513325483414281,0.));
#8341=DIRECTION('',(0.,0.,-1.));
#8342=DIRECTION('center_axis',(1.51323043476125E-14,-8.62441148551927E-16,
-1.));
#8343=DIRECTION('ref_axis',(0.588578253559687,-0.808440250999806,9.59258197363406E-15));
#8344=DIRECTION('',(0.,0.,-1.));
#8345=DIRECTION('center_axis',(0.000997581622341739,0.99999950241533,-8.84633855880733E-15));
#8346=DIRECTION('ref_axis',(0.99999950241533,-0.000997581622341739,0.));
#8347=DIRECTION('center_axis',(0.475289878053137,-0.879829262880153,8.4428442557739E-15));
#8348=DIRECTION('ref_axis',(0.879829262880153,0.475289878053137,0.));
#8349=DIRECTION('center_axis',(0.,0.,-1.));
#8350=DIRECTION('ref_axis',(0.707106781186556,0.707106781186539,0.));
#8351=DIRECTION('center_axis',(-0.882992173691662,0.469387708828505,-1.56850918687428E-14));
#8352=DIRECTION('ref_axis',(0.469387708828505,0.882992173691662,0.));
#8353=DIRECTION('center_axis',(0.999876569525113,0.0157113244092312,1.77613758283197E-14));
#8354=DIRECTION('ref_axis',(-0.0157113244092312,0.999876569525113,0.));
#8355=DIRECTION('center_axis',(-1.51894609748866E-13,-4.90772249626338E-14,
-1.));
#8356=DIRECTION('ref_axis',(-0.307450800992764,0.951563978389739,0.));
#8357=DIRECTION('center_axis',(-1.51323043476125E-14,8.62441148551927E-16,
1.));
#8358=DIRECTION('ref_axis',(1.,0.,1.60949205216632E-14));
#8359=DIRECTION('center_axis',(-0.63280532066052,-0.774310936345171,-1.12408805936457E-14));
#8360=DIRECTION('ref_axis',(-0.774310936345171,0.63280532066052,0.));
#8361=DIRECTION('center_axis',(-1.51323043476125E-14,8.62441148551927E-16,
1.));
#8362=DIRECTION('ref_axis',(0.234398711630343,-0.972140547444676,4.38518033080417E-15));
#8363=DIRECTION('center_axis',(-0.951563978389737,-0.307450800992771,-1.69031718114022E-14));
#8364=DIRECTION('ref_axis',(-0.307450800992771,0.951563978389737,0.));
#8365=DIRECTION('center_axis',(1.51323043476125E-14,-8.62441148551927E-16,
-1.));
#8366=DIRECTION('ref_axis',(-0.563873997060907,0.825860832972818,-9.28744260984519E-15));
#8367=DIRECTION('center_axis',(0.951563978389737,0.307450800992771,1.4134197505287E-14));
#8368=DIRECTION('ref_axis',(-0.217400546263212,0.672857341852254,-0.707106781186531));
#8369=DIRECTION('',(0.951563978389737,0.307450800992771,1.4134197505287E-14));
#8370=DIRECTION('center_axis',(0.70710678118655,-0.707106781186545,1.13099930036909E-14));
#8371=DIRECTION('ref_axis',(0.499999999999988,0.499999999999975,-0.707106781186574));
#8372=DIRECTION('',(0.70710678118655,-0.707106781186545,1.13099930036909E-14));
#8373=DIRECTION('center_axis',(-0.287008296543552,-0.957928096317865,-3.5169402859683E-15));
#8374=DIRECTION('ref_axis',(0.677357452795462,-0.202945512742731,-0.707106781186571));
#8375=DIRECTION('',(-0.287008296543552,-0.957928096317865,-3.5169402859683E-15));
#8376=DIRECTION('center_axis',(0.287008296543543,0.957928096317867,5.09829150529731E-15));
#8377=DIRECTION('ref_axis',(0.957928096317867,-0.287008296543543,0.));
#8378=DIRECTION('center_axis',(0.742472135715632,0.669876949660061,1.31889545634321E-14));
#8379=DIRECTION('ref_axis',(0.669876949660061,-0.742472135715632,0.));
#8380=DIRECTION('center_axis',(1.51323043476125E-14,-8.62441148551927E-16,
-1.));
#8381=DIRECTION('ref_axis',(0.845162199891903,-0.534509921211832,1.3237274524376E-14));
#8382=DIRECTION('center_axis',(-1.51323043476125E-14,8.62441148551927E-16,
1.));
#8383=DIRECTION('ref_axis',(-0.982770280112638,0.184831210912352,-1.60949205216631E-14));
#8384=DIRECTION('center_axis',(-1.51323043476125E-14,8.62441148551927E-16,
1.));
#8385=DIRECTION('ref_axis',(-0.982770280112635,0.184831210912371,-1.50192426330042E-14));
#8386=DIRECTION('center_axis',(0.,0.,-1.));
#8387=DIRECTION('ref_axis',(-0.871703723956677,0.490033282175876,0.));
#8388=DIRECTION('',(0.,0.,-1.));
#8389=DIRECTION('center_axis',(1.51323043476125E-14,-8.62441148551927E-16,
-1.));
#8390=DIRECTION('ref_axis',(0.234398711630347,-0.972140547444676,4.38518033080415E-15));
#8391=DIRECTION('',(0.,0.,-1.));
#8392=DIRECTION('center_axis',(0.383604887190559,0.923497314843697,8.20230385695172E-15));
#8393=DIRECTION('ref_axis',(0.923497314843697,-0.383604887190559,0.));
#8394=DIRECTION('center_axis',(0.102414508128855,-0.994741809981226,8.83508208798755E-15));
#8395=DIRECTION('ref_axis',(0.994741809981226,0.102414508128855,0.));
#8396=DIRECTION('center_axis',(0.,0.,-1.));
#8397=DIRECTION('ref_axis',(0.92387953251129,0.382683432365083,0.));
#8398=DIRECTION('center_axis',(-0.636151497116908,0.771564172778853,2.40541232553546E-15));
#8399=DIRECTION('ref_axis',(0.771564172778853,0.636151497116908,0.));
#8400=DIRECTION('center_axis',(0.929777961173779,-0.368120826516961,9.97703492545502E-15));
#8401=DIRECTION('ref_axis',(0.368120826516961,0.929777961173779,-6.79475665542575E-14));
#8402=DIRECTION('center_axis',(1.59113361945424E-13,-1.27861069610204E-14,
-1.));
#8403=DIRECTION('ref_axis',(0.0801002670737359,0.996786811316601,0.));
#8404=DIRECTION('center_axis',(-1.51323043476125E-14,8.62441148551927E-16,
1.));
#8405=DIRECTION('ref_axis',(1.,0.,1.60949205216631E-14));
#8406=DIRECTION('center_axis',(-0.880951850660892,-0.473205913759696,-1.56488484510465E-14));
#8407=DIRECTION('ref_axis',(-0.473205913759696,0.880951850660892,0.));
#8408=DIRECTION('center_axis',(-1.51323043476125E-14,8.62441148551927E-16,
1.));
#8409=DIRECTION('ref_axis',(-0.155465909315111,-0.98784125801711,-1.50740573871392E-15));
#8410=DIRECTION('center_axis',(-0.996786811316598,0.0801002670737642,-1.77064906970731E-14));
#8411=DIRECTION('ref_axis',(0.0801002670737641,0.996786811316598,0.));
#8412=DIRECTION('center_axis',(1.51323043476125E-14,-8.62441148551927E-16,
-1.));
#8413=DIRECTION('ref_axis',(-0.204908386581961,0.978781156903001,-3.94983191453188E-15));
#8414=DIRECTION('center_axis',(0.9967868113166,-0.080100267073739,1.51527631648634E-14));
#8415=DIRECTION('ref_axis',(0.0566394420226969,0.704834713679255,-0.707106781186576));
#8416=DIRECTION('',(0.9967868113166,-0.080100267073739,1.51527631648634E-14));
#8417=DIRECTION('center_axis',(0.382683432365091,-0.923879532511286,6.58767389248018E-15));
#8418=DIRECTION('ref_axis',(0.653281482438211,0.27059805007311,-0.707106781186522));
#8419=DIRECTION('',(0.382683432365091,-0.923879532511286,6.58767389248018E-15));
#8420=DIRECTION('center_axis',(-0.631744302695394,-0.775176841767032,-8.89120265251251E-15));
#8421=DIRECTION('ref_axis',(0.548132801432225,-0.446710680411857,-0.707106781186574));
#8422=DIRECTION('',(-0.631744302695394,-0.775176841767032,-8.89120265251251E-15));
#8423=DIRECTION('center_axis',(0.631744302695398,0.775176841767029,1.1222033128451E-14));
#8424=DIRECTION('ref_axis',(0.775176841767029,-0.631744302695398,0.));
#8425=DIRECTION('center_axis',(0.942305620005783,0.334753817760927,1.67387103290373E-14));
#8426=DIRECTION('ref_axis',(0.334753817760927,-0.942305620005783,0.));
#8427=DIRECTION('center_axis',(1.51323043476125E-14,-8.62441148551927E-16,
-1.));
#8428=DIRECTION('ref_axis',(0.576279966849802,-0.817252347691698,9.39419482375053E-15));
#8429=DIRECTION('center_axis',(-1.51323043476125E-14,8.62441148551927E-16,
1.));
#8430=DIRECTION('ref_axis',(-0.83722950475632,0.546851676751098,-8.04746026083158E-15));
#8431=DIRECTION('center_axis',(-1.51323043476125E-14,8.62441148551927E-16,
1.));
#8432=DIRECTION('ref_axis',(-0.837229504756322,0.546851676751096,-1.31281336153449E-14));
#8433=DIRECTION('center_axis',(0.,0.,-1.));
#8434=DIRECTION('ref_axis',(-0.617821610581251,0.786318292740789,0.));
#8435=DIRECTION('',(0.,0.,-1.));
#8436=DIRECTION('center_axis',(1.51323043476125E-14,-8.62441148551927E-16,
-1.));
#8437=DIRECTION('ref_axis',(-0.15546590931511,-0.98784125801711,-1.50740573871392E-15));
#8438=DIRECTION('',(0.,0.,-1.));
#8439=DIRECTION('center_axis',(0.707811826071007,0.706401032611099,3.13705076409482E-15));
#8440=DIRECTION('ref_axis',(0.706401032611099,-0.707811826071007,0.));
#8441=DIRECTION('center_axis',(-0.286052542268199,-0.958213933869624,0.));
#8442=DIRECTION('ref_axis',(0.958213933869624,-0.286052542268199,0.));
#8443=DIRECTION('center_axis',(0.,-1.61431407952957E-13,-1.));
#8444=DIRECTION('ref_axis',(1.,0.,0.));
#8445=DIRECTION('center_axis',(-0.292462521833774,0.956276985670276,2.3498127103703E-15));
#8446=DIRECTION('ref_axis',(0.956276985670276,0.292462521833774,0.));
#8447=DIRECTION('center_axis',(0.718129086691959,-0.69590991862954,-8.87669086519567E-15));
#8448=DIRECTION('ref_axis',(0.69590991862954,0.718129086691959,0.));
#8449=DIRECTION('center_axis',(-2.84217094303996E-13,-1.42205312614263E-14,
-1.));
#8450=DIRECTION('ref_axis',(0.455456795589023,0.890257888115449,-1.42108547151998E-13));
#8451=DIRECTION('center_axis',(-1.51323043476125E-14,8.62441148551927E-16,
1.));
#8452=DIRECTION('ref_axis',(1.,0.,1.60949205216632E-14));
#8453=DIRECTION('center_axis',(-0.994981447246557,-0.100059580426601,-1.76744209889401E-14));
#8454=DIRECTION('ref_axis',(-0.100059580426601,0.994981447246557,-7.10542735760111E-14));
#8455=DIRECTION('center_axis',(-1.51323043476125E-14,8.62441148551927E-16,
1.));
#8456=DIRECTION('ref_axis',(-0.521662254869339,-0.853152091859732,-7.15332541462428E-15));
#8457=DIRECTION('center_axis',(-0.890257888115458,0.455456795589005,-1.58141568838502E-14));
#8458=DIRECTION('ref_axis',(0.455456795589005,0.890257888115458,0.));
#8459=DIRECTION('center_axis',(1.51323043476125E-14,-8.62441148551927E-16,
-1.));
#8460=DIRECTION('ref_axis',(0.185252668254921,0.982690922367981,1.92153985031284E-15));
#8461=DIRECTION('center_axis',(0.890257888115458,-0.455456795589005,1.38644579927294E-14));
#8462=DIRECTION('ref_axis',(0.322056588698501,0.629507389691269,-0.707106781186526));
#8463=DIRECTION('',(0.890257888115458,-0.455456795589005,1.38644579927294E-14));
#8464=DIRECTION('center_axis',(0.,-1.,8.62441148551927E-16));
#8465=DIRECTION('ref_axis',(0.707106781186523,0.,-0.707106781186573));
#8466=DIRECTION('',(0.,-1.,8.62441148551927E-16));
#8467=DIRECTION('center_axis',(-0.880302965538228,-0.474411940052737,-1.29118600141645E-14));
#8468=DIRECTION('ref_axis',(0.33545989988715,-0.62246819643068,-0.707106781186576));
#8469=DIRECTION('',(-0.880302965538228,-0.474411940052737,-1.29118600141645E-14));
#8470=DIRECTION('center_axis',(0.880302965538229,0.474411940052736,1.56373219357813E-14));
#8471=DIRECTION('ref_axis',(0.474411940052736,-0.880302965538228,0.));
#8472=DIRECTION('center_axis',(0.99868161567177,-0.0513325483414028,1.7740149183832E-14));
#8473=DIRECTION('ref_axis',(-0.0513325483414028,-0.99868161567177,0.));
#8474=DIRECTION('center_axis',(1.51323043476125E-14,-8.62441148551927E-16,
-1.));
#8475=DIRECTION('ref_axis',(0.219664332845732,-0.975575512646479,4.16333634234396E-15));
#8476=DIRECTION('center_axis',(-1.51323043476125E-14,8.62441148551927E-16,
1.));
#8477=DIRECTION('ref_axis',(1.,0.,1.60949205216631E-14));
#8478=DIRECTION('center_axis',(-1.51323043476125E-14,8.62441148551927E-16,
1.));
#8479=DIRECTION('ref_axis',(-0.56422812680522,0.825618932027284,-9.26369344882376E-15));
#8480=DIRECTION('center_axis',(0.,0.,-1.));
#8481=DIRECTION('ref_axis',(-0.269881757561669,0.962893471228996,0.));
#8482=DIRECTION('',(0.,0.,-1.));
#8483=DIRECTION('center_axis',(1.51323043476125E-14,-8.62441148551927E-16,
-1.));
#8484=DIRECTION('ref_axis',(-0.521662254869338,-0.853152091859733,-7.15332541462429E-15));
#8485=DIRECTION('',(0.,0.,-1.));
#8486=DIRECTION('center_axis',(0.924260830762292,0.3817615967048,2.74380238602019E-14));
#8487=DIRECTION('ref_axis',(0.3817615967048,-0.924260830762292,0.));
#8488=DIRECTION('center_axis',(-0.630970686177691,-0.775806672557316,-4.30659215265475E-15));
#8489=DIRECTION('ref_axis',(0.775806672557316,-0.630970686177691,0.));
#8490=DIRECTION('center_axis',(-6.17771252869664E-14,-1.49143173712212E-13,
-1.));
#8491=DIRECTION('ref_axis',(0.923879532511283,-0.3826834323651,0.));
#8492=DIRECTION('center_axis',(0.0957512212191827,0.995405296165856,1.93828334251304E-14));
#8493=DIRECTION('ref_axis',(0.995405296165856,-0.0957512212191827,0.));
#8494=DIRECTION('center_axis',(0.397151568617635,-0.917753034069924,-4.23073178434293E-15));
#8495=DIRECTION('ref_axis',(0.917753034069924,0.397151568617635,0.));
#8496=DIRECTION('center_axis',(-1.64555323658604E-13,-2.59241647348951E-14,
-1.));
#8497=DIRECTION('ref_axis',(0.761474155701973,0.648195271656595,-1.42108547152006E-13));
#8498=DIRECTION('center_axis',(-1.51323043476125E-14,8.62441148551927E-16,
1.));
#8499=DIRECTION('ref_axis',(-0.808440250999801,-0.588578253559694,-8.04746026083159E-15));
#8500=DIRECTION('center_axis',(-0.95753413801821,0.288319916984108,-1.70092231502918E-14));
#8501=DIRECTION('ref_axis',(0.288319916984108,0.95753413801821,7.105427357601E-14));
#8502=DIRECTION('center_axis',(-1.51323043476125E-14,8.62441148551927E-16,
1.));
#8503=DIRECTION('ref_axis',(-0.808440250999801,-0.588578253559694,-1.17303573849011E-14));
#8504=DIRECTION('center_axis',(-0.64819527165657,0.761474155701995,-1.15142610407485E-14));
#8505=DIRECTION('ref_axis',(0.761474155701995,0.64819527165657,0.));
#8506=DIRECTION('center_axis',(1.51323043476125E-14,-8.62441148551927E-16,
-1.));
#8507=DIRECTION('ref_axis',(0.547210683669629,0.836994903017824,7.57940718734508E-15));
#8508=DIRECTION('center_axis',(0.648195271656589,-0.761474155701979,1.04654147728271E-14));
#8509=DIRECTION('ref_axis',(0.538443539195155,0.458343272121407,-0.707106781186574));
#8510=DIRECTION('',(0.648195271656588,-0.761474155701979,1.04654147728271E-14));
#8511=DIRECTION('center_axis',(-0.382683432365091,-0.923879532511286,-4.99409044219488E-15));
#8512=DIRECTION('ref_axis',(0.653281482438166,-0.270598050073085,-0.707106781186573));
#8513=DIRECTION('',(-0.382683432365091,-0.923879532511286,-4.99409044219488E-15));
#8514=DIRECTION('center_axis',(-0.99484348184412,-0.101422121020359,-1.49668037349623E-14));
#8515=DIRECTION('ref_axis',(0.0717162695358309,-0.703460572231232,-0.707106781186527));
#8516=DIRECTION('',(-0.99484348184412,-0.101422121020359,-1.49668037349623E-14));
#8517=DIRECTION('center_axis',(0.99484348184412,0.101422121020357,1.75593690571035E-14));
#8518=DIRECTION('ref_axis',(0.101422121020357,-0.99484348184412,0.));
#8519=DIRECTION('center_axis',(0.903017388423123,-0.429603999289441,1.65177673917214E-14));
#8520=DIRECTION('ref_axis',(-0.429603999289441,-0.903017388423123,0.));
#8521=DIRECTION('center_axis',(1.51323043476125E-14,-8.62441148551927E-16,
-1.));
#8522=DIRECTION('ref_axis',(-0.170393204571969,-0.98537614941488,-1.70803542250008E-15));
#8523=DIRECTION('center_axis',(-1.51323043476125E-14,8.62441148551927E-16,
1.));
#8524=DIRECTION('ref_axis',(1.,0.,1.60949205216632E-14));
#8525=DIRECTION('center_axis',(-1.51323043476125E-14,8.62441148551927E-16,
1.));
#8526=DIRECTION('ref_axis',(-0.205328131288708,0.978693189156585,-3.94666229772374E-15));
#8527=DIRECTION('center_axis',(0.,0.,-1.));
#8528=DIRECTION('ref_axis',(0.119145146562449,0.992876847373637,0.));
#8529=DIRECTION('',(0.,0.,-1.));
#8530=DIRECTION('center_axis',(1.51323043476125E-14,-8.62441148551927E-16,
-1.));
#8531=DIRECTION('ref_axis',(-0.8084402509998,-0.588578253559695,-1.17303573849011E-14));
#8532=DIRECTION('',(0.,0.,-1.));
#8533=DIRECTION('center_axis',(0.99999950241533,-0.000997581622350259,1.77613444789483E-14));
#8534=DIRECTION('ref_axis',(-0.000997581622350259,-0.99999950241533,0.));
#8535=DIRECTION('center_axis',(-0.879829262880149,-0.475289878053146,-1.29905184562867E-14));
#8536=DIRECTION('ref_axis',(0.475289878053146,-0.879829262880149,0.));
#8537=DIRECTION('center_axis',(-1.14149243260028E-13,-1.14149243260028E-13,
-1.));
#8538=DIRECTION('ref_axis',(0.707106781186547,-0.707106781186547,0.));
#8539=DIRECTION('center_axis',(0.469387708828507,0.882992173691661,6.37736418548663E-15));
#8540=DIRECTION('ref_axis',(0.882992173691661,-0.469387708828507,0.));
#8541=DIRECTION('center_axis',(0.0157113244092418,-0.999876569525113,-4.161254771376E-15));
#8542=DIRECTION('ref_axis',(0.999876569525113,0.0157113244092418,0.));
#8543=DIRECTION('center_axis',(0.,0.,-1.));
#8544=DIRECTION('ref_axis',(0.951563978389739,0.307450800992764,0.));
#8545=DIRECTION('center_axis',(-1.51323043476125E-14,8.62441148551927E-16,
1.));
#8546=DIRECTION('ref_axis',(-0.972140547444675,-0.23439871163035,-1.60949205216632E-14));
#8547=DIRECTION('center_axis',(-0.774310936345172,0.63280532066052,-1.44570803131032E-14));
#8548=DIRECTION('ref_axis',(0.63280532066052,0.774310936345172,0.));
#8549=DIRECTION('center_axis',(-1.51323043476125E-14,8.62441148551927E-16,
1.));
#8550=DIRECTION('ref_axis',(-0.972140547444673,-0.234398711630357,-1.44985024687212E-14));
#8551=DIRECTION('center_axis',(-0.307450800992764,0.951563978389739,-6.25375950988888E-15));
#8552=DIRECTION('ref_axis',(0.951563978389739,0.307450800992764,0.));
#8553=DIRECTION('center_axis',(1.51323043476125E-14,-8.62441148551927E-16,
-1.));
#8554=DIRECTION('ref_axis',(0.82586083297282,0.563873997060904,1.20630001714084E-14));
#8555=DIRECTION('center_axis',(0.307450800992773,-0.951563978389736,5.47310702298296E-15));
#8556=DIRECTION('ref_axis',(0.67285734185221,0.217400546263215,-0.707106781186572));
#8557=DIRECTION('',(0.307450800992773,-0.951563978389736,5.47310702298296E-15));
#8558=DIRECTION('center_axis',(-0.70710678118655,-0.707106781186545,-1.00903170346601E-14));
#8559=DIRECTION('ref_axis',(0.499999999999987,-0.499999999999979,-0.707106781186572));
#8560=DIRECTION('',(-0.70710678118655,-0.707106781186545,-1.00903170346601E-14));
#8561=DIRECTION('center_axis',(-0.957928096317865,0.287008296543552,-1.47431872615259E-14));
#8562=DIRECTION('ref_axis',(-0.202945512742735,-0.677357452795505,-0.707106781186529));
#8563=DIRECTION('',(-0.957928096317865,0.287008296543552,-1.47431872615259E-14));
#8564=DIRECTION('center_axis',(0.957928096317864,-0.287008296543556,1.73348644745611E-14));
#8565=DIRECTION('ref_axis',(-0.287008296543556,-0.957928096317864,0.));
#8566=DIRECTION('center_axis',(0.669876949660062,-0.742472135715631,1.27237146710734E-14));
#8567=DIRECTION('ref_axis',(-0.742472135715631,-0.669876949660062,0.));
#8568=DIRECTION('center_axis',(1.51323043476125E-14,-8.62441148551927E-16,
-1.));
#8569=DIRECTION('ref_axis',(-0.534509921211839,-0.845162199891899,-7.36590275953154E-15));
#8570=DIRECTION('center_axis',(-1.51323043476125E-14,8.62441148551927E-16,
1.));
#8571=DIRECTION('ref_axis',(1.,0.,1.60949205216632E-14));
#8572=DIRECTION('center_axis',(-1.51323043476125E-14,8.62441148551927E-16,
1.));
#8573=DIRECTION('ref_axis',(0.184831210912351,0.982770280112639,1.94592377179434E-15));
#8574=DIRECTION('center_axis',(0.,0.,-1.));
#8575=DIRECTION('ref_axis',(0.490033282175877,0.871703723956676,0.));
#8576=DIRECTION('',(0.,0.,-1.));
#8577=DIRECTION('center_axis',(1.51323043476125E-14,-8.62441148551927E-16,
-1.));
#8578=DIRECTION('ref_axis',(-0.972140547444673,-0.234398711630358,-1.44985024687213E-14));
#8579=DIRECTION('',(0.,0.,-1.));
#8580=DIRECTION('center_axis',(0.923497314843693,-0.383604887190569,1.38492858451952E-14));
#8581=DIRECTION('ref_axis',(-0.383604887190569,-0.923497314843693,0.));
#8582=DIRECTION('center_axis',(-0.994741809981225,-0.102414508128864,-1.72153523960538E-14));
#8583=DIRECTION('ref_axis',(0.102414508128864,-0.994741809981225,0.));
#8584=DIRECTION('center_axis',(-1.49143173712221E-13,-6.17771252869681E-14,
-1.));
#8585=DIRECTION('ref_axis',(0.382683432365088,-0.923879532511287,0.));
#8586=DIRECTION('center_axis',(0.771564172778853,0.636151497116909,2.641859366E-14));
#8587=DIRECTION('ref_axis',(0.636151497116909,-0.771564172778852,0.));
#8588=DIRECTION('center_axis',(-0.368120826516959,-0.92977796117378,-8.60366127965894E-15));
#8589=DIRECTION('ref_axis',(0.92977796117378,-0.368120826516959,0.));
#8590=DIRECTION('center_axis',(0.,0.,-1.));
#8591=DIRECTION('ref_axis',(0.9967868113166,-0.0801002670737491,0.));
#8592=DIRECTION('center_axis',(-1.51323043476125E-14,8.62441148551927E-16,
1.));
#8593=DIRECTION('ref_axis',(-0.987841258017108,0.155465909315124,-1.60949205216632E-14));
#8594=DIRECTION('center_axis',(-0.473205913759696,0.880951850660892,-8.40582561352088E-15));
#8595=DIRECTION('ref_axis',(0.880951850660892,0.473205913759696,0.));
#8596=DIRECTION('center_axis',(-1.51323043476125E-14,8.62441148551927E-16,
1.));
#8597=DIRECTION('ref_axis',(-0.987841258017108,0.155465909315122,-1.50740573871392E-14));
#8598=DIRECTION('center_axis',(0.0801002670737612,0.996786811316599,1.42286657254311E-15));
#8599=DIRECTION('ref_axis',(0.996786811316599,-0.0801002670737612,0.));
#8600=DIRECTION('center_axis',(1.51323043476125E-14,-8.62441148551927E-16,
-1.));
#8601=DIRECTION('ref_axis',(0.978781156903003,0.204908386581951,1.46250533051589E-14));
#8602=DIRECTION('center_axis',(-0.0801002670737407,-0.9967868113166,-3.52431657271585E-16));
#8603=DIRECTION('ref_axis',(0.704834713679311,-0.0566394420226973,-0.70710678118652));
#8604=DIRECTION('',(-0.0801002670737407,-0.9967868113166,-3.52431657271585E-16));
#8605=DIRECTION('center_axis',(-0.923879532511286,-0.382683432365091,-1.365038432755E-14));
#8606=DIRECTION('ref_axis',(0.270598050073093,-0.653281482438159,-0.707106781186577));
#8607=DIRECTION('',(-0.923879532511286,-0.382683432365091,-1.365038432755E-14));
#8608=DIRECTION('center_axis',(-0.775176841767031,0.631744302695395,-1.22750541748475E-14));
#8609=DIRECTION('ref_axis',(-0.446710680411854,-0.548132801432219,-0.70710678118658));
#8610=DIRECTION('',(-0.775176841767031,0.631744302695395,-1.22750541748475E-14));
#8611=DIRECTION('center_axis',(0.775176841767031,-0.631744302695395,1.51726609872317E-14));
#8612=DIRECTION('ref_axis',(-0.631744302695395,-0.775176841767031,0.));
#8613=DIRECTION('center_axis',(0.334753817760929,-0.942305620005783,5.94642233695133E-15));
#8614=DIRECTION('ref_axis',(-0.942305620005783,-0.334753817760929,0.));
#8615=DIRECTION('center_axis',(1.51323043476125E-14,-8.62441148551927E-16,
-1.));
#8616=DIRECTION('ref_axis',(-0.817252347691698,-0.576279966849801,-1.18494957435941E-14));
#8617=DIRECTION('center_axis',(-1.51323043476125E-14,8.62441148551927E-16,
1.));
#8618=DIRECTION('ref_axis',(1.,0.,1.60949205216632E-14));
#8619=DIRECTION('center_axis',(-1.51323043476125E-14,8.62441148551927E-16,
1.));
#8620=DIRECTION('ref_axis',(0.546851676751091,0.837229504756324,7.56443607063718E-15));
#8621=DIRECTION('center_axis',(0.,0.,-1.));
#8622=DIRECTION('ref_axis',(0.78631829274079,0.617821610581249,0.));
#8623=DIRECTION('',(0.,0.,-1.));
#8624=DIRECTION('center_axis',(1.51323043476125E-14,-8.62441148551927E-16,
-1.));
#8625=DIRECTION('ref_axis',(-0.987841258017108,0.155465909315122,-1.50740573871393E-14));
#8626=DIRECTION('',(0.,0.,-1.));
#8627=DIRECTION('center_axis',(0.706401032611108,-0.707811826070998,1.25419378748526E-14));
#8628=DIRECTION('ref_axis',(-0.707811826070998,-0.706401032611108,0.));
#8629=DIRECTION('center_axis',(-0.958213933869621,0.28605254226821,-1.27659740627842E-14));
#8630=DIRECTION('ref_axis',(-0.286052542268209,-0.958213933869621,0.));
#8631=DIRECTION('center_axis',(0.,0.,-1.));
#8632=DIRECTION('ref_axis',(0.,-1.,0.));
#8633=DIRECTION('center_axis',(0.956276985670275,0.292462521833776,1.27401687289214E-14));
#8634=DIRECTION('ref_axis',(0.292462521833776,-0.956276985670275,0.));
#8635=DIRECTION('center_axis',(-0.695909918629557,-0.718129086691942,-9.17270964884702E-15));
#8636=DIRECTION('ref_axis',(0.718129086691942,-0.695909918629557,0.));
#8637=DIRECTION('center_axis',(-7.2702870006209E-14,-1.42108547152003E-13,
-1.));
#8638=DIRECTION('ref_axis',(0.890257888115458,-0.455456795589005,0.));
#8639=DIRECTION('center_axis',(-1.51323043476125E-14,8.62441148551927E-16,
1.));
#8640=DIRECTION('ref_axis',(-0.853152091859735,0.521662254869335,-8.04746026083158E-15));
#8641=DIRECTION('center_axis',(-0.100059580426594,0.994981447246557,-1.77741520038335E-15));
#8642=DIRECTION('ref_axis',(0.994981447246557,0.100059580426594,0.));
#8643=DIRECTION('center_axis',(-1.51323043476125E-14,8.62441148551927E-16,
1.));
#8644=DIRECTION('ref_axis',(-0.853152091859741,0.521662254869325,-1.33473926318851E-14));
#8645=DIRECTION('center_axis',(0.455456795589017,0.890257888115452,6.06790345421982E-15));
#8646=DIRECTION('ref_axis',(0.890257888115452,-0.455456795589017,0.));
#8647=DIRECTION('center_axis',(1.51323043476125E-14,-8.62441148551927E-16,
-1.));
#8648=DIRECTION('ref_axis',(0.982690922367978,-0.185252668254935,1.5052062160784E-14));
#8649=DIRECTION('center_axis',(-0.455456795589006,-0.890257888115457,-6.12431581250746E-15));
#8650=DIRECTION('ref_axis',(0.629507389691233,-0.322056588698469,-0.707106781186573));
#8651=DIRECTION('',(-0.455456795589006,-0.890257888115457,-6.12431581250746E-15));
#8652=DIRECTION('center_axis',(-1.,0.,-1.51323043476125E-14));
#8653=DIRECTION('ref_axis',(6.28036983473482E-15,-0.707106781186519,-0.707106781186576));
#8654=DIRECTION('',(-1.,0.,-1.51323043476125E-14));
#8655=DIRECTION('center_axis',(-0.474411940052737,0.880302965538228,-7.93815536369176E-15));
#8656=DIRECTION('ref_axis',(-0.62246819643072,-0.335459899887168,-0.707106781186532));
#8657=DIRECTION('',(-0.474411940052737,0.880302965538228,-7.93815536369176E-15));
#8658=DIRECTION('center_axis',(0.474411940052736,-0.880302965538229,8.27510195001622E-15));
#8659=DIRECTION('ref_axis',(-0.880302965538228,-0.474411940052736,0.));
#8660=DIRECTION('center_axis',(-0.0513325483413939,-0.998681615671771,-6.83886924975583E-16));
#8661=DIRECTION('ref_axis',(-0.998681615671771,0.0513325483413939,0.));
#8662=DIRECTION('center_axis',(1.51323043476125E-14,-8.62441148551927E-16,
-1.));
#8663=DIRECTION('ref_axis',(-0.975575512646478,-0.219664332845735,-1.46250533051568E-14));
#8664=DIRECTION('center_axis',(-1.51323043476125E-14,8.62441148551927E-16,
1.));
#8665=DIRECTION('ref_axis',(1.,0.,1.60949205216632E-14));
#8666=DIRECTION('center_axis',(-1.51323043476125E-14,8.62441148551927E-16,
1.));
#8667=DIRECTION('ref_axis',(0.8256189320273,0.564228126805197,1.20044311555764E-14));
#8668=DIRECTION('center_axis',(0.,0.,-1.));
#8669=DIRECTION('ref_axis',(0.962893471228996,0.269881757561669,0.));
#8670=DIRECTION('',(0.,0.,-1.));
#8671=DIRECTION('center_axis',(1.51323043476125E-14,-8.62441148551927E-16,
-1.));
#8672=DIRECTION('ref_axis',(-0.85315209185974,0.521662254869327,-1.33473926318852E-14));
#8673=DIRECTION('',(0.,0.,-1.));
#8674=DIRECTION('center_axis',(0.381761596704786,-0.924260830762298,9.19062879523758E-15));
#8675=DIRECTION('ref_axis',(-0.924260830762298,-0.381761596704786,0.));
#8676=DIRECTION('center_axis',(-0.775806672557315,0.630970686177692,-1.31378939010034E-14));
#8677=DIRECTION('ref_axis',(-0.630970686177692,-0.775806672557315,0.));
#8678=DIRECTION('center_axis',(0.,0.,-1.));
#8679=DIRECTION('ref_axis',(-0.382683432365086,-0.923879532511288,0.));
#8680=DIRECTION('center_axis',(0.995405296165856,-0.0957512212191806,1.54717063009178E-14));
#8681=DIRECTION('ref_axis',(-0.0957512212191806,-0.995405296165856,0.));
#8682=DIRECTION('center_axis',(-0.91775303406992,-0.397151568617646,-1.65766826252109E-14));
#8683=DIRECTION('ref_axis',(0.397151568617646,-0.91775303406992,0.));
#8684=DIRECTION('center_axis',(-1.21551280146109E-13,-1.03468994271879E-13,
-1.));
#8685=DIRECTION('ref_axis',(0.648195271656583,-0.761474155701984,0.));
#8686=DIRECTION('center_axis',(-1.51323043476125E-14,8.62441148551927E-16,
1.));
#8687=DIRECTION('ref_axis',(1.,0.,1.60949205216632E-14));
#8688=DIRECTION('center_axis',(0.288319916984096,0.957534138018214,3.84119292352475E-15));
#8689=DIRECTION('ref_axis',(0.957534138018214,-0.288319916984096,7.10542735760087E-14));
#8690=DIRECTION('center_axis',(-1.51323043476125E-14,8.62441148551927E-16,
1.));
#8691=DIRECTION('ref_axis',(-0.588578253559696,0.8084402509998,-9.59258197363406E-15));
#8692=DIRECTION('center_axis',(0.761474155701991,0.648195271656574,1.18356859644402E-14));
#8693=DIRECTION('ref_axis',(0.648195271656574,-0.761474155701991,0.));
#8694=DIRECTION('center_axis',(1.51323043476125E-14,-8.62441148551927E-16,
-1.));
#8695=DIRECTION('ref_axis',(0.836994903017816,-0.547210683669641,1.31305223104711E-14));
#8696=DIRECTION('center_axis',(-0.76147415570198,-0.648195271656588,-1.09638284023502E-14));
#8697=DIRECTION('ref_axis',(0.458343272121414,-0.538443539195146,-0.707106781186576));
#8698=DIRECTION('',(-0.76147415570198,-0.648195271656588,-1.09638284023502E-14));
#8699=DIRECTION('center_axis',(-0.923879532511288,0.382683432365086,-1.43104682054315E-14));
#8700=DIRECTION('ref_axis',(-0.270598050073092,-0.653281482438208,-0.707106781186532));
#8701=DIRECTION('',(-0.923879532511288,0.382683432365086,-1.43104682054315E-14));
#8702=DIRECTION('center_axis',(-0.101422121020358,0.99484348184412,-2.39274435797149E-15));
#8703=DIRECTION('ref_axis',(-0.703460572231178,-0.0717162695358161,-0.707106781186583));
#8704=DIRECTION('',(-0.101422121020358,0.99484348184412,-2.39274435797149E-15));
#8705=DIRECTION('center_axis',(0.101422121020356,-0.99484348184412,3.78541271436681E-15));
#8706=DIRECTION('ref_axis',(-0.99484348184412,-0.101422121020356,0.));
#8707=DIRECTION('center_axis',(-0.429603999289449,-0.903017388423119,-6.67738752074875E-15));
#8708=DIRECTION('ref_axis',(-0.903017388423119,0.429603999289449,0.));
#8709=DIRECTION('center_axis',(1.51323043476125E-14,-8.62441148551927E-16,
-1.));
#8710=DIRECTION('ref_axis',(-0.985376149414881,0.170393204571962,-1.50520621607818E-14));
#8711=DIRECTION('center_axis',(-1.51323043476125E-14,8.62441148551927E-16,
1.));
#8712=DIRECTION('ref_axis',(1.,0.,1.60949205216632E-14));
#8713=DIRECTION('center_axis',(-1.51323043476125E-14,8.62441148551927E-16,
1.));
#8714=DIRECTION('ref_axis',(0.978693189156584,0.205328131288713,1.46355393540589E-14));
#8715=DIRECTION('center_axis',(0.,0.,-1.));
#8716=DIRECTION('ref_axis',(0.992876847373637,-0.119145146562449,0.));
#8717=DIRECTION('',(0.,0.,-1.));
#8718=DIRECTION('center_axis',(1.51323043476125E-14,-8.62441148551927E-16,
-1.));
#8719=DIRECTION('ref_axis',(-0.588578253559695,0.8084402509998,-9.5925819736341E-15));
#8720=DIRECTION('',(0.,0.,-1.));
#8721=DIRECTION('center_axis',(-0.000997581622341748,-0.99999950241533,
1.09360940090418E-15));
#8722=DIRECTION('ref_axis',(-0.99999950241533,0.000997581622341747,0.));
#8723=DIRECTION('center_axis',(-0.47528987805315,0.879829262880147,-7.91516648978823E-15));
#8724=DIRECTION('ref_axis',(-0.879829262880147,-0.47528987805315,0.));
#8725=DIRECTION('center_axis',(0.,0.,-1.));
#8726=DIRECTION('ref_axis',(-0.707106781186545,-0.70710678118655,0.));
#8727=DIRECTION('center_axis',(0.882992173691667,-0.469387708828496,1.94205693104073E-14));
#8728=DIRECTION('ref_axis',(-0.469387708828496,-0.882992173691667,0.));
#8729=DIRECTION('center_axis',(-0.999876569525113,-0.0157113244092444,-1.38063025694488E-14));
#8730=DIRECTION('ref_axis',(0.0157113244092444,-0.999876569525113,0.));
#8731=DIRECTION('center_axis',(-1.51894609748862E-13,-4.90772249626332E-14,
-1.));
#8732=DIRECTION('ref_axis',(0.307450800992768,-0.951563978389738,0.));
#8733=DIRECTION('center_axis',(-1.51323043476125E-14,8.62441148551927E-16,
1.));
#8734=DIRECTION('ref_axis',(1.,0.,1.60949205216632E-14));
#8735=DIRECTION('center_axis',(0.632805320660518,0.774310936345173,9.83577051943294E-15));
#8736=DIRECTION('ref_axis',(0.774310936345173,-0.632805320660518,0.));
#8737=DIRECTION('center_axis',(-1.51323043476125E-14,8.62441148551927E-16,
1.));
#8738=DIRECTION('ref_axis',(-0.234398711630328,0.97214054744468,-4.38518033080415E-15));
#8739=DIRECTION('center_axis',(0.95156397838974,0.307450800992762,1.40527682874335E-14));
#8740=DIRECTION('ref_axis',(0.307450800992762,-0.95156397838974,0.));
#8741=DIRECTION('center_axis',(1.51323043476125E-14,-8.62441148551927E-16,
-1.));
#8742=DIRECTION('ref_axis',(0.563873997060887,-0.825860832972832,9.2874426098454E-15));
#8743=DIRECTION('center_axis',(-0.951563978389736,-0.307450800992773,-1.4134197505287E-14));
#8744=DIRECTION('ref_axis',(0.217400546263242,-0.672857341852249,-0.707106781186526));
#8745=DIRECTION('',(-0.951563978389736,-0.307450800992773,-1.4134197505287E-14));
#8746=DIRECTION('center_axis',(-0.70710678118655,0.707106781186545,-1.13099930036909E-14));
#8747=DIRECTION('ref_axis',(-0.500000000000004,-0.50000000000002,-0.70710678118653));
#8748=DIRECTION('',(-0.70710678118655,0.707106781186545,-1.13099930036909E-14));
#8749=DIRECTION('center_axis',(0.287008296543552,0.957928096317865,3.5169402859683E-15));
#8750=DIRECTION('ref_axis',(-0.677357452795448,0.202945512742738,-0.707106781186583));
#8751=DIRECTION('',(0.287008296543552,0.957928096317865,3.5169402859683E-15));
#8752=DIRECTION('center_axis',(-0.287008296543552,-0.957928096317865,-4.30168345759473E-15));
#8753=DIRECTION('ref_axis',(-0.957928096317865,0.287008296543552,0.));
#8754=DIRECTION('center_axis',(-0.742472135715631,-0.669876949660062,-1.03844675997069E-14));
#8755=DIRECTION('ref_axis',(-0.669876949660062,0.742472135715631,0.));
#8756=DIRECTION('center_axis',(1.51323043476125E-14,-8.62441148551927E-16,
-1.));
#8757=DIRECTION('ref_axis',(-0.845162199891911,0.53450992121182,-1.32372745243755E-14));
#8758=DIRECTION('center_axis',(-1.51323043476125E-14,8.62441148551927E-16,
1.));
#8759=DIRECTION('ref_axis',(1.,0.,1.60949205216631E-14));
#8760=DIRECTION('center_axis',(-1.51323043476125E-14,8.62441148551927E-16,
1.));
#8761=DIRECTION('ref_axis',(0.982770280112644,-0.184831210912324,1.50192426330043E-14));
#8762=DIRECTION('center_axis',(0.,0.,-1.));
#8763=DIRECTION('ref_axis',(0.871703723956677,-0.490033282175876,0.));
#8764=DIRECTION('',(0.,0.,-1.));
#8765=DIRECTION('center_axis',(1.51323043476125E-14,-8.62441148551927E-16,
-1.));
#8766=DIRECTION('ref_axis',(-0.234398711630327,0.97214054744468,-4.38518033080416E-15));
#8767=DIRECTION('',(0.,0.,-1.));
#8768=DIRECTION('center_axis',(-0.383604887190573,-0.923497314843691,-2.88655374729097E-15));
#8769=DIRECTION('ref_axis',(-0.923497314843691,0.383604887190572,0.));
#8770=DIRECTION('center_axis',(-0.102414508128864,0.994741809981225,-1.81924711968517E-15));
#8771=DIRECTION('ref_axis',(-0.994741809981225,-0.102414508128864,0.));
#8772=DIRECTION('center_axis',(0.,0.,-1.));
#8773=DIRECTION('ref_axis',(-0.923879532511286,-0.382683432365091,0.));
#8774=DIRECTION('center_axis',(0.63615149711691,-0.771564172778852,7.57321084891254E-15));
#8775=DIRECTION('ref_axis',(-0.771564172778852,-0.63615149711691,0.));
#8776=DIRECTION('center_axis',(-0.929777961173783,0.368120826516951,-1.2837908447559E-14));
#8777=DIRECTION('ref_axis',(-0.368120826516951,-0.929777961173783,6.79475665542582E-14));
#8778=DIRECTION('center_axis',(1.59113361945418E-13,-1.27861069610187E-14,
-1.));
#8779=DIRECTION('ref_axis',(-0.0801002670737283,-0.996786811316601,0.));
#8780=DIRECTION('center_axis',(-1.51323043476125E-14,8.62441148551927E-16,
1.));
#8781=DIRECTION('ref_axis',(1.,0.,1.60949205216631E-14));
#8782=DIRECTION('center_axis',(0.880951850660892,0.473205913759696,1.51234843501842E-14));
#8783=DIRECTION('ref_axis',(0.473205913759696,-0.880951850660892,0.));
#8784=DIRECTION('center_axis',(-1.51323043476125E-14,8.62441148551927E-16,
1.));
#8785=DIRECTION('ref_axis',(0.155465909315125,0.987841258017107,1.50740573871393E-15));
#8786=DIRECTION('center_axis',(0.996786811316599,-0.0801002670737617,1.5582108520703E-14));
#8787=DIRECTION('ref_axis',(-0.0801002670737617,-0.996786811316599,0.));
#8788=DIRECTION('center_axis',(1.51323043476125E-14,-8.62441148551927E-16,
-1.));
#8789=DIRECTION('ref_axis',(0.204908386581938,-0.978781156903006,3.94983191453193E-15));
#8790=DIRECTION('center_axis',(-0.9967868113166,0.0801002670737399,-1.51527631648634E-14));
#8791=DIRECTION('ref_axis',(-0.0566394420226813,-0.704834713679254,-0.707106781186579));
#8792=DIRECTION('',(-0.9967868113166,0.0801002670737399,-1.51527631648634E-14));
#8793=DIRECTION('center_axis',(-0.382683432365092,0.923879532511286,-6.5876738924802E-15));
#8794=DIRECTION('ref_axis',(-0.653281482438201,-0.270598050073111,-0.707106781186531));
#8795=DIRECTION('',(-0.382683432365092,0.923879532511286,-6.5876738924802E-15));
#8796=DIRECTION('center_axis',(0.631744302695395,0.775176841767032,8.89120265251252E-15));
#8797=DIRECTION('ref_axis',(-0.548132801432208,0.446710680411863,-0.707106781186583));
#8798=DIRECTION('',(0.631744302695395,0.775176841767032,8.89120265251252E-15));
#8799=DIRECTION('center_axis',(-0.631744302695395,-0.775176841767031,-9.81927898739455E-15));
#8800=DIRECTION('ref_axis',(-0.775176841767031,0.631744302695395,0.));
#8801=DIRECTION('center_axis',(-0.942305620005783,-0.334753817760929,-1.46463715378868E-14));
#8802=DIRECTION('ref_axis',(-0.334753817760929,0.942305620005783,0.));
#8803=DIRECTION('center_axis',(1.51323043476125E-14,-8.62441148551927E-16,
-1.));
#8804=DIRECTION('ref_axis',(-0.576279966849817,0.817252347691687,-9.39419482375037E-15));
#8805=DIRECTION('center_axis',(-1.51323043476125E-14,8.62441148551927E-16,
1.));
#8806=DIRECTION('ref_axis',(1.,0.,1.60949205216632E-14));
#8807=DIRECTION('center_axis',(-1.51323043476125E-14,8.62441148551927E-16,
1.));
#8808=DIRECTION('ref_axis',(0.837229504756334,-0.546851676751076,1.3128133615345E-14));
#8809=DIRECTION('center_axis',(0.,0.,-1.));
#8810=DIRECTION('ref_axis',(0.617821610581249,-0.78631829274079,0.));
#8811=DIRECTION('',(0.,0.,-1.));
#8812=DIRECTION('center_axis',(1.51323043476125E-14,-8.62441148551927E-16,
-1.));
#8813=DIRECTION('ref_axis',(0.155465909315127,0.987841258017107,1.50740573871393E-15));
#8814=DIRECTION('',(0.,0.,-1.));
#8815=DIRECTION('center_axis',(-0.707811826070998,-0.706401032611108,-1.57103145465933E-14));
#8816=DIRECTION('ref_axis',(-0.706401032611108,0.707811826070998,0.));
#8817=DIRECTION('center_axis',(0.28605254226821,0.958213933869621,5.08131389885956E-15));
#8818=DIRECTION('ref_axis',(-0.958213933869621,0.286052542268209,0.));
#8819=DIRECTION('center_axis',(0.,-1.61431407952963E-13,-1.));
#8820=DIRECTION('ref_axis',(-1.,0.,0.));
#8821=DIRECTION('center_axis',(0.292462521833772,-0.956276985670277,1.64913390500254E-15));
#8822=DIRECTION('ref_axis',(-0.956276985670277,-0.292462521833772,0.));
#8823=DIRECTION('center_axis',(-0.71812908669194,0.69590991862956,-1.25591892914077E-14));
#8824=DIRECTION('ref_axis',(-0.69590991862956,-0.71812908669194,0.));
#8825=DIRECTION('center_axis',(-1.42108547152007E-13,7.27028700062117E-14,
-1.));
#8826=DIRECTION('ref_axis',(-0.455456795589009,-0.890257888115456,0.));
#8827=DIRECTION('center_axis',(-1.51323043476125E-14,8.62441148551927E-16,
1.));
#8828=DIRECTION('ref_axis',(1.,0.,1.60949205216632E-14));
#8829=DIRECTION('center_axis',(0.994981447246557,0.100059580426598,1.54651183653006E-14));
#8830=DIRECTION('ref_axis',(0.100059580426598,-0.994981447246557,7.10542735760089E-14));
#8831=DIRECTION('center_axis',(-1.51323043476125E-14,8.62441148551927E-16,
1.));
#8832=DIRECTION('ref_axis',(0.521662254869323,0.853152091859742,7.15332541462429E-15));
#8833=DIRECTION('center_axis',(0.890257888115452,-0.455456795589017,1.38373872733491E-14));
#8834=DIRECTION('ref_axis',(-0.455456795589017,-0.890257888115452,0.));
#8835=DIRECTION('center_axis',(1.51323043476125E-14,-8.62441148551927E-16,
-1.));
#8836=DIRECTION('ref_axis',(-0.185252668254945,-0.982690922367976,-1.92153985031283E-15));
#8837=DIRECTION('center_axis',(-0.890257888115457,0.455456795589007,-1.38644579927294E-14));
#8838=DIRECTION('ref_axis',(-0.322056588698481,-0.629507389691275,-0.70710678118653));
#8839=DIRECTION('',(-0.890257888115457,0.455456795589007,-1.38644579927294E-14));
#8840=DIRECTION('center_axis',(0.,1.,-8.62441148551927E-16));
#8841=DIRECTION('ref_axis',(-0.707106781186563,0.,-0.707106781186532));
#8842=DIRECTION('',(0.,1.,-8.62441148551927E-16));
#8843=DIRECTION('center_axis',(0.880302965538228,0.474411940052737,1.29118600141645E-14));
#8844=DIRECTION('ref_axis',(-0.335459899887133,0.622468196430678,-0.707106781186585));
#8845=DIRECTION('',(0.880302965538228,0.474411940052737,1.29118600141645E-14));
#8846=DIRECTION('center_axis',(-0.88030296553823,-0.474411940052734,-1.36826566938087E-14));
#8847=DIRECTION('ref_axis',(-0.474411940052734,0.88030296553823,0.));
#8848=DIRECTION('center_axis',(-0.998681615671771,0.0513325483413963,-1.55226305358288E-14));
#8849=DIRECTION('ref_axis',(0.0513325483413964,0.998681615671771,0.));
#8850=DIRECTION('center_axis',(1.51323043476125E-14,-8.62441148551927E-16,
-1.));
#8851=DIRECTION('ref_axis',(-0.219664332845746,0.975575512646475,-4.16333634234394E-15));
#8852=DIRECTION('center_axis',(-1.51323043476125E-14,8.62441148551927E-16,
1.));
#8853=DIRECTION('ref_axis',(1.,0.,1.60949205216632E-14));
#8854=DIRECTION('center_axis',(-1.51323043476125E-14,8.62441148551927E-16,
1.));
#8855=DIRECTION('ref_axis',(0.564228126805227,-0.825618932027279,9.26369344882379E-15));
#8856=DIRECTION('center_axis',(0.,0.,-1.));
#8857=DIRECTION('ref_axis',(0.269881757561669,-0.962893471228996,0.));
#8858=DIRECTION('',(0.,0.,-1.));
#8859=DIRECTION('center_axis',(1.51323043476125E-14,-8.62441148551927E-16,
-1.));
#8860=DIRECTION('ref_axis',(0.521662254869324,0.853152091859742,7.15332541462427E-15));
#8861=DIRECTION('',(0.,0.,-1.));
#8862=DIRECTION('center_axis',(-0.9242608307623,-0.381761596704781,-1.77566232876375E-14));
#8863=DIRECTION('ref_axis',(-0.381761596704781,0.9242608307623,0.));
#8864=DIRECTION('center_axis',(0.6309706861777,0.775806672557308,8.40621820389608E-15));
#8865=DIRECTION('ref_axis',(-0.775806672557308,0.6309706861777,0.));
#8866=DIRECTION('center_axis',(-6.17771252869679E-14,-1.49143173712221E-13,
-1.));
#8867=DIRECTION('ref_axis',(-0.923879532511288,0.382683432365087,0.));
#8868=DIRECTION('center_axis',(-0.0957512212191978,-0.995405296165854,-1.01166375542995E-14));
#8869=DIRECTION('ref_axis',(-0.995405296165854,0.0957512212191978,0.));
#8870=DIRECTION('center_axis',(-0.39715156861764,0.917753034069923,-7.93668268341531E-15));
#8871=DIRECTION('ref_axis',(-0.917753034069923,-0.39715156861764,0.));
#8872=DIRECTION('center_axis',(0.,0.,-1.));
#8873=DIRECTION('ref_axis',(-0.761474155701987,-0.648195271656579,0.));
#8874=DIRECTION('center_axis',(-1.51323043476125E-14,8.62441148551927E-16,
1.));
#8875=DIRECTION('ref_axis',(1.,0.,1.60949205216632E-14));
#8876=DIRECTION('center_axis',(0.957534138018213,-0.288319916984099,1.48830702564821E-14));
#8877=DIRECTION('ref_axis',(-0.288319916984099,-0.957534138018213,-7.10542735760112E-14));
#8878=DIRECTION('center_axis',(-1.51323043476125E-14,8.62441148551927E-16,
1.));
#8879=DIRECTION('ref_axis',(0.808440250999797,0.588578253559699,1.17303573849011E-14));
#8880=DIRECTION('center_axis',(0.648195271656585,-0.761474155701982,1.00749784106409E-14));
#8881=DIRECTION('ref_axis',(-0.761474155701982,-0.648195271656585,0.));
#8882=DIRECTION('center_axis',(1.51323043476125E-14,-8.62441148551927E-16,
-1.));
#8883=DIRECTION('ref_axis',(-0.547210683669638,-0.836994903017818,-7.57940718734499E-15));
#8884=DIRECTION('center_axis',(-0.648195271656588,0.76147415570198,-1.04654147728271E-14));
#8885=DIRECTION('ref_axis',(-0.53844353919514,-0.458343272121416,-0.707106781186579));
#8886=DIRECTION('',(-0.648195271656588,0.76147415570198,-1.04654147728271E-14));
#8887=DIRECTION('center_axis',(0.382683432365091,0.923879532511286,4.99409044219488E-15));
#8888=DIRECTION('ref_axis',(-0.65328148243815,0.270598050073095,-0.707106781186584));
#8889=DIRECTION('',(0.382683432365091,0.923879532511286,4.99409044219488E-15));
#8890=DIRECTION('center_axis',(0.99484348184412,0.101422121020358,1.49668037349623E-14));
#8891=DIRECTION('ref_axis',(-0.071716269535805,0.703460572231188,-0.707106781186574));
#8892=DIRECTION('',(0.99484348184412,0.101422121020358,1.49668037349623E-14));
#8893=DIRECTION('center_axis',(-0.99484348184412,-0.101422121020357,-1.76719702310641E-14));
#8894=DIRECTION('ref_axis',(-0.101422121020357,0.99484348184412,0.));
#8895=DIRECTION('center_axis',(-0.903017388423122,0.429603999289444,-1.4035709747689E-14));
#8896=DIRECTION('ref_axis',(0.429603999289444,0.903017388423122,0.));
#8897=DIRECTION('center_axis',(1.51323043476125E-14,-8.62441148551927E-16,
-1.));
#8898=DIRECTION('ref_axis',(0.170393204571946,0.985376149414883,1.7080354225001E-15));
#8899=DIRECTION('center_axis',(-1.51323043476125E-14,8.62441148551927E-16,
1.));
#8900=DIRECTION('ref_axis',(1.,0.,1.60949205216631E-14));
#8901=DIRECTION('center_axis',(-1.51323043476125E-14,8.62441148551927E-16,
1.));
#8902=DIRECTION('ref_axis',(0.205328131288721,-0.978693189156582,3.94666229772374E-15));
#8903=DIRECTION('center_axis',(0.,0.,-1.));
#8904=DIRECTION('ref_axis',(-0.119145146562447,-0.992876847373637,0.));
#8905=DIRECTION('',(0.,0.,-1.));
#8906=DIRECTION('center_axis',(1.51323043476125E-14,-8.62441148551927E-16,
-1.));
#8907=DIRECTION('ref_axis',(0.808440250999798,0.588578253559698,1.17303573849011E-14));
#8908=DIRECTION('',(0.,0.,-1.));
#8909=DIRECTION('center_axis',(-0.99999950241533,0.00099758162234813,-1.33226696663441E-14));
#8910=DIRECTION('ref_axis',(0.00099758162234813,0.99999950241533,0.));
#8911=DIRECTION('center_axis',(0.879829262880153,0.475289878053138,1.26984871700506E-14));
#8912=DIRECTION('ref_axis',(-0.475289878053138,0.879829262880153,0.));
#8913=DIRECTION('center_axis',(-1.14149243260032E-13,-1.14149243260031E-13,
-1.));
#8914=DIRECTION('ref_axis',(-0.707106781186545,0.70710678118655,0.));
#8915=DIRECTION('center_axis',(-0.469387708828503,-0.882992173691663,-5.70670515288328E-15));
#8916=DIRECTION('ref_axis',(-0.882992173691663,0.469387708828503,0.));
#8917=DIRECTION('center_axis',(-0.0157113244092311,0.999876569525113,-2.44203037490767E-16));
#8918=DIRECTION('ref_axis',(-0.999876569525113,-0.0157113244092311,0.));
#8919=DIRECTION('center_axis',(0.,0.,-1.));
#8920=DIRECTION('ref_axis',(-0.951563978389739,-0.307450800992764,0.));
#8921=DIRECTION('center_axis',(-1.51323043476125E-14,8.62441148551927E-16,
1.));
#8922=DIRECTION('ref_axis',(1.,0.,1.60949205216631E-14));
#8923=DIRECTION('center_axis',(0.774310936345171,-0.632805320660521,1.20352096164847E-14));
#8924=DIRECTION('ref_axis',(-0.632805320660521,-0.774310936345171,0.));
#8925=DIRECTION('center_axis',(-1.51323043476125E-14,8.62441148551927E-16,
1.));
#8926=DIRECTION('ref_axis',(0.972140547444672,0.234398711630362,1.44985024687213E-14));
#8927=DIRECTION('center_axis',(0.30745080099277,-0.951563978389737,4.77874541481956E-15));
#8928=DIRECTION('ref_axis',(-0.951563978389737,-0.30745080099277,0.));
#8929=DIRECTION('center_axis',(1.51323043476125E-14,-8.62441148551927E-16,
-1.));
#8930=DIRECTION('ref_axis',(-0.825860832972828,-0.563873997060892,-1.20630001714082E-14));
#8931=DIRECTION('center_axis',(-0.307450800992773,0.951563978389736,-5.47310702298296E-15));
#8932=DIRECTION('ref_axis',(-0.672857341852197,-0.21740054626321,-0.707106781186585));
#8933=DIRECTION('',(-0.307450800992773,0.951563978389736,-5.47310702298296E-15));
#8934=DIRECTION('center_axis',(0.70710678118655,0.707106781186545,1.00903170346601E-14));
#8935=DIRECTION('ref_axis',(-0.499999999999969,0.499999999999981,-0.707106781186583));
#8936=DIRECTION('',(0.70710678118655,0.707106781186545,1.00903170346601E-14));
#8937=DIRECTION('center_axis',(0.957928096317865,-0.287008296543552,1.47431872615259E-14));
#8938=DIRECTION('ref_axis',(0.202945512742748,0.677357452795453,-0.707106781186575));
#8939=DIRECTION('',(0.957928096317865,-0.287008296543552,1.47431872615259E-14));
#8940=DIRECTION('center_axis',(-0.957928096317864,0.287008296543555,-1.48891935985429E-14));
#8941=DIRECTION('ref_axis',(0.287008296543555,0.957928096317864,0.));
#8942=DIRECTION('center_axis',(-0.669876949660059,0.742472135715634,-1.02260511811952E-14));
#8943=DIRECTION('ref_axis',(0.742472135715634,0.669876949660059,0.));
#8944=DIRECTION('center_axis',(1.51323043476125E-14,-8.62441148551927E-16,
-1.));
#8945=DIRECTION('ref_axis',(0.534509921211819,0.845162199891911,7.36590275953165E-15));
#8946=DIRECTION('center_axis',(-1.51323043476125E-14,8.62441148551927E-16,
1.));
#8947=DIRECTION('ref_axis',(1.,0.,1.60949205216631E-14));
#8948=DIRECTION('center_axis',(-1.51323043476125E-14,8.62441148551927E-16,
1.));
#8949=DIRECTION('ref_axis',(-0.184831210912328,-0.982770280112643,-1.94592377179434E-15));
#8950=DIRECTION('center_axis',(0.,0.,-1.));
#8951=DIRECTION('ref_axis',(-0.490033282175873,-0.871703723956678,0.));
#8952=DIRECTION('',(0.,0.,-1.));
#8953=DIRECTION('center_axis',(1.51323043476125E-14,-8.62441148551927E-16,
-1.));
#8954=DIRECTION('ref_axis',(0.972140547444672,0.23439871163036,1.44985024687212E-14));
#8955=DIRECTION('',(0.,0.,-1.));
#8956=DIRECTION('center_axis',(-0.923497314843688,0.383604887190581,-1.98117035388478E-14));
#8957=DIRECTION('ref_axis',(0.383604887190581,0.923497314843688,0.));
#8958=DIRECTION('center_axis',(0.994741809981224,0.102414508128874,1.67605406161324E-14));
#8959=DIRECTION('ref_axis',(-0.102414508128874,0.994741809981224,0.));
#8960=DIRECTION('center_axis',(-1.49143173712215E-13,-6.17771252869671E-14,
-1.));
#8961=DIRECTION('ref_axis',(-0.382683432365095,0.923879532511284,0.));
#8962=DIRECTION('center_axis',(-0.771564172778858,-0.636151497116902,-1.19925163343291E-14));
#8963=DIRECTION('ref_axis',(-0.636151497116902,0.771564172778858,0.));
#8964=DIRECTION('center_axis',(0.368120826516948,0.929777961173784,6.53913947909044E-15));
#8965=DIRECTION('ref_axis',(-0.929777961173784,0.368120826516948,0.));
#8966=DIRECTION('center_axis',(0.,0.,-1.));
#8967=DIRECTION('ref_axis',(-0.996786811316601,0.0801002670737344,0.));
#8968=DIRECTION('center_axis',(-1.51323043476125E-14,8.62441148551927E-16,
1.));
#8969=DIRECTION('ref_axis',(1.,0.,1.60949205216631E-14));
#8970=DIRECTION('center_axis',(0.473205913759689,-0.880951850660896,7.35509741182333E-15));
#8971=DIRECTION('ref_axis',(-0.880951850660896,-0.473205913759689,0.));
#8972=DIRECTION('center_axis',(-1.51323043476125E-14,8.62441148551927E-16,
1.));
#8973=DIRECTION('ref_axis',(0.987841258017102,-0.15546590931516,1.50740573871393E-14));
#8974=DIRECTION('center_axis',(-0.0801002670737461,-0.9967868113166,-1.2450082509741E-15));
#8975=DIRECTION('ref_axis',(-0.9967868113166,0.0801002670737461,0.));
#8976=DIRECTION('center_axis',(1.51323043476125E-14,-8.62441148551927E-16,
-1.));
#8977=DIRECTION('ref_axis',(-0.978781156903001,-0.204908386581962,-1.46250533051586E-14));
#8978=DIRECTION('center_axis',(0.0801002670737407,0.9967868113166,3.52431657271585E-16));
#8979=DIRECTION('ref_axis',(-0.704834713679298,0.0566394420226889,-0.707106781186534));
#8980=DIRECTION('',(0.0801002670737407,0.9967868113166,3.52431657271585E-16));
#8981=DIRECTION('center_axis',(0.923879532511283,0.3826834323651,1.36503843275499E-14));
#8982=DIRECTION('ref_axis',(-0.270598050073104,0.653281482438206,-0.707106781186529));
#8983=DIRECTION('',(0.923879532511283,0.3826834323651,1.36503843275499E-14));
#8984=DIRECTION('center_axis',(0.775176841767031,-0.631744302695396,1.22750541748475E-14));
#8985=DIRECTION('ref_axis',(0.446710680411868,0.548132801432206,-0.707106781186581));
#8986=DIRECTION('',(0.775176841767031,-0.631744302695396,1.22750541748475E-14));
#8987=DIRECTION('center_axis',(-0.775176841767028,0.631744302695399,-1.03274301346315E-14));
#8988=DIRECTION('ref_axis',(0.631744302695399,0.775176841767028,0.));
#8989=DIRECTION('center_axis',(-0.334753817760927,0.942305620005784,-5.20311954482941E-15));
#8990=DIRECTION('ref_axis',(0.942305620005784,0.334753817760927,0.));
#8991=DIRECTION('center_axis',(1.51323043476125E-14,-8.62441148551927E-16,
-1.));
#8992=DIRECTION('ref_axis',(0.817252347691688,0.576279966849815,1.18494957435944E-14));
#8993=DIRECTION('center_axis',(-1.51323043476125E-14,8.62441148551927E-16,
1.));
#8994=DIRECTION('ref_axis',(1.,0.,1.60949205216632E-14));
#8995=DIRECTION('center_axis',(-1.51323043476125E-14,8.62441148551927E-16,
1.));
#8996=DIRECTION('ref_axis',(-0.546851676751093,-0.837229504756323,-7.56443607063716E-15));
#8997=DIRECTION('center_axis',(0.,0.,-1.));
#8998=DIRECTION('ref_axis',(-0.78631829274079,-0.617821610581249,0.));
#8999=DIRECTION('',(0.,0.,-1.));
#9000=DIRECTION('center_axis',(1.51323043476125E-14,-8.62441148551927E-16,
-1.));
#9001=DIRECTION('ref_axis',(0.987841258017102,-0.155465909315159,1.50740573871392E-14));
#9002=DIRECTION('',(0.,0.,-1.));
#9003=DIRECTION('center_axis',(-0.70640103261111,0.707811826070996,-1.25482030563813E-14));
#9004=DIRECTION('ref_axis',(0.707811826070996,0.70640103261111,0.));
#9005=DIRECTION('center_axis',(0.958213933869625,-0.286052542268195,1.27659740627843E-14));
#9006=DIRECTION('ref_axis',(0.286052542268195,0.958213933869625,0.));
#9007=DIRECTION('center_axis',(0.,0.,-1.));
#9008=DIRECTION('ref_axis',(0.,1.,0.));
#9009=DIRECTION('center_axis',(-0.956276985670275,-0.292462521833778,-8.49344581928333E-15));
#9010=DIRECTION('ref_axis',(-0.292462521833778,0.956276985670275,0.));
#9011=DIRECTION('center_axis',(0.695909918629553,0.718129086691946,6.1809217178203E-15));
#9012=DIRECTION('ref_axis',(-0.718129086691946,0.695909918629553,0.));
#9013=DIRECTION('center_axis',(-7.2702870006209E-14,-1.42108547152003E-13,
-1.));
#9014=DIRECTION('ref_axis',(-0.890257888115458,0.455456795589005,0.));
#9015=DIRECTION('center_axis',(-1.51323043476125E-14,8.62441148551927E-16,
1.));
#9016=DIRECTION('ref_axis',(1.,0.,1.60949205216632E-14));
#9017=DIRECTION('center_axis',(0.10005958042659,-0.994981447246558,1.77741520038252E-15));
#9018=DIRECTION('ref_axis',(-0.994981447246558,-0.10005958042659,0.));
#9019=DIRECTION('center_axis',(-1.51323043476125E-14,8.62441148551927E-16,
1.));
#9020=DIRECTION('ref_axis',(0.853152091859726,-0.52166225486935,1.33473926318852E-14));
#9021=DIRECTION('center_axis',(-0.455456795589013,-0.890257888115454,-6.06790345421805E-15));
#9022=DIRECTION('ref_axis',(-0.890257888115454,0.455456795589013,0.));
#9023=DIRECTION('center_axis',(1.51323043476125E-14,-8.62441148551927E-16,
-1.));
#9024=DIRECTION('ref_axis',(-0.982690922367979,0.185252668254931,-1.50520621607837E-14));
#9025=DIRECTION('center_axis',(0.455456795589006,0.890257888115457,6.12431581250746E-15));
#9026=DIRECTION('ref_axis',(-0.629507389691265,0.322056588698492,-0.707106781186533));
#9027=DIRECTION('',(0.455456795589006,0.890257888115457,6.12431581250746E-15));
#9028=DIRECTION('center_axis',(1.,0.,1.51323043476125E-14));
#9029=DIRECTION('ref_axis',(6.2803698347349E-15,0.70710678118651,-0.707106781186585));
#9030=DIRECTION('',(1.,0.,1.51323043476125E-14));
#9031=DIRECTION('center_axis',(0.474411940052737,-0.880302965538228,7.93815536369176E-15));
#9032=DIRECTION('ref_axis',(0.622468196430728,0.335459899887162,-0.707106781186527));
#9033=DIRECTION('',(0.474411940052737,-0.880302965538228,7.93815536369176E-15));
#9034=DIRECTION('center_axis',(-0.474411940052736,0.880302965538229,-8.42724894405807E-15));
#9035=DIRECTION('ref_axis',(0.880302965538228,0.474411940052736,0.));
#9036=DIRECTION('center_axis',(0.0513325483413941,0.998681615671771,6.83886924975586E-16));
#9037=DIRECTION('ref_axis',(0.998681615671771,-0.0513325483413941,0.));
#9038=DIRECTION('center_axis',(1.51323043476125E-14,-8.62441148551927E-16,
-1.));
#9039=DIRECTION('ref_axis',(0.975575512646477,0.21966433284574,1.46250533051571E-14));
#9040=DIRECTION('center_axis',(-1.51323043476125E-14,8.62441148551927E-16,
1.));
#9041=DIRECTION('ref_axis',(-0.825618932027294,-0.564228126805206,-8.04746026083158E-15));
#9042=DIRECTION('center_axis',(-1.51323043476125E-14,8.62441148551927E-16,
1.));
#9043=DIRECTION('ref_axis',(-0.825618932027295,-0.564228126805204,-1.20044311555763E-14));
#9044=DIRECTION('center_axis',(7.2702870006209E-14,1.42108547152003E-13,
1.));
#9045=DIRECTION('ref_axis',(0.,1.,-1.42108547152003E-13));
#9046=DIRECTION('center_axis',(0.695909918629553,0.718129086691946,1.23618434356406E-14));
#9047=DIRECTION('ref_axis',(-0.718129086691946,0.695909918629553,0.));
#9048=DIRECTION('center_axis',(-0.956276985670275,-0.292462521833778,-1.2740168728925E-14));
#9049=DIRECTION('ref_axis',(-0.292462521833778,0.956276985670275,0.));
#9050=DIRECTION('center_axis',(-0.455456795589006,-0.890257888115457,-6.12431581250746E-15));
#9051=DIRECTION('ref_axis',(-0.629507389691234,0.322056588698465,0.707106781186574));
#9052=DIRECTION('',(-0.455456795589006,-0.890257888115457,-6.12431581250746E-15));
#9053=DIRECTION('center_axis',(0.455456795589005,0.890257888115458,8.09053793895781E-15));
#9054=DIRECTION('ref_axis',(-0.890257888115458,0.455456795589005,0.));
#9055=DIRECTION('center_axis',(-0.100059580426599,0.994981447246557,-1.33306140028748E-15));
#9056=DIRECTION('ref_axis',(-0.994981447246557,-0.100059580426599,0.));
#9057=DIRECTION('center_axis',(-1.51323043476125E-14,8.62441148551927E-16,
1.));
#9058=DIRECTION('ref_axis',(-0.982690922367978,0.185252668254934,-1.5052062160784E-14));
#9059=DIRECTION('center_axis',(1.51323043476125E-14,-8.62441148551927E-16,
-1.));
#9060=DIRECTION('ref_axis',(0.853152091859725,-0.52166225486935,8.04746026083157E-15));
#9061=DIRECTION('center_axis',(1.51323043476125E-14,-8.62441148551927E-16,
-1.));
#9062=DIRECTION('ref_axis',(0.853152091859726,-0.521662254869349,1.33473926318851E-14));
#9063=DIRECTION('center_axis',(0.,0.,1.));
#9064=DIRECTION('ref_axis',(0.880302965538231,0.474411940052732,0.));
#9065=DIRECTION('center_axis',(0.958213933869625,-0.286052542268195,1.27659740627843E-14));
#9066=DIRECTION('ref_axis',(0.286052542268195,0.958213933869625,0.));
#9067=DIRECTION('center_axis',(-0.706401032611108,0.707811826070998,-1.25482030563812E-14));
#9068=DIRECTION('ref_axis',(0.707811826070998,0.706401032611108,0.));
#9069=DIRECTION('center_axis',(1.,0.,1.51323043476125E-14));
#9070=DIRECTION('ref_axis',(-6.2803698347349E-15,0.70710678118651,0.707106781186585));
#9071=DIRECTION('',(-1.,0.,-1.51323043476125E-14));
#9072=DIRECTION('center_axis',(-1.51323043476125E-14,8.62441148551927E-16,
1.));
#9073=DIRECTION('ref_axis',(-0.825618932027293,-0.564228126805206,-8.04746026083158E-15));
#9074=DIRECTION('center_axis',(-0.0513325483414296,-0.998681615671769,-9.11849233301346E-16));
#9075=DIRECTION('ref_axis',(0.998681615671769,-0.0513325483414296,0.));
#9076=DIRECTION('center_axis',(1.51323043476125E-14,-8.62441148551927E-16,
-1.));
#9077=DIRECTION('ref_axis',(-0.825618932027293,-0.564228126805207,-1.20044311555764E-14));
#9078=DIRECTION('center_axis',(0.474411940052708,-0.880302965538244,6.32043670804318E-15));
#9079=DIRECTION('ref_axis',(0.880302965538244,0.474411940052708,0.));
#9080=DIRECTION('center_axis',(-1.51323043476125E-14,8.62441148551927E-16,
1.));
#9081=DIRECTION('ref_axis',(0.975575512646478,0.219664332845733,1.46250533051568E-14));
#9082=DIRECTION('center_axis',(0.474411940052737,-0.880302965538228,7.93815536369176E-15));
#9083=DIRECTION('ref_axis',(0.622468196430713,0.335459899887168,0.707106781186538));
#9084=DIRECTION('',(-0.474411940052737,0.880302965538228,-7.93815536369176E-15));
#9085=DIRECTION('center_axis',(0.,0.,-1.));
#9086=DIRECTION('ref_axis',(-0.962893471228996,-0.269881757561669,0.));
#9087=DIRECTION('',(0.,0.,-1.));
#9088=DIRECTION('',(0.,0.,-1.));
#9089=DIRECTION('center_axis',(0.,0.,-1.));
#9090=DIRECTION('ref_axis',(-0.890257888115452,0.455456795589017,0.));
#9091=DIRECTION('',(0.,0.,-1.));
#9092=DIRECTION('center_axis',(-0.890257888115457,0.455456795589006,0.));
#9093=DIRECTION('ref_axis',(0.455456795589006,0.890257888115457,0.));
#9094=DIRECTION('',(0.,0.,-1.));
#9095=DIRECTION('center_axis',(0.,0.,-1.));
#9096=DIRECTION('ref_axis',(-5.32907051820011E-14,1.,0.));
#9097=DIRECTION('',(0.,0.,-1.));
#9098=DIRECTION('center_axis',(0.,1.,0.));
#9099=DIRECTION('ref_axis',(1.,0.,0.));
#9100=DIRECTION('',(0.,0.,-1.));
#9101=DIRECTION('center_axis',(0.,0.,-1.));
#9102=DIRECTION('ref_axis',(0.880302965538204,0.474411940052781,0.));
#9103=DIRECTION('',(0.,0.,-1.));
#9104=DIRECTION('center_axis',(0.880302965538228,0.474411940052737,0.));
#9105=DIRECTION('ref_axis',(0.474411940052737,-0.880302965538228,0.));
#9106=DIRECTION('',(0.,0.,-1.));
#9107=DIRECTION('center_axis',(0.,0.,-1.));
#9108=DIRECTION('ref_axis',(0.998681615671771,-0.0513325483413954,0.));
#9109=DIRECTION('',(0.,0.,-1.));
#9110=DIRECTION('center_axis',(0.,0.,-1.));
#9111=DIRECTION('ref_axis',(-0.998681615671769,0.0513325483414281,0.));
#9112=DIRECTION('',(0.,0.,-1.));
#9113=DIRECTION('center_axis',(0.,0.,1.));
#9114=DIRECTION('ref_axis',(0.382683432365088,0.923879532511288,0.));
#9115=DIRECTION('center_axis',(0.917753034069917,0.397151568617652,1.63025687895041E-14));
#9116=DIRECTION('ref_axis',(-0.397151568617652,0.917753034069917,0.));
#9117=DIRECTION('center_axis',(-0.995405296165855,0.095751221219189,-1.76819500581942E-14));
#9118=DIRECTION('ref_axis',(0.095751221219189,0.995405296165855,0.));
#9119=DIRECTION('center_axis',(-0.76147415570198,-0.648195271656588,-1.09638284023502E-14));
#9120=DIRECTION('ref_axis',(-0.458343272121415,0.538443539195144,0.707106781186577));
#9121=DIRECTION('',(-0.76147415570198,-0.648195271656588,-1.09638284023502E-14));
#9122=DIRECTION('center_axis',(0.761474155701983,0.648195271656584,6.76324912253865E-15));
#9123=DIRECTION('ref_axis',(-0.648195271656584,0.761474155701983,0.));
#9124=DIRECTION('center_axis',(0.288319916984098,0.957534138018213,5.12159056469899E-15));
#9125=DIRECTION('ref_axis',(-0.957534138018213,0.288319916984098,0.));
#9126=DIRECTION('center_axis',(-1.51323043476125E-14,8.62441148551927E-16,
1.));
#9127=DIRECTION('ref_axis',(-0.836994903017815,0.547210683669643,-1.31305223104711E-14));
#9128=DIRECTION('center_axis',(1.51323043476125E-14,-8.62441148551927E-16,
-1.));
#9129=DIRECTION('ref_axis',(-1.,0.,-1.60949205216632E-14));
#9130=DIRECTION('center_axis',(1.49143173712222E-13,-6.17771252869678E-14,
1.));
#9131=DIRECTION('ref_axis',(0.994843481844118,0.101422121020379,-1.42108547152003E-13));
#9132=DIRECTION('center_axis',(0.775806672557302,-0.630970686177708,1.93852403577591E-14));
#9133=DIRECTION('ref_axis',(0.630970686177708,0.775806672557302,0.));
#9134=DIRECTION('center_axis',(-0.38176159670479,0.924260830762296,-6.78144823327001E-15));
#9135=DIRECTION('ref_axis',(0.924260830762296,0.38176159670479,0.));
#9136=DIRECTION('center_axis',(0.923879532511286,-0.382683432365091,1.43104682054315E-14));
#9137=DIRECTION('ref_axis',(0.270598050073079,0.653281482438167,0.707106781186575));
#9138=DIRECTION('',(-0.923879532511286,0.382683432365091,-1.43104682054315E-14));
#9139=DIRECTION('center_axis',(-1.51323043476125E-14,8.62441148551927E-16,
1.));
#9140=DIRECTION('ref_axis',(-0.97869318915658,-0.20532813128873,-1.60949205216632E-14));
#9141=DIRECTION('center_axis',(-0.429603999289482,-0.903017388423104,-7.63130002371289E-15));
#9142=DIRECTION('ref_axis',(0.903017388423104,-0.429603999289482,0.));
#9143=DIRECTION('center_axis',(1.51323043476125E-14,-8.62441148551927E-16,
-1.));
#9144=DIRECTION('ref_axis',(-0.97869318915658,-0.20532813128873,-1.46355393540589E-14));
#9145=DIRECTION('center_axis',(0.101422121020339,-0.994843481844122,1.80161878340905E-15));
#9146=DIRECTION('ref_axis',(0.994843481844122,0.101422121020339,0.));
#9147=DIRECTION('center_axis',(-1.51323043476125E-14,8.62441148551927E-16,
1.));
#9148=DIRECTION('ref_axis',(0.985376149414882,-0.170393204571957,1.50520621607819E-14));
#9149=DIRECTION('center_axis',(0.101422121020358,-0.99484348184412,2.39274435797149E-15));
#9150=DIRECTION('ref_axis',(0.703460572231181,0.0717162695358135,0.70710678118658));
#9151=DIRECTION('',(-0.101422121020358,0.99484348184412,-2.39274435797149E-15));
#9152=DIRECTION('center_axis',(0.,0.,-1.));
#9153=DIRECTION('ref_axis',(-0.64819527165657,0.761474155701995,0.));
#9154=DIRECTION('',(0.,0.,-1.));
#9155=DIRECTION('center_axis',(-0.648195271656588,0.76147415570198,0.));
#9156=DIRECTION('ref_axis',(0.76147415570198,0.648195271656588,0.));
#9157=DIRECTION('',(0.,0.,-1.));
#9158=DIRECTION('center_axis',(0.,0.,-1.));
#9159=DIRECTION('ref_axis',(0.382683432365027,0.923879532511313,0.));
#9160=DIRECTION('',(0.,0.,-1.));
#9161=DIRECTION('center_axis',(0.382683432365091,0.923879532511286,0.));
#9162=DIRECTION('ref_axis',(0.923879532511286,-0.382683432365091,0.));
#9163=DIRECTION('',(0.,0.,-1.));
#9164=DIRECTION('center_axis',(0.,0.,-1.));
#9165=DIRECTION('ref_axis',(0.994843481844114,0.101422121020416,0.));
#9166=DIRECTION('',(0.,0.,-1.));
#9167=DIRECTION('center_axis',(0.99484348184412,0.101422121020358,0.));
#9168=DIRECTION('ref_axis',(0.101422121020358,-0.99484348184412,0.));
#9169=DIRECTION('',(0.,0.,-1.));
#9170=DIRECTION('center_axis',(0.,0.,-1.));
#9171=DIRECTION('ref_axis',(0.903017388423122,-0.429603999289443,0.));
#9172=DIRECTION('',(0.,0.,-1.));
#9173=DIRECTION('center_axis',(0.,0.,-1.));
#9174=DIRECTION('ref_axis',(-0.871703723956677,0.490033282175876,0.));
#9175=DIRECTION('',(0.,0.,-1.));
#9176=DIRECTION('center_axis',(0.475289878053137,-0.879829262880153,8.4428442557751E-15));
#9177=DIRECTION('ref_axis',(0.879829262880153,0.475289878053137,0.));
#9178=DIRECTION('center_axis',(0.000997581622358769,0.99999950241533,1.77206093773697E-17));
#9179=DIRECTION('ref_axis',(0.99999950241533,-0.000997581622358768,0.));
#9180=DIRECTION('center_axis',(-4.63321534052074E-14,-1.5463968130629E-13,
1.));
#9181=DIRECTION('ref_axis',(0.957928096317862,-0.287008296543561,0.));
#9182=DIRECTION('center_axis',(-0.287008296543552,-0.957928096317865,-3.5169402859683E-15));
#9183=DIRECTION('ref_axis',(0.677357452795447,-0.202945512742747,0.707106781186581));
#9184=DIRECTION('center_axis',(0.287008296543557,0.957928096317863,5.09829150529756E-15));
#9185=DIRECTION('ref_axis',(-1.77635683940023E-14,0.,1.));
#9186=DIRECTION('',(0.287008296543552,0.957928096317865,3.5169402859683E-15));
#9187=DIRECTION('center_axis',(0.742472135715636,0.669876949660057,1.31889545634191E-14));
#9188=DIRECTION('ref_axis',(-1.77635683939934E-14,0.,1.));
#9189=DIRECTION('center_axis',(-1.51323043476125E-14,8.62441148551927E-16,
1.));
#9190=DIRECTION('ref_axis',(0.845162199891909,-0.534509921211822,1.32372745243757E-14));
#9191=DIRECTION('center_axis',(-1.51323043476125E-14,8.62441148551927E-16,
1.));
#9192=DIRECTION('ref_axis',(-0.982770280112639,0.184831210912349,-1.60949205216631E-14));
#9193=DIRECTION('center_axis',(1.51323043476125E-14,-8.62441148551927E-16,
-1.));
#9194=DIRECTION('ref_axis',(-0.982770280112634,0.184831210912375,-1.50192426330042E-14));
#9195=DIRECTION('center_axis',(0.999876569525113,0.0157113244092312,9.15977709986358E-15));
#9196=DIRECTION('ref_axis',(-0.0157113244092312,0.999876569525113,0.));
#9197=DIRECTION('center_axis',(-0.882992173691657,0.469387708828516,-1.56850918687405E-14));
#9198=DIRECTION('ref_axis',(0.469387708828515,0.882992173691657,0.));
#9199=DIRECTION('center_axis',(0.,0.,1.));
#9200=DIRECTION('ref_axis',(0.707106781186556,0.707106781186539,0.));
#9201=DIRECTION('center_axis',(0.70710678118655,-0.707106781186545,1.13099930036909E-14));
#9202=DIRECTION('ref_axis',(0.499999999999966,0.499999999999991,0.707106781186578));
#9203=DIRECTION('',(-0.70710678118655,0.707106781186545,-1.13099930036909E-14));
#9204=DIRECTION('center_axis',(1.51323043476125E-14,-8.62441148551927E-16,
-1.));
#9205=DIRECTION('ref_axis',(-1.,0.,-1.60949205216632E-14));
#9206=DIRECTION('center_axis',(-0.63280532066052,-0.774310936345171,-1.12408805936377E-14));
#9207=DIRECTION('ref_axis',(-1.77635683939959E-14,0.,1.));
#9208=DIRECTION('center_axis',(-0.951563978389738,-0.307450800992768,-1.69031718113878E-14));
#9209=DIRECTION('ref_axis',(-1.77635683939947E-14,0.,1.));
#9210=DIRECTION('center_axis',(-1.51323043476125E-14,8.62441148551927E-16,
1.));
#9211=DIRECTION('ref_axis',(-0.563873997060891,0.825860832972829,-9.28744260984532E-15));
#9212=DIRECTION('center_axis',(-0.951563978389737,-0.307450800992771,-1.4134197505287E-14));
#9213=DIRECTION('ref_axis',(-0.217400546263248,0.672857341852248,0.707106781186525));
#9214=DIRECTION('',(-0.951563978389737,-0.307450800992771,-1.4134197505287E-14));
#9215=DIRECTION('center_axis',(0.,0.,-1.));
#9216=DIRECTION('ref_axis',(-0.617821610581251,0.786318292740789,0.));
#9217=DIRECTION('',(0.,0.,-1.));
#9218=DIRECTION('',(0.,0.,-1.));
#9219=DIRECTION('center_axis',(-1.59113361945433E-13,1.27861069610267E-14,
1.));
#9220=DIRECTION('ref_axis',(0.923879532511285,0.382683432365095,1.42108547152012E-13));
#9221=DIRECTION('center_axis',(0.929777961173768,-0.36812082651699,9.97703492545429E-15));
#9222=DIRECTION('ref_axis',(0.36812082651699,0.929777961173768,-6.79475665542567E-14));
#9223=DIRECTION('center_axis',(-0.636151497116903,0.771564172778857,2.40541232553562E-15));
#9224=DIRECTION('ref_axis',(0.771564172778857,0.636151497116903,0.));
#9225=DIRECTION('center_axis',(-0.9967868113166,0.080100267073739,-1.51527631648634E-14));
#9226=DIRECTION('ref_axis',(0.0566394420226843,0.704834713679255,0.707106781186577));
#9227=DIRECTION('',(-0.9967868113166,0.080100267073739,-1.51527631648634E-14));
#9228=DIRECTION('center_axis',(0.9967868113166,-0.0801002670737369,1.77064906970619E-14));
#9229=DIRECTION('ref_axis',(0.0801002670737369,0.996786811316601,0.));
#9230=DIRECTION('center_axis',(0.880951850660897,0.473205913759687,1.56488484510277E-14));
#9231=DIRECTION('ref_axis',(-0.473205913759687,0.880951850660897,0.));
#9232=DIRECTION('center_axis',(-1.51323043476125E-14,8.62441148551927E-16,
1.));
#9233=DIRECTION('ref_axis',(-0.204908386581939,0.978781156903006,-3.9498319145319E-15));
#9234=DIRECTION('center_axis',(1.51323043476125E-14,-8.62441148551927E-16,
-1.));
#9235=DIRECTION('ref_axis',(-1.,0.,-1.60949205216631E-14));
#9236=DIRECTION('center_axis',(0.,0.,1.));
#9237=DIRECTION('ref_axis',(0.775176841767034,-0.631744302695392,0.));
#9238=DIRECTION('center_axis',(0.102414508128855,-0.994741809981226,2.28667520245926E-14));
#9239=DIRECTION('ref_axis',(0.994741809981226,0.102414508128855,0.));
#9240=DIRECTION('center_axis',(0.383604887190565,0.923497314843695,1.09785282710889E-14));
#9241=DIRECTION('ref_axis',(0.923497314843695,-0.383604887190565,0.));
#9242=DIRECTION('center_axis',(0.382683432365091,-0.923879532511286,6.58767389248018E-15));
#9243=DIRECTION('ref_axis',(0.653281482438197,0.270598050073115,0.707106781186533));
#9244=DIRECTION('',(-0.382683432365091,0.923879532511286,-6.58767389248018E-15));
#9245=DIRECTION('center_axis',(-1.51323043476125E-14,8.62441148551927E-16,
1.));
#9246=DIRECTION('ref_axis',(-0.837229504756319,0.546851676751099,-8.04746026083157E-15));
#9247=DIRECTION('center_axis',(-0.942305620005796,-0.334753817760893,-1.67387103290138E-14));
#9248=DIRECTION('ref_axis',(0.334753817760893,-0.942305620005796,7.10542735760104E-14));
#9249=DIRECTION('center_axis',(1.51323043476125E-14,-8.62441148551927E-16,
-1.));
#9250=DIRECTION('ref_axis',(-0.837229504756317,0.546851676751102,-1.3128133615345E-14));
#9251=DIRECTION('center_axis',(-0.631744302695418,-0.775176841767013,-1.12220331284433E-14));
#9252=DIRECTION('ref_axis',(0.775176841767013,-0.631744302695418,0.));
#9253=DIRECTION('center_axis',(-1.51323043476125E-14,8.62441148551927E-16,
1.));
#9254=DIRECTION('ref_axis',(0.576279966849817,-0.817252347691687,9.39419482375039E-15));
#9255=DIRECTION('center_axis',(-0.631744302695394,-0.775176841767032,-8.89120265251251E-15));
#9256=DIRECTION('ref_axis',(0.548132801432206,-0.446710680411868,0.707106781186581));
#9257=DIRECTION('',(0.631744302695394,0.775176841767032,8.89120265251251E-15));
#9258=DIRECTION('center_axis',(0.,0.,-1.));
#9259=DIRECTION('ref_axis',(0.0801002670737619,0.996786811316599,0.));
#9260=DIRECTION('',(0.,0.,-1.));
#9261=DIRECTION('center_axis',(0.080100267073739,0.9967868113166,0.));
#9262=DIRECTION('ref_axis',(0.9967868113166,-0.080100267073739,0.));
#9263=DIRECTION('',(0.,0.,-1.));
#9264=DIRECTION('center_axis',(0.,0.,-1.));
#9265=DIRECTION('ref_axis',(0.923879532511271,0.382683432365128,0.));
#9266=DIRECTION('',(0.,0.,-1.));
#9267=DIRECTION('center_axis',(0.923879532511286,0.382683432365091,0.));
#9268=DIRECTION('ref_axis',(0.382683432365091,-0.923879532511286,0.));
#9269=DIRECTION('',(0.,0.,-1.));
#9270=DIRECTION('center_axis',(0.,0.,-1.));
#9271=DIRECTION('ref_axis',(0.775176841767074,-0.631744302695343,0.));
#9272=DIRECTION('',(0.,0.,-1.));
#9273=DIRECTION('center_axis',(0.775176841767032,-0.631744302695394,0.));
#9274=DIRECTION('ref_axis',(-0.631744302695394,-0.775176841767032,0.));
#9275=DIRECTION('',(0.,0.,-1.));
#9276=DIRECTION('center_axis',(0.,0.,-1.));
#9277=DIRECTION('ref_axis',(0.334753817760928,-0.942305620005783,0.));
#9278=DIRECTION('',(0.,0.,-1.));
#9279=DIRECTION('center_axis',(0.,0.,-1.));
#9280=DIRECTION('ref_axis',(-0.269881757561669,0.962893471228996,0.));
#9281=DIRECTION('',(0.,0.,-1.));
#9282=DIRECTION('center_axis',(1.42108547151998E-13,8.69234012676354E-14,
1.));
#9283=DIRECTION('ref_axis',(1.,0.,-1.42108547151998E-13));
#9284=DIRECTION('center_axis',(0.718129086691948,-0.695909918629551,7.89383423068453E-16));
#9285=DIRECTION('ref_axis',(0.695909918629551,0.718129086691948,0.));
#9286=DIRECTION('center_axis',(-0.292462521833766,0.956276985670279,6.59653562001135E-15));
#9287=DIRECTION('ref_axis',(0.956276985670278,0.292462521833766,0.));
#9288=DIRECTION('center_axis',(-0.890257888115458,0.455456795589005,-1.38644579927294E-14));
#9289=DIRECTION('ref_axis',(0.322056588698479,0.629507389691274,0.707106781186532));
#9290=DIRECTION('',(-0.890257888115458,0.455456795589005,-1.38644579927294E-14));
#9291=DIRECTION('center_axis',(0.890257888115458,-0.455456795589005,1.58141568838389E-14));
#9292=DIRECTION('ref_axis',(0.455456795589005,0.890257888115458,0.));
#9293=DIRECTION('center_axis',(0.994981447246557,0.100059580426599,1.7674420988915E-14));
#9294=DIRECTION('ref_axis',(-0.100059580426599,0.994981447246557,0.));
#9295=DIRECTION('center_axis',(-1.51323043476125E-14,8.62441148551927E-16,
1.));
#9296=DIRECTION('ref_axis',(0.185252668254944,0.982690922367976,1.92153985031283E-15));
#9297=DIRECTION('center_axis',(1.51323043476125E-14,-8.62441148551927E-16,
-1.));
#9298=DIRECTION('ref_axis',(-1.,0.,-1.60949205216632E-14));
#9299=DIRECTION('center_axis',(0.,0.,1.));
#9300=DIRECTION('ref_axis',(0.474411940052723,-0.880302965538236,0.));
#9301=DIRECTION('center_axis',(-0.286052542268218,-0.958213933869618,1.01626277977194E-14));
#9302=DIRECTION('ref_axis',(0.958213933869618,-0.286052542268218,0.));
#9303=DIRECTION('center_axis',(0.707811826071009,0.706401032611097,-6.29916225430547E-15));
#9304=DIRECTION('ref_axis',(0.706401032611097,-0.707811826071009,0.));
#9305=DIRECTION('center_axis',(0.,-1.,8.62441148551927E-16));
#9306=DIRECTION('ref_axis',(0.70710678118651,0.,0.707106781186585));
#9307=DIRECTION('',(0.,1.,-8.62441148551927E-16));
#9308=DIRECTION('center_axis',(-1.51323043476125E-14,8.62441148551927E-16,
1.));
#9309=DIRECTION('ref_axis',(1.,0.,1.60949205216631E-14));
#9310=DIRECTION('center_axis',(-0.998681615671769,0.0513325483414207,-1.77401491838043E-14));
#9311=DIRECTION('ref_axis',(-0.0513325483414207,-0.998681615671769,0.));
#9312=DIRECTION('center_axis',(1.51323043476125E-14,-8.62441148551927E-16,
-1.));
#9313=DIRECTION('ref_axis',(-0.564228126805213,0.825618932027289,-9.2636934488238E-15));
#9314=DIRECTION('center_axis',(-0.88030296553824,-0.474411940052715,-1.56373219357693E-14));
#9315=DIRECTION('ref_axis',(0.474411940052715,-0.88030296553824,0.));
#9316=DIRECTION('center_axis',(-1.51323043476125E-14,8.62441148551927E-16,
1.));
#9317=DIRECTION('ref_axis',(0.219664332845754,-0.975575512646474,4.16333634234393E-15));
#9318=DIRECTION('center_axis',(-0.880302965538228,-0.474411940052737,-1.29118600141645E-14));
#9319=DIRECTION('ref_axis',(0.335459899887129,-0.622468196430683,0.707106781186583));
#9320=DIRECTION('',(0.880302965538228,0.474411940052737,1.29118600141645E-14));
#9321=DIRECTION('center_axis',(0.,0.,-1.));
#9322=DIRECTION('ref_axis',(0.455456795589012,0.890257888115454,0.));
#9323=DIRECTION('',(0.,0.,-1.));
#9324=DIRECTION('center_axis',(0.455456795589005,0.890257888115458,0.));
#9325=DIRECTION('ref_axis',(0.890257888115458,-0.455456795589005,0.));
#9326=DIRECTION('',(0.,0.,-1.));
#9327=DIRECTION('center_axis',(0.,0.,-1.));
#9328=DIRECTION('ref_axis',(1.,5.32907051819992E-14,0.));
#9329=DIRECTION('',(0.,0.,-1.));
#9330=DIRECTION('center_axis',(1.,0.,0.));
#9331=DIRECTION('ref_axis',(0.,-1.,0.));
#9332=DIRECTION('',(0.,0.,-1.));
#9333=DIRECTION('center_axis',(0.,0.,-1.));
#9334=DIRECTION('ref_axis',(0.474411940052809,-0.880302965538189,0.));
#9335=DIRECTION('',(0.,0.,-1.));
#9336=DIRECTION('center_axis',(0.474411940052737,-0.880302965538228,0.));
#9337=DIRECTION('ref_axis',(-0.880302965538228,-0.474411940052737,0.));
#9338=DIRECTION('',(0.,0.,-1.));
#9339=DIRECTION('center_axis',(0.,0.,-1.));
#9340=DIRECTION('ref_axis',(-0.0513325483414022,-0.99868161567177,0.));
#9341=DIRECTION('',(0.,0.,-1.));
#9342=DIRECTION('center_axis',(0.,0.,-1.));
#9343=DIRECTION('ref_axis',(0.119145146562449,0.992876847373637,0.));
#9344=DIRECTION('',(0.,0.,-1.));
#9345=DIRECTION('center_axis',(1.64555323658604E-13,2.59241647348952E-14,
1.));
#9346=DIRECTION('ref_axis',(0.923879532511285,-0.382683432365094,-1.42108547152007E-13));
#9347=DIRECTION('center_axis',(0.397151568617635,-0.917753034069924,-4.23073178434293E-15));
#9348=DIRECTION('ref_axis',(0.917753034069924,0.397151568617635,0.));
#9349=DIRECTION('center_axis',(0.0957512212191827,0.995405296165856,7.82225424842094E-15));
#9350=DIRECTION('ref_axis',(0.995405296165856,-0.0957512212191827,0.));
#9351=DIRECTION('center_axis',(-0.648195271656589,0.761474155701979,-1.04654147728271E-14));
#9352=DIRECTION('ref_axis',(0.538443539195137,0.458343272121413,0.707106781186584));
#9353=DIRECTION('',(-0.648195271656588,0.761474155701979,-1.04654147728271E-14));
#9354=DIRECTION('center_axis',(0.648195271656592,-0.761474155701976,1.15142610407407E-14));
#9355=DIRECTION('ref_axis',(0.761474155701976,0.648195271656592,0.));
#9356=DIRECTION('center_axis',(0.957534138018216,-0.28831991698409,1.70092231502665E-14));
#9357=DIRECTION('ref_axis',(0.28831991698409,0.957534138018216,0.));
#9358=DIRECTION('center_axis',(-1.51323043476125E-14,8.62441148551927E-16,
1.));
#9359=DIRECTION('ref_axis',(0.547210683669646,0.836994903017814,7.57940718734499E-15));
#9360=DIRECTION('center_axis',(1.51323043476125E-14,-8.62441148551927E-16,
-1.));
#9361=DIRECTION('ref_axis',(-1.,0.,-1.60949205216631E-14));
#9362=DIRECTION('center_axis',(0.,0.,1.));
#9363=DIRECTION('ref_axis',(0.101422121020345,-0.994843481844121,0.));
#9364=DIRECTION('center_axis',(-0.630970686177709,-0.775806672557301,-5.16791058318559E-15));
#9365=DIRECTION('ref_axis',(0.775806672557301,-0.63097068617771,0.));
#9366=DIRECTION('center_axis',(0.924260830762304,0.381761596704771,2.02327351123572E-14));
#9367=DIRECTION('ref_axis',(0.381761596704771,-0.924260830762304,0.));
#9368=DIRECTION('center_axis',(-0.382683432365091,-0.923879532511286,-4.99409044219488E-15));
#9369=DIRECTION('ref_axis',(0.653281482438152,-0.27059805007309,0.707106781186585));
#9370=DIRECTION('',(0.382683432365091,0.923879532511286,4.99409044219488E-15));
#9371=DIRECTION('center_axis',(-1.51323043476125E-14,8.62441148551927E-16,
1.));
#9372=DIRECTION('ref_axis',(1.,0.,1.60949205216632E-14));
#9373=DIRECTION('center_axis',(-0.903017388423105,0.429603999289479,-1.65177673916988E-14));
#9374=DIRECTION('ref_axis',(-0.429603999289479,-0.903017388423105,-7.10542735760105E-14));
#9375=DIRECTION('center_axis',(1.51323043476125E-14,-8.62441148551927E-16,
-1.));
#9376=DIRECTION('ref_axis',(-0.205328131288697,0.978693189156587,-3.94666229772374E-15));
#9377=DIRECTION('center_axis',(-0.994843481844123,-0.101422121020329,-1.75593690570899E-14));
#9378=DIRECTION('ref_axis',(0.101422121020329,-0.994843481844123,0.));
#9379=DIRECTION('center_axis',(-1.51323043476125E-14,8.62441148551927E-16,
1.));
#9380=DIRECTION('ref_axis',(-0.170393204571939,-0.985376149414885,-1.70803542250009E-15));
#9381=DIRECTION('center_axis',(-0.99484348184412,-0.101422121020359,-1.49668037349623E-14));
#9382=DIRECTION('ref_axis',(0.0717162695358061,-0.703460572231232,0.70710678118653));
#9383=DIRECTION('',(0.99484348184412,0.101422121020359,1.49668037349623E-14));
#9384=DIRECTION('center_axis',(0.,0.,-1.));
#9385=DIRECTION('ref_axis',(0.761474155701995,0.64819527165657,0.));
#9386=DIRECTION('',(0.,0.,-1.));
#9387=DIRECTION('center_axis',(0.761474155701979,0.648195271656589,0.));
#9388=DIRECTION('ref_axis',(0.648195271656588,-0.761474155701979,0.));
#9389=DIRECTION('',(0.,0.,-1.));
#9390=DIRECTION('center_axis',(0.,0.,-1.));
#9391=DIRECTION('ref_axis',(0.923879532511301,-0.382683432365055,0.));
#9392=DIRECTION('',(0.,0.,-1.));
#9393=DIRECTION('center_axis',(0.923879532511286,-0.382683432365091,0.));
#9394=DIRECTION('ref_axis',(-0.382683432365091,-0.923879532511286,0.));
#9395=DIRECTION('',(0.,0.,-1.));
#9396=DIRECTION('center_axis',(0.,0.,-1.));
#9397=DIRECTION('ref_axis',(0.101422121020379,-0.994843481844118,0.));
#9398=DIRECTION('',(0.,0.,-1.));
#9399=DIRECTION('center_axis',(0.101422121020359,-0.99484348184412,0.));
#9400=DIRECTION('ref_axis',(-0.99484348184412,-0.101422121020359,0.));
#9401=DIRECTION('',(0.,0.,-1.));
#9402=DIRECTION('center_axis',(0.,0.,-1.));
#9403=DIRECTION('ref_axis',(-0.429603999289443,-0.903017388423122,0.));
#9404=DIRECTION('',(0.,0.,-1.));
#9405=DIRECTION('center_axis',(0.,0.,-1.));
#9406=DIRECTION('ref_axis',(0.490033282175877,0.871703723956676,0.));
#9407=DIRECTION('',(0.,0.,-1.));
#9408=DIRECTION('center_axis',(0.,0.,1.));
#9409=DIRECTION('ref_axis',(0.70710678118655,-0.707106781186545,0.));
#9410=DIRECTION('center_axis',(0.0157113244092439,-0.999876569525113,-1.941082792836E-15));
#9411=DIRECTION('ref_axis',(0.999876569525113,0.0157113244092439,0.));
#9412=DIRECTION('center_axis',(0.469387708828507,0.882992173691661,3.18868209274332E-15));
#9413=DIRECTION('ref_axis',(0.882992173691661,-0.469387708828507,0.));
#9414=DIRECTION('center_axis',(-0.307450800992773,0.951563978389736,-5.47310702298296E-15));
#9415=DIRECTION('ref_axis',(0.672857341852196,0.217400546263219,0.707106781186584));
#9416=DIRECTION('',(-0.307450800992773,0.951563978389736,-5.47310702298296E-15));
#9417=DIRECTION('center_axis',(0.307450800992775,-0.951563978389736,5.46142333122593E-15));
#9418=DIRECTION('ref_axis',(0.951563978389736,0.307450800992775,0.));
#9419=DIRECTION('center_axis',(0.774310936345177,-0.632805320660514,1.42814415538093E-14));
#9420=DIRECTION('ref_axis',(0.632805320660514,0.774310936345177,0.));
#9421=DIRECTION('center_axis',(-1.51323043476125E-14,8.62441148551927E-16,
1.));
#9422=DIRECTION('ref_axis',(0.825860832972829,0.563873997060891,1.20630001714082E-14));
#9423=DIRECTION('center_axis',(1.51323043476125E-14,-8.62441148551927E-16,
-1.));
#9424=DIRECTION('ref_axis',(-1.,0.,-1.60949205216632E-14));
#9425=DIRECTION('center_axis',(0.,0.,1.));
#9426=DIRECTION('ref_axis',(-0.287008296543552,-0.957928096317865,0.));
#9427=DIRECTION('center_axis',(-0.879829262880154,-0.475289878053136,-1.35181962222727E-14));
#9428=DIRECTION('ref_axis',(0.475289878053136,-0.879829262880154,0.));
#9429=DIRECTION('center_axis',(0.99999950241533,-0.00099758162235026,1.77668821693812E-14));
#9430=DIRECTION('ref_axis',(-0.00099758162235026,-0.99999950241533,0.));
#9431=DIRECTION('center_axis',(-0.70710678118655,-0.707106781186545,-1.00903170346601E-14));
#9432=DIRECTION('ref_axis',(0.499999999999968,-0.499999999999983,0.707106781186582));
#9433=DIRECTION('',(0.70710678118655,0.707106781186545,1.00903170346601E-14));
#9434=DIRECTION('center_axis',(-1.51323043476125E-14,8.62441148551927E-16,
1.));
#9435=DIRECTION('ref_axis',(1.,0.,1.60949205216632E-14));
#9436=DIRECTION('center_axis',(-0.669876949660037,0.742472135715654,-1.18994050108457E-14));
#9437=DIRECTION('ref_axis',(-0.742472135715654,-0.669876949660037,0.));
#9438=DIRECTION('center_axis',(1.51323043476125E-14,-8.62441148551927E-16,
-1.));
#9439=DIRECTION('ref_axis',(0.184831210912362,0.982770280112636,1.94592377179434E-15));
#9440=DIRECTION('center_axis',(-0.957928096317853,0.287008296543591,-1.73348644745498E-14));
#9441=DIRECTION('ref_axis',(-0.287008296543591,-0.957928096317853,0.));
#9442=DIRECTION('center_axis',(-1.51323043476125E-14,8.62441148551927E-16,
1.));
#9443=DIRECTION('ref_axis',(-0.534509921211822,-0.84516219989191,-7.36590275953163E-15));
#9444=DIRECTION('center_axis',(-0.957928096317865,0.287008296543552,-1.47431872615259E-14));
#9445=DIRECTION('ref_axis',(-0.20294551274276,-0.677357452795499,0.707106781186527));
#9446=DIRECTION('',(0.957928096317865,-0.287008296543552,1.47431872615259E-14));
#9447=DIRECTION('center_axis',(0.,0.,-1.));
#9448=DIRECTION('ref_axis',(0.951563978389739,0.307450800992763,0.));
#9449=DIRECTION('',(0.,0.,-1.));
#9450=DIRECTION('center_axis',(0.951563978389736,0.307450800992773,0.));
#9451=DIRECTION('ref_axis',(0.307450800992773,-0.951563978389736,0.));
#9452=DIRECTION('',(0.,0.,-1.));
#9453=DIRECTION('center_axis',(0.,0.,-1.));
#9454=DIRECTION('ref_axis',(0.707106781186574,-0.707106781186521,0.));
#9455=DIRECTION('',(0.,0.,-1.));
#9456=DIRECTION('center_axis',(0.707106781186545,-0.70710678118655,0.));
#9457=DIRECTION('ref_axis',(-0.70710678118655,-0.707106781186545,0.));
#9458=DIRECTION('',(0.,0.,-1.));
#9459=DIRECTION('center_axis',(0.,0.,-1.));
#9460=DIRECTION('ref_axis',(-0.287008296543512,-0.957928096317877,0.));
#9461=DIRECTION('',(0.,0.,-1.));
#9462=DIRECTION('center_axis',(-0.287008296543552,-0.957928096317865,0.));
#9463=DIRECTION('ref_axis',(-0.957928096317865,0.287008296543552,0.));
#9464=DIRECTION('',(0.,0.,-1.));
#9465=DIRECTION('center_axis',(0.,0.,-1.));
#9466=DIRECTION('ref_axis',(-0.742472135715633,-0.66987694966006,0.));
#9467=DIRECTION('',(0.,0.,-1.));
#9468=DIRECTION('center_axis',(0.,0.,-1.));
#9469=DIRECTION('ref_axis',(0.78631829274079,0.617821610581249,0.));
#9470=DIRECTION('',(0.,0.,-1.));
#9471=DIRECTION('center_axis',(1.27861069610206E-14,1.59113361945418E-13,
1.));
#9472=DIRECTION('ref_axis',(0.382683432365085,-0.923879532511289,1.42108547152002E-13));
#9473=DIRECTION('center_axis',(-0.368120826516959,-0.92977796117378,-8.60366127965894E-15));
#9474=DIRECTION('ref_axis',(0.92977796117378,-0.368120826516959,0.));
#9475=DIRECTION('center_axis',(0.771564172778856,0.636151497116905,1.53281069477446E-14));
#9476=DIRECTION('ref_axis',(0.636151497116905,-0.771564172778856,0.));
#9477=DIRECTION('center_axis',(0.0801002670737407,0.9967868113166,3.52431657271585E-16));
#9478=DIRECTION('ref_axis',(0.704834713679299,-0.0566394420226967,0.707106781186533));
#9479=DIRECTION('',(0.0801002670737407,0.9967868113166,3.52431657271585E-16));
#9480=DIRECTION('center_axis',(-0.0801002670737413,-0.9967868113166,-1.42286657254225E-15));
#9481=DIRECTION('ref_axis',(0.9967868113166,-0.0801002670737414,0.));
#9482=DIRECTION('center_axis',(0.473205913759691,-0.880951850660895,8.40582561351361E-15));
#9483=DIRECTION('ref_axis',(0.880951850660895,0.473205913759691,0.));
#9484=DIRECTION('center_axis',(-1.51323043476125E-14,8.62441148551927E-16,
1.));
#9485=DIRECTION('ref_axis',(0.978781156903005,0.204908386581943,1.46250533051586E-14));
#9486=DIRECTION('center_axis',(1.51323043476125E-14,-8.62441148551927E-16,
-1.));
#9487=DIRECTION('ref_axis',(-1.,0.,-1.60949205216632E-14));
#9488=DIRECTION('center_axis',(0.,0.,1.));
#9489=DIRECTION('ref_axis',(-0.631744302695384,-0.775176841767041,0.));
#9490=DIRECTION('center_axis',(-0.994741809981225,-0.102414508128863,-1.72153523960538E-14));
#9491=DIRECTION('ref_axis',(0.102414508128863,-0.994741809981225,0.));
#9492=DIRECTION('center_axis',(0.923497314843694,-0.383604887190567,1.47010598014326E-14));
#9493=DIRECTION('ref_axis',(-0.383604887190567,-0.923497314843694,0.));
#9494=DIRECTION('center_axis',(-0.923879532511286,-0.382683432365091,-1.365038432755E-14));
#9495=DIRECTION('ref_axis',(0.270598050073081,-0.653281482438162,0.707106781186579));
#9496=DIRECTION('',(0.923879532511286,0.382683432365091,1.365038432755E-14));
#9497=DIRECTION('center_axis',(-1.51323043476125E-14,8.62441148551927E-16,
1.));
#9498=DIRECTION('ref_axis',(1.,0.,1.60949205216632E-14));
#9499=DIRECTION('center_axis',(-0.334753817760893,0.942305620005796,-5.94642233694772E-15));
#9500=DIRECTION('ref_axis',(-0.942305620005796,-0.334753817760893,-7.10542735760104E-14));
#9501=DIRECTION('center_axis',(1.51323043476125E-14,-8.62441148551927E-16,
-1.));
#9502=DIRECTION('ref_axis',(0.546851676751099,0.83722950475632,7.56443607063716E-15));
#9503=DIRECTION('center_axis',(-0.775176841767011,0.63174430269542,-1.3769906846171E-14));
#9504=DIRECTION('ref_axis',(-0.63174430269542,-0.775176841767011,0.));
#9505=DIRECTION('center_axis',(-1.51323043476125E-14,8.62441148551927E-16,
1.));
#9506=DIRECTION('ref_axis',(-0.81725234769169,-0.576279966849812,-1.18494957435944E-14));
#9507=DIRECTION('center_axis',(-0.775176841767031,0.631744302695395,-1.22750541748475E-14));
#9508=DIRECTION('ref_axis',(-0.44671068041187,-0.548132801432213,0.707106781186574));
#9509=DIRECTION('',(0.775176841767031,-0.631744302695395,1.22750541748475E-14));
#9510=DIRECTION('center_axis',(0.,0.,-1.));
#9511=DIRECTION('ref_axis',(0.996786811316599,-0.0801002670737624,0.));
#9512=DIRECTION('',(0.,0.,-1.));
#9513=DIRECTION('center_axis',(0.9967868113166,-0.0801002670737407,0.));
#9514=DIRECTION('ref_axis',(-0.0801002670737407,-0.9967868113166,0.));
#9515=DIRECTION('',(0.,0.,-1.));
#9516=DIRECTION('center_axis',(0.,0.,-1.));
#9517=DIRECTION('ref_axis',(0.382683432365143,-0.923879532511265,0.));
#9518=DIRECTION('',(0.,0.,-1.));
#9519=DIRECTION('center_axis',(0.382683432365091,-0.923879532511286,0.));
#9520=DIRECTION('ref_axis',(-0.923879532511286,-0.382683432365091,0.));
#9521=DIRECTION('',(0.,0.,-1.));
#9522=DIRECTION('center_axis',(0.,0.,-1.));
#9523=DIRECTION('ref_axis',(-0.631744302695353,-0.775176841767065,0.));
#9524=DIRECTION('',(0.,0.,-1.));
#9525=DIRECTION('center_axis',(-0.631744302695395,-0.775176841767031,0.));
#9526=DIRECTION('ref_axis',(-0.775176841767031,0.631744302695395,0.));
#9527=DIRECTION('',(0.,0.,-1.));
#9528=DIRECTION('center_axis',(0.,0.,-1.));
#9529=DIRECTION('ref_axis',(-0.942305620005783,-0.334753817760928,0.));
#9530=DIRECTION('',(0.,0.,-1.));
#9531=DIRECTION('center_axis',(0.,0.,-1.));
#9532=DIRECTION('ref_axis',(0.962893471228996,0.269881757561669,0.));
#9533=DIRECTION('',(0.,0.,-1.));
#9534=DIRECTION('center_axis',(7.27028700062084E-14,1.42108547152002E-13,
1.));
#9535=DIRECTION('ref_axis',(0.,-1.,1.42108547152002E-13));
#9536=DIRECTION('center_axis',(-0.695909918629555,-0.718129086691944,-1.23618434356406E-14));
#9537=DIRECTION('ref_axis',(0.718129086691944,-0.695909918629555,0.));
#9538=DIRECTION('center_axis',(0.956276985670275,0.292462521833776,1.53377577335593E-14));
#9539=DIRECTION('ref_axis',(0.292462521833776,-0.956276985670275,0.));
#9540=DIRECTION('center_axis',(0.455456795589006,0.890257888115457,6.12431581250746E-15));
#9541=DIRECTION('ref_axis',(0.629507389691263,-0.322056588698494,0.707106781186534));
#9542=DIRECTION('',(0.455456795589006,0.890257888115457,6.12431581250746E-15));
#9543=DIRECTION('center_axis',(-0.455456795589006,-0.890257888115457,-8.09053793895899E-15));
#9544=DIRECTION('ref_axis',(0.890257888115457,-0.455456795589006,0.));
#9545=DIRECTION('center_axis',(0.100059580426599,-0.994981447246557,1.3330614002871E-15));
#9546=DIRECTION('ref_axis',(0.994981447246557,0.100059580426599,0.));
#9547=DIRECTION('center_axis',(-1.51323043476125E-14,8.62441148551927E-16,
1.));
#9548=DIRECTION('ref_axis',(0.982690922367979,-0.185252668254932,1.50520621607837E-14));
#9549=DIRECTION('center_axis',(1.51323043476125E-14,-8.62441148551927E-16,
-1.));
#9550=DIRECTION('ref_axis',(-1.,0.,-1.60949205216632E-14));
#9551=DIRECTION('center_axis',(0.,0.,1.));
#9552=DIRECTION('ref_axis',(-0.880302965538221,-0.47441194005275,0.));
#9553=DIRECTION('center_axis',(-0.958213933869622,0.286052542268206,-1.27659740627842E-14));
#9554=DIRECTION('ref_axis',(-0.286052542268206,-0.958213933869622,0.));
#9555=DIRECTION('center_axis',(0.70640103261111,-0.707811826070996,1.25419378748526E-14));
#9556=DIRECTION('ref_axis',(-0.707811826070996,-0.70640103261111,0.));
#9557=DIRECTION('center_axis',(-1.,0.,-1.51323043476125E-14));
#9558=DIRECTION('ref_axis',(-1.25607396694696E-14,-0.707106781186519,0.707106781186576));
#9559=DIRECTION('',(1.,0.,1.51323043476125E-14));
#9560=DIRECTION('center_axis',(-1.51323043476125E-14,8.62441148551927E-16,
1.));
#9561=DIRECTION('ref_axis',(1.,0.,1.60949205216632E-14));
#9562=DIRECTION('center_axis',(0.051332548341432,0.998681615671769,6.83886924976139E-16));
#9563=DIRECTION('ref_axis',(-0.998681615671769,0.051332548341432,0.));
#9564=DIRECTION('center_axis',(1.51323043476125E-14,-8.62441148551927E-16,
-1.));
#9565=DIRECTION('ref_axis',(0.825618932027304,0.56422812680519,1.20044311555763E-14));
#9566=DIRECTION('center_axis',(-0.474411940052711,0.880302965538242,-6.32043670804322E-15));
#9567=DIRECTION('ref_axis',(-0.880302965538242,-0.474411940052711,0.));
#9568=DIRECTION('center_axis',(-1.51323043476125E-14,8.62441148551927E-16,
1.));
#9569=DIRECTION('ref_axis',(-0.975575512646477,-0.219664332845741,-1.46250533051571E-14));
#9570=DIRECTION('center_axis',(-0.474411940052737,0.880302965538228,-7.93815536369176E-15));
#9571=DIRECTION('ref_axis',(-0.622468196430732,-0.335459899887162,0.707106781186524));
#9572=DIRECTION('',(0.474411940052737,-0.880302965538228,7.93815536369176E-15));
#9573=DIRECTION('center_axis',(0.,0.,-1.));
#9574=DIRECTION('ref_axis',(0.890257888115452,-0.455456795589017,0.));
#9575=DIRECTION('',(0.,0.,-1.));
#9576=DIRECTION('center_axis',(0.890257888115457,-0.455456795589006,0.));
#9577=DIRECTION('ref_axis',(-0.455456795589006,-0.890257888115457,0.));
#9578=DIRECTION('',(0.,0.,-1.));
#9579=DIRECTION('center_axis',(0.,0.,-1.));
#9580=DIRECTION('ref_axis',(5.32907051820011E-14,-1.,0.));
#9581=DIRECTION('',(0.,0.,-1.));
#9582=DIRECTION('center_axis',(0.,-1.,0.));
#9583=DIRECTION('ref_axis',(-1.,0.,0.));
#9584=DIRECTION('',(0.,0.,-1.));
#9585=DIRECTION('center_axis',(0.,0.,-1.));
#9586=DIRECTION('ref_axis',(-0.880302965538204,-0.474411940052781,0.));
#9587=DIRECTION('',(0.,0.,-1.));
#9588=DIRECTION('center_axis',(-0.880302965538228,-0.474411940052737,0.));
#9589=DIRECTION('ref_axis',(-0.474411940052737,0.880302965538228,0.));
#9590=DIRECTION('',(0.,0.,-1.));
#9591=DIRECTION('center_axis',(0.,0.,-1.));
#9592=DIRECTION('ref_axis',(-0.998681615671771,0.0513325483413954,0.));
#9593=DIRECTION('',(0.,0.,-1.));
#9594=DIRECTION('center_axis',(0.,0.,-1.));
#9595=DIRECTION('ref_axis',(0.992876847373637,-0.119145146562449,0.));
#9596=DIRECTION('',(0.,0.,-1.));
#9597=DIRECTION('center_axis',(0.,0.,1.));
#9598=DIRECTION('ref_axis',(-0.382683432365088,-0.923879532511288,0.));
#9599=DIRECTION('center_axis',(-0.917753034069921,-0.397151568617642,-1.27751542635417E-14));
#9600=DIRECTION('ref_axis',(0.397151568617642,-0.917753034069921,0.));
#9601=DIRECTION('center_axis',(0.995405296165856,-0.0957512212191852,1.19016604698395E-14));
#9602=DIRECTION('ref_axis',(-0.0957512212191852,-0.995405296165855,0.));
#9603=DIRECTION('center_axis',(0.76147415570198,0.648195271656588,1.09638284023502E-14));
#9604=DIRECTION('ref_axis',(0.458343272121404,-0.538443539195151,0.707106781186579));
#9605=DIRECTION('',(0.76147415570198,0.648195271656588,1.09638284023502E-14));
#9606=DIRECTION('center_axis',(-0.761474155701978,-0.648195271656589,-1.01448736838079E-14));
#9607=DIRECTION('ref_axis',(0.648195271656589,-0.761474155701978,0.));
#9608=DIRECTION('center_axis',(-0.288319916984105,-0.957534138018211,-4.48139174411363E-15));
#9609=DIRECTION('ref_axis',(0.957534138018211,-0.288319916984105,0.));
#9610=DIRECTION('center_axis',(-1.51323043476125E-14,8.62441148551927E-16,
1.));
#9611=DIRECTION('ref_axis',(0.836994903017823,-0.547210683669631,1.31305223104708E-14));
#9612=DIRECTION('center_axis',(1.51323043476125E-14,-8.62441148551927E-16,
-1.));
#9613=DIRECTION('ref_axis',(-1.,0.,-1.60949205216632E-14));
#9614=DIRECTION('center_axis',(2.81913631630541E-13,3.70447333929859E-14,
1.));
#9615=DIRECTION('ref_axis',(-0.994843481844119,-0.101422121020368,2.84217094303998E-13));
#9616=DIRECTION('center_axis',(-0.775806672557315,0.630970686177692,-1.20584580274333E-14));
#9617=DIRECTION('ref_axis',(-0.630970686177692,-0.775806672557315,0.));
#9618=DIRECTION('center_axis',(0.381761596704784,-0.924260830762298,5.08608617495098E-15));
#9619=DIRECTION('ref_axis',(-0.924260830762298,-0.381761596704784,0.));
#9620=DIRECTION('center_axis',(-0.923879532511288,0.382683432365086,-1.43104682054315E-14));
#9621=DIRECTION('ref_axis',(-0.270598050073093,-0.653281482438158,0.707106781186578));
#9622=DIRECTION('',(0.923879532511288,-0.382683432365086,1.43104682054315E-14));
#9623=DIRECTION('center_axis',(-1.51323043476125E-14,8.62441148551927E-16,
1.));
#9624=DIRECTION('ref_axis',(1.,0.,1.60949205216632E-14));
#9625=DIRECTION('center_axis',(0.429603999289476,0.903017388423107,6.67738752075344E-15));
#9626=DIRECTION('ref_axis',(-0.903017388423107,0.429603999289476,0.));
#9627=DIRECTION('center_axis',(1.51323043476125E-14,-8.62441148551927E-16,
-1.));
#9628=DIRECTION('ref_axis',(0.978693189156585,0.205328131288708,1.46355393540588E-14));
#9629=DIRECTION('center_axis',(-0.101422121020325,0.994843481844123,-1.57641643548359E-15));
#9630=DIRECTION('ref_axis',(-0.994843481844123,-0.101422121020325,0.));
#9631=DIRECTION('center_axis',(-1.51323043476125E-14,8.62441148551927E-16,
1.));
#9632=DIRECTION('ref_axis',(-0.98537614941488,0.170393204571965,-1.50520621607822E-14));
#9633=DIRECTION('center_axis',(-0.101422121020358,0.99484348184412,-2.39274435797149E-15));
#9634=DIRECTION('ref_axis',(-0.703460572231189,-0.0717162695358142,0.707106781186572));
#9635=DIRECTION('',(0.101422121020358,-0.99484348184412,2.39274435797149E-15));
#9636=DIRECTION('center_axis',(0.,0.,-1.));
#9637=DIRECTION('ref_axis',(0.648195271656574,-0.761474155701992,0.));
#9638=DIRECTION('',(0.,0.,-1.));
#9639=DIRECTION('center_axis',(0.648195271656588,-0.76147415570198,0.));
#9640=DIRECTION('ref_axis',(-0.76147415570198,-0.648195271656588,0.));
#9641=DIRECTION('',(0.,0.,-1.));
#9642=DIRECTION('center_axis',(0.,0.,-1.));
#9643=DIRECTION('ref_axis',(-0.382683432365033,-0.92387953251131,0.));
#9644=DIRECTION('',(0.,0.,-1.));
#9645=DIRECTION('center_axis',(-0.382683432365086,-0.923879532511288,0.));
#9646=DIRECTION('ref_axis',(-0.923879532511288,0.382683432365086,0.));
#9647=DIRECTION('',(0.,0.,-1.));
#9648=DIRECTION('center_axis',(0.,0.,-1.));
#9649=DIRECTION('ref_axis',(-0.994843481844114,-0.101422121020412,0.));
#9650=DIRECTION('',(0.,0.,-1.));
#9651=DIRECTION('center_axis',(-0.99484348184412,-0.101422121020358,0.));
#9652=DIRECTION('ref_axis',(-0.101422121020358,0.99484348184412,0.));
#9653=DIRECTION('',(0.,0.,-1.));
#9654=DIRECTION('center_axis',(0.,0.,-1.));
#9655=DIRECTION('ref_axis',(-0.90301738842312,0.429603999289449,0.));
#9656=DIRECTION('',(0.,0.,-1.));
#9657=DIRECTION('center_axis',(0.,0.,-1.));
#9658=DIRECTION('ref_axis',(0.871703723956677,-0.490033282175876,0.));
#9659=DIRECTION('',(0.,0.,-1.));
#9660=DIRECTION('center_axis',(-0.475289878053145,0.879829262880149,-1.3917148584014E-15));
#9661=DIRECTION('ref_axis',(-0.879829262880149,-0.475289878053145,0.));
#9662=DIRECTION('center_axis',(-0.000997581622343876,-0.99999950241533,
-6.67462529020393E-15));
#9663=DIRECTION('ref_axis',(-0.99999950241533,0.000997581622343876,0.));
#9664=DIRECTION('center_axis',(-4.63321534052071E-14,-1.54639681306294E-13,
1.));
#9665=DIRECTION('ref_axis',(-0.957928096317865,0.287008296543553,0.));
#9666=DIRECTION('center_axis',(0.287008296543552,0.957928096317865,3.5169402859683E-15));
#9667=DIRECTION('ref_axis',(-0.677357452795459,0.202945512742735,0.707106781186573));
#9668=DIRECTION('center_axis',(-0.287008296543552,-0.957928096317865,-4.30168345759474E-15));
#9669=DIRECTION('ref_axis',(-1.49880108324394E-14,0.,1.));
#9670=DIRECTION('',(-0.287008296543552,-0.957928096317865,-3.5169402859683E-15));
#9671=DIRECTION('center_axis',(-0.742472135715632,-0.669876949660062,-1.03844675997172E-14));
#9672=DIRECTION('ref_axis',(-1.49880108324469E-14,1.11022302462569E-15,
1.));
#9673=DIRECTION('center_axis',(-1.51323043476125E-14,8.62441148551927E-16,
1.));
#9674=DIRECTION('ref_axis',(-0.845162199891905,0.53450992121183,-1.32372745243758E-14));
#9675=DIRECTION('center_axis',(-1.51323043476125E-14,8.62441148551927E-16,
1.));
#9676=DIRECTION('ref_axis',(1.,0.,1.60949205216631E-14));
#9677=DIRECTION('center_axis',(1.51323043476125E-14,-8.62441148551927E-16,
-1.));
#9678=DIRECTION('ref_axis',(0.982770280112643,-0.184831210912326,1.50192426330042E-14));
#9679=DIRECTION('center_axis',(-0.999876569525113,-0.015711324409238,-1.04760446016389E-14));
#9680=DIRECTION('ref_axis',(0.015711324409238,-0.999876569525113,0.));
#9681=DIRECTION('center_axis',(0.882992173691666,-0.469387708828498,1.42146145060462E-14));
#9682=DIRECTION('ref_axis',(-0.469387708828498,-0.882992173691666,0.));
#9683=DIRECTION('center_axis',(0.,0.,1.));
#9684=DIRECTION('ref_axis',(-0.707106781186544,-0.707106781186551,0.));
#9685=DIRECTION('center_axis',(-0.70710678118655,0.707106781186545,-1.13099930036909E-14));
#9686=DIRECTION('ref_axis',(-0.499999999999986,-0.499999999999978,0.707106781186573));
#9687=DIRECTION('',(0.70710678118655,-0.707106781186545,1.13099930036909E-14));
#9688=DIRECTION('center_axis',(1.51323043476125E-14,-8.62441148551927E-16,
-1.));
#9689=DIRECTION('ref_axis',(-1.,0.,-1.60949205216632E-14));
#9690=DIRECTION('center_axis',(0.632805320660519,0.774310936345173,9.83577051943994E-15));
#9691=DIRECTION('ref_axis',(-1.55431223447575E-14,0.,1.));
#9692=DIRECTION('center_axis',(0.95156397838974,0.307450800992762,1.40527682874455E-14));
#9693=DIRECTION('ref_axis',(-1.5126788710524E-14,1.11022302462561E-15,1.));
#9694=DIRECTION('center_axis',(-1.51323043476125E-14,8.62441148551927E-16,
1.));
#9695=DIRECTION('ref_axis',(0.563873997060902,-0.825860832972821,9.28744260984526E-15));
#9696=DIRECTION('center_axis',(0.951563978389736,0.307450800992773,1.4134197505287E-14));
#9697=DIRECTION('ref_axis',(0.217400546263223,-0.672857341852253,0.707106781186528));
#9698=DIRECTION('',(0.951563978389736,0.307450800992773,1.4134197505287E-14));
#9699=DIRECTION('center_axis',(0.,0.,-1.));
#9700=DIRECTION('ref_axis',(0.617821610581249,-0.78631829274079,0.));
#9701=DIRECTION('',(0.,0.,-1.));
#9702=DIRECTION('',(0.,0.,-1.));
#9703=DIRECTION('center_axis',(-0.102414508128868,0.994741809981224,-9.32253805671368E-15));
#9704=DIRECTION('ref_axis',(-0.994741809981224,-0.102414508128868,0.));
#9705=DIRECTION('center_axis',(-0.383604887190565,-0.923497314843695,-3.04427159999194E-15));
#9706=DIRECTION('ref_axis',(-0.923497314843695,0.383604887190565,0.));
#9707=DIRECTION('center_axis',(0.,0.,1.));
#9708=DIRECTION('ref_axis',(-0.775176841767033,0.631744302695393,0.));
#9709=DIRECTION('center_axis',(0.631744302695395,0.775176841767032,8.89120265251252E-15));
#9710=DIRECTION('ref_axis',(-0.548132801432222,0.446710680411858,0.707106781186575));
#9711=DIRECTION('center_axis',(-0.631744302695394,-0.775176841767032,-8.41652484633817E-15));
#9712=DIRECTION('ref_axis',(-1.33226762955017E-14,0.,1.));
#9713=DIRECTION('',(-0.631744302695395,-0.775176841767032,-8.89120265251252E-15));
#9714=DIRECTION('center_axis',(-0.942305620005783,-0.334753817760929,-1.46463715379077E-14));
#9715=DIRECTION('ref_axis',(-1.5543122344763E-14,0.,1.));
#9716=DIRECTION('center_axis',(-1.51323043476125E-14,8.62441148551927E-16,
1.));
#9717=DIRECTION('ref_axis',(-0.576279966849802,0.817252347691697,-9.3941948237505E-15));
#9718=DIRECTION('center_axis',(-1.51323043476125E-14,8.62441148551927E-16,
1.));
#9719=DIRECTION('ref_axis',(1.,0.,1.60949205216632E-14));
#9720=DIRECTION('center_axis',(1.51323043476125E-14,-8.62441148551927E-16,
-1.));
#9721=DIRECTION('ref_axis',(0.837229504756334,-0.546851676751076,1.31281336153449E-14));
#9722=DIRECTION('center_axis',(-0.929777961173779,0.368120826516961,-1.52690450388655E-14));
#9723=DIRECTION('ref_axis',(-0.368120826516961,-0.929777961173779,6.79475665542579E-14));
#9724=DIRECTION('center_axis',(0.636151497116906,-0.771564172778856,1.01884570901772E-14));
#9725=DIRECTION('ref_axis',(-0.771564172778856,-0.636151497116905,0.));
#9726=DIRECTION('center_axis',(3.69407031719831E-14,2.8216478280099E-13,
1.));
#9727=DIRECTION('ref_axis',(-0.923879532511286,-0.382683432365092,1.42108547152004E-13));
#9728=DIRECTION('center_axis',(-0.382683432365092,0.923879532511286,-6.5876738924802E-15));
#9729=DIRECTION('ref_axis',(-0.653281482438212,-0.270598050073104,0.707106781186523));
#9730=DIRECTION('',(0.382683432365092,-0.923879532511286,6.5876738924802E-15));
#9731=DIRECTION('center_axis',(1.51323043476125E-14,-8.62441148551927E-16,
-1.));
#9732=DIRECTION('ref_axis',(-1.,0.,-1.60949205216631E-14));
#9733=DIRECTION('center_axis',(0.880951850660892,0.473205913759696,1.12112722374398E-14));
#9734=DIRECTION('ref_axis',(-1.33226762955093E-14,1.11022302462577E-15,
1.));
#9735=DIRECTION('center_axis',(0.996786811316599,-0.0801002670737617,1.5582108520723E-14));
#9736=DIRECTION('ref_axis',(-1.55431223447619E-14,1.11022302462585E-15,
1.));
#9737=DIRECTION('center_axis',(-1.51323043476125E-14,8.62441148551927E-16,
1.));
#9738=DIRECTION('ref_axis',(0.204908386581962,-0.978781156903001,3.9498319145319E-15));
#9739=DIRECTION('center_axis',(0.9967868113166,-0.0801002670737399,1.51527631648634E-14));
#9740=DIRECTION('ref_axis',(-0.0566394420227047,-0.704834713679254,0.707106781186577));
#9741=DIRECTION('',(0.9967868113166,-0.0801002670737399,1.51527631648634E-14));
#9742=DIRECTION('center_axis',(0.,0.,-1.));
#9743=DIRECTION('ref_axis',(0.269881757561669,-0.962893471228996,0.));
#9744=DIRECTION('',(0.,0.,-1.));
#9745=DIRECTION('',(0.,0.,-1.));
#9746=DIRECTION('center_axis',(0.,0.,1.));
#9747=DIRECTION('ref_axis',(-1.,0.,0.));
#9748=DIRECTION('center_axis',(-0.718129086691942,0.695909918629557,-9.46872843249751E-15));
#9749=DIRECTION('ref_axis',(-0.695909918629557,-0.718129086691942,0.));
#9750=DIRECTION('center_axis',(0.292462521833772,-0.956276985670277,1.64913390500277E-15));
#9751=DIRECTION('ref_axis',(-0.956276985670277,-0.292462521833772,0.));
#9752=DIRECTION('center_axis',(0.890257888115457,-0.455456795589007,1.38644579927294E-14));
#9753=DIRECTION('ref_axis',(-0.322056588698501,-0.629507389691269,0.707106781186526));
#9754=DIRECTION('',(0.890257888115457,-0.455456795589007,1.38644579927294E-14));
#9755=DIRECTION('center_axis',(-0.890257888115458,0.455456795589005,-1.38373872733591E-14));
#9756=DIRECTION('ref_axis',(-0.455456795589005,-0.890257888115458,0.));
#9757=DIRECTION('center_axis',(-0.994981447246557,-0.100059580426596,-1.54651183653226E-14));
#9758=DIRECTION('ref_axis',(0.100059580426596,-0.994981447246557,0.));
#9759=DIRECTION('center_axis',(-1.51323043476125E-14,8.62441148551927E-16,
1.));
#9760=DIRECTION('ref_axis',(-0.185252668254922,-0.98269092236798,-1.92153985031283E-15));
#9761=DIRECTION('center_axis',(1.51323043476125E-14,-8.62441148551927E-16,
-1.));
#9762=DIRECTION('ref_axis',(-1.,0.,-1.60949205216632E-14));
#9763=DIRECTION('center_axis',(0.,0.,1.));
#9764=DIRECTION('ref_axis',(-0.47441194005275,0.880302965538221,0.));
#9765=DIRECTION('center_axis',(0.286052542268213,0.95821393386962,7.62197084828944E-15));
#9766=DIRECTION('ref_axis',(-0.95821393386962,0.286052542268213,0.));
#9767=DIRECTION('center_axis',(-0.707811826070998,-0.706401032611108,-1.57165797281198E-14));
#9768=DIRECTION('ref_axis',(-0.706401032611108,0.707811826070998,0.));
#9769=DIRECTION('center_axis',(0.,1.,-8.62441148551927E-16));
#9770=DIRECTION('ref_axis',(-0.707106781186523,0.,0.707106781186573));
#9771=DIRECTION('',(0.,-1.,8.62441148551927E-16));
#9772=DIRECTION('center_axis',(-1.51323043476125E-14,8.62441148551927E-16,
1.));
#9773=DIRECTION('ref_axis',(1.,0.,1.60949205216632E-14));
#9774=DIRECTION('center_axis',(0.998681615671769,-0.0513325483414296,1.3305111887874E-14));
#9775=DIRECTION('ref_axis',(0.0513325483414296,0.998681615671769,0.));
#9776=DIRECTION('center_axis',(1.51323043476125E-14,-8.62441148551927E-16,
-1.));
#9777=DIRECTION('ref_axis',(0.564228126805227,-0.825618932027279,9.26369344882375E-15));
#9778=DIRECTION('center_axis',(0.880302965538246,0.474411940052702,1.36826566938196E-14));
#9779=DIRECTION('ref_axis',(-0.474411940052702,0.880302965538246,0.));
#9780=DIRECTION('center_axis',(-1.51323043476125E-14,8.62441148551927E-16,
1.));
#9781=DIRECTION('ref_axis',(-0.219664332845724,0.97557551264648,-4.16333634234397E-15));
#9782=DIRECTION('center_axis',(0.880302965538228,0.474411940052737,1.29118600141645E-14));
#9783=DIRECTION('ref_axis',(-0.335459899887152,0.622468196430674,0.70710678118658));
#9784=DIRECTION('',(-0.880302965538228,-0.474411940052737,-1.29118600141645E-14));
#9785=DIRECTION('center_axis',(0.,0.,-1.));
#9786=DIRECTION('ref_axis',(-0.455456795589017,-0.890257888115452,0.));
#9787=DIRECTION('',(0.,0.,-1.));
#9788=DIRECTION('center_axis',(-0.455456795589007,-0.890257888115457,0.));
#9789=DIRECTION('ref_axis',(-0.890257888115457,0.455456795589007,0.));
#9790=DIRECTION('',(0.,0.,-1.));
#9791=DIRECTION('center_axis',(0.,0.,-1.));
#9792=DIRECTION('ref_axis',(-1.,-5.32907051820011E-14,0.));
#9793=DIRECTION('',(0.,0.,-1.));
#9794=DIRECTION('center_axis',(-1.,0.,0.));
#9795=DIRECTION('ref_axis',(0.,1.,0.));
#9796=DIRECTION('',(0.,0.,-1.));
#9797=DIRECTION('center_axis',(0.,0.,-1.));
#9798=DIRECTION('ref_axis',(-0.474411940052781,0.880302965538204,0.));
#9799=DIRECTION('',(0.,0.,-1.));
#9800=DIRECTION('center_axis',(-0.474411940052737,0.880302965538228,0.));
#9801=DIRECTION('ref_axis',(0.880302965538228,0.474411940052737,0.));
#9802=DIRECTION('',(0.,0.,-1.));
#9803=DIRECTION('center_axis',(0.,0.,-1.));
#9804=DIRECTION('ref_axis',(0.0513325483413954,0.998681615671771,0.));
#9805=DIRECTION('',(0.,0.,-1.));
#9806=DIRECTION('center_axis',(0.,0.,-1.));
#9807=DIRECTION('ref_axis',(-0.119145146562447,-0.992876847373637,0.));
#9808=DIRECTION('',(0.,0.,-1.));
#9809=DIRECTION('center_axis',(0.,0.,1.));
#9810=DIRECTION('ref_axis',(-0.923879532511287,0.382683432365088,0.));
#9811=DIRECTION('center_axis',(-0.397151568617647,0.917753034069919,-1.69698207096581E-14));
#9812=DIRECTION('ref_axis',(-0.917753034069919,-0.397151568617647,0.));
#9813=DIRECTION('center_axis',(-0.0957512212191978,-0.995405296165854,-9.47880629169828E-15));
#9814=DIRECTION('ref_axis',(-0.995405296165854,0.0957512212191978,0.));
#9815=DIRECTION('center_axis',(0.648195271656588,-0.76147415570198,1.04654147728271E-14));
#9816=DIRECTION('ref_axis',(-0.538443539195155,-0.458343272121407,0.707106781186574));
#9817=DIRECTION('',(0.648195271656588,-0.76147415570198,1.04654147728271E-14));
#9818=DIRECTION('center_axis',(-0.648195271656588,0.761474155701979,-1.00749784106481E-14));
#9819=DIRECTION('ref_axis',(-0.761474155701979,-0.648195271656588,0.));
#9820=DIRECTION('center_axis',(-0.957534138018213,0.288319916984099,-1.48830702565043E-14));
#9821=DIRECTION('ref_axis',(-0.288319916984099,-0.957534138018213,0.));
#9822=DIRECTION('center_axis',(-1.51323043476125E-14,8.62441148551927E-16,
1.));
#9823=DIRECTION('ref_axis',(-0.547210683669621,-0.836994903017829,-7.57940718734507E-15));
#9824=DIRECTION('center_axis',(1.51323043476125E-14,-8.62441148551927E-16,
-1.));
#9825=DIRECTION('ref_axis',(0.808440250999805,0.588578253559689,8.04746026083158E-15));
#9826=DIRECTION('center_axis',(0.,0.,1.));
#9827=DIRECTION('ref_axis',(-0.101422121020366,0.994843481844119,0.));
#9828=DIRECTION('center_axis',(0.6309706861777,0.775806672557308,5.60414546926405E-15));
#9829=DIRECTION('ref_axis',(-0.775806672557308,0.6309706861777,0.));
#9830=DIRECTION('center_axis',(-0.924260830762297,-0.381761596704788,-6.15681393042878E-15));
#9831=DIRECTION('ref_axis',(-0.381761596704788,0.924260830762297,0.));
#9832=DIRECTION('center_axis',(0.382683432365091,0.923879532511286,4.99409044219488E-15));
#9833=DIRECTION('ref_axis',(-0.653281482438165,0.27059805007308,0.707106781186576));
#9834=DIRECTION('',(-0.382683432365091,-0.923879532511286,-4.99409044219488E-15));
#9835=DIRECTION('center_axis',(-1.51323043476125E-14,8.62441148551927E-16,
1.));
#9836=DIRECTION('ref_axis',(1.,0.,1.60949205216631E-14));
#9837=DIRECTION('center_axis',(0.903017388423108,-0.429603999289473,1.40357097477078E-14));
#9838=DIRECTION('ref_axis',(0.429603999289473,0.903017388423108,7.10542735760098E-14));
#9839=DIRECTION('center_axis',(1.51323043476125E-14,-8.62441148551927E-16,
-1.));
#9840=DIRECTION('ref_axis',(0.205328131288723,-0.978693189156582,3.94666229772373E-15));
#9841=DIRECTION('center_axis',(0.994843481844122,0.101422121020334,1.54629739521932E-14));
#9842=DIRECTION('ref_axis',(-0.101422121020334,0.994843481844122,0.));
#9843=DIRECTION('center_axis',(-1.51323043476125E-14,8.62441148551927E-16,
1.));
#9844=DIRECTION('ref_axis',(0.170393204571968,0.98537614941488,1.70803542250009E-15));
#9845=DIRECTION('center_axis',(0.99484348184412,0.101422121020358,1.49668037349623E-14));
#9846=DIRECTION('ref_axis',(-0.0717162695358311,0.703460572231231,0.707106781186529));
#9847=DIRECTION('',(-0.99484348184412,-0.101422121020358,-1.49668037349623E-14));
#9848=DIRECTION('center_axis',(0.,0.,-1.));
#9849=DIRECTION('ref_axis',(-0.761474155701985,-0.648195271656581,0.));
#9850=DIRECTION('',(0.,0.,-1.));
#9851=DIRECTION('center_axis',(-0.76147415570198,-0.648195271656588,0.));
#9852=DIRECTION('ref_axis',(-0.648195271656588,0.76147415570198,0.));
#9853=DIRECTION('',(0.,0.,-1.));
#9854=DIRECTION('center_axis',(0.,0.,-1.));
#9855=DIRECTION('ref_axis',(-0.923879532511307,0.382683432365042,0.));
#9856=DIRECTION('',(0.,0.,-1.));
#9857=DIRECTION('center_axis',(-0.923879532511286,0.382683432365091,0.));
#9858=DIRECTION('ref_axis',(0.382683432365091,0.923879532511286,0.));
#9859=DIRECTION('',(0.,0.,-1.));
#9860=DIRECTION('center_axis',(0.,0.,-1.));
#9861=DIRECTION('ref_axis',(-0.101422121020414,0.994843481844114,0.));
#9862=DIRECTION('',(0.,0.,-1.));
#9863=DIRECTION('center_axis',(-0.101422121020358,0.99484348184412,0.));
#9864=DIRECTION('ref_axis',(0.99484348184412,0.101422121020358,0.));
#9865=DIRECTION('',(0.,0.,-1.));
#9866=DIRECTION('center_axis',(0.,0.,-1.));
#9867=DIRECTION('ref_axis',(0.429603999289443,0.903017388423122,0.));
#9868=DIRECTION('',(0.,0.,-1.));
#9869=DIRECTION('center_axis',(0.,0.,-1.));
#9870=DIRECTION('ref_axis',(-0.490033282175873,-0.871703723956678,0.));
#9871=DIRECTION('',(0.,0.,-1.));
#9872=DIRECTION('center_axis',(0.87982926288015,0.475289878053144,1.46521005808276E-14));
#9873=DIRECTION('ref_axis',(-0.475289878053143,0.87982926288015,0.));
#9874=DIRECTION('center_axis',(-0.99999950241533,0.000997581622341739,-1.55519749154211E-14));
#9875=DIRECTION('ref_axis',(0.000997581622341739,0.99999950241533,0.));
#9876=DIRECTION('center_axis',(0.,0.,1.));
#9877=DIRECTION('ref_axis',(0.287008296543548,0.957928096317866,0.));
#9878=DIRECTION('center_axis',(0.957928096317865,-0.287008296543552,1.47431872615259E-14));
#9879=DIRECTION('ref_axis',(0.202945512742738,0.677357452795505,0.707106781186528));
#9880=DIRECTION('center_axis',(-0.957928096317864,0.287008296543553,-1.48891935985439E-14));
#9881=DIRECTION('ref_axis',(-1.5543122344752E-14,0.,1.));
#9882=DIRECTION('',(-0.957928096317865,0.287008296543552,-1.47431872615259E-14));
#9883=DIRECTION('center_axis',(-0.669876949660064,0.74247213571563,-1.02260511812069E-14));
#9884=DIRECTION('ref_axis',(-1.52655665886044E-14,0.,1.));
#9885=DIRECTION('center_axis',(-1.51323043476125E-14,8.62441148551927E-16,
1.));
#9886=DIRECTION('ref_axis',(0.534509921211836,0.8451621998919,7.36590275953156E-15));
#9887=DIRECTION('center_axis',(-1.51323043476125E-14,8.62441148551927E-16,
1.));
#9888=DIRECTION('ref_axis',(1.,0.,1.60949205216632E-14));
#9889=DIRECTION('center_axis',(1.51323043476125E-14,-8.62441148551927E-16,
-1.));
#9890=DIRECTION('ref_axis',(-0.184831210912325,-0.982770280112643,-1.94592377179434E-15));
#9891=DIRECTION('center_axis',(-0.0157113244092311,0.999876569525113,-1.046584446389E-16));
#9892=DIRECTION('ref_axis',(-0.999876569525113,-0.0157113244092311,0.));
#9893=DIRECTION('center_axis',(-0.469387708828496,-0.882992173691667,-6.25350050180925E-15));
#9894=DIRECTION('ref_axis',(-0.882992173691667,0.469387708828496,0.));
#9895=DIRECTION('center_axis',(0.,0.,1.));
#9896=DIRECTION('ref_axis',(-0.707106781186551,0.707106781186544,0.));
#9897=DIRECTION('center_axis',(0.70710678118655,0.707106781186545,1.00903170346601E-14));
#9898=DIRECTION('ref_axis',(-0.499999999999984,0.499999999999984,0.707106781186569));
#9899=DIRECTION('',(-0.70710678118655,-0.707106781186545,-1.00903170346601E-14));
#9900=DIRECTION('center_axis',(1.51323043476125E-14,-8.62441148551927E-16,
-1.));
#9901=DIRECTION('ref_axis',(0.972140547444677,0.234398711630342,1.60949205216631E-14));
#9902=DIRECTION('center_axis',(0.774310936345171,-0.632805320660521,1.20352096165001E-14));
#9903=DIRECTION('ref_axis',(-1.55431223447619E-14,0.,1.));
#9904=DIRECTION('center_axis',(0.30745080099277,-0.951563978389737,4.77874541482567E-15));
#9905=DIRECTION('ref_axis',(-1.55431223447619E-14,0.,1.));
#9906=DIRECTION('center_axis',(-1.51323043476125E-14,8.62441148551927E-16,
1.));
#9907=DIRECTION('ref_axis',(-0.82586083297282,-0.563873997060904,-1.20630001714084E-14));
#9908=DIRECTION('center_axis',(0.307450800992773,-0.951563978389736,5.47310702298296E-15));
#9909=DIRECTION('ref_axis',(-0.672857341852209,-0.217400546263207,0.707106781186575));
#9910=DIRECTION('',(0.307450800992773,-0.951563978389736,5.47310702298296E-15));
#9911=DIRECTION('center_axis',(0.,0.,-1.));
#9912=DIRECTION('ref_axis',(-0.78631829274079,-0.617821610581249,0.));
#9913=DIRECTION('',(0.,0.,-1.));
#9914=DIRECTION('',(0.,0.,-1.));
#9915=DIRECTION('center_axis',(1.27861069610192E-14,1.59113361945412E-13,
1.));
#9916=DIRECTION('ref_axis',(-0.382683432365099,0.923879532511283,-1.42108547151996E-13));
#9917=DIRECTION('center_axis',(0.36812082651694,0.929777961173787,6.53913947909031E-15));
#9918=DIRECTION('ref_axis',(-0.929777961173787,0.36812082651694,0.));
#9919=DIRECTION('center_axis',(-0.771564172778857,-0.636151497116904,-1.37057329535209E-14));
#9920=DIRECTION('ref_axis',(-0.636151497116904,0.771564172778857,0.));
#9921=DIRECTION('center_axis',(-0.0801002670737407,-0.9967868113166,-3.52431657271585E-16));
#9922=DIRECTION('ref_axis',(-0.704834713679309,0.0566394420227005,0.707106781186521));
#9923=DIRECTION('',(-0.0801002670737407,-0.9967868113166,-3.52431657271585E-16));
#9924=DIRECTION('center_axis',(0.0801002670737371,0.9967868113166,1.2450082509744E-15));
#9925=DIRECTION('ref_axis',(-0.996786811316601,0.0801002670737371,0.));
#9926=DIRECTION('center_axis',(-0.473205913759705,0.880951850660888,-7.35509741182985E-15));
#9927=DIRECTION('ref_axis',(-0.880951850660888,-0.473205913759705,0.));
#9928=DIRECTION('center_axis',(-1.51323043476125E-14,8.62441148551927E-16,
1.));
#9929=DIRECTION('ref_axis',(-0.978781156903,-0.204908386581968,-1.46250533051589E-14));
#9930=DIRECTION('center_axis',(1.51323043476125E-14,-8.62441148551927E-16,
-1.));
#9931=DIRECTION('ref_axis',(0.987841258017102,-0.155465909315157,1.60949205216632E-14));
#9932=DIRECTION('center_axis',(0.,0.,1.));
#9933=DIRECTION('ref_axis',(0.631744302695388,0.775176841767037,0.));
#9934=DIRECTION('center_axis',(0.994741809981224,0.102414508128872,1.67605406161324E-14));
#9935=DIRECTION('ref_axis',(-0.102414508128872,0.994741809981224,0.));
#9936=DIRECTION('center_axis',(-0.923497314843687,0.383604887190583,-1.77611275746071E-14));
#9937=DIRECTION('ref_axis',(0.383604887190583,0.923497314843687,0.));
#9938=DIRECTION('center_axis',(0.923879532511283,0.3826834323651,1.36503843275499E-14));
#9939=DIRECTION('ref_axis',(-0.2705980500731,0.653281482438156,0.707106781186576));
#9940=DIRECTION('',(-0.923879532511283,-0.3826834323651,-1.36503843275499E-14));
#9941=DIRECTION('center_axis',(-1.51323043476125E-14,8.62441148551927E-16,
1.));
#9942=DIRECTION('ref_axis',(1.,0.,1.60949205216632E-14));
#9943=DIRECTION('center_axis',(0.334753817760901,-0.942305620005793,4.4598167527128E-15));
#9944=DIRECTION('ref_axis',(0.942305620005793,0.334753817760901,7.10542735760102E-14));
#9945=DIRECTION('center_axis',(1.51323043476125E-14,-8.62441148551927E-16,
-1.));
#9946=DIRECTION('ref_axis',(-0.546851676751091,-0.837229504756325,-7.56443607063717E-15));
#9947=DIRECTION('center_axis',(0.775176841767013,-0.631744302695418,1.20486684904065E-14));
#9948=DIRECTION('ref_axis',(0.631744302695418,0.775176841767013,0.));
#9949=DIRECTION('center_axis',(-1.51323043476125E-14,8.62441148551927E-16,
1.));
#9950=DIRECTION('ref_axis',(0.817252347691696,0.576279966849804,1.18494957435942E-14));
#9951=DIRECTION('center_axis',(0.775176841767031,-0.631744302695396,1.22750541748475E-14));
#9952=DIRECTION('ref_axis',(0.446710680411855,0.548132801432218,0.70710678118658));
#9953=DIRECTION('',(-0.775176841767031,0.631744302695396,-1.22750541748475E-14));
#9954=DIRECTION('center_axis',(0.,0.,-1.));
#9955=DIRECTION('ref_axis',(-0.9967868113166,0.0801002670737486,0.));
#9956=DIRECTION('',(0.,0.,-1.));
#9957=DIRECTION('center_axis',(-0.9967868113166,0.0801002670737407,0.));
#9958=DIRECTION('ref_axis',(0.0801002670737407,0.9967868113166,0.));
#9959=DIRECTION('',(0.,0.,-1.));
#9960=DIRECTION('center_axis',(0.,0.,-1.));
#9961=DIRECTION('ref_axis',(-0.382683432365123,0.923879532511273,0.));
#9962=DIRECTION('',(0.,0.,-1.));
#9963=DIRECTION('center_axis',(-0.3826834323651,0.923879532511283,0.));
#9964=DIRECTION('ref_axis',(0.923879532511283,0.3826834323651,0.));
#9965=DIRECTION('',(0.,0.,-1.));
#9966=DIRECTION('center_axis',(0.,0.,-1.));
#9967=DIRECTION('ref_axis',(0.631744302695336,0.775176841767079,0.));
#9968=DIRECTION('',(0.,0.,-1.));
#9969=DIRECTION('center_axis',(0.631744302695396,0.775176841767031,0.));
#9970=DIRECTION('ref_axis',(0.775176841767031,-0.631744302695396,0.));
#9971=DIRECTION('',(0.,0.,-1.));
#9972=DIRECTION('center_axis',(0.,0.,-1.));
#9973=DIRECTION('ref_axis',(0.942305620005783,0.334753817760928,0.));
#9974=DIRECTION('',(0.,0.,-1.));
#9975=DIRECTION('center_axis',(0.,0.,-1.));
#9976=DIRECTION('ref_axis',(-0.962893471228996,-0.269881757561669,0.));
#9977=DIRECTION('',(0.,0.,-1.));
#9978=DIRECTION('center_axis',(0.,0.,-1.));
#9979=DIRECTION('ref_axis',(1.,0.,0.));
#9980=DIRECTION('center_axis',(0.,0.,-1.));
#9981=DIRECTION('ref_axis',(1.,0.,0.));
#9982=DIRECTION('center_axis',(0.,0.,-1.));
#9983=DIRECTION('ref_axis',(1.,0.,0.));
#9984=DIRECTION('center_axis',(0.,0.,-1.));
#9985=DIRECTION('ref_axis',(1.,0.,0.));
#9986=DIRECTION('center_axis',(0.,0.,-1.));
#9987=DIRECTION('ref_axis',(1.,0.,0.));
#9988=DIRECTION('center_axis',(0.,0.,-1.));
#9989=DIRECTION('ref_axis',(1.,0.,0.));
#9990=DIRECTION('center_axis',(0.,0.,-1.));
#9991=DIRECTION('ref_axis',(1.,0.,0.));
#9992=DIRECTION('center_axis',(0.,0.,-1.));
#9993=DIRECTION('ref_axis',(1.,0.,0.));
#9994=DIRECTION('center_axis',(0.,0.,-1.));
#9995=DIRECTION('ref_axis',(1.,0.,0.));
#9996=DIRECTION('center_axis',(0.,0.,-1.));
#9997=DIRECTION('ref_axis',(1.,0.,0.));
#9998=DIRECTION('center_axis',(0.,0.,-1.));
#9999=DIRECTION('ref_axis',(1.,0.,0.));
#10000=DIRECTION('center_axis',(0.,0.,-1.));
#10001=DIRECTION('ref_axis',(1.,0.,0.));
#10002=DIRECTION('center_axis',(0.,0.,-1.));
#10003=DIRECTION('ref_axis',(1.,0.,0.));
#10004=DIRECTION('center_axis',(0.,0.,-1.));
#10005=DIRECTION('ref_axis',(1.,0.,0.));
#10006=DIRECTION('center_axis',(0.,0.,-1.));
#10007=DIRECTION('ref_axis',(1.,0.,0.));
#10008=DIRECTION('center_axis',(0.,0.,-1.));
#10009=DIRECTION('ref_axis',(1.,0.,0.));
#10010=DIRECTION('center_axis',(0.,0.,-1.));
#10011=DIRECTION('ref_axis',(0.742472135715633,0.66987694966006,0.));
#10012=DIRECTION('',(0.,0.,-1.));
#10013=DIRECTION('center_axis',(0.287008296543552,0.957928096317865,0.));
#10014=DIRECTION('ref_axis',(0.957928096317865,-0.287008296543552,0.));
#10015=DIRECTION('',(0.,0.,-1.));
#10016=DIRECTION('center_axis',(0.,0.,-1.));
#10017=DIRECTION('ref_axis',(0.287008296543512,0.957928096317877,0.));
#10018=DIRECTION('',(0.,0.,-1.));
#10019=DIRECTION('center_axis',(-0.707106781186545,0.70710678118655,0.));
#10020=DIRECTION('ref_axis',(0.70710678118655,0.707106781186545,0.));
#10021=DIRECTION('',(0.,0.,-1.));
#10022=DIRECTION('center_axis',(0.,0.,-1.));
#10023=DIRECTION('ref_axis',(-0.707106781186592,0.707106781186503,0.));
#10024=DIRECTION('',(0.,0.,-1.));
#10025=DIRECTION('center_axis',(-0.951563978389736,-0.307450800992773,0.));
#10026=DIRECTION('ref_axis',(-0.307450800992773,0.951563978389736,0.));
#10027=DIRECTION('',(0.,0.,-1.));
#10028=DIRECTION('center_axis',(0.,0.,-1.));
#10029=DIRECTION('ref_axis',(-0.951563978389737,-0.307450800992769,0.));
#10030=DIRECTION('center_axis',(0.,0.,-1.));
#10031=DIRECTION('ref_axis',(-0.334753817760928,0.942305620005783,0.));
#10032=DIRECTION('',(0.,0.,-1.));
#10033=DIRECTION('center_axis',(-0.775176841767032,0.631744302695395,0.));
#10034=DIRECTION('ref_axis',(0.631744302695395,0.775176841767032,0.));
#10035=DIRECTION('',(0.,0.,-1.));
#10036=DIRECTION('center_axis',(0.,0.,-1.));
#10037=DIRECTION('ref_axis',(-0.775176841767065,0.631744302695353,0.));
#10038=DIRECTION('',(0.,0.,-1.));
#10039=DIRECTION('center_axis',(-0.923879532511286,-0.382683432365092,0.));
#10040=DIRECTION('ref_axis',(-0.382683432365092,0.923879532511286,0.));
#10041=DIRECTION('',(0.,0.,-1.));
#10042=DIRECTION('center_axis',(0.,0.,-1.));
#10043=DIRECTION('ref_axis',(-0.923879532511268,-0.382683432365136,0.));
#10044=DIRECTION('',(0.,0.,-1.));
#10045=DIRECTION('center_axis',(-0.0801002670737399,-0.9967868113166,0.));
#10046=DIRECTION('ref_axis',(-0.9967868113166,0.0801002670737399,0.));
#10047=DIRECTION('',(0.,0.,-1.));
#10048=DIRECTION('center_axis',(0.,0.,-1.));
#10049=DIRECTION('ref_axis',(-0.0801002670737619,-0.996786811316599,0.));
#10050=DIRECTION('center_axis',(0.,0.,-1.));
#10051=DIRECTION('ref_axis',(-0.669876949660062,0.742472135715631,0.));
#10052=DIRECTION('',(0.,0.,-1.));
#10053=DIRECTION('center_axis',(-0.957928096317865,0.287008296543552,0.));
#10054=DIRECTION('ref_axis',(0.287008296543552,0.957928096317865,0.));
#10055=DIRECTION('',(0.,0.,-1.));
#10056=DIRECTION('center_axis',(0.,0.,-1.));
#10057=DIRECTION('ref_axis',(-0.957928096317879,0.287008296543504,0.));
#10058=DIRECTION('',(0.,0.,-1.));
#10059=DIRECTION('center_axis',(-0.707106781186545,-0.70710678118655,0.));
#10060=DIRECTION('ref_axis',(-0.70710678118655,0.707106781186545,0.));
#10061=DIRECTION('',(0.,0.,-1.));
#10062=DIRECTION('center_axis',(0.,0.,-1.));
#10063=DIRECTION('ref_axis',(-0.707106781186499,-0.707106781186596,0.));
#10064=DIRECTION('',(0.,0.,-1.));
#10065=DIRECTION('center_axis',(0.307450800992773,-0.951563978389736,0.));
#10066=DIRECTION('ref_axis',(-0.951563978389736,-0.307450800992773,0.));
#10067=DIRECTION('',(0.,0.,-1.));
#10068=DIRECTION('center_axis',(0.,0.,-1.));
#10069=DIRECTION('ref_axis',(0.307450800992762,-0.95156397838974,0.));
#10070=DIRECTION('center_axis',(0.,0.,-1.));
#10071=DIRECTION('ref_axis',(0.669876949660056,-0.742472135715637,0.));
#10072=DIRECTION('',(0.,0.,-1.));
#10073=DIRECTION('center_axis',(0.957928096317865,-0.287008296543552,0.));
#10074=DIRECTION('ref_axis',(-0.287008296543552,-0.957928096317865,0.));
#10075=DIRECTION('',(0.,0.,-1.));
#10076=DIRECTION('center_axis',(0.,0.,-1.));
#10077=DIRECTION('ref_axis',(0.957928096317877,-0.287008296543512,0.));
#10078=DIRECTION('',(0.,0.,-1.));
#10079=DIRECTION('center_axis',(0.707106781186545,0.70710678118655,0.));
#10080=DIRECTION('ref_axis',(0.70710678118655,-0.707106781186545,0.));
#10081=DIRECTION('',(0.,0.,-1.));
#10082=DIRECTION('center_axis',(0.,0.,-1.));
#10083=DIRECTION('ref_axis',(0.707106781186503,0.707106781186592,0.));
#10084=DIRECTION('',(0.,0.,-1.));
#10085=DIRECTION('center_axis',(-0.307450800992771,0.951563978389737,0.));
#10086=DIRECTION('ref_axis',(0.951563978389737,0.307450800992771,0.));
#10087=DIRECTION('',(0.,0.,-1.));
#10088=DIRECTION('center_axis',(0.,0.,-1.));
#10089=DIRECTION('ref_axis',(-0.307450800992767,0.951563978389738,0.));
#10090=CARTESIAN_POINT('',(0.,0.,0.));
#10091=CARTESIAN_POINT('Origin',(32.0000004768317,30.0000004470349,342.845894880273));
#10092=CARTESIAN_POINT('',(43.1000004768317,30.0000004470349,342.845894880273));
#10093=CARTESIAN_POINT('',(20.9000004768317,30.0000004470349,342.845894880272));
#10094=CARTESIAN_POINT('Origin',(32.0000004768317,30.0000004470349,342.845894880273));
#10095=CARTESIAN_POINT('',(19.9000004768317,30.0000004470349,343.845894880272));
#10096=CARTESIAN_POINT('Origin',(19.9000004768317,30.0000004470349,342.845894880272));
#10097=CARTESIAN_POINT('Origin',(32.0000004768317,30.0000004470349,343.845894880273));
#10098=CARTESIAN_POINT('Origin',(32.0000004768317,30.0000004470349,342.845894880273));
#10099=CARTESIAN_POINT('Origin',(32.0000004768318,30.0000004470349,335.845894880273));
#10100=CARTESIAN_POINT('',(43.1000004768318,30.0000004470349,336.845894880273));
#10101=CARTESIAN_POINT('',(20.9000004768318,30.0000004470349,336.845894880273));
#10102=CARTESIAN_POINT('Origin',(32.0000004768318,30.0000004470349,336.845894880273));
#10103=CARTESIAN_POINT('',(43.1000004768318,30.0000004470349,335.845894880273));
#10104=CARTESIAN_POINT('Origin',(32.0000004768318,30.0000004470349,336.845894880273));
#10105=CARTESIAN_POINT('Origin',(32.0000004768317,30.0000004470348,343.845894880273));
#10106=CARTESIAN_POINT('',(25.2627152045908,74.492797472625,343.845894880273));
#10107=CARTESIAN_POINT('',(18.9191104671934,73.0568270434712,343.845894880272));
#10108=CARTESIAN_POINT('Origin',(32.0000004768372,30.0000004470347,343.845894880273));
#10109=CARTESIAN_POINT('',(15.2473475458779,76.7364035135889,343.845894880272));
#10110=CARTESIAN_POINT('Origin',(20.9610391370156,78.7661909127449,343.845894880272));
#10111=CARTESIAN_POINT('',(15.1541791506848,76.8685304207908,343.845894880272));
#10112=CARTESIAN_POINT('Origin',(14.9646558598761,76.6359773682606,343.845894880272));
#10113=CARTESIAN_POINT('',(11.4247994250076,79.90785547198,343.845894880272));
#10114=CARTESIAN_POINT('',(29.7111806731114,65.0050403361824,343.845894880273));
#10115=CARTESIAN_POINT('',(8.8460002928836,78.8396818968182,343.845894880272));
#10116=CARTESIAN_POINT('',(9.95259335725576,79.2980477521092,343.845894880272));
#10117=CARTESIAN_POINT('',(8.4462380089812,73.8649447727977,343.845894880272));
#10118=CARTESIAN_POINT('',(6.7706471426368,53.0134927395971,343.845894880272));
#10119=CARTESIAN_POINT('',(8.48098849717791,73.6989529185476,343.845894880272));
#10120=CARTESIAN_POINT('Origin',(8.74527405237614,73.8409146926755,343.845894880272));
#10121=CARTESIAN_POINT('',(8.7489042278429,68.5277375103506,343.845894880272));
#10122=CARTESIAN_POINT('Origin',(3.13931688400494,70.829658081583,343.845894880272));
#10123=CARTESIAN_POINT('',(3.43769974122311,64.7734813870893,343.845894880272));
#10124=CARTESIAN_POINT('Origin',(32.0000004768372,30.0000004470347,343.845894880273));
#10125=CARTESIAN_POINT('',(-1.36267982324854,66.7678439385813,343.845894880272));
#10126=CARTESIAN_POINT('Origin',(3.13931688400494,70.829658081583,343.845894880272));
#10127=CARTESIAN_POINT('',(-1.49931897500018,66.8542592825787,343.845894880272));
#10128=CARTESIAN_POINT('Origin',(-1.58542146396332,66.5668808536832,343.845894880272));
#10129=CARTESIAN_POINT('',(-6.10791591517821,68.2350576560063,343.845894880272));
#10130=CARTESIAN_POINT('',(16.489557891712,61.4645469168047,343.845894880272));
#10131=CARTESIAN_POINT('',(-8.08164332170088,66.2613302494836,343.845894880272));
#10132=CARTESIAN_POINT('',(-7.2346936574895,67.108279913695,343.845894880272));
#10133=CARTESIAN_POINT('',(-6.54722603593403,61.5122900380431,343.845894880272));
#10134=CARTESIAN_POINT('',(-0.11576490835159,41.606839417457,343.845894880272));
#10135=CARTESIAN_POINT('',(-6.45159843861526,61.3722319974374,343.845894880272));
#10136=CARTESIAN_POINT('Origin',(-6.26175684241715,61.6045252783409,343.845894880272));
#10137=CARTESIAN_POINT('',(-4.225138116708,56.6971788349926,343.845894880272));
#10138=CARTESIAN_POINT('Origin',(-10.2886279147453,56.6771799973292,343.845894880272));
#10139=CARTESIAN_POINT('',(-7.69535961565085,51.1961884799738,343.845894880272));
#10140=CARTESIAN_POINT('Origin',(32.0000004768372,30.0000004470347,343.845894880273));
#10141=CARTESIAN_POINT('',(-12.893541550137,51.201713493317,343.845894880272));
#10142=CARTESIAN_POINT('Origin',(-10.2886279147453,56.6771799973292,343.845894880272));
#10143=CARTESIAN_POINT('',(-13.05284938623,51.2292613213433,343.845894880272));
#10144=CARTESIAN_POINT('Origin',(-13.0224227499239,50.93080827679,343.845894880272));
#10145=CARTESIAN_POINT('',(-17.839046433802,50.7413189816234,343.845894880272));
#10146=CARTESIAN_POINT('',(5.62925939138609,53.1338615242281,343.845894880272));
#10147=CARTESIAN_POINT('',(-18.9072200089637,48.1625198494994,343.845894880272));
#10148=CARTESIAN_POINT('',(-18.4488541536721,49.2691129138732,343.845894880272));
#10149=CARTESIAN_POINT('',(-15.6722242757583,44.362174872674,343.845894880272));
#10150=CARTESIAN_POINT('',(-2.11284280958384,28.4331500783269,343.845894880272));
#10151=CARTESIAN_POINT('',(-15.530278004143,44.2693732127655,343.845894880272));
#10152=CARTESIAN_POINT('Origin',(-15.4437820290477,44.5566334541709,343.845894880272));
#10153=CARTESIAN_POINT('',(-11.6842314920907,40.8022167605927,343.845894880272));
#10154=CARTESIAN_POINT('Origin',(-17.278512388248,38.4633431557779,343.845894880272));
#10155=CARTESIAN_POINT('',(-12.7851602377788,34.3919680887663,343.845894880272));
#10156=CARTESIAN_POINT('Origin',(32.0000004768372,30.0000004470347,343.845894880273));
#10157=CARTESIAN_POINT('',(-17.5897684643906,32.4078144307636,343.845894880272));
#10158=CARTESIAN_POINT('Origin',(-17.278512388248,38.4633431557779,343.845894880272));
#10159=CARTESIAN_POINT('',(-17.7474918109088,32.3723008357235,343.845894880272));
#10160=CARTESIAN_POINT('Origin',(-17.605168228893,32.1082099460619,343.845894880272));
#10161=CARTESIAN_POINT('',(-21.9826338523663,30.0899025808701,343.845894880272));
#10162=CARTESIAN_POINT('',(-1.21633283004277,41.2812554916218,343.845894880272));
#10163=CARTESIAN_POINT('',(-21.9826338523663,27.2986305141382,343.845894880272));
#10164=CARTESIAN_POINT('',(-21.9826338523663,28.4963982159151,343.845894880272));
#10165=CARTESIAN_POINT('',(-17.5395584467935,25.0255488444366,343.845894880272));
#10166=CARTESIAN_POINT('',(1.08345044584676,15.4979995042981,343.845894880272));
#10167=CARTESIAN_POINT('',(-17.3729035339888,24.9941317766973,343.845894880272));
#10168=CARTESIAN_POINT('Origin',(-17.4029214081168,25.2926262108712,343.845894880272));
#10169=CARTESIAN_POINT('',(-12.4927965487531,23.2627151747884,343.845894880272));
#10170=CARTESIAN_POINT('Origin',(-16.7661899888731,18.9610391072132,343.845894880272));
#10171=CARTESIAN_POINT('',(-11.0568261195994,16.919110437391,343.845894880272));
#10172=CARTESIAN_POINT('Origin',(32.0000004768372,30.0000004470347,343.845894880273));
#10173=CARTESIAN_POINT('',(-14.736402589717,13.2473475160755,343.845894880272));
#10174=CARTESIAN_POINT('Origin',(-16.7661899888731,18.9610391072132,343.845894880272));
#10175=CARTESIAN_POINT('',(-14.8685294969189,13.1541791208824,343.845894880272));
#10176=CARTESIAN_POINT('Origin',(-14.6359764443887,12.9646558300737,343.845894880272));
#10177=CARTESIAN_POINT('',(-17.9078545481081,9.4247993952052,343.845894880272));
#10178=CARTESIAN_POINT('',(-3.0050394123103,27.7111806433093,343.845894880272));
#10179=CARTESIAN_POINT('',(-16.8396809729464,6.84600026308119,343.845894880272));
#10180=CARTESIAN_POINT('',(-17.2980468282388,7.95259332745685,343.845894880272));
#10181=CARTESIAN_POINT('',(-11.8649438489258,6.4462379791788,343.845894880272));
#10182=CARTESIAN_POINT('',(8.9865081842719,4.77064711283464,343.845894880272));
#10183=CARTESIAN_POINT('',(-11.6989519946758,6.48098846737553,343.845894880272));
#10184=CARTESIAN_POINT('Origin',(-11.8409137688037,6.74527402257374,343.845894880272));
#10185=CARTESIAN_POINT('',(-6.52773658647875,6.74890419804051,343.845894880272));
#10186=CARTESIAN_POINT('Origin',(-8.82965715771115,1.13931685420256,343.845894880272));
#10187=CARTESIAN_POINT('',(-2.77348046321749,1.43769971142074,343.845894880272));
#10188=CARTESIAN_POINT('Origin',(32.0000004768372,30.0000004470347,343.845894880273));
#10189=CARTESIAN_POINT('',(-4.76784301470945,-3.36267985305093,343.845894880272));
#10190=CARTESIAN_POINT('Origin',(-8.82965715771115,1.13931685420256,343.845894880272));
#10191=CARTESIAN_POINT('',(-4.85425835870681,-3.49931900480257,343.845894880272));
#10192=CARTESIAN_POINT('Origin',(-4.56687992981135,-3.5854214937657,343.845894880272));
#10193=CARTESIAN_POINT('',(-6.23505673213442,-8.10791594498061,343.845894880272));
#10194=CARTESIAN_POINT('',(0.535454007067748,14.4895578619114,343.845894880272));
#10195=CARTESIAN_POINT('',(-4.26132932561175,-10.0816433515033,343.845894880272));
#10196=CARTESIAN_POINT('',(-5.1082789898257,-9.23469368728931,343.845894880272));
#10197=CARTESIAN_POINT('',(0.487710885828802,-8.54722606573641,343.845894880272));
#10198=CARTESIAN_POINT('',(20.3931615064133,-2.11576493815449,343.845894880273));
#10199=CARTESIAN_POINT('',(0.627768926434512,-8.45159846841766,343.845894880272));
#10200=CARTESIAN_POINT('Origin',(0.395475645530985,-8.26175687221953,343.845894880272));
#10201=CARTESIAN_POINT('',(5.30282208887925,-6.2251381465104,343.845894880272));
#10202=CARTESIAN_POINT('Origin',(5.32282092654264,-12.2886279445476,343.845894880272));
#10203=CARTESIAN_POINT('',(10.803812443898,-9.69535964545324,343.845894880272));
#10204=CARTESIAN_POINT('Origin',(32.0000004768372,30.0000004470347,343.845894880273));
#10205=CARTESIAN_POINT('',(10.7982874305549,-14.8935415799394,343.845894880272));
#10206=CARTESIAN_POINT('Origin',(5.32282092654264,-12.2886279445476,343.845894880272));
#10207=CARTESIAN_POINT('',(10.7707396025286,-15.0528494160324,343.845894880272));
#10208=CARTESIAN_POINT('Origin',(11.0691926470819,-15.0224227797263,343.845894880272));
#10209=CARTESIAN_POINT('',(11.2586819422485,-19.8390464636044,343.845894880272));
#10210=CARTESIAN_POINT('',(8.86613939964351,3.62925936158669,343.845894880272));
#10211=CARTESIAN_POINT('',(13.8374810743725,-20.9072200387661,343.845894880272));
#10212=CARTESIAN_POINT('',(12.7308880099955,-20.4488541834732,343.845894880272));
#10213=CARTESIAN_POINT('',(17.6378260511979,-17.6722243055607,343.845894880273));
#10214=CARTESIAN_POINT('',(33.5668508455447,-4.11284283938639,343.845894880273));
#10215=CARTESIAN_POINT('',(17.7306277111064,-17.5302780339454,343.845894880272));
#10216=CARTESIAN_POINT('Origin',(17.443367469701,-17.4437820588501,343.845894880272));
#10217=CARTESIAN_POINT('',(21.1977841632791,-13.6842315218931,343.845894880273));
#10218=CARTESIAN_POINT('Origin',(23.5366577680939,-19.2785124180504,343.845894880273));
#10219=CARTESIAN_POINT('',(27.6080328351056,-14.7851602675812,343.845894880273));
#10220=CARTESIAN_POINT('Origin',(32.0000004768372,30.0000004470347,343.845894880273));
#10221=CARTESIAN_POINT('',(29.5921864931083,-19.589768494193,343.845894880273));
#10222=CARTESIAN_POINT('Origin',(23.5366577680939,-19.2785124180504,343.845894880273));
#10223=CARTESIAN_POINT('',(29.6277000881484,-19.7474918407112,343.845894880273));
#10224=CARTESIAN_POINT('Origin',(29.8917909778099,-19.6051682586954,343.845894880273));
#10225=CARTESIAN_POINT('',(31.9100983430018,-23.9826338821687,343.845894880273));
#10226=CARTESIAN_POINT('',(20.7187454322483,-3.21633285984192,343.845894880273));
#10227=CARTESIAN_POINT('',(34.7013704097336,-23.9826338821687,343.845894880273));
#10228=CARTESIAN_POINT('',(33.5036027079541,-23.9826338821687,343.845894880273));
#10229=CARTESIAN_POINT('',(36.9744520794352,-19.5395584765959,343.845894880273));
#10230=CARTESIAN_POINT('',(46.5020014195743,-0.916549583954503,343.845894880273));
#10231=CARTESIAN_POINT('',(37.0058691471746,-19.3729035637912,343.845894880273));
#10232=CARTESIAN_POINT('Origin',(36.7073747130006,-19.4029214379192,343.845894880273));
#10233=CARTESIAN_POINT('',(38.7372857490834,-14.4927965785555,343.845894880273));
#10234=CARTESIAN_POINT('Origin',(43.0389618166587,-18.7661900186755,343.845894880273));
#10235=CARTESIAN_POINT('',(45.0808904864809,-13.0568261494018,343.845894880273));
#10236=CARTESIAN_POINT('Origin',(32.0000004768372,30.0000004470347,343.845894880273));
#10237=CARTESIAN_POINT('',(48.7526534077963,-16.7364026195195,343.845894880273));
#10238=CARTESIAN_POINT('Origin',(43.0389618166587,-18.7661900186755,343.845894880273));
#10239=CARTESIAN_POINT('',(48.8458218029895,-16.8685295267213,343.845894880273));
#10240=CARTESIAN_POINT('Origin',(49.0353450937982,-16.6359764741911,343.845894880273));
#10241=CARTESIAN_POINT('',(52.5752015286667,-19.9078545779105,343.845894880273));
#10242=CARTESIAN_POINT('',(34.2888202805596,-5.00503944211028,343.845894880273));
#10243=CARTESIAN_POINT('',(55.1540006607907,-18.8396810027488,343.845894880273));
#10244=CARTESIAN_POINT('',(54.0474075964137,-19.2980468580417,343.845894880273));
#10245=CARTESIAN_POINT('',(55.553762944693,-13.8649438787282,343.845894880273));
#10246=CARTESIAN_POINT('',(57.2293538110374,6.98650815447202,343.845894880273));
#10247=CARTESIAN_POINT('',(55.5190124564963,-13.6989520244782,343.845894880273));
#10248=CARTESIAN_POINT('Origin',(55.2547269012981,-13.840913798606,343.845894880273));
#10249=CARTESIAN_POINT('',(55.2510967258314,-8.52773661628118,343.845894880273));
#10250=CARTESIAN_POINT('Origin',(60.8606840696693,-10.8296571875135,343.845894880273));
#10251=CARTESIAN_POINT('',(60.5623012124512,-4.77348049301987,343.845894880273));
#10252=CARTESIAN_POINT('Origin',(32.0000004768372,30.0000004470347,343.845894880273));
#10253=CARTESIAN_POINT('',(65.3626807769228,-6.76784304451186,343.845894880273));
#10254=CARTESIAN_POINT('Origin',(60.8606840696693,-10.8296571875135,343.845894880273));
#10255=CARTESIAN_POINT('',(65.4993199286745,-6.85425838850921,343.845894880273));
#10256=CARTESIAN_POINT('Origin',(65.5854224176376,-6.56687995961374,343.845894880273));
#10257=CARTESIAN_POINT('',(70.1079168688525,-8.23505676193683,343.845894880273));
#10258=CARTESIAN_POINT('',(47.5104430619573,-1.46454602273368,343.845894880273));
#10259=CARTESIAN_POINT('',(72.0816442753752,-6.26132935541417,343.845894880273));
#10260=CARTESIAN_POINT('',(71.2346946111611,-7.1082790196282,343.845894880273));
#10261=CARTESIAN_POINT('',(70.5472269896083,-1.5122891439736,343.845894880273));
#10262=CARTESIAN_POINT('',(64.1157658620253,18.3931614766142,343.845894880273));
#10263=CARTESIAN_POINT('',(70.4515993922895,-1.37223110336788,343.845894880273));
#10264=CARTESIAN_POINT('Origin',(70.2617577960914,-1.6045243842714,343.845894880273));
#10265=CARTESIAN_POINT('',(68.2251390703823,3.30282205907679,343.845894880273));
#10266=CARTESIAN_POINT('Origin',(74.2886288684195,3.32282089674024,343.845894880273));
#10267=CARTESIAN_POINT('',(71.6953605693252,8.80381241409566,343.845894880273));
#10268=CARTESIAN_POINT('Origin',(32.0000004768372,30.0000004470347,343.845894880273));
#10269=CARTESIAN_POINT('',(76.8935425038113,8.79828740075245,343.845894880273));
#10270=CARTESIAN_POINT('Origin',(74.2886288684195,3.32282089674024,343.845894880273));
#10271=CARTESIAN_POINT('',(77.0528503399042,8.77073957272616,343.845894880273));
#10272=CARTESIAN_POINT('Origin',(77.0224237035981,9.06919261727952,343.845894880273));
#10273=CARTESIAN_POINT('',(81.8390473874763,9.25868191244607,343.845894880273));
#10274=CARTESIAN_POINT('',(58.3707415622828,6.86613936984085,343.845894880273));
#10275=CARTESIAN_POINT('',(82.907220962638,11.8374810445701,343.845894880273));
#10276=CARTESIAN_POINT('',(82.4488551073456,10.7308879801944,343.845894880273));
#10277=CARTESIAN_POINT('',(79.6722252294326,15.6378260213955,343.845894880273));
#10278=CARTESIAN_POINT('',(66.1128437632557,31.5668508157452,343.845894880273));
#10279=CARTESIAN_POINT('',(79.5302789578172,15.730627681304,343.845894880273));
#10280=CARTESIAN_POINT('Origin',(79.443782982722,15.4433674398986,343.845894880273));
#10281=CARTESIAN_POINT('',(75.684232445765,19.1977841334767,343.845894880273));
#10282=CARTESIAN_POINT('Origin',(81.2785133419223,21.5366577382915,343.845894880273));
#10283=CARTESIAN_POINT('',(76.7851611914531,25.6080328053032,343.845894880273));
#10284=CARTESIAN_POINT('Origin',(32.0000004768372,30.0000004470347,343.845894880273));
#10285=CARTESIAN_POINT('',(81.5897694180648,27.5921864633059,343.845894880273));
#10286=CARTESIAN_POINT('Origin',(81.2785133419223,21.5366577382915,343.845894880273));
#10287=CARTESIAN_POINT('',(81.7474927645831,27.627700058346,343.845894880273));
#10288=CARTESIAN_POINT('Origin',(81.6051691825672,27.8917909480076,343.845894880273));
#10289=CARTESIAN_POINT('',(85.9826348060406,29.9100983131994,343.845894880273));
#10290=CARTESIAN_POINT('',(65.2163337837129,18.7187454024454,343.845894880273));
#10291=CARTESIAN_POINT('',(85.9826348060406,32.7013703799312,343.845894880273));
#10292=CARTESIAN_POINT('',(85.9826348060406,31.5036026781544,343.845894880273));
#10293=CARTESIAN_POINT('',(81.5395594004677,34.9744520496328,343.845894880273));
#10294=CARTESIAN_POINT('',(62.9165505078231,44.5020013897735,343.845894880273));
#10295=CARTESIAN_POINT('',(81.3729044876631,35.0058691173722,343.845894880273));
#10296=CARTESIAN_POINT('Origin',(81.4029223617911,34.7073746831982,343.845894880273));
#10297=CARTESIAN_POINT('',(76.4927975024274,36.737285719281,343.845894880273));
#10298=CARTESIAN_POINT('Origin',(80.7661909425473,41.0389617868563,343.845894880273));
#10299=CARTESIAN_POINT('',(75.0568270732737,43.0808904566785,343.845894880273));
#10300=CARTESIAN_POINT('Origin',(32.0000004768372,30.0000004470347,343.845894880273));
#10301=CARTESIAN_POINT('',(78.7364035433913,46.7526533779939,343.845894880273));
#10302=CARTESIAN_POINT('Origin',(80.7661909425473,41.0389617868563,343.845894880273));
#10303=CARTESIAN_POINT('',(78.8685304505932,46.8458217731871,343.845894880273));
#10304=CARTESIAN_POINT('Origin',(78.635977398063,47.0353450639958,343.845894880273));
#10305=CARTESIAN_POINT('',(81.9078555017824,50.5752014988643,343.845894880273));
#10306=CARTESIAN_POINT('',(67.0050403659825,32.2888202507576,343.845894880273));
#10307=CARTESIAN_POINT('',(80.8396819266207,53.1540006309884,343.845894880274));
#10308=CARTESIAN_POINT('',(81.2980477819122,52.0474075666146,343.845894880273));
#10309=CARTESIAN_POINT('',(75.8649448026001,53.5537629148907,343.845894880273));
#10310=CARTESIAN_POINT('',(55.013492769397,55.2293537812352,343.845894880273));
#10311=CARTESIAN_POINT('',(75.69895294835,53.519012426694,343.845894880273));
#10312=CARTESIAN_POINT('Origin',(75.8409147224779,53.2547268714957,343.845894880273));
#10313=CARTESIAN_POINT('',(70.5277375401531,53.2510966960289,343.845894880273));
#10314=CARTESIAN_POINT('Origin',(72.8296581113854,58.8606840398669,343.845894880273));
#10315=CARTESIAN_POINT('',(66.7734814168918,58.5623011826488,343.845894880273));
#10316=CARTESIAN_POINT('Origin',(32.0000004768372,30.0000004470347,343.845894880273));
#10317=CARTESIAN_POINT('',(68.7678439683837,63.3626807471204,343.845894880273));
#10318=CARTESIAN_POINT('Origin',(72.8296581113854,58.8606840398669,343.845894880273));
#10319=CARTESIAN_POINT('',(68.8542593123811,63.499319898872,343.845894880273));
#10320=CARTESIAN_POINT('Origin',(68.5668808834856,63.5854223878352,343.845894880273));
#10321=CARTESIAN_POINT('',(70.2350576858087,68.1079168390501,343.845894880273));
#10322=CARTESIAN_POINT('',(63.4645469466061,45.5104430321567,343.845894880273));
#10323=CARTESIAN_POINT('',(68.261330279286,70.0816442455728,343.845894880273));
#10324=CARTESIAN_POINT('',(69.1082799434972,69.2346945813616,343.845894880273));
#10325=CARTESIAN_POINT('',(63.5122900678455,68.5472269598059,343.845894880273));
#10326=CARTESIAN_POINT('',(43.6068394472561,62.1157658322225,343.845894880273));
#10327=CARTESIAN_POINT('',(63.3722320272398,68.4515993624871,343.845894880273));
#10328=CARTESIAN_POINT('Origin',(63.6045253081433,68.261757766289,343.845894880273));
#10329=CARTESIAN_POINT('',(58.6971788647951,66.2251390405799,343.845894880273));
#10330=CARTESIAN_POINT('Origin',(58.6771800271317,72.2886288386171,343.845894880273));
#10331=CARTESIAN_POINT('',(53.1961885097763,69.6953605395227,343.845894880273));
#10332=CARTESIAN_POINT('Origin',(32.0000004768372,30.0000004470347,343.845894880273));
#10333=CARTESIAN_POINT('',(53.2017135231195,74.8935424740089,343.845894880273));
#10334=CARTESIAN_POINT('Origin',(58.6771800271317,72.2886288386171,343.845894880273));
#10335=CARTESIAN_POINT('',(53.2292613511457,75.0528503101018,343.845894880273));
#10336=CARTESIAN_POINT('Origin',(52.9308083065924,75.0224236737957,343.845894880273));
#10337=CARTESIAN_POINT('',(52.7413190114258,79.8390473576739,343.845894880273));
#10338=CARTESIAN_POINT('',(55.1338615540307,56.3707415324834,343.845894880273));
#10339=CARTESIAN_POINT('',(50.1625198793018,80.9072209328356,343.845894880273));
#10340=CARTESIAN_POINT('',(51.2691129436742,80.4488550775446,343.845894880273));
#10341=CARTESIAN_POINT('',(46.3621749024764,77.6722251996302,343.845894880273));
#10342=CARTESIAN_POINT('',(30.4331501081265,64.1128437334532,343.845894880273));
#10343=CARTESIAN_POINT('',(46.2693732425679,77.5302789280148,343.845894880273));
#10344=CARTESIAN_POINT('Origin',(46.5566334839733,77.4437829529196,343.845894880273));
#10345=CARTESIAN_POINT('',(42.8022167903952,73.6842324159626,343.845894880273));
#10346=CARTESIAN_POINT('Origin',(40.4633431855803,79.2785133121199,343.845894880273));
#10347=CARTESIAN_POINT('',(36.3919681185687,74.7851611616507,343.845894880273));
#10348=CARTESIAN_POINT('Origin',(32.0000004768372,30.0000004470347,343.845894880273));
#10349=CARTESIAN_POINT('',(34.407814460566,79.5897693882624,343.845894880273));
#10350=CARTESIAN_POINT('Origin',(40.4633431855803,79.2785133121199,343.845894880273));
#10351=CARTESIAN_POINT('',(34.3723008655259,79.7474927347807,343.845894880273));
#10352=CARTESIAN_POINT('Origin',(34.1082099758643,79.6051691527648,343.845894880273));
#10353=CARTESIAN_POINT('',(32.0899026106725,83.9826347762382,343.845894880273));
#10354=CARTESIAN_POINT('',(43.2812555214247,63.2163337539137,343.845894880273));
#10355=CARTESIAN_POINT('',(29.2986305439406,83.9826347762382,343.845894880273));
#10356=CARTESIAN_POINT('',(30.4963982457148,83.9826347762382,343.845894880273));
#10357=CARTESIAN_POINT('',(27.025548874239,79.5395593706654,343.845894880273));
#10358=CARTESIAN_POINT('',(17.4979995340989,60.9165504780219,343.845894880272));
#10359=CARTESIAN_POINT('',(26.9941318064997,79.3729044578607,343.845894880273));
#10360=CARTESIAN_POINT('Origin',(27.2926262406736,79.4029223319886,343.845894880273));
#10361=CARTESIAN_POINT('Origin',(20.9610391370156,78.7661909127449,343.845894880272));
#10362=CARTESIAN_POINT('Origin',(32.0000004768318,30.0000004470349,336.845894880273));
#10363=CARTESIAN_POINT('',(19.9000004768318,30.0000004470349,335.845894880272));
#10364=CARTESIAN_POINT('Origin',(32.0000004768318,30.0000004470349,335.845894880273));
#10365=CARTESIAN_POINT('Origin',(19.9000004768318,30.0000004470349,336.845894880273));
#10366=CARTESIAN_POINT('Origin',(32.0000004768318,30.0000004470348,335.845894880273));
#10367=CARTESIAN_POINT('',(36.3919681185687,74.7851611616507,335.845894880273));
#10368=CARTESIAN_POINT('',(42.8022167903952,73.6842324159626,335.845894880273));
#10369=CARTESIAN_POINT('Origin',(32.0000004768372,30.0000004470347,335.845894880273));
#10370=CARTESIAN_POINT('',(46.2693732425679,77.5302789280148,335.845894880273));
#10371=CARTESIAN_POINT('Origin',(40.4633431855804,79.2785133121199,335.845894880273));
#10372=CARTESIAN_POINT('',(46.3621749024764,77.6722251996302,335.845894880273));
#10373=CARTESIAN_POINT('Origin',(46.5566334839734,77.4437829529196,335.845894880273));
#10374=CARTESIAN_POINT('',(50.1625198793018,80.9072209328356,335.845894880273));
#10375=CARTESIAN_POINT('',(30.4331501081265,64.1128437334533,335.845894880273));
#10376=CARTESIAN_POINT('',(52.7413190114258,79.8390473576739,335.845894880273));
#10377=CARTESIAN_POINT('',(51.2691129436743,80.4488550775445,335.845894880273));
#10378=CARTESIAN_POINT('',(53.2292613511458,75.0528503101018,335.845894880273));
#10379=CARTESIAN_POINT('',(55.1338615540308,56.3707415324834,335.845894880273));
#10380=CARTESIAN_POINT('',(53.2017135231195,74.8935424740089,335.845894880273));
#10381=CARTESIAN_POINT('Origin',(52.9308083065924,75.0224236737957,335.845894880273));
#10382=CARTESIAN_POINT('',(53.1961885097763,69.6953605395227,335.845894880273));
#10383=CARTESIAN_POINT('Origin',(58.6771800271317,72.2886288386171,335.845894880273));
#10384=CARTESIAN_POINT('',(58.6971788647951,66.2251390405799,335.845894880273));
#10385=CARTESIAN_POINT('Origin',(32.0000004768372,30.0000004470347,335.845894880273));
#10386=CARTESIAN_POINT('',(63.3722320272398,68.4515993624871,335.845894880273));
#10387=CARTESIAN_POINT('Origin',(58.6771800271317,72.2886288386171,335.845894880273));
#10388=CARTESIAN_POINT('',(63.5122900678455,68.5472269598059,335.845894880273));
#10389=CARTESIAN_POINT('Origin',(63.6045253081433,68.261757766289,335.845894880273));
#10390=CARTESIAN_POINT('',(68.2613302792861,70.0816442455727,335.845894880273));
#10391=CARTESIAN_POINT('',(43.6068394472562,62.1157658322225,335.845894880273));
#10392=CARTESIAN_POINT('',(70.2350576858087,68.10791683905,335.845894880273));
#10393=CARTESIAN_POINT('',(69.1082799434973,69.2346945813615,335.845894880273));
#10394=CARTESIAN_POINT('',(68.8542593123811,63.499319898872,335.845894880273));
#10395=CARTESIAN_POINT('',(63.4645469466061,45.5104430321567,335.845894880273));
#10396=CARTESIAN_POINT('',(68.7678439683837,63.3626807471204,335.845894880273));
#10397=CARTESIAN_POINT('Origin',(68.5668808834857,63.5854223878352,335.845894880273));
#10398=CARTESIAN_POINT('',(66.7734814168918,58.5623011826487,335.845894880273));
#10399=CARTESIAN_POINT('Origin',(72.8296581113855,58.8606840398669,335.845894880273));
#10400=CARTESIAN_POINT('',(70.5277375401531,53.251096696029,335.845894880273));
#10401=CARTESIAN_POINT('Origin',(32.0000004768372,30.0000004470347,335.845894880273));
#10402=CARTESIAN_POINT('',(75.6989529483501,53.5190124266939,335.845894880273));
#10403=CARTESIAN_POINT('Origin',(72.8296581113855,58.8606840398669,335.845894880273));
#10404=CARTESIAN_POINT('',(75.8649448026001,53.5537629148907,335.845894880273));
#10405=CARTESIAN_POINT('Origin',(75.8409147224779,53.2547268714957,335.845894880273));
#10406=CARTESIAN_POINT('',(80.8396819266206,53.1540006309882,335.845894880273));
#10407=CARTESIAN_POINT('',(55.0134927693971,55.2293537812352,335.845894880273));
#10408=CARTESIAN_POINT('',(81.9078555017824,50.5752014988643,335.845894880273));
#10409=CARTESIAN_POINT('',(81.2980477819123,52.0474075666145,335.845894880273));
#10410=CARTESIAN_POINT('',(78.8685304505932,46.8458217731871,335.845894880273));
#10411=CARTESIAN_POINT('',(67.0050403659825,32.2888202507576,335.845894880273));
#10412=CARTESIAN_POINT('',(78.7364035433913,46.7526533779939,335.845894880273));
#10413=CARTESIAN_POINT('Origin',(78.635977398063,47.0353450639958,335.845894880273));
#10414=CARTESIAN_POINT('',(75.0568270732737,43.0808904566785,335.845894880273));
#10415=CARTESIAN_POINT('Origin',(80.7661909425474,41.0389617868563,335.845894880273));
#10416=CARTESIAN_POINT('',(76.4927975024274,36.7372857192811,335.845894880273));
#10417=CARTESIAN_POINT('Origin',(32.0000004768372,30.0000004470347,335.845894880273));
#10418=CARTESIAN_POINT('',(81.3729044876631,35.0058691173722,335.845894880273));
#10419=CARTESIAN_POINT('Origin',(80.7661909425474,41.0389617868563,335.845894880273));
#10420=CARTESIAN_POINT('',(81.5395594004678,34.9744520496328,335.845894880273));
#10421=CARTESIAN_POINT('Origin',(81.4029223617911,34.7073746831982,335.845894880273));
#10422=CARTESIAN_POINT('',(85.9826348060406,32.7013703799312,335.845894880273));
#10423=CARTESIAN_POINT('',(62.9165505078232,44.5020013897735,335.845894880273));
#10424=CARTESIAN_POINT('',(85.9826348060406,29.9100983131994,335.845894880274));
#10425=CARTESIAN_POINT('',(85.9826348060406,31.5036026781544,335.845894880273));
#10426=CARTESIAN_POINT('',(81.7474927645831,27.627700058346,335.845894880273));
#10427=CARTESIAN_POINT('',(65.216333783713,18.7187454024454,335.845894880273));
#10428=CARTESIAN_POINT('',(81.5897694180648,27.5921864633059,335.845894880273));
#10429=CARTESIAN_POINT('Origin',(81.6051691825673,27.8917909480076,335.845894880273));
#10430=CARTESIAN_POINT('',(76.7851611914531,25.6080328053031,335.845894880273));
#10431=CARTESIAN_POINT('Origin',(81.2785133419223,21.5366577382915,335.845894880273));
#10432=CARTESIAN_POINT('',(75.684232445765,19.1977841334767,335.845894880273));
#10433=CARTESIAN_POINT('Origin',(32.0000004768372,30.0000004470347,335.845894880273));
#10434=CARTESIAN_POINT('',(79.5302789578172,15.730627681304,335.845894880273));
#10435=CARTESIAN_POINT('Origin',(81.2785133419223,21.5366577382915,335.845894880273));
#10436=CARTESIAN_POINT('',(79.6722252294326,15.6378260213955,335.845894880273));
#10437=CARTESIAN_POINT('Origin',(79.443782982722,15.4433674398986,335.845894880273));
#10438=CARTESIAN_POINT('',(82.907220962638,11.8374810445701,335.845894880273));
#10439=CARTESIAN_POINT('',(66.1128437632558,31.5668508157452,335.845894880273));
#10440=CARTESIAN_POINT('',(81.8390473874763,9.25868191244606,335.845894880273));
#10441=CARTESIAN_POINT('',(82.4488551073456,10.7308879801945,335.845894880273));
#10442=CARTESIAN_POINT('',(77.0528503399043,8.77073957272615,335.845894880273));
#10443=CARTESIAN_POINT('',(58.3707415622829,6.86613936984086,335.845894880273));
#10444=CARTESIAN_POINT('',(76.8935425038113,8.79828740075247,335.845894880273));
#10445=CARTESIAN_POINT('Origin',(77.0224237035982,9.06919261727951,335.845894880273));
#10446=CARTESIAN_POINT('',(71.6953605693251,8.80381241409564,335.845894880273));
#10447=CARTESIAN_POINT('Origin',(74.2886288684195,3.32282089674024,335.845894880273));
#10448=CARTESIAN_POINT('',(68.2251390703823,3.30282205907683,335.845894880273));
#10449=CARTESIAN_POINT('Origin',(32.0000004768372,30.0000004470347,335.845894880273));
#10450=CARTESIAN_POINT('',(70.4515993922895,-1.37223110336789,335.845894880273));
#10451=CARTESIAN_POINT('Origin',(74.2886288684195,3.32282089674024,335.845894880273));
#10452=CARTESIAN_POINT('',(70.5472269896083,-1.51228914397359,335.845894880273));
#10453=CARTESIAN_POINT('Origin',(70.2617577960914,-1.6045243842714,335.845894880273));
#10454=CARTESIAN_POINT('',(72.0816442753752,-6.26132935541416,335.845894880273));
#10455=CARTESIAN_POINT('',(64.1157658620254,18.3931614766142,335.845894880273));
#10456=CARTESIAN_POINT('',(70.1079168688525,-8.23505676193681,335.845894880273));
#10457=CARTESIAN_POINT('',(71.2346946111612,-7.10827901962816,335.845894880273));
#10458=CARTESIAN_POINT('',(65.4993199286745,-6.8542583885092,335.845894880273));
#10459=CARTESIAN_POINT('',(47.5104430619574,-1.4645460227337,335.845894880273));
#10460=CARTESIAN_POINT('',(65.3626807769228,-6.76784304451184,335.845894880273));
#10461=CARTESIAN_POINT('Origin',(65.5854224176376,-6.56687995961374,335.845894880273));
#10462=CARTESIAN_POINT('',(60.5623012124512,-4.77348049301988,335.845894880273));
#10463=CARTESIAN_POINT('Origin',(60.8606840696694,-10.8296571875135,335.845894880273));
#10464=CARTESIAN_POINT('',(55.2510967258314,-8.52773661628115,335.845894880273));
#10465=CARTESIAN_POINT('Origin',(32.0000004768372,30.0000004470347,335.845894880273));
#10466=CARTESIAN_POINT('',(55.5190124564964,-13.6989520244782,335.845894880273));
#10467=CARTESIAN_POINT('Origin',(60.8606840696694,-10.8296571875135,335.845894880273));
#10468=CARTESIAN_POINT('',(55.5537629446931,-13.8649438787282,335.845894880273));
#10469=CARTESIAN_POINT('Origin',(55.2547269012982,-13.840913798606,335.845894880273));
#10470=CARTESIAN_POINT('',(55.1540006607907,-18.8396810027488,335.845894880273));
#10471=CARTESIAN_POINT('',(57.2293538110375,6.98650815447202,335.845894880273));
#10472=CARTESIAN_POINT('',(52.5752015286667,-19.9078545779105,335.845894880273));
#10473=CARTESIAN_POINT('',(54.0474075964138,-19.2980468580417,335.845894880273));
#10474=CARTESIAN_POINT('',(48.8458218029895,-16.8685295267213,335.845894880273));
#10475=CARTESIAN_POINT('',(34.2888202805597,-5.00503944211033,335.845894880273));
#10476=CARTESIAN_POINT('',(48.7526534077964,-16.7364026195194,335.845894880273));
#10477=CARTESIAN_POINT('Origin',(49.0353450937982,-16.6359764741911,335.845894880273));
#10478=CARTESIAN_POINT('',(45.0808904864809,-13.0568261494018,335.845894880273));
#10479=CARTESIAN_POINT('Origin',(43.0389618166587,-18.7661900186755,335.845894880273));
#10480=CARTESIAN_POINT('',(38.7372857490835,-14.4927965785555,335.845894880273));
#10481=CARTESIAN_POINT('Origin',(32.0000004768372,30.0000004470347,335.845894880273));
#10482=CARTESIAN_POINT('',(37.0058691471746,-19.3729035637912,335.845894880273));
#10483=CARTESIAN_POINT('Origin',(43.0389618166587,-18.7661900186755,335.845894880273));
#10484=CARTESIAN_POINT('',(36.9744520794353,-19.5395584765959,335.845894880273));
#10485=CARTESIAN_POINT('Origin',(36.7073747130007,-19.4029214379192,335.845894880273));
#10486=CARTESIAN_POINT('',(34.7013704097336,-23.9826338821687,335.845894880273));
#10487=CARTESIAN_POINT('',(46.5020014195743,-0.916549583954473,335.845894880273));
#10488=CARTESIAN_POINT('',(31.9100983430018,-23.9826338821687,335.845894880273));
#10489=CARTESIAN_POINT('',(33.5036027079542,-23.9826338821687,335.845894880273));
#10490=CARTESIAN_POINT('',(29.6277000881484,-19.7474918407112,335.845894880273));
#10491=CARTESIAN_POINT('',(20.7187454322483,-3.21633285984197,335.845894880273));
#10492=CARTESIAN_POINT('',(29.5921864931083,-19.5897684941929,335.845894880273));
#10493=CARTESIAN_POINT('Origin',(29.89179097781,-19.6051682586954,335.845894880273));
#10494=CARTESIAN_POINT('',(27.6080328351056,-14.7851602675812,335.845894880273));
#10495=CARTESIAN_POINT('Origin',(23.536657768094,-19.2785124180504,335.845894880273));
#10496=CARTESIAN_POINT('',(21.1977841632791,-13.6842315218931,335.845894880273));
#10497=CARTESIAN_POINT('Origin',(32.0000004768372,30.0000004470347,335.845894880273));
#10498=CARTESIAN_POINT('',(17.7306277111064,-17.5302780339454,335.845894880272));
#10499=CARTESIAN_POINT('Origin',(23.536657768094,-19.2785124180504,335.845894880273));
#10500=CARTESIAN_POINT('',(17.637826051198,-17.6722243055607,335.845894880272));
#10501=CARTESIAN_POINT('Origin',(17.443367469701,-17.4437820588501,335.845894880272));
#10502=CARTESIAN_POINT('',(13.8374810743725,-20.9072200387661,335.845894880272));
#10503=CARTESIAN_POINT('',(33.5668508455448,-4.11284283938635,335.845894880273));
#10504=CARTESIAN_POINT('',(11.2586819422485,-19.8390464636044,335.845894880272));
#10505=CARTESIAN_POINT('',(12.7308880099956,-20.4488541834732,335.845894880272));
#10506=CARTESIAN_POINT('',(10.7707396025286,-15.0528494160324,335.845894880272));
#10507=CARTESIAN_POINT('',(8.86613939964354,3.62925936158668,335.845894880272));
#10508=CARTESIAN_POINT('',(10.7982874305549,-14.8935415799394,335.845894880272));
#10509=CARTESIAN_POINT('Origin',(11.069192647082,-15.0224227797263,335.845894880272));
#10510=CARTESIAN_POINT('',(10.8038124438981,-9.69535964545327,335.845894880272));
#10511=CARTESIAN_POINT('Origin',(5.32282092654268,-12.2886279445476,335.845894880272));
#10512=CARTESIAN_POINT('',(5.30282208887925,-6.2251381465104,335.845894880272));
#10513=CARTESIAN_POINT('Origin',(32.0000004768372,30.0000004470347,335.845894880273));
#10514=CARTESIAN_POINT('',(0.627768926434543,-8.45159846841767,335.845894880272));
#10515=CARTESIAN_POINT('Origin',(5.32282092654268,-12.2886279445476,335.845894880272));
#10516=CARTESIAN_POINT('',(0.487710885828832,-8.54722606573642,335.845894880272));
#10517=CARTESIAN_POINT('Origin',(0.395475645531016,-8.26175687221953,335.845894880272));
#10518=CARTESIAN_POINT('',(-4.26132932561171,-10.0816433515033,335.845894880272));
#10519=CARTESIAN_POINT('',(20.3931615064134,-2.11576493815447,335.845894880273));
#10520=CARTESIAN_POINT('',(-6.23505673213441,-8.1079159449806,335.845894880272));
#10521=CARTESIAN_POINT('',(-5.10827898982562,-9.23469368728936,335.845894880272));
#10522=CARTESIAN_POINT('',(-4.85425835870678,-3.49931900480257,335.845894880272));
#10523=CARTESIAN_POINT('',(0.535454007067786,14.4895578619114,335.845894880272));
#10524=CARTESIAN_POINT('',(-4.76784301470942,-3.36267985305093,335.845894880272));
#10525=CARTESIAN_POINT('Origin',(-4.56687992981132,-3.58542149376571,335.845894880272));
#10526=CARTESIAN_POINT('',(-2.77348046321746,1.4376997114207,335.845894880272));
#10527=CARTESIAN_POINT('Origin',(-8.82965715771111,1.13931685420256,335.845894880272));
#10528=CARTESIAN_POINT('',(-6.52773658647876,6.74890419804052,335.845894880272));
#10529=CARTESIAN_POINT('Origin',(32.0000004768372,30.0000004470347,335.845894880273));
#10530=CARTESIAN_POINT('',(-11.6989519946757,6.48098846737552,335.845894880272));
#10531=CARTESIAN_POINT('Origin',(-8.82965715771111,1.13931685420256,335.845894880272));
#10532=CARTESIAN_POINT('',(-11.8649438489257,6.44623797917879,335.845894880272));
#10533=CARTESIAN_POINT('Origin',(-11.8409137688036,6.74527402257374,335.845894880272));
#10534=CARTESIAN_POINT('',(-16.8396809729464,6.8460002630811,335.845894880272));
#10535=CARTESIAN_POINT('',(8.98650818427203,4.77064711283463,335.845894880272));
#10536=CARTESIAN_POINT('',(-17.9078545481081,9.4247993952052,335.845894880272));
#10537=CARTESIAN_POINT('',(-17.2980468282387,7.95259332745681,335.845894880272));
#10538=CARTESIAN_POINT('',(-14.8685294969189,13.1541791208824,335.845894880272));
#10539=CARTESIAN_POINT('',(-3.00503941231024,27.7111806433094,335.845894880272));
#10540=CARTESIAN_POINT('',(-14.736402589717,13.2473475160755,335.845894880272));
#10541=CARTESIAN_POINT('Origin',(-14.6359764443887,12.9646558300737,335.845894880272));
#10542=CARTESIAN_POINT('',(-11.0568261195993,16.919110437391,335.845894880272));
#10543=CARTESIAN_POINT('Origin',(-16.766189988873,18.9610391072132,335.845894880272));
#10544=CARTESIAN_POINT('',(-12.4927965487531,23.2627151747884,335.845894880272));
#10545=CARTESIAN_POINT('Origin',(32.0000004768372,30.0000004470347,335.845894880273));
#10546=CARTESIAN_POINT('',(-17.3729035339888,24.9941317766973,335.845894880272));
#10547=CARTESIAN_POINT('Origin',(-16.766189988873,18.9610391072132,335.845894880272));
#10548=CARTESIAN_POINT('',(-17.5395584467934,25.0255488444366,335.845894880272));
#10549=CARTESIAN_POINT('Origin',(-17.4029214081168,25.2926262108712,335.845894880272));
#10550=CARTESIAN_POINT('',(-21.9826338523663,27.2986305141382,335.845894880272));
#10551=CARTESIAN_POINT('',(1.08345044584687,15.4979995042981,335.845894880272));
#10552=CARTESIAN_POINT('',(-21.9826338523663,30.0899025808701,335.845894880272));
#10553=CARTESIAN_POINT('',(-21.9826338523663,28.4963982159151,335.845894880272));
#10554=CARTESIAN_POINT('',(-17.7474918109088,32.3723008357235,335.845894880272));
#10555=CARTESIAN_POINT('',(-1.21633283004267,41.2812554916218,335.845894880272));
#10556=CARTESIAN_POINT('',(-17.5897684643905,32.4078144307636,335.845894880272));
#10557=CARTESIAN_POINT('Origin',(-17.6051682288929,32.1082099460619,335.845894880272));
#10558=CARTESIAN_POINT('',(-12.7851602377788,34.3919680887663,335.845894880272));
#10559=CARTESIAN_POINT('Origin',(-17.278512388248,38.4633431557779,335.845894880272));
#10560=CARTESIAN_POINT('',(-11.6842314920907,40.8022167605928,335.845894880272));
#10561=CARTESIAN_POINT('Origin',(32.0000004768372,30.0000004470347,335.845894880273));
#10562=CARTESIAN_POINT('',(-15.5302780041429,44.2693732127655,335.845894880272));
#10563=CARTESIAN_POINT('Origin',(-17.278512388248,38.4633431557779,335.845894880272));
#10564=CARTESIAN_POINT('',(-15.6722242757583,44.362174872674,335.845894880272));
#10565=CARTESIAN_POINT('Origin',(-15.4437820290477,44.5566334541709,335.845894880272));
#10566=CARTESIAN_POINT('',(-18.9072200089637,48.1625198494994,335.845894880272));
#10567=CARTESIAN_POINT('',(-2.11284280958376,28.4331500783269,335.845894880272));
#10568=CARTESIAN_POINT('',(-17.839046433802,50.7413189816234,335.845894880272));
#10569=CARTESIAN_POINT('',(-18.4488541536721,49.2691129138732,335.845894880272));
#10570=CARTESIAN_POINT('',(-13.0528493862299,51.2292613213433,335.845894880272));
#10571=CARTESIAN_POINT('',(5.62925939138621,53.1338615242281,335.845894880272));
#10572=CARTESIAN_POINT('',(-12.893541550137,51.201713493317,335.845894880272));
#10573=CARTESIAN_POINT('Origin',(-13.0224227499239,50.93080827679,335.845894880272));
#10574=CARTESIAN_POINT('',(-7.69535961565085,51.1961884799738,335.845894880272));
#10575=CARTESIAN_POINT('Origin',(-10.2886279147452,56.6771799973292,335.845894880272));
#10576=CARTESIAN_POINT('',(-4.22513811670797,56.6971788349927,335.845894880272));
#10577=CARTESIAN_POINT('Origin',(32.0000004768372,30.0000004470347,335.845894880273));
#10578=CARTESIAN_POINT('',(-6.45159843861523,61.3722319974374,335.845894880272));
#10579=CARTESIAN_POINT('Origin',(-10.2886279147452,56.6771799973292,335.845894880272));
#10580=CARTESIAN_POINT('',(-6.547226035934,61.5122900380431,335.845894880272));
#10581=CARTESIAN_POINT('Origin',(-6.26175684241711,61.6045252783409,335.845894880272));
#10582=CARTESIAN_POINT('',(-8.08164332170088,66.2613302494836,335.845894880272));
#10583=CARTESIAN_POINT('',(-0.115764908351548,41.6068394174569,335.845894880272));
#10584=CARTESIAN_POINT('',(-6.10791591517819,68.2350576560063,335.845894880272));
#10585=CARTESIAN_POINT('',(-7.23469365748943,67.1082799136951,335.845894880272));
#10586=CARTESIAN_POINT('',(-1.49931897500015,66.8542592825787,335.845894880272));
#10587=CARTESIAN_POINT('',(16.4895578917121,61.4645469168046,335.845894880272));
#10588=CARTESIAN_POINT('',(-1.36267982324851,66.7678439385813,335.845894880272));
#10589=CARTESIAN_POINT('Origin',(-1.58542146396329,66.5668808536832,335.845894880272));
#10590=CARTESIAN_POINT('',(3.43769974122311,64.7734813870893,335.845894880272));
#10591=CARTESIAN_POINT('Origin',(3.13931688400497,70.829658081583,335.845894880272));
#10592=CARTESIAN_POINT('',(8.74890422784294,68.5277375103506,335.845894880272));
#10593=CARTESIAN_POINT('Origin',(32.0000004768372,30.0000004470347,335.845894880273));
#10594=CARTESIAN_POINT('',(8.48098849717795,73.6989529185476,335.845894880272));
#10595=CARTESIAN_POINT('Origin',(3.13931688400497,70.829658081583,335.845894880272));
#10596=CARTESIAN_POINT('',(8.44623800898123,73.8649447727977,335.845894880272));
#10597=CARTESIAN_POINT('Origin',(8.74527405237617,73.8409146926755,335.845894880272));
#10598=CARTESIAN_POINT('',(8.8460002928836,78.8396818968182,335.845894880272));
#10599=CARTESIAN_POINT('',(6.77064714263683,53.0134927395971,335.845894880272));
#10600=CARTESIAN_POINT('',(11.4247994250076,79.90785547198,335.845894880272));
#10601=CARTESIAN_POINT('',(9.95259335725586,79.2980477521092,335.845894880272));
#10602=CARTESIAN_POINT('',(15.1541791506848,76.8685304207908,335.845894880272));
#10603=CARTESIAN_POINT('',(29.7111806731114,65.0050403361824,335.845894880273));
#10604=CARTESIAN_POINT('',(15.247347545878,76.7364035135889,335.845894880272));
#10605=CARTESIAN_POINT('Origin',(14.9646558598761,76.6359773682606,335.845894880272));
#10606=CARTESIAN_POINT('',(18.9191104671934,73.0568270434712,335.845894880272));
#10607=CARTESIAN_POINT('Origin',(20.9610391370156,78.7661909127449,335.845894880272));
#10608=CARTESIAN_POINT('',(25.2627152045909,74.492797472625,335.845894880273));
#10609=CARTESIAN_POINT('Origin',(32.0000004768372,30.0000004470347,335.845894880273));
#10610=CARTESIAN_POINT('',(26.9941318064997,79.3729044578607,335.845894880273));
#10611=CARTESIAN_POINT('Origin',(20.9610391370156,78.7661909127449,335.845894880272));
#10612=CARTESIAN_POINT('',(27.025548874239,79.5395593706653,335.845894880273));
#10613=CARTESIAN_POINT('Origin',(27.2926262406737,79.4029223319886,335.845894880273));
#10614=CARTESIAN_POINT('',(29.2986305439407,83.9826347762382,335.845894880273));
#10615=CARTESIAN_POINT('',(17.4979995340989,60.9165504780219,335.845894880272));
#10616=CARTESIAN_POINT('',(32.0899026106725,83.9826347762382,335.845894880273));
#10617=CARTESIAN_POINT('',(30.4963982457149,83.9826347762382,335.845894880273));
#10618=CARTESIAN_POINT('',(34.3723008655259,79.7474927347807,335.845894880273));
#10619=CARTESIAN_POINT('',(43.2812555214248,63.2163337539137,335.845894880273));
#10620=CARTESIAN_POINT('',(34.407814460566,79.5897693882624,335.845894880273));
#10621=CARTESIAN_POINT('Origin',(34.1082099758643,79.6051691527648,335.845894880273));
#10622=CARTESIAN_POINT('Origin',(40.4633431855804,79.2785133121199,335.845894880273));
#10623=CARTESIAN_POINT('Ctrl Pts',(53.7058852717283,80.2374569228146,336.845894880273));
#10624=CARTESIAN_POINT('Ctrl Pts',(53.7058852717283,80.2374569228146,336.621495405017));
#10625=CARTESIAN_POINT('Ctrl Pts',(53.5293623940313,80.1645449769639,336.097196953961));
#10626=CARTESIAN_POINT('Ctrl Pts',(53.0299165616417,79.9582512208135,335.845894880273));
#10627=CARTESIAN_POINT('Ctrl Pts',(52.7413190114258,79.8390473576739,335.845894880273));
#10628=CARTESIAN_POINT('Ctrl Pts',(53.6954870853059,80.3394521077034,336.845894880273));
#10629=CARTESIAN_POINT('Ctrl Pts',(53.6954870853059,80.3394521077034,336.607664315269));
#10630=CARTESIAN_POINT('Ctrl Pts',(53.491724845288,80.2331722257344,336.063786557413));
#10631=CARTESIAN_POINT('Ctrl Pts',(53.0124729560701,79.9816872857734,335.845894880273));
#10632=CARTESIAN_POINT('Ctrl Pts',(52.7413190114258,79.8390473576739,335.845894880273));
#10633=CARTESIAN_POINT('Ctrl Pts',(53.6205810980712,80.5117155388799,336.845894880273));
#10634=CARTESIAN_POINT('Ctrl Pts',(53.6205810980712,80.5117155388799,336.59660451817));
#10635=CARTESIAN_POINT('Ctrl Pts',(53.4132148456463,80.3522760828145,336.038088749067));
#10636=CARTESIAN_POINT('Ctrl Pts',(52.9819466463199,80.0227003994532,335.845894880273));
#10637=CARTESIAN_POINT('Ctrl Pts',(52.7413190114258,79.8390473576738,335.845894880273));
#10638=CARTESIAN_POINT('Ctrl Pts',(53.4708450126301,80.6192599941637,336.845894880273));
#10639=CARTESIAN_POINT('Ctrl Pts',(53.4708450126301,80.6192599941637,336.611184514817));
#10640=CARTESIAN_POINT('Ctrl Pts',(53.320641617255,80.4588153369173,336.072189381173));
#10641=CARTESIAN_POINT('Ctrl Pts',(52.9514203365697,80.0637135131331,335.845894880273));
#10642=CARTESIAN_POINT('Ctrl Pts',(52.7413190114258,79.8390473576739,335.845894880273));
#10643=CARTESIAN_POINT('Ctrl Pts',(53.3998052469887,80.6486856285601,336.845894880273));
#10644=CARTESIAN_POINT('Ctrl Pts',(53.3998052469887,80.6486856285601,336.621495405017));
#10645=CARTESIAN_POINT('Ctrl Pts',(53.2792973150723,80.5005157377476,336.097196953961));
#10646=CARTESIAN_POINT('Ctrl Pts',(52.938337632391,80.081290561853,335.845894880273));
#10647=CARTESIAN_POINT('Ctrl Pts',(52.7413190114258,79.8390473576739,335.845894880273));
#10648=CARTESIAN_POINT('',(53.7058852717283,80.2374569228146,336.845894880273));
#10649=CARTESIAN_POINT('Origin',(52.7413190114258,79.8390473576739,336.845894880273));
#10650=CARTESIAN_POINT('',(53.3998052469887,80.6486856285601,336.845894880273));
#10651=CARTESIAN_POINT('Origin',(52.7413190114258,79.8390473576739,336.845894880273));
#10652=CARTESIAN_POINT('Origin',(53.2084635308061,80.1867458623044,336.845894880273));
#10653=CARTESIAN_POINT('Ctrl Pts',(50.2626490496719,81.9481382727716,336.845894880273));
#10654=CARTESIAN_POINT('Ctrl Pts',(50.2626490496719,81.9481382727715,336.621495405016));
#10655=CARTESIAN_POINT('Ctrl Pts',(50.2443246824766,81.7576428208821,336.097196755856));
#10656=CARTESIAN_POINT('Ctrl Pts',(50.1924784570204,81.2186626726582,335.845894880273));
#10657=CARTESIAN_POINT('Ctrl Pts',(50.1625198793018,80.9072209328356,335.845894880273));
#10658=CARTESIAN_POINT('Ctrl Pts',(50.1660454714932,81.9881527850269,336.845894880273));
#10659=CARTESIAN_POINT('Ctrl Pts',(50.1660454714932,81.9881527850269,336.607039859692));
#10660=CARTESIAN_POINT('Ctrl Pts',(50.1647342765177,81.7562443217144,336.06248458297));
#10661=CARTESIAN_POINT('Ctrl Pts',(50.1631033915936,81.2140349035998,335.845894880273));
#10662=CARTESIAN_POINT('Ctrl Pts',(50.1625198793018,80.9072209328356,335.845894880273));
#10663=CARTESIAN_POINT('Ctrl Pts',(49.9747047852328,82.0030974972562,336.845894880273));
#10664=CARTESIAN_POINT('Ctrl Pts',(49.9747047852328,82.0030974972561,336.595451063176));
#10665=CARTESIAN_POINT('Ctrl Pts',(50.0201559115837,81.7418658374192,336.035762653771));
#10666=CARTESIAN_POINT('Ctrl Pts',(50.1116970270969,81.2059363077476,335.845894880273));
#10667=CARTESIAN_POINT('Ctrl Pts',(50.1625198793018,80.9072209328356,335.845894880273));
#10668=CARTESIAN_POINT('Ctrl Pts',(49.8069261911616,81.9177684963405,336.845894880273));
#10669=CARTESIAN_POINT('Ctrl Pts',(49.8069261911616,81.9177684963405,336.610721690546));
#10670=CARTESIAN_POINT('Ctrl Pts',(49.8803013787963,81.7088475060444,336.071216508676));
#10671=CARTESIAN_POINT('Ctrl Pts',(50.0602906626001,81.1978377118954,335.845894880273));
#10672=CARTESIAN_POINT('Ctrl Pts',(50.1625198793018,80.9072209328356,335.845894880273));
#10673=CARTESIAN_POINT('Ctrl Pts',(49.747209697661,81.8669355843669,336.845894880273));
#10674=CARTESIAN_POINT('Ctrl Pts',(49.747209697661,81.8669355843669,336.621495405016));
#10675=CARTESIAN_POINT('Ctrl Pts',(49.8232144846799,81.6913008156737,336.097196755856));
#10676=CARTESIAN_POINT('Ctrl Pts',(50.03825936353,81.1943668851016,335.845894880273));
#10677=CARTESIAN_POINT('Ctrl Pts',(50.1625198793018,80.9072209328356,335.845894880273));
#10678=CARTESIAN_POINT('',(50.2626490496719,81.9481382727716,336.845894880273));
#10679=CARTESIAN_POINT('Origin',(50.1625198793018,80.9072209328356,336.845894880273));
#10680=CARTESIAN_POINT('',(49.747209697661,81.8669355843669,336.845894880273));
#10681=CARTESIAN_POINT('Origin',(50.1625198793018,80.9072209328356,336.845894880273));
#10682=CARTESIAN_POINT('Origin',(50.0713073334893,81.4861985065158,336.845894880273));
#10683=CARTESIAN_POINT('Origin',(40.4633431855803,79.2785133121199,336.845894880273));
#10684=CARTESIAN_POINT('',(45.3118391045497,77.8185988449989,336.845894880273));
#10685=CARTESIAN_POINT('Origin',(46.2693732425679,77.5302789280148,336.845894880273));
#10686=CARTESIAN_POINT('',(40.3634646902166,74.2159756862118,336.845894880273));
#10687=CARTESIAN_POINT('Ctrl Pts',(40.3634646902167,74.2159756862118,336.845894880273));
#10688=CARTESIAN_POINT('Ctrl Pts',(40.3634646902168,74.2159756862118,336.828026533151));
#10689=CARTESIAN_POINT('Ctrl Pts',(40.3662956825988,74.2154404606363,336.810328710427));
#10690=CARTESIAN_POINT('Ctrl Pts',(40.3798142303908,74.2128807925899,336.766858638989));
#10691=CARTESIAN_POINT('Ctrl Pts',(40.3932470031667,74.2103349464563,336.742356171874));
#10692=CARTESIAN_POINT('Ctrl Pts',(40.432300272858,74.2029061540502,336.687188109286));
#10693=CARTESIAN_POINT('Ctrl Pts',(40.4664485520525,74.1964031836362,336.650298523107));
#10694=CARTESIAN_POINT('Ctrl Pts',(40.6234967803373,74.1661283222476,336.520079620218));
#10695=CARTESIAN_POINT('Ctrl Pts',(40.7715741787045,74.1370075788614,336.434004964389));
#10696=CARTESIAN_POINT('Ctrl Pts',(41.2178762827511,74.0470108124377,336.200060835121));
#10697=CARTESIAN_POINT('Ctrl Pts',(41.7722584676777,73.9304073097059,335.964119026517));
#10698=CARTESIAN_POINT('Ctrl Pts',(42.5226503380232,73.7526959345274,335.856274446291));
#10699=CARTESIAN_POINT('Ctrl Pts',(42.6667627479832,73.7177274277948,335.845894880273));
#10700=CARTESIAN_POINT('Ctrl Pts',(42.8022167903912,73.6842324159636,335.845894880273));
#10701=CARTESIAN_POINT('Origin',(40.4633431855803,79.2785133121199,336.845894880273));
#10702=CARTESIAN_POINT('Ctrl Pts',(45.3118391045497,77.8185988449989,336.845894880273));
#10703=CARTESIAN_POINT('Ctrl Pts',(45.4222846920862,78.1853977174664,336.845894880273));
#10704=CARTESIAN_POINT('Ctrl Pts',(45.7139796308198,78.4336993553322,336.845894880273));
#10705=CARTESIAN_POINT('Ctrl Pts',(45.3118391045496,77.818598844999,335.845894880273));
#10706=CARTESIAN_POINT('Ctrl Pts',(45.4222846920861,78.1853977174664,335.845894880273));
#10707=CARTESIAN_POINT('Ctrl Pts',(45.7139796308198,78.4336993553323,335.845894880273));
#10708=CARTESIAN_POINT('Ctrl Pts',(46.2693732425679,77.5302789280148,335.845894880273));
#10709=CARTESIAN_POINT('Ctrl Pts',(46.2948606858456,77.6149248216612,335.845894880273));
#10710=CARTESIAN_POINT('Ctrl Pts',(46.3621749024764,77.6722251996302,335.845894880273));
#10711=CARTESIAN_POINT('',(45.7139796308198,78.4336993553322,336.845894880273));
#10712=CARTESIAN_POINT('Origin',(46.3621749024764,77.6722251996302,336.845894880273));
#10713=CARTESIAN_POINT('Origin',(46.5566334839733,77.4437829529196,336.845894880273));
#10714=CARTESIAN_POINT('Origin',(30.4331501081265,64.1128437334533,336.845894880273));
#10715=CARTESIAN_POINT('',(29.7849548364699,64.8743178891553,336.845894880273));
#10716=CARTESIAN_POINT('Origin',(51.2691129436743,80.4488550775445,336.845894880273));
#10717=CARTESIAN_POINT('',(51.6517963760394,81.3727346100558,336.845894880273));
#10718=CARTESIAN_POINT('Origin',(55.1338615540307,56.3707415324834,336.845894880273));
#10719=CARTESIAN_POINT('',(54.2241048329899,75.1542724311222,336.845894880273));
#10720=CARTESIAN_POINT('',(56.1287050358749,56.4721636535038,336.845894880273));
#10721=CARTESIAN_POINT('Origin',(53.2292613511458,75.0528503101018,336.845894880273));
#10722=CARTESIAN_POINT('Ctrl Pts',(54.2241048329899,75.1542724311222,336.845894880273));
#10723=CARTESIAN_POINT('Ctrl Pts',(54.2609964382533,74.7924048951071,336.845894880273));
#10724=CARTESIAN_POINT('Ctrl Pts',(54.1047309115426,74.4639384747194,336.845894880273));
#10725=CARTESIAN_POINT('Ctrl Pts',(54.2241048329901,75.1542724311222,335.845894880273));
#10726=CARTESIAN_POINT('Ctrl Pts',(54.2609964382535,74.7924048951071,335.845894880273));
#10727=CARTESIAN_POINT('Ctrl Pts',(54.1047309115428,74.4639384747193,335.845894880273));
#10728=CARTESIAN_POINT('Ctrl Pts',(53.2292613511458,75.0528503101018,335.845894880273));
#10729=CARTESIAN_POINT('Ctrl Pts',(53.2377747985142,74.9693424171753,335.845894880273));
#10730=CARTESIAN_POINT('Ctrl Pts',(53.2017135231194,74.8935424740089,335.845894880273));
#10731=CARTESIAN_POINT('',(54.1047309115426,74.4639384747194,336.845894880273));
#10732=CARTESIAN_POINT('Origin',(53.2017135231194,74.8935424740089,336.845894880273));
#10733=CARTESIAN_POINT('Origin',(52.9308083065924,75.0224236737957,336.845894880273));
#10734=CARTESIAN_POINT('Origin',(58.6771800271317,72.2886288386171,336.845894880273));
#10735=CARTESIAN_POINT('',(55.3645475970779,68.4590427890646,336.845894880273));
#10736=CARTESIAN_POINT('Ctrl Pts',(53.1961885097767,69.6953605395225,335.845894880273));
#10737=CARTESIAN_POINT('Ctrl Pts',(53.3536972302331,69.6112553834578,335.845894880273));
#10738=CARTESIAN_POINT('Ctrl Pts',(53.5240420560508,69.5191016032186,335.862837645481));
#10739=CARTESIAN_POINT('Ctrl Pts',(54.2317542444209,69.1293720234849,336.006067060612));
#10740=CARTESIAN_POINT('Ctrl Pts',(54.7236602868257,68.8425074810657,336.250950552914));
#10741=CARTESIAN_POINT('Ctrl Pts',(55.1107679359742,68.6122830438142,336.504065154714));
#10742=CARTESIAN_POINT('Ctrl Pts',(55.2184184560446,68.5475231381098,336.585556233686));
#10743=CARTESIAN_POINT('Ctrl Pts',(55.3143564407254,68.489503197008,336.700738166671));
#10744=CARTESIAN_POINT('Ctrl Pts',(55.3335186824967,68.4778790379731,336.731299296601));
#10745=CARTESIAN_POINT('Ctrl Pts',(55.3557259535373,68.464402395232,336.783067232991));
#10746=CARTESIAN_POINT('Ctrl Pts',(55.3624146723503,68.4603385492515,336.807255300609));
#10747=CARTESIAN_POINT('Ctrl Pts',(55.3644058504722,68.4591289037306,336.837301251186));
#10748=CARTESIAN_POINT('Ctrl Pts',(55.3645475970778,68.4590427890647,336.841605187099));
#10749=CARTESIAN_POINT('Ctrl Pts',(55.3645475970778,68.4590427890647,336.845894880273));
#10750=CARTESIAN_POINT('Origin',(58.6771800271317,72.2886288386171,336.845894880273));
#10751=CARTESIAN_POINT('Origin',(40.4633431855803,79.2785133121199,345.845894880273));
#10752=CARTESIAN_POINT('',(40.3634646902166,74.2159756862118,342.845894880273));
#10753=CARTESIAN_POINT('',(40.3634646902166,74.2159756862118,345.845894880273));
#10754=CARTESIAN_POINT('',(45.3118391045497,77.8185988449989,342.845894880273));
#10755=CARTESIAN_POINT('Origin',(40.4633431855803,79.2785133121199,342.845894880273));
#10756=CARTESIAN_POINT('',(45.3118391045497,77.8185988449989,345.845894880273));
#10757=CARTESIAN_POINT('Ctrl Pts',(71.2786654513282,68.1068757546042,336.845894880273));
#10758=CARTESIAN_POINT('Ctrl Pts',(71.2786654513282,68.1068757546042,336.621495405017));
#10759=CARTESIAN_POINT('Ctrl Pts',(71.0876766533936,68.1070662816139,336.097197537352));
#10760=CARTESIAN_POINT('Ctrl Pts',(70.5473043990836,68.1076053473122,335.845894880273));
#10761=CARTESIAN_POINT('Ctrl Pts',(70.2350576858088,68.10791683905,335.845894880273));
#10762=CARTESIAN_POINT('Ctrl Pts',(71.3080906471553,68.2050862320082,336.845894880273));
#10763=CARTESIAN_POINT('Ctrl Pts',(71.3080906471553,68.2050862320082,336.607664315269));
#10764=CARTESIAN_POINT('Ctrl Pts',(71.0791664341513,68.1848727950389,336.063787632121));
#10765=CARTESIAN_POINT('Ctrl Pts',(70.5401572027028,68.1359328269043,335.845894880273));
#10766=CARTESIAN_POINT('Ctrl Pts',(70.2350576858088,68.10791683905,335.845894880273));
#10767=CARTESIAN_POINT('Ctrl Pts',(71.3048088560503,68.3929021566876,336.845894880273));
#10768=CARTESIAN_POINT('Ctrl Pts',(71.3048088560503,68.3929021566876,336.59660451817));
#10769=CARTESIAN_POINT('Ctrl Pts',(71.0522119470664,68.3249547568032,336.038090484128));
#10770=CARTESIAN_POINT('Ctrl Pts',(70.5276496090365,68.1855059161903,335.845894880273));
#10771=CARTESIAN_POINT('Ctrl Pts',(70.2350576858088,68.1079168390501,335.845894880273));
#10772=CARTESIAN_POINT('Ctrl Pts',(71.2076262764627,68.5495618107692,336.845894880273));
#10773=CARTESIAN_POINT('Ctrl Pts',(71.2076262764627,68.5495618107692,336.611184514817));
#10774=CARTESIAN_POINT('Ctrl Pts',(71.0074562575051,68.4588102937472,336.072190395859));
#10775=CARTESIAN_POINT('Ctrl Pts',(70.5151420153701,68.2350790054763,335.845894880273));
#10776=CARTESIAN_POINT('Ctrl Pts',(70.2350576858088,68.1079168390501,335.845894880273));
#10777=CARTESIAN_POINT('Ctrl Pts',(71.1532547937626,68.6039332934693,336.845894880273));
#10778=CARTESIAN_POINT('Ctrl Pts',(71.1532547937626,68.6039332934693,336.621495405017));
#10779=CARTESIAN_POINT('Ctrl Pts',(70.9852171768444,68.5131582058211,336.097197537352));
#10780=CARTESIAN_POINT('Ctrl Pts',(70.5097816180845,68.2563246151703,335.845894880273));
#10781=CARTESIAN_POINT('Ctrl Pts',(70.2350576858088,68.1079168390501,335.845894880273));
#10782=CARTESIAN_POINT('',(71.2786654513282,68.1068757546042,336.845894880273));
#10783=CARTESIAN_POINT('Origin',(70.2350576858087,68.1079168390501,336.845894880273));
#10784=CARTESIAN_POINT('',(71.1532547937626,68.6039332934693,336.845894880273));
#10785=CARTESIAN_POINT('Origin',(70.2350576858087,68.1079168390501,336.845894880273));
#10786=CARTESIAN_POINT('Origin',(70.7997014031693,68.250379902876,336.845894880273));
#10787=CARTESIAN_POINT('Ctrl Pts',(68.7521793908533,71.0050086963785,336.845894880273));
#10788=CARTESIAN_POINT('Ctrl Pts',(68.7521793908533,71.0050086963785,336.621495405017));
#10789=CARTESIAN_POINT('Ctrl Pts',(68.6623499694145,70.8360254132508,336.097197537352));
#10790=CARTESIAN_POINT('Ctrl Pts',(68.4081919900404,70.3579142432144,335.845894880273));
#10791=CARTESIAN_POINT('Ctrl Pts',(68.2613302792861,70.0816442455727,335.845894880273));
#10792=CARTESIAN_POINT('Ctrl Pts',(68.678242213101,71.0789458741309,336.845894880273));
#10793=CARTESIAN_POINT('Ctrl Pts',(68.678242213101,71.0789458741308,336.607039859692));
#10794=CARTESIAN_POINT('Ctrl Pts',(68.588282799866,70.8651910403682,336.062486060797));
#10795=CARTESIAN_POINT('Ctrl Pts',(68.379281997779,70.3648800929636,335.845894880273));
#10796=CARTESIAN_POINT('Ctrl Pts',(68.261330279286,70.0816442455727,335.845894880273));
#10797=CARTESIAN_POINT('Ctrl Pts',(68.5071855515359,71.1659758330524,336.845894880273));
#10798=CARTESIAN_POINT('Ctrl Pts',(68.5071855515359,71.1659758330524,336.595451063176));
#10799=CARTESIAN_POINT('Ctrl Pts',(68.4492077092275,70.907234999493,336.035765078446));
#10800=CARTESIAN_POINT('Ctrl Pts',(68.3286895113216,70.3770703300247,335.845894880273));
#10801=CARTESIAN_POINT('Ctrl Pts',(68.261330279286,70.0816442455728,335.845894880273));
#10802=CARTESIAN_POINT('Ctrl Pts',(68.3195243590934,71.1513482692289,336.845894880273));
#10803=CARTESIAN_POINT('Ctrl Pts',(68.3195243590934,71.1513482692289,336.610721690546));
#10804=CARTESIAN_POINT('Ctrl Pts',(68.3073635798257,70.9302499749088,336.071217903328));
#10805=CARTESIAN_POINT('Ctrl Pts',(68.2780970248641,70.3892605670858,335.845894880273));
#10806=CARTESIAN_POINT('Ctrl Pts',(68.261330279286,70.0816442455727,335.845894880273));
#10807=CARTESIAN_POINT('Ctrl Pts',(68.2449005997636,71.1272372949801,336.845894880273));
#10808=CARTESIAN_POINT('Ctrl Pts',(68.2449005997636,71.1272372949801,336.621495405017));
#10809=CARTESIAN_POINT('Ctrl Pts',(68.2479073661429,70.9358851737779,336.097197537352));
#10810=CARTESIAN_POINT('Ctrl Pts',(68.2564145306681,70.3944849543977,335.845894880273));
#10811=CARTESIAN_POINT('Ctrl Pts',(68.261330279286,70.0816442455727,335.845894880273));
#10812=CARTESIAN_POINT('',(68.7521793908533,71.0050086963785,336.845894880273));
#10813=CARTESIAN_POINT('Origin',(68.261330279286,70.0816442455727,336.845894880273));
#10814=CARTESIAN_POINT('',(68.2449005997636,71.1272372949801,336.845894880273));
#10815=CARTESIAN_POINT('Origin',(68.261330279286,70.0816442455727,336.845894880273));
#10816=CARTESIAN_POINT('Origin',(68.39862600026,70.6514553057852,336.845894880273));
#10817=CARTESIAN_POINT('Origin',(58.6771800271317,72.2886288386171,336.845894880273));
#10818=CARTESIAN_POINT('',(62.5979210908946,69.0844046831477,336.845894880273));
#10819=CARTESIAN_POINT('Origin',(63.3722320272398,68.4515993624871,336.845894880273));
#10820=CARTESIAN_POINT('',(56.6475550543673,67.6496757888976,336.845894880273));
#10821=CARTESIAN_POINT('Ctrl Pts',(56.6475550543672,67.6496757888976,336.845894880273));
#10822=CARTESIAN_POINT('Ctrl Pts',(56.6475550543672,67.6496757888976,336.828026533151));
#10823=CARTESIAN_POINT('Ctrl Pts',(56.6499657283252,67.6480979310614,336.810328710427));
#10824=CARTESIAN_POINT('Ctrl Pts',(56.6614756953859,67.6405597818737,336.766858638989));
#10825=CARTESIAN_POINT('Ctrl Pts',(56.6729117060817,67.633067227146,336.742356171874));
#10826=CARTESIAN_POINT('Ctrl Pts',(56.70614934684,67.6112588786071,336.687188109304));
#10827=CARTESIAN_POINT('Ctrl Pts',(56.7352096640093,67.5921829366566,336.650298523128));
#10828=CARTESIAN_POINT('Ctrl Pts',(56.8687176198884,67.5041128568097,336.520079620219));
#10829=CARTESIAN_POINT('Ctrl Pts',(56.9943792714351,67.4205420309611,336.43400496439));
#10830=CARTESIAN_POINT('Ctrl Pts',(57.3722683792022,67.1666034394227,336.200060835123));
#10831=CARTESIAN_POINT('Ctrl Pts',(57.8398285043908,66.8467229724621,335.964119026518));
#10832=CARTESIAN_POINT('Ctrl Pts',(58.465092995746,66.3953765336749,335.856274446292));
#10833=CARTESIAN_POINT('Ctrl Pts',(58.5848536335083,66.3079204143319,335.845894880273));
#10834=CARTESIAN_POINT('Ctrl Pts',(58.6971788647918,66.2251390405823,335.845894880273));
#10835=CARTESIAN_POINT('Origin',(58.6771800271317,72.2886288386171,336.845894880273));
#10836=CARTESIAN_POINT('Ctrl Pts',(62.5979210908946,69.0844046831477,336.845894880273));
#10837=CARTESIAN_POINT('Ctrl Pts',(62.8403273601792,69.3810169574405,336.845894880273));
#10838=CARTESIAN_POINT('Ctrl Pts',(63.2048392668527,69.4987909381956,336.845894880273));
#10839=CARTESIAN_POINT('Ctrl Pts',(62.5979210908945,69.0844046831477,335.845894880273));
#10840=CARTESIAN_POINT('Ctrl Pts',(62.8403273601792,69.3810169574406,335.845894880273));
#10841=CARTESIAN_POINT('Ctrl Pts',(63.2048392668527,69.4987909381957,335.845894880273));
#10842=CARTESIAN_POINT('Ctrl Pts',(63.3722320272398,68.4515993624871,335.845894880273));
#10843=CARTESIAN_POINT('Ctrl Pts',(63.4281719355363,68.5200483488624,335.845894880273));
#10844=CARTESIAN_POINT('Ctrl Pts',(63.5122900678455,68.5472269598059,335.845894880273));
#10845=CARTESIAN_POINT('',(63.2048392668527,69.4987909381956,336.845894880273));
#10846=CARTESIAN_POINT('Origin',(63.5122900678455,68.5472269598059,336.845894880273));
#10847=CARTESIAN_POINT('Origin',(63.6045253081433,68.261757766289,336.845894880273));
#10848=CARTESIAN_POINT('Origin',(43.6068394472562,62.1157658322225,336.845894880273));
#10849=CARTESIAN_POINT('',(43.2993886462634,63.0673298106122,336.845894880273));
#10850=CARTESIAN_POINT('Origin',(69.1082799434973,69.2346945813615,336.845894880273));
#10851=CARTESIAN_POINT('',(69.8153867246838,69.941801362548,336.845894880273));
#10852=CARTESIAN_POINT('Origin',(63.4645469466061,45.5104430321567,336.845894880273));
#10853=CARTESIAN_POINT('',(69.8121874086989,63.2123116023285,336.845894880273));
#10854=CARTESIAN_POINT('',(64.422475042924,45.2234347356131,336.845894880273));
#10855=CARTESIAN_POINT('Origin',(68.8542593123811,63.499319898872,336.845894880273));
#10856=CARTESIAN_POINT('Ctrl Pts',(69.8121874086989,63.2123116023285,336.845894880273));
#10857=CARTESIAN_POINT('Ctrl Pts',(69.7077900969795,62.8638717861963,336.845894880273));
#10858=CARTESIAN_POINT('Ctrl Pts',(69.4377209180438,62.6202086114048,336.845894880273));
#10859=CARTESIAN_POINT('Ctrl Pts',(69.8121874086995,63.2123116023283,335.845894880273));
#10860=CARTESIAN_POINT('Ctrl Pts',(69.7077900969801,62.8638717861959,335.845894880273));
#10861=CARTESIAN_POINT('Ctrl Pts',(69.4377209180442,62.6202086114043,335.845894880273));
#10862=CARTESIAN_POINT('Ctrl Pts',(68.8542593123811,63.4993198988721,335.845894880273));
#10863=CARTESIAN_POINT('Ctrl Pts',(68.8301676250613,63.4189107105338,335.845894880273));
#10864=CARTESIAN_POINT('Ctrl Pts',(68.7678439683838,63.3626807471204,335.845894880273));
#10865=CARTESIAN_POINT('',(69.4377209180438,62.6202086114048,336.845894880273));
#10866=CARTESIAN_POINT('Origin',(68.7678439683837,63.3626807471204,336.845894880273));
#10867=CARTESIAN_POINT('Origin',(68.5668808834856,63.5854223878352,336.845894880273));
#10868=CARTESIAN_POINT('Origin',(72.8296581113854,58.8606840398669,336.845894880273));
#10869=CARTESIAN_POINT('',(68.3036656765452,56.5902974191919,336.845894880273));
#10870=CARTESIAN_POINT('Ctrl Pts',(66.7734814168921,58.5623011826484,335.845894880273));
#10871=CARTESIAN_POINT('Ctrl Pts',(66.8868148501031,58.4243221726199,335.845894880273));
#10872=CARTESIAN_POINT('Ctrl Pts',(67.0089272232167,58.2739950385856,335.862837645478));
#10873=CARTESIAN_POINT('Ctrl Pts',(67.513624975654,57.6431021273332,336.006067060598));
#10874=CARTESIAN_POINT('Ctrl Pts',(67.8583085924573,57.1898295552529,336.25095055289));
#10875=CARTESIAN_POINT('Ctrl Pts',(68.1278463485378,56.8289902259009,336.504065154704));
#10876=CARTESIAN_POINT('Ctrl Pts',(68.2025199177043,56.7279638039717,336.585556233675));
#10877=CARTESIAN_POINT('Ctrl Pts',(68.2689517879758,56.6376464905827,336.700738166731));
#10878=CARTESIAN_POINT('Ctrl Pts',(68.2822070178496,56.6195740955391,336.731299296657));
#10879=CARTESIAN_POINT('Ctrl Pts',(68.2975665731187,56.598624946462,336.783067232989));
#10880=CARTESIAN_POINT('Ctrl Pts',(68.3021909770008,56.5923107804632,336.807255300606));
#10881=CARTESIAN_POINT('Ctrl Pts',(68.3035676744135,56.5904312228466,336.837301251186));
#10882=CARTESIAN_POINT('Ctrl Pts',(68.3036656765453,56.5902974191917,336.841605187099));
#10883=CARTESIAN_POINT('Ctrl Pts',(68.3036656765453,56.5902974191917,336.845894880273));
#10884=CARTESIAN_POINT('Origin',(72.8296581113854,58.8606840398669,336.845894880273));
#10885=CARTESIAN_POINT('Origin',(58.6771800271317,72.2886288386171,345.845894880273));
#10886=CARTESIAN_POINT('',(56.6475550543673,67.6496757888976,342.845894880273));
#10887=CARTESIAN_POINT('',(56.6475550543673,67.6496757888976,345.845894880273));
#10888=CARTESIAN_POINT('',(62.5979210908946,69.0844046831477,342.845894880273));
#10889=CARTESIAN_POINT('Origin',(58.6771800271317,72.2886288386171,342.845894880273));
#10890=CARTESIAN_POINT('',(62.5979210908946,69.0844046831477,345.845894880273));
#10891=CARTESIAN_POINT('Ctrl Pts',(82.8716249505466,50.1748682605013,336.845894880273));
#10892=CARTESIAN_POINT('Ctrl Pts',(82.8716249505466,50.1748682605013,336.546695579931));
#10893=CARTESIAN_POINT('Ctrl Pts',(82.6294277372477,50.2754728136408,336.028902339317));
#10894=CARTESIAN_POINT('Ctrl Pts',(82.1241248603533,50.4853669302479,335.845894880273));
#10895=CARTESIAN_POINT('Ctrl Pts',(81.9078555017825,50.5752014988642,335.845894880273));
#10896=CARTESIAN_POINT('Ctrl Pts',(82.9363938092986,50.2543423755159,336.845894880273));
#10897=CARTESIAN_POINT('Ctrl Pts',(82.9363938092986,50.2543423755159,336.528254126935));
#10898=CARTESIAN_POINT('Ctrl Pts',(82.642904947352,50.3465663407026,336.001056412523));
#10899=CARTESIAN_POINT('Ctrl Pts',(82.1273028418554,50.507046649432,335.845894880273));
#10900=CARTESIAN_POINT('Ctrl Pts',(81.9078555017825,50.5752014988642,335.845894880273));
#10901=CARTESIAN_POINT('Ctrl Pts',(83.0052359219929,50.4291175470438,336.845894880273));
#10902=CARTESIAN_POINT('Ctrl Pts',(83.0052359219928,50.4291175470438,336.513507730802));
#10903=CARTESIAN_POINT('Ctrl Pts',(82.6633856080863,50.4738888879797,335.979853814731));
#10904=CARTESIAN_POINT('Ctrl Pts',(82.1328643094841,50.5449861580042,335.845894880273));
#10905=CARTESIAN_POINT('Ctrl Pts',(81.9078555017825,50.5752014988642,335.845894880273));
#10906=CARTESIAN_POINT('Ctrl Pts',(82.9754019303152,50.6110423623901,336.845894880273));
#10907=CARTESIAN_POINT('Ctrl Pts',(82.9754019303152,50.6110423623901,336.532947726332));
#10908=CARTESIAN_POINT('Ctrl Pts',(82.6796120697969,50.6012293769916,336.008040792328));
#10909=CARTESIAN_POINT('Ctrl Pts',(82.1384257771128,50.5829256665764,335.845894880273));
#10910=CARTESIAN_POINT('Ctrl Pts',(81.9078555017825,50.5752014988643,335.845894880273));
#10911=CARTESIAN_POINT('Ctrl Pts',(82.9459762959187,50.6820821280316,336.845894880273));
#10912=CARTESIAN_POINT('Ctrl Pts',(82.9459762959187,50.6820821280316,336.546695579931));
#10913=CARTESIAN_POINT('Ctrl Pts',(82.6850944390287,50.6552228095782,336.028902339317));
#10914=CARTESIAN_POINT('Ctrl Pts',(82.1408092632394,50.5991854559645,335.845894880273));
#10915=CARTESIAN_POINT('Ctrl Pts',(81.9078555017825,50.5752014988643,335.845894880273));
#10916=CARTESIAN_POINT('',(82.8716249505466,50.1748682605013,336.845894880273));
#10917=CARTESIAN_POINT('Origin',(81.9078555017824,50.5752014988643,336.845894880273));
#10918=CARTESIAN_POINT('',(82.9459762959187,50.6820821280316,336.845894880273));
#10919=CARTESIAN_POINT('Origin',(81.9078555017824,50.5752014988643,336.845894880273));
#10920=CARTESIAN_POINT('Origin',(82.484036529663,50.490740411849,336.845894880273));
#10921=CARTESIAN_POINT('Ctrl Pts',(81.6465236517073,53.8192383253484,336.845894880274));
#10922=CARTESIAN_POINT('Ctrl Pts',(81.6465236517073,53.8192383253484,336.621495405017));
#10923=CARTESIAN_POINT('Ctrl Pts',(81.4988654072653,53.6974947081906,336.097197101195));
#10924=CARTESIAN_POINT('Ctrl Pts',(81.0810884062533,53.3530392837019,335.845894880273));
#10925=CARTESIAN_POINT('Ctrl Pts',(80.8396819266207,53.1540006309883,335.845894880273));
#10926=CARTESIAN_POINT('Ctrl Pts',(81.6065091394519,53.9158419035271,336.845894880274));
#10927=CARTESIAN_POINT('Ctrl Pts',(81.606509139452,53.9158419035271,336.607039859693));
#10928=CARTESIAN_POINT('Ctrl Pts',(81.4415975432982,53.7527846372135,336.062485236014));
#10929=CARTESIAN_POINT('Ctrl Pts',(81.0570447714093,53.37053826478,335.845894880273));
#10930=CARTESIAN_POINT('Ctrl Pts',(80.8396819266207,53.1540006309883,335.845894880273));
#10931=CARTESIAN_POINT('Ctrl Pts',(81.4817783342561,54.0617076829092,336.845894880274));
#10932=CARTESIAN_POINT('Ctrl Pts',(81.4817783342561,54.0617076829092,336.595451063176));
#10933=CARTESIAN_POINT('Ctrl Pts',(81.3291982376459,53.8448498857031,336.035763725229));
#10934=CARTESIAN_POINT('Ctrl Pts',(81.0149684104323,53.4011614816667,335.845894880273));
#10935=CARTESIAN_POINT('Ctrl Pts',(80.8396819266207,53.1540006309883,335.845894880273));
#10936=CARTESIAN_POINT('Ctrl Pts',(81.3028042532554,54.1200083740852,336.845894880273));
#10937=CARTESIAN_POINT('Ctrl Pts',(81.3028042532554,54.1200083740853,336.610721690546));
#10938=CARTESIAN_POINT('Ctrl Pts',(81.2069587233668,53.9203944265638,336.071217124966));
#10939=CARTESIAN_POINT('Ctrl Pts',(80.9728920494553,53.4317846985533,335.845894880273));
#10940=CARTESIAN_POINT('Ctrl Pts',(80.8396819266207,53.1540006309883,335.845894880273));
#10941=CARTESIAN_POINT('Ctrl Pts',(81.2246340189885,54.1262900148242,336.845894880273));
#10942=CARTESIAN_POINT('Ctrl Pts',(81.2246340189885,54.1262900148242,336.621495405017));
#10943=CARTESIAN_POINT('Ctrl Pts',(81.1541848238291,53.94835357569,336.097197101195));
#10944=CARTESIAN_POINT('Ctrl Pts',(80.9548593233223,53.4449089343619,335.845894880273));
#10945=CARTESIAN_POINT('Ctrl Pts',(80.8396819266207,53.1540006309883,335.845894880273));
#10946=CARTESIAN_POINT('',(81.6465236517073,53.8192383253484,336.845894880274));
#10947=CARTESIAN_POINT('Origin',(80.8396819266207,53.1540006309883,336.845894880274));
#10948=CARTESIAN_POINT('',(81.2246340189885,54.1262900148242,336.845894880273));
#10949=CARTESIAN_POINT('Origin',(80.8396819266207,53.1540006309883,336.845894880274));
#10950=CARTESIAN_POINT('Origin',(81.1845838854516,53.6278966091658,336.845894880273));
#10951=CARTESIAN_POINT('Origin',(72.8296581113854,58.8606840398669,336.845894880273));
#10952=CARTESIAN_POINT('',(75.2257470345904,54.3999642773549,336.845894880273));
#10953=CARTESIAN_POINT('Origin',(75.6989529483501,53.5190124266939,336.845894880273));
#10954=CARTESIAN_POINT('',(69.1792786647275,55.3515541159415,336.845894880273));
#10955=CARTESIAN_POINT('Ctrl Pts',(69.1792786647275,55.3515541159416,336.845894880273));
#10956=CARTESIAN_POINT('Ctrl Pts',(69.1792786647275,55.3515541159416,336.828026533153));
#10957=CARTESIAN_POINT('Ctrl Pts',(69.1809020170041,55.3491738403972,336.810328710429));
#10958=CARTESIAN_POINT('Ctrl Pts',(69.1886511151863,55.3378048249488,336.766858638992));
#10959=CARTESIAN_POINT('Ctrl Pts',(69.1963493348408,55.3265062351648,336.742356171877));
#10960=CARTESIAN_POINT('Ctrl Pts',(69.2187112171904,55.2936384538376,336.687188109265));
#10961=CARTESIAN_POINT('Ctrl Pts',(69.2382594025051,55.2648936795639,336.650298523082));
#10962=CARTESIAN_POINT('Ctrl Pts',(69.3279017098876,55.132436252618,336.520079620227));
#10963=CARTESIAN_POINT('Ctrl Pts',(69.4120167672911,55.0071382449719,336.434004964396));
#10964=CARTESIAN_POINT('Ctrl Pts',(69.6639626876845,54.6279176769388,336.20006083514));
#10965=CARTESIAN_POINT('Ctrl Pts',(69.9735189625072,54.1534591471451,335.964119026527));
#10966=CARTESIAN_POINT('Ctrl Pts',(70.3784652241251,53.4971910485418,335.856274446293));
#10967=CARTESIAN_POINT('Ctrl Pts',(70.455641618223,53.3705617179666,335.845894880273));
#10968=CARTESIAN_POINT('Ctrl Pts',(70.527737540151,53.2510966960324,335.845894880273));
#10969=CARTESIAN_POINT('Origin',(72.8296581113854,58.8606840398669,336.845894880273));
#10970=CARTESIAN_POINT('Ctrl Pts',(75.2257470345904,54.3999642773549,336.845894880273));
#10971=CARTESIAN_POINT('Ctrl Pts',(75.5632098285429,54.581233423509,336.845894880273));
#10972=CARTESIAN_POINT('Ctrl Pts',(75.9450450696738,54.5505497262073,336.845894880273));
#10973=CARTESIAN_POINT('Ctrl Pts',(75.2257470345903,54.3999642773549,335.845894880273));
#10974=CARTESIAN_POINT('Ctrl Pts',(75.5632098285428,54.5812334235091,335.845894880273));
#10975=CARTESIAN_POINT('Ctrl Pts',(75.9450450696739,54.5505497262074,335.845894880273));
#10976=CARTESIAN_POINT('Ctrl Pts',(75.6989529483501,53.5190124266939,335.845894880273));
#10977=CARTESIAN_POINT('Ctrl Pts',(75.7768289777237,53.5608437681141,335.845894880273));
#10978=CARTESIAN_POINT('Ctrl Pts',(75.8649448026001,53.5537629148906,335.845894880273));
#10979=CARTESIAN_POINT('',(75.9450450696738,54.5505497262073,336.845894880273));
#10980=CARTESIAN_POINT('Origin',(75.8649448026001,53.5537629148907,336.845894880273));
#10981=CARTESIAN_POINT('Origin',(75.8409147224779,53.2547268714957,336.845894880273));
#10982=CARTESIAN_POINT('Origin',(55.0134927693971,55.2293537812352,336.845894880273));
#10983=CARTESIAN_POINT('',(55.0935930364708,56.2261405925518,336.845894880273));
#10984=CARTESIAN_POINT('Origin',(81.2980477819123,52.0474075666145,336.845894880273));
#10985=CARTESIAN_POINT('',(82.2219273144236,52.4300909989796,336.845894880273));
#10986=CARTESIAN_POINT('Origin',(67.0050403659825,32.2888202507576,336.845894880273));
#10987=CARTESIAN_POINT('',(79.6437072923602,46.2140774704917,336.845894880273));
#10988=CARTESIAN_POINT('',(67.7802172077495,31.6570759480622,336.845894880273));
#10989=CARTESIAN_POINT('Origin',(78.8685304505932,46.8458217731871,336.845894880273));
#10990=CARTESIAN_POINT('Ctrl Pts',(79.6437072923602,46.2140774704917,336.845894880273));
#10991=CARTESIAN_POINT('Ctrl Pts',(79.4139146080033,45.9321121776336,336.845894880273));
#10992=CARTESIAN_POINT('Ctrl Pts',(79.0711573611522,45.8103477579882,336.845894880273));
#10993=CARTESIAN_POINT('Ctrl Pts',(79.6437072923607,46.2140774704913,335.845894880273));
#10994=CARTESIAN_POINT('Ctrl Pts',(79.4139146080037,45.932112177633,335.845894880273));
#10995=CARTESIAN_POINT('Ctrl Pts',(79.0711573611525,45.8103477579876,335.845894880273));
#10996=CARTESIAN_POINT('Ctrl Pts',(78.8685304505932,46.8458217731871,335.845894880273));
#10997=CARTESIAN_POINT('Ctrl Pts',(78.8155013695877,46.7807528594506,335.845894880273));
#10998=CARTESIAN_POINT('Ctrl Pts',(78.7364035433913,46.7526533779939,335.845894880273));
#10999=CARTESIAN_POINT('',(79.0711573611522,45.8103477579882,336.845894880273));
#11000=CARTESIAN_POINT('Origin',(78.7364035433913,46.7526533779939,336.845894880273));
#11001=CARTESIAN_POINT('Origin',(78.635977398063,47.0353450639958,336.845894880273));
#11002=CARTESIAN_POINT('Origin',(80.7661909425474,41.0389617868563,336.845894880273));
#11003=CARTESIAN_POINT('',(75.7158798229019,40.67342037695,336.845894880273));
#11004=CARTESIAN_POINT('Ctrl Pts',(75.0568270732738,43.080890456678,335.845894880273));
#11005=CARTESIAN_POINT('Ctrl Pts',(75.1087312314169,42.9100436461664,335.845894880273));
#11006=CARTESIAN_POINT('Ctrl Pts',(75.1640206499733,42.7244291017724,335.86283764548));
#11007=CARTESIAN_POINT('Ctrl Pts',(75.3888683088314,41.9484205856167,336.006067060606));
#11008=CARTESIAN_POINT('Ctrl Pts',(75.533854543901,41.3977466240836,336.250950552903));
#11009=CARTESIAN_POINT('Ctrl Pts',(75.6447877268905,40.9612269195352,336.50406515471));
#11010=CARTESIAN_POINT('Ctrl Pts',(75.6751159711587,40.8393143383197,336.585556233681));
#11011=CARTESIAN_POINT('Ctrl Pts',(75.7019280769103,40.7304496449508,336.700738166699));
#11012=CARTESIAN_POINT('Ctrl Pts',(75.707258306327,40.7086803721858,336.731299296627));
#11013=CARTESIAN_POINT('Ctrl Pts',(75.7134317927984,40.6834480347845,336.78306723299));
#11014=CARTESIAN_POINT('Ctrl Pts',(75.7152878581781,40.6758448233035,336.807255300607));
#11015=CARTESIAN_POINT('Ctrl Pts',(75.7158404851801,40.6735814992003,336.837301251186));
#11016=CARTESIAN_POINT('Ctrl Pts',(75.7158798229019,40.67342037695,336.841605187099));
#11017=CARTESIAN_POINT('Ctrl Pts',(75.7158798229019,40.67342037695,336.845894880273));
#11018=CARTESIAN_POINT('Origin',(80.7661909425474,41.0389617868563,336.845894880273));
#11019=CARTESIAN_POINT('Origin',(72.8296581113854,58.8606840398669,345.845894880273));
#11020=CARTESIAN_POINT('',(69.1792786647275,55.3515541159415,342.845894880273));
#11021=CARTESIAN_POINT('',(69.1792786647275,55.3515541159415,345.845894880273));
#11022=CARTESIAN_POINT('',(75.2257470345904,54.3999642773549,342.845894880273));
#11023=CARTESIAN_POINT('Origin',(72.8296581113854,58.8606840398669,342.845894880273));
#11024=CARTESIAN_POINT('',(75.2257470345904,54.3999642773549,345.845894880273));
#11025=CARTESIAN_POINT('Ctrl Pts',(86.7198407760669,29.1714200274302,336.845894880274));
#11026=CARTESIAN_POINT('Ctrl Pts',(86.7198407760669,29.1714200274301,336.621495405017));
#11027=CARTESIAN_POINT('Ctrl Pts',(86.5849282155534,29.3066020294496,336.097195060711));
#11028=CARTESIAN_POINT('Ctrl Pts',(86.2032063164804,29.6890862869194,335.845894880273));
#11029=CARTESIAN_POINT('Ctrl Pts',(85.9826348060406,29.9100983131994,335.845894880273));
#11030=CARTESIAN_POINT('Ctrl Pts',(86.8100928261299,29.220058566479,336.845894880274));
#11031=CARTESIAN_POINT('Ctrl Pts',(86.81009282613,29.220058566479,336.60766431527));
#11032=CARTESIAN_POINT('Ctrl Pts',(86.6339287940406,29.3676368582764,336.063783069717));
#11033=CARTESIAN_POINT('Ctrl Pts',(86.2181830383665,29.7141706708602,335.845894880273));
#11034=CARTESIAN_POINT('Ctrl Pts',(85.9826348060406,29.9100983131994,335.845894880273));
#11035=CARTESIAN_POINT('Ctrl Pts',(86.9405783365629,29.3551849674172,336.845894880274));
#11036=CARTESIAN_POINT('Ctrl Pts',(86.9405783365629,29.3551849674172,336.59660451817));
#11037=CARTESIAN_POINT('Ctrl Pts',(86.7139217231928,29.4857505207454,336.038083118168));
#11038=CARTESIAN_POINT('Ctrl Pts',(86.2443923016673,29.7580683427566,335.845894880274));
#11039=CARTESIAN_POINT('Ctrl Pts',(85.9826348060407,29.9100983131994,335.845894880274));
#11040=CARTESIAN_POINT('Ctrl Pts',(86.9826348060406,29.5346786219584,336.845894880274));
#11041=CARTESIAN_POINT('Ctrl Pts',(86.9826348060406,29.5346786219584,336.611184514818));
#11042=CARTESIAN_POINT('Ctrl Pts',(86.7769252083068,29.6120481926606,336.072186088265));
#11043=CARTESIAN_POINT('Ctrl Pts',(86.270601564968,29.801966014653,335.845894880273));
#11044=CARTESIAN_POINT('Ctrl Pts',(85.9826348060406,29.9100983131994,335.845894880273));
#11045=CARTESIAN_POINT('Ctrl Pts',(86.9826348060406,29.6115715101993,336.845894880274));
#11046=CARTESIAN_POINT('Ctrl Pts',(86.9826348060406,29.6115715101993,336.621495405017));
#11047=CARTESIAN_POINT('Ctrl Pts',(86.7996295592047,29.6662034814695,336.097195060711));
#11048=CARTESIAN_POINT('Ctrl Pts',(86.2818341063826,29.8207793026085,335.845894880273));
#11049=CARTESIAN_POINT('Ctrl Pts',(85.9826348060406,29.9100983131994,335.845894880273));
#11050=CARTESIAN_POINT('',(86.7198407760669,29.1714200274302,336.845894880274));
#11051=CARTESIAN_POINT('Origin',(85.9826348060406,29.9100983131994,336.845894880274));
#11052=CARTESIAN_POINT('',(86.9826348060406,29.6115715101993,336.845894880274));
#11053=CARTESIAN_POINT('Origin',(85.9826348060406,29.9100983131994,336.845894880274));
#11054=CARTESIAN_POINT('Origin',(86.4826348060405,29.6115715101993,336.845894880274));
#11055=CARTESIAN_POINT('Ctrl Pts',(86.9826348060406,33.007204909274,336.845894880273));
#11056=CARTESIAN_POINT('Ctrl Pts',(86.9826348060406,33.007204909274,336.621495405017));
#11057=CARTESIAN_POINT('Ctrl Pts',(86.7996290783388,32.9512354386753,336.09719546148));
#11058=CARTESIAN_POINT('Ctrl Pts',(86.2818341063825,32.792875857131,335.845894880274));
#11059=CARTESIAN_POINT('Ctrl Pts',(85.9826348060406,32.7013703799312,335.845894880274));
#11060=CARTESIAN_POINT('Ctrl Pts',(86.9826348060406,33.1117678688149,336.845894880273));
#11061=CARTESIAN_POINT('Ctrl Pts',(86.9826348060406,33.1117678688149,336.607039859692));
#11062=CARTESIAN_POINT('Ctrl Pts',(86.7678794527346,33.0242324583716,336.062482135275));
#11063=CARTESIAN_POINT('Ctrl Pts',(86.2663172544048,32.8182439082975,335.845894880274));
#11064=CARTESIAN_POINT('Ctrl Pts',(85.9826348060406,32.7013703799312,335.845894880274));
#11065=CARTESIAN_POINT('Ctrl Pts',(86.9232190994734,33.29426276949,336.845894880273));
#11066=CARTESIAN_POINT('Ctrl Pts',(86.9232190994734,33.29426276949,336.595451063176));
#11067=CARTESIAN_POINT('Ctrl Pts',(86.6992671221023,33.1523031689976,336.035758637707));
#11068=CARTESIAN_POINT('Ctrl Pts',(86.2391627634438,32.8626379978388,335.845894880274));
#11069=CARTESIAN_POINT('Ctrl Pts',(85.9826348060406,32.7013703799313,335.845894880274));
#11070=CARTESIAN_POINT('Ctrl Pts',(86.7801792034871,33.4166159204644,336.845894880273));
#11071=CARTESIAN_POINT('Ctrl Pts',(86.7801792034871,33.4166159204644,336.610721690546));
#11072=CARTESIAN_POINT('Ctrl Pts',(86.6152420287327,33.2688766408862,336.071214198741));
#11073=CARTESIAN_POINT('Ctrl Pts',(86.2120082724829,32.9070320873801,335.845894880274));
#11074=CARTESIAN_POINT('Ctrl Pts',(85.9826348060406,32.7013703799313,335.845894880274));
#11075=CARTESIAN_POINT('Ctrl Pts',(86.7103632038351,33.4523338533318,336.845894880273));
#11076=CARTESIAN_POINT('Ctrl Pts',(86.710363203835,33.4523338533317,336.621495405017));
#11077=CARTESIAN_POINT('Ctrl Pts',(86.5771847388275,33.3149032364046,336.09719546148));
#11078=CARTESIAN_POINT('Ctrl Pts',(86.2003706334996,32.926058125755,335.845894880274));
#11079=CARTESIAN_POINT('Ctrl Pts',(85.9826348060406,32.7013703799313,335.845894880274));
#11080=CARTESIAN_POINT('',(86.9826348060406,33.007204909274,336.845894880273));
#11081=CARTESIAN_POINT('Origin',(85.9826348060406,32.7013703799312,336.845894880273));
#11082=CARTESIAN_POINT('',(86.7103632038351,33.4523338533318,336.845894880273));
#11083=CARTESIAN_POINT('Origin',(85.9826348060406,32.7013703799312,336.845894880273));
#11084=CARTESIAN_POINT('Origin',(86.4826348060405,33.007204909274,336.845894880273));
#11085=CARTESIAN_POINT('Origin',(80.7661909425474,41.0389617868563,336.845894880273));
#11086=CARTESIAN_POINT('',(81.2728449072365,36.0008505646187,336.845894880273));
#11087=CARTESIAN_POINT('Origin',(81.3729044876631,35.0058691173722,336.845894880273));
#11088=CARTESIAN_POINT('',(76.0507942019773,39.193888209301,336.845894880273));
#11089=CARTESIAN_POINT('Ctrl Pts',(76.0507942019774,39.1938882093009,336.845894880273));
#11090=CARTESIAN_POINT('Ctrl Pts',(76.0507942019774,39.1938882093009,336.82802653315));
#11091=CARTESIAN_POINT('Ctrl Pts',(76.0513830919047,39.1910678914219,336.810328710426));
#11092=CARTESIAN_POINT('Ctrl Pts',(76.0541915912563,39.1775988392537,336.766858638988));
#11093=CARTESIAN_POINT('Ctrl Pts',(76.0569800357126,39.1642143222844,336.742356171873));
#11094=CARTESIAN_POINT('Ctrl Pts',(76.0650617657421,39.12529092999,336.687188109324));
#11095=CARTESIAN_POINT('Ctrl Pts',(76.0721217851625,39.0912534547587,336.65029852315));
#11096=CARTESIAN_POINT('Ctrl Pts',(76.1042512154345,38.9345741231018,336.520079620214));
#11097=CARTESIAN_POINT('Ctrl Pts',(76.1340139237114,38.7866244194904,336.434004964387));
#11098=CARTESIAN_POINT('Ctrl Pts',(76.2216601742706,38.3398547687583,336.200060835114));
#11099=CARTESIAN_POINT('Ctrl Pts',(76.3260854620487,37.7830501862528,335.964119026514));
#11100=CARTESIAN_POINT('Ctrl Pts',(76.4490640963853,37.0217712968807,335.856274446291));
#11101=CARTESIAN_POINT('Ctrl Pts',(76.4719068404225,36.8752469227561,335.845894880273));
#11102=CARTESIAN_POINT('Ctrl Pts',(76.4927975024268,36.7372857192851,335.845894880273));
#11103=CARTESIAN_POINT('Origin',(80.7661909425474,41.0389617868563,336.845894880273));
#11104=CARTESIAN_POINT('Ctrl Pts',(81.2728449072365,36.0008505646187,336.845894880273));
#11105=CARTESIAN_POINT('Ctrl Pts',(81.6539885745854,36.0391799983411,336.845894880273));
#11106=CARTESIAN_POINT('Ctrl Pts',(81.9950161960568,35.8647099377483,336.845894880273));
#11107=CARTESIAN_POINT('Ctrl Pts',(81.2728449072365,36.0008505646187,335.845894880273));
#11108=CARTESIAN_POINT('Ctrl Pts',(81.6539885745854,36.0391799983411,335.845894880273));
#11109=CARTESIAN_POINT('Ctrl Pts',(81.9950161960568,35.8647099377483,335.845894880273));
#11110=CARTESIAN_POINT('Ctrl Pts',(81.3729044876631,35.0058691173722,335.845894880273));
#11111=CARTESIAN_POINT('Ctrl Pts',(81.4608607185898,35.0147143713081,335.845894880273));
#11112=CARTESIAN_POINT('Ctrl Pts',(81.5395594004678,34.9744520496329,335.845894880273));
#11113=CARTESIAN_POINT('',(81.9950161960568,35.8647099377483,336.845894880273));
#11114=CARTESIAN_POINT('Origin',(81.5395594004678,34.9744520496328,336.845894880273));
#11115=CARTESIAN_POINT('Origin',(81.4029223617911,34.7073746831982,336.845894880273));
#11116=CARTESIAN_POINT('Origin',(62.9165505078232,44.5020013897735,336.845894880273));
#11117=CARTESIAN_POINT('',(63.3720073034122,45.3922592778889,336.845894880273));
#11118=CARTESIAN_POINT('Origin',(85.9826348060406,31.5036026781544,336.845894880274));
#11119=CARTESIAN_POINT('',(86.9826348060406,31.5036026781544,336.845894880274));
#11120=CARTESIAN_POINT('Origin',(65.216333783713,18.7187454024454,336.845894880273));
#11121=CARTESIAN_POINT('',(82.2219047046358,26.7473970928077,336.845894880273));
#11122=CARTESIAN_POINT('',(65.6907457237657,17.8384424369072,336.845894880273));
#11123=CARTESIAN_POINT('Origin',(81.7474927645831,27.627700058346,336.845894880273));
#11124=CARTESIAN_POINT('Ctrl Pts',(82.2219047046359,26.7473970928077,336.845894880273));
#11125=CARTESIAN_POINT('Ctrl Pts',(81.9017005007589,26.5748329830397,336.845894880273));
#11126=CARTESIAN_POINT('Ctrl Pts',(81.5384368697234,26.5935048476341,336.845894880273));
#11127=CARTESIAN_POINT('Ctrl Pts',(82.2219047046362,26.7473970928071,335.845894880273));
#11128=CARTESIAN_POINT('Ctrl Pts',(81.9017005007591,26.5748329830389,335.845894880273));
#11129=CARTESIAN_POINT('Ctrl Pts',(81.5384368697234,26.5935048476334,335.845894880273));
#11130=CARTESIAN_POINT('Ctrl Pts',(81.7474927645832,27.627700058346,335.845894880273));
#11131=CARTESIAN_POINT('Ctrl Pts',(81.6735994867654,27.5878775714764,335.845894880273));
#11132=CARTESIAN_POINT('Ctrl Pts',(81.5897694180648,27.5921864633059,335.845894880273));
#11133=CARTESIAN_POINT('',(81.5384368697234,26.5935048476341,336.845894880273));
#11134=CARTESIAN_POINT('Origin',(81.5897694180648,27.5921864633059,336.845894880273));
#11135=CARTESIAN_POINT('Origin',(81.6051691825673,27.8917909480076,336.845894880273));
#11136=CARTESIAN_POINT('Origin',(81.2785133419223,21.5366577382915,336.845894880273));
#11137=CARTESIAN_POINT('',(76.4727476242531,23.1316119051712,336.845894880273));
#11138=CARTESIAN_POINT('Ctrl Pts',(76.7851611914531,25.6080328053027,335.845894880273));
#11139=CARTESIAN_POINT('Ctrl Pts',(76.7677341369585,25.430328072484,335.845894880273));
#11140=CARTESIAN_POINT('Ctrl Pts',(76.7477832881817,25.2376842495154,335.86283764548));
#11141=CARTESIAN_POINT('Ctrl Pts',(76.6585498356267,24.4347003905334,336.006067060606));
#11142=CARTESIAN_POINT('Ctrl Pts',(76.5817658489898,23.8704601583039,336.250950552903));
#11143=CARTESIAN_POINT('Ctrl Pts',(76.5172058873985,23.4247162465039,336.50406515471));
#11144=CARTESIAN_POINT('Ctrl Pts',(76.4985716065069,23.3004775913494,336.585556233681));
#11145=CARTESIAN_POINT('Ctrl Pts',(76.4816820477103,23.1896391806598,336.700738166714));
#11146=CARTESIAN_POINT('Ctrl Pts',(76.4782757975513,23.1674872046339,336.731299296641));
#11147=CARTESIAN_POINT('Ctrl Pts',(76.4743233578643,23.1418130735661,336.78306723299));
#11148=CARTESIAN_POINT('Ctrl Pts',(76.4731285156131,23.1340783366273,336.807255300607));
#11149=CARTESIAN_POINT('Ctrl Pts',(76.4727729397529,23.131775816615,336.837301251186));
#11150=CARTESIAN_POINT('Ctrl Pts',(76.4727476242531,23.1316119051713,336.841605187099));
#11151=CARTESIAN_POINT('Ctrl Pts',(76.4727476242531,23.1316119051713,336.845894880273));
#11152=CARTESIAN_POINT('Origin',(81.2785133419223,21.5366577382915,336.845894880273));
#11153=CARTESIAN_POINT('Origin',(80.7661909425474,41.0389617868563,345.845894880273));
#11154=CARTESIAN_POINT('',(76.0507942019773,39.193888209301,342.845894880273));
#11155=CARTESIAN_POINT('',(76.0507942019773,39.193888209301,345.845894880273));
#11156=CARTESIAN_POINT('',(81.2728449072365,36.0008505646187,342.845894880273));
#11157=CARTESIAN_POINT('Origin',(80.7661909425474,41.0389617868563,342.845894880273));
#11158=CARTESIAN_POINT('',(81.2728449072365,36.0008505646187,345.845894880273));
#11159=CARTESIAN_POINT('Ctrl Pts',(82.237456952617,8.29411565214365,336.845894880274));
#11160=CARTESIAN_POINT('Ctrl Pts',(82.237456952617,8.29411565214362,336.621495405017));
#11161=CARTESIAN_POINT('Ctrl Pts',(82.164547345248,8.47063286827826,336.097192062101));
#11162=CARTESIAN_POINT('Ctrl Pts',(81.9582512506159,8.97008436223017,335.845894880273));
#11163=CARTESIAN_POINT('Ctrl Pts',(81.8390473874763,9.25868191244606,335.845894880273));
#11164=CARTESIAN_POINT('Ctrl Pts',(82.3394521375059,8.30451383856601,336.845894880274));
#11165=CARTESIAN_POINT('Ctrl Pts',(82.3394521375059,8.30451383856598,336.60766431527));
#11166=CARTESIAN_POINT('Ctrl Pts',(82.2331756290135,8.50826930807965,336.063777545754));
#11167=CARTESIAN_POINT('Ctrl Pts',(81.9816873155759,8.98752796780174,335.845894880273));
#11168=CARTESIAN_POINT('Ctrl Pts',(81.8390473874763,9.25868191244606,335.845894880273));
#11169=CARTESIAN_POINT('Ctrl Pts',(82.5117158175159,8.37941953037653,336.845894880274));
#11170=CARTESIAN_POINT('Ctrl Pts',(82.5117158175159,8.3794195303765,336.59660451817));
#11171=CARTESIAN_POINT('Ctrl Pts',(82.3522797820609,8.5867814447693,336.038074199101));
#11172=CARTESIAN_POINT('Ctrl Pts',(82.0227004292557,9.01805427755199,335.845894880273));
#11173=CARTESIAN_POINT('Ctrl Pts',(81.8390473874763,9.25868191244607,335.845894880273));
#11174=CARTESIAN_POINT('Ctrl Pts',(82.6192600239661,8.52915591124177,336.845894880273));
#11175=CARTESIAN_POINT('Ctrl Pts',(82.6192600239661,8.52915591124176,336.611184514818));
#11176=CARTESIAN_POINT('Ctrl Pts',(82.4588200774156,8.67935523026194,336.072180872817));
#11177=CARTESIAN_POINT('Ctrl Pts',(82.0637135429356,9.04858058730223,335.845894880273));
#11178=CARTESIAN_POINT('Ctrl Pts',(81.8390473874763,9.25868191244607,335.845894880273));
#11179=CARTESIAN_POINT('Ctrl Pts',(82.6486856583626,8.60019567688321,336.845894880273));
#11180=CARTESIAN_POINT('Ctrl Pts',(82.6486856583626,8.6001956768832,336.621495405017));
#11181=CARTESIAN_POINT('Ctrl Pts',(82.500520519756,8.72069974378691,336.097192062101));
#11182=CARTESIAN_POINT('Ctrl Pts',(82.0812905916555,9.06166329148091,335.845894880273));
#11183=CARTESIAN_POINT('Ctrl Pts',(81.8390473874763,9.25868191244607,335.845894880273));
#11184=CARTESIAN_POINT('',(82.237456952617,8.29411565214365,336.845894880274));
#11185=CARTESIAN_POINT('Origin',(81.8390473874763,9.25868191244607,336.845894880274));
#11186=CARTESIAN_POINT('',(82.6486856583625,8.60019567688323,336.845894880273));
#11187=CARTESIAN_POINT('Origin',(81.8390473874763,9.25868191244608,336.845894880273));
#11188=CARTESIAN_POINT('Origin',(82.1867458921068,8.7915373930658,336.845894880273));
#11189=CARTESIAN_POINT('Ctrl Pts',(83.9481383025739,11.7373518742,336.845894880273));
#11190=CARTESIAN_POINT('Ctrl Pts',(83.9481383025739,11.7373518742,336.621495405017));
#11191=CARTESIAN_POINT('Ctrl Pts',(83.7576479612209,11.7556757497965,336.097192664004));
#11192=CARTESIAN_POINT('Ctrl Pts',(83.2186627024606,11.8075224668516,335.845894880273));
#11193=CARTESIAN_POINT('Ctrl Pts',(82.907220962638,11.8374810445701,335.845894880273));
#11194=CARTESIAN_POINT('Ctrl Pts',(83.9881528148293,11.8339554523787,336.845894880273));
#11195=CARTESIAN_POINT('Ctrl Pts',(83.9881528148293,11.8339554523787,336.607039859693));
#11196=CARTESIAN_POINT('Ctrl Pts',(83.7562507896431,11.8352664787574,336.062476845183));
#11197=CARTESIAN_POINT('Ctrl Pts',(83.2140349334022,11.8368975322783,335.845894880273));
#11198=CARTESIAN_POINT('Ctrl Pts',(82.907220962638,11.8374810445701,335.845894880273));
#11199=CARTESIAN_POINT('Ctrl Pts',(84.0030978676488,12.025296213971,336.845894880273));
#11200=CARTESIAN_POINT('Ctrl Pts',(84.0030978676488,12.025296213971,336.595451063176));
#11201=CARTESIAN_POINT('Ctrl Pts',(83.7418707099912,11.9798459358646,336.035749957462));
#11202=CARTESIAN_POINT('Ctrl Pts',(83.20593633755,11.8883038967751,335.845894880273));
#11203=CARTESIAN_POINT('Ctrl Pts',(82.907220962638,11.8374810445701,335.845894880273));
#11204=CARTESIAN_POINT('Ctrl Pts',(83.9177685261429,12.1930747327103,336.845894880273));
#11205=CARTESIAN_POINT('Ctrl Pts',(83.9177685261429,12.1930747327103,336.610721690546));
#11206=CARTESIAN_POINT('Ctrl Pts',(83.7088523908561,12.1197014900179,336.071209206384));
#11207=CARTESIAN_POINT('Ctrl Pts',(83.1978377416978,11.9397102612718,335.845894880273));
#11208=CARTESIAN_POINT('Ctrl Pts',(82.907220962638,11.8374810445701,335.845894880273));
#11209=CARTESIAN_POINT('Ctrl Pts',(83.8669356141693,12.2527912262109,336.845894880273));
#11210=CARTESIAN_POINT('Ctrl Pts',(83.8669356141693,12.2527912262109,336.621495405017));
#11211=CARTESIAN_POINT('Ctrl Pts',(83.691305557336,12.1767884782184,336.097192664004));
#11212=CARTESIAN_POINT('Ctrl Pts',(83.194366914904,11.9617415603419,335.845894880273));
#11213=CARTESIAN_POINT('Ctrl Pts',(82.907220962638,11.8374810445701,335.845894880273));
#11214=CARTESIAN_POINT('',(83.9481383025739,11.7373518742,336.845894880273));
#11215=CARTESIAN_POINT('Origin',(82.907220962638,11.8374810445701,336.845894880273));
#11216=CARTESIAN_POINT('',(83.8669356141693,12.2527912262109,336.845894880273));
#11217=CARTESIAN_POINT('Origin',(82.907220962638,11.8374810445701,336.845894880273));
#11218=CARTESIAN_POINT('Origin',(83.4861985363183,11.9286935903826,336.845894880273));
#11219=CARTESIAN_POINT('Origin',(81.2785133419223,21.5366577382915,336.845894880273));
#11220=CARTESIAN_POINT('',(79.8185988748013,16.6881618193222,336.845894880273));
#11221=CARTESIAN_POINT('Origin',(79.5302789578172,15.730627681304,336.845894880273));
#11222=CARTESIAN_POINT('',(76.2159757160142,21.6365362336551,336.845894880273));
#11223=CARTESIAN_POINT('Ctrl Pts',(76.2159757160142,21.6365362336552,336.845894880273));
#11224=CARTESIAN_POINT('Ctrl Pts',(76.2159757160142,21.6365362336552,336.828026533152));
#11225=CARTESIAN_POINT('Ctrl Pts',(76.2154404904388,21.6337052412734,336.810328710428));
#11226=CARTESIAN_POINT('Ctrl Pts',(76.2128808223924,21.6201866934815,336.76685863899));
#11227=CARTESIAN_POINT('Ctrl Pts',(76.2103349762589,21.6067539207061,336.742356171875));
#11228=CARTESIAN_POINT('Ctrl Pts',(76.2029061838512,21.5677006510069,336.687188109276));
#11229=CARTESIAN_POINT('Ctrl Pts',(76.196403213436,21.5335523718061,336.650298523096));
#11230=CARTESIAN_POINT('Ctrl Pts',(76.1661283520511,21.3765041435404,336.520079620222));
#11231=CARTESIAN_POINT('Ctrl Pts',(76.137007608665,21.2284267451734,336.434004964392));
#11232=CARTESIAN_POINT('Ctrl Pts',(76.0470108422435,20.7821246411378,336.20006083513));
#11233=CARTESIAN_POINT('Ctrl Pts',(75.9304073395161,20.2277424562267,335.964119026522));
#11234=CARTESIAN_POINT('Ctrl Pts',(75.752695964331,19.4773505858537,335.856274446292));
#11235=CARTESIAN_POINT('Ctrl Pts',(75.7177274575983,19.3332381758929,335.845894880273));
#11236=CARTESIAN_POINT('Ctrl Pts',(75.684232445766,19.1977841334807,335.845894880273));
#11237=CARTESIAN_POINT('Origin',(81.2785133419223,21.5366577382915,336.845894880273));
#11238=CARTESIAN_POINT('Ctrl Pts',(79.8185988748013,16.6881618193222,336.845894880273));
#11239=CARTESIAN_POINT('Ctrl Pts',(80.1853977472688,16.5777162317857,336.845894880273));
#11240=CARTESIAN_POINT('Ctrl Pts',(80.4336993851346,16.2860212930521,336.845894880273));
#11241=CARTESIAN_POINT('Ctrl Pts',(79.8185988748013,16.6881618193222,335.845894880273));
#11242=CARTESIAN_POINT('Ctrl Pts',(80.1853977472688,16.5777162317857,335.845894880273));
#11243=CARTESIAN_POINT('Ctrl Pts',(80.4336993851346,16.2860212930521,335.845894880273));
#11244=CARTESIAN_POINT('Ctrl Pts',(79.5302789578172,15.730627681304,335.845894880273));
#11245=CARTESIAN_POINT('Ctrl Pts',(79.6149248514636,15.7051402380264,335.845894880273));
#11246=CARTESIAN_POINT('Ctrl Pts',(79.6722252294326,15.6378260213955,335.845894880273));
#11247=CARTESIAN_POINT('',(80.4336993851346,16.2860212930521,336.845894880273));
#11248=CARTESIAN_POINT('Origin',(79.6722252294326,15.6378260213955,336.845894880273));
#11249=CARTESIAN_POINT('Origin',(79.443782982722,15.4433674398986,336.845894880273));
#11250=CARTESIAN_POINT('Origin',(66.1128437632558,31.5668508157452,336.845894880273));
#11251=CARTESIAN_POINT('',(66.8743179189578,32.2150460874018,336.845894880273));
#11252=CARTESIAN_POINT('Origin',(82.4488551073456,10.7308879801945,336.845894880273));
#11253=CARTESIAN_POINT('',(83.3727346398569,10.3482045478294,336.845894880273));
#11254=CARTESIAN_POINT('Origin',(58.3707415622829,6.86613936984086,336.845894880273));
#11255=CARTESIAN_POINT('',(77.1542724609246,7.77589609088204,336.845894880273));
#11256=CARTESIAN_POINT('',(58.4721636833033,5.87129588799674,336.845894880273));
#11257=CARTESIAN_POINT('Origin',(77.0528503399042,8.77073957272615,336.845894880273));
#11258=CARTESIAN_POINT('Ctrl Pts',(77.1542724609246,7.77589609088204,336.845894880273));
#11259=CARTESIAN_POINT('Ctrl Pts',(76.7924049249096,7.73900448561865,336.845894880273));
#11260=CARTESIAN_POINT('Ctrl Pts',(76.4639385045218,7.89527001232936,336.845894880273));
#11261=CARTESIAN_POINT('Ctrl Pts',(77.1542724609247,7.77589609088139,335.845894880273));
#11262=CARTESIAN_POINT('Ctrl Pts',(76.7924049249095,7.73900448561798,335.845894880273));
#11263=CARTESIAN_POINT('Ctrl Pts',(76.4639385045216,7.89527001232876,335.845894880273));
#11264=CARTESIAN_POINT('Ctrl Pts',(77.0528503399043,8.77073957272614,335.845894880273));
#11265=CARTESIAN_POINT('Ctrl Pts',(76.9693424469777,8.76222612535767,335.845894880273));
#11266=CARTESIAN_POINT('Ctrl Pts',(76.8935425038113,8.79828740075246,335.845894880273));
#11267=CARTESIAN_POINT('',(76.4639385045218,7.89527001232935,336.845894880273));
#11268=CARTESIAN_POINT('Origin',(76.8935425038113,8.79828740075247,336.845894880273));
#11269=CARTESIAN_POINT('Origin',(77.0224237035982,9.06919261727952,336.845894880273));
#11270=CARTESIAN_POINT('Origin',(74.2886288684195,3.32282089674024,336.845894880273));
#11271=CARTESIAN_POINT('',(70.4590428188672,6.63545332679422,336.845894880273));
#11272=CARTESIAN_POINT('Ctrl Pts',(71.6953605693249,8.80381241409527,335.845894880273));
#11273=CARTESIAN_POINT('Ctrl Pts',(71.6112554132649,8.64630369364755,335.845894880273));
#11274=CARTESIAN_POINT('Ctrl Pts',(71.5191016330266,8.47595886783115,335.862837645479));
#11275=CARTESIAN_POINT('Ctrl Pts',(71.1293720533084,7.76824667948923,336.006067060604));
#11276=CARTESIAN_POINT('Ctrl Pts',(70.8425075108799,7.27634063706605,336.250950552901));
#11277=CARTESIAN_POINT('Ctrl Pts',(70.6122830736217,6.88923298790617,336.504065154709));
#11278=CARTESIAN_POINT('Ctrl Pts',(70.5475231679154,6.78158246783265,336.58555623368));
#11279=CARTESIAN_POINT('Ctrl Pts',(70.4895032267816,6.68564448309877,336.700738166729));
#11280=CARTESIAN_POINT('Ctrl Pts',(70.4778790677615,6.66648224135225,336.731299296655));
#11281=CARTESIAN_POINT('Ctrl Pts',(70.4644024250347,6.64427497033507,336.78306723299));
#11282=CARTESIAN_POINT('Ctrl Pts',(70.4603385790541,6.63758625152187,336.807255300607));
#11283=CARTESIAN_POINT('Ctrl Pts',(70.4591289335332,6.6355950733999,336.837301251186));
#11284=CARTESIAN_POINT('Ctrl Pts',(70.4590428188672,6.6354533267942,336.841605187099));
#11285=CARTESIAN_POINT('Ctrl Pts',(70.4590428188672,6.6354533267942,336.845894880273));
#11286=CARTESIAN_POINT('Origin',(74.2886288684195,3.32282089674024,336.845894880273));
#11287=CARTESIAN_POINT('Origin',(81.2785133419223,21.5366577382915,345.845894880273));
#11288=CARTESIAN_POINT('',(76.2159757160142,21.6365362336551,342.845894880273));
#11289=CARTESIAN_POINT('',(76.2159757160142,21.6365362336551,345.845894880273));
#11290=CARTESIAN_POINT('',(79.8185988748013,16.6881618193222,342.845894880273));
#11291=CARTESIAN_POINT('Origin',(81.2785133419223,21.5366577382915,342.845894880273));
#11292=CARTESIAN_POINT('',(79.8185988748013,16.6881618193222,345.845894880273));
#11293=CARTESIAN_POINT('Ctrl Pts',(70.1068757844067,-9.27866452745632,336.845894880273));
#11294=CARTESIAN_POINT('Ctrl Pts',(70.1068757844067,-9.27866452745633,336.621495405017));
#11295=CARTESIAN_POINT('Ctrl Pts',(70.1070663027377,-9.08768442923805,336.097190589708));
#11296=CARTESIAN_POINT('Ctrl Pts',(70.1076053771147,-8.54730347521173,335.845894880273));
#11297=CARTESIAN_POINT('Ctrl Pts',(70.1079168688525,-8.23505676193691,335.845894880273));
#11298=CARTESIAN_POINT('Ctrl Pts',(70.2050862618106,-9.30808972328343,336.845894880273));
#11299=CARTESIAN_POINT('Ctrl Pts',(70.2050862618106,-9.30808972328344,336.607664315269));
#11300=CARTESIAN_POINT('Ctrl Pts',(70.1848735715019,-9.0791762276031,336.063774833349));
#11301=CARTESIAN_POINT('Ctrl Pts',(70.1359328567067,-8.54015627883095,335.845894880273));
#11302=CARTESIAN_POINT('Ctrl Pts',(70.1079168688525,-8.2350567619369,335.845894880273));
#11303=CARTESIAN_POINT('Ctrl Pts',(70.3929023525256,-9.30480845536113,336.845894880273));
#11304=CARTESIAN_POINT('Ctrl Pts',(70.3929023525256,-9.30480845536115,336.59660451817));
#11305=CARTESIAN_POINT('Ctrl Pts',(70.3249570830462,-9.05221909707419,336.038069819339));
#11306=CARTESIAN_POINT('Ctrl Pts',(70.1855059459928,-8.52764868516459,335.845894880273));
#11307=CARTESIAN_POINT('Ctrl Pts',(70.1079168688525,-8.2350567619369,335.845894880273));
#11308=CARTESIAN_POINT('Ctrl Pts',(70.5495618405716,-9.2076253525908,336.845894880273));
#11309=CARTESIAN_POINT('Ctrl Pts',(70.5495618405716,-9.20762535259081,336.611184514818));
#11310=CARTESIAN_POINT('Ctrl Pts',(70.4588142891065,-9.00746324265087,336.0721783119));
#11311=CARTESIAN_POINT('Ctrl Pts',(70.2350790352788,-8.51514109149822,335.845894880273));
#11312=CARTESIAN_POINT('Ctrl Pts',(70.1079168688525,-8.2350567619369,335.845894880273));
#11313=CARTESIAN_POINT('Ctrl Pts',(70.6039333232718,-9.15325386989064,336.845894880273));
#11314=CARTESIAN_POINT('Ctrl Pts',(70.6039333232718,-9.15325386989065,336.621495405017));
#11315=CARTESIAN_POINT('Ctrl Pts',(70.5131623705128,-8.98522390724134,336.097190589708));
#11316=CARTESIAN_POINT('Ctrl Pts',(70.2563246449729,-8.50978069421264,335.845894880273));
#11317=CARTESIAN_POINT('Ctrl Pts',(70.1079168688525,-8.2350567619369,335.845894880273));
#11318=CARTESIAN_POINT('',(70.1068757844066,-9.27866452745632,336.845894880273));
#11319=CARTESIAN_POINT('Origin',(70.1079168688525,-8.23505676193682,336.845894880273));
#11320=CARTESIAN_POINT('',(70.6039333232718,-9.15325386989064,336.845894880273));
#11321=CARTESIAN_POINT('Origin',(70.1079168688525,-8.23505676193681,336.845894880273));
#11322=CARTESIAN_POINT('Origin',(70.2503799326784,-8.79970047929733,336.845894880273));
#11323=CARTESIAN_POINT('Ctrl Pts',(73.005008726181,-6.75217846698145,336.845894880273));
#11324=CARTESIAN_POINT('Ctrl Pts',(73.005008726181,-6.75217846698145,336.621495405017));
#11325=CARTESIAN_POINT('Ctrl Pts',(72.8360331403981,-6.66235313735593,336.097190589708));
#11326=CARTESIAN_POINT('Ctrl Pts',(72.3579142730169,-6.40819106616855,335.845894880273));
#11327=CARTESIAN_POINT('Ctrl Pts',(72.0816442753752,-6.26132935541416,335.845894880273));
#11328=CARTESIAN_POINT('Ctrl Pts',(73.0789459039333,-6.67824128922913,336.845894880273));
#11329=CARTESIAN_POINT('Ctrl Pts',(73.0789459039333,-6.67824128922913,336.607039859692));
#11330=CARTESIAN_POINT('Ctrl Pts',(72.865201059948,-6.58828632374559,336.062472922643));
#11331=CARTESIAN_POINT('Ctrl Pts',(72.3648801227661,-6.37928107390714,335.845894880273));
#11332=CARTESIAN_POINT('Ctrl Pts',(72.0816442753752,-6.26132935541416,335.845894880273));
#11333=CARTESIAN_POINT('Ctrl Pts',(73.1659764465707,-6.50718473088384,336.845894880273));
#11334=CARTESIAN_POINT('Ctrl Pts',(73.1659764465707,-6.50718473088384,336.595451063176));
#11335=CARTESIAN_POINT('Ctrl Pts',(72.9072432257993,-6.44920848317333,336.035743520708));
#11336=CARTESIAN_POINT('Ctrl Pts',(72.3770703598272,-6.32868858744967,335.845894880273));
#11337=CARTESIAN_POINT('Ctrl Pts',(72.0816442753752,-6.26132935541416,335.845894880273));
#11338=CARTESIAN_POINT('Ctrl Pts',(73.1513482990314,-6.31952343522146,336.845894880273));
#11339=CARTESIAN_POINT('Ctrl Pts',(73.1513482990314,-6.31952343522146,336.610721690546));
#11340=CARTESIAN_POINT('Ctrl Pts',(72.9302588843996,-6.3073627595938,336.071205504611));
#11341=CARTESIAN_POINT('Ctrl Pts',(72.3892605968883,-6.2780961009922,335.845894880273));
#11342=CARTESIAN_POINT('Ctrl Pts',(72.0816442753752,-6.26132935541416,335.845894880273));
#11343=CARTESIAN_POINT('Ctrl Pts',(73.1272373247826,-6.24489967589173,336.845894880273));
#11344=CARTESIAN_POINT('Ctrl Pts',(73.1272373247826,-6.24489967589174,336.621495405017));
#11345=CARTESIAN_POINT('Ctrl Pts',(72.9358939198464,-6.24790630531004,336.097190589708));
#11346=CARTESIAN_POINT('Ctrl Pts',(72.3944849842003,-6.25641360679614,335.845894880273));
#11347=CARTESIAN_POINT('Ctrl Pts',(72.0816442753752,-6.26132935541416,335.845894880273));
#11348=CARTESIAN_POINT('',(73.005008726181,-6.75217846698145,336.845894880273));
#11349=CARTESIAN_POINT('Origin',(72.0816442753752,-6.26132935541416,336.845894880273));
#11350=CARTESIAN_POINT('',(73.1272373247826,-6.24489967589173,336.845894880273));
#11351=CARTESIAN_POINT('Origin',(72.0816442753752,-6.26132935541416,336.845894880273));
#11352=CARTESIAN_POINT('Origin',(72.6514553355876,-6.39862507638813,336.845894880273));
#11353=CARTESIAN_POINT('Origin',(74.2886288684195,3.32282089674024,336.845894880273));
#11354=CARTESIAN_POINT('',(71.0844047129501,-0.597920167022703,336.845894880273));
#11355=CARTESIAN_POINT('Origin',(70.4515993922895,-1.37223110336789,336.845894880273));
#11356=CARTESIAN_POINT('',(69.6496758186999,5.35244586950449,336.845894880273));
#11357=CARTESIAN_POINT('Ctrl Pts',(69.6496758186999,5.35244586950457,336.845894880273));
#11358=CARTESIAN_POINT('Ctrl Pts',(69.6496758186999,5.35244586950457,336.828026533151));
#11359=CARTESIAN_POINT('Ctrl Pts',(69.6480979608637,5.35003519554653,336.810328710427));
#11360=CARTESIAN_POINT('Ctrl Pts',(69.640559811676,5.33852522848581,336.766858638989));
#11361=CARTESIAN_POINT('Ctrl Pts',(69.6330672569481,5.3270892177898,336.742356171874));
#11362=CARTESIAN_POINT('Ctrl Pts',(69.6112589083962,5.29385157701154,336.687188109271));
#11363=CARTESIAN_POINT('Ctrl Pts',(69.5921829664328,5.26479125982296,336.650298523089));
#11364=CARTESIAN_POINT('Ctrl Pts',(69.5041128866117,5.1312833039828,336.520079620218));
#11365=CARTESIAN_POINT('Ctrl Pts',(69.4205420607627,5.00562165243559,336.434004964389));
#11366=CARTESIAN_POINT('Ctrl Pts',(69.1666034692238,4.62773254466766,336.200060835122));
#11367=CARTESIAN_POINT('Ctrl Pts',(68.8467230022623,4.16017241947805,335.964119026518));
#11368=CARTESIAN_POINT('Ctrl Pts',(68.3953765634768,3.53490792812524,335.856274446292));
#11369=CARTESIAN_POINT('Ctrl Pts',(68.307920444134,3.41514729036315,335.845894880273));
#11370=CARTESIAN_POINT('Ctrl Pts',(68.2251390703847,3.30282205908011,335.845894880273));
#11371=CARTESIAN_POINT('Origin',(74.2886288684195,3.32282089674024,336.845894880273));
#11372=CARTESIAN_POINT('Ctrl Pts',(71.08440471295,-0.597920167022679,336.845894880273));
#11373=CARTESIAN_POINT('Ctrl Pts',(71.3810169872429,-0.840326436307315,
336.845894880273));
#11374=CARTESIAN_POINT('Ctrl Pts',(71.498790967998,-1.20483834298084,336.845894880273));
#11375=CARTESIAN_POINT('Ctrl Pts',(71.08440471295,-0.597920167022673,335.845894880273));
#11376=CARTESIAN_POINT('Ctrl Pts',(71.3810169872429,-0.84032643630731,335.845894880273));
#11377=CARTESIAN_POINT('Ctrl Pts',(71.4987909679981,-1.20483834298083,335.845894880273));
#11378=CARTESIAN_POINT('Ctrl Pts',(70.4515993922896,-1.37223110336788,335.845894880273));
#11379=CARTESIAN_POINT('Ctrl Pts',(70.5200483786648,-1.42817101166432,335.845894880273));
#11380=CARTESIAN_POINT('Ctrl Pts',(70.5472269896083,-1.51228914397359,335.845894880273));
#11381=CARTESIAN_POINT('',(71.498790967998,-1.20483834298082,336.845894880273));
#11382=CARTESIAN_POINT('Origin',(70.5472269896083,-1.51228914397359,336.845894880273));
#11383=CARTESIAN_POINT('Origin',(70.2617577960914,-1.6045243842714,336.845894880273));
#11384=CARTESIAN_POINT('Origin',(64.1157658620253,18.3931614766142,336.845894880273));
#11385=CARTESIAN_POINT('',(65.0673298404151,18.7006122776069,336.845894880273));
#11386=CARTESIAN_POINT('Origin',(71.2346946111612,-7.10827901962816,336.845894880273));
#11387=CARTESIAN_POINT('',(71.9418013923477,-7.81538580081471,336.845894880273));
#11388=CARTESIAN_POINT('Origin',(47.5104430619574,-1.4645460227337,336.845894880273));
#11389=CARTESIAN_POINT('',(65.2123116321309,-7.81218648482706,336.845894880273));
#11390=CARTESIAN_POINT('',(47.2234347654138,-2.42247411905157,336.845894880273));
#11391=CARTESIAN_POINT('Origin',(65.4993199286745,-6.8542583885092,336.845894880273));
#11392=CARTESIAN_POINT('Ctrl Pts',(65.2123116321309,-7.81218648482706,336.845894880273));
#11393=CARTESIAN_POINT('Ctrl Pts',(64.8638718159987,-7.70778917310765,336.845894880273));
#11394=CARTESIAN_POINT('Ctrl Pts',(64.6202086412072,-7.43771999417188,336.845894880273));
#11395=CARTESIAN_POINT('Ctrl Pts',(65.2123116321308,-7.81218648482756,335.845894880273));
#11396=CARTESIAN_POINT('Ctrl Pts',(64.8638718159984,-7.70778917310811,335.845894880273));
#11397=CARTESIAN_POINT('Ctrl Pts',(64.6202086412068,-7.43771999417223,335.845894880273));
#11398=CARTESIAN_POINT('Ctrl Pts',(65.4993199286745,-6.85425838850922,335.845894880273));
#11399=CARTESIAN_POINT('Ctrl Pts',(65.4189107403363,-6.83016670118935,335.845894880273));
#11400=CARTESIAN_POINT('Ctrl Pts',(65.3626807769228,-6.76784304451184,335.845894880273));
#11401=CARTESIAN_POINT('',(64.6202086412072,-7.4377199941719,336.845894880273));
#11402=CARTESIAN_POINT('Origin',(65.3626807769228,-6.76784304451184,336.845894880273));
#11403=CARTESIAN_POINT('Origin',(65.5854224176376,-6.56687995961374,336.845894880273));
#11404=CARTESIAN_POINT('Origin',(60.8606840696693,-10.8296571875135,336.845894880273));
#11405=CARTESIAN_POINT('',(58.5902974489942,-6.30366475267337,336.845894880273));
#11406=CARTESIAN_POINT('Ctrl Pts',(60.5623012124509,-4.77348049302014,335.845894880273));
#11407=CARTESIAN_POINT('Ctrl Pts',(60.4243222024117,-4.88681392623994,335.845894880273));
#11408=CARTESIAN_POINT('Ctrl Pts',(60.2739950683755,-5.00892629935485,335.862837645481));
#11409=CARTESIAN_POINT('Ctrl Pts',(59.6431021570744,-5.51362405183109,336.006067060612));
#11410=CARTESIAN_POINT('Ctrl Pts',(59.1898295850212,-5.85830766861088,336.250950552914));
#11411=CARTESIAN_POINT('Ctrl Pts',(58.8289902556901,-6.1278454246758,336.504065154714));
#11412=CARTESIAN_POINT('Ctrl Pts',(58.7279638337656,-6.2025189938387,336.585556233686));
#11413=CARTESIAN_POINT('Ctrl Pts',(58.6376465203989,-6.26895086409385,336.700738166714));
#11414=CARTESIAN_POINT('Ctrl Pts',(58.6195741253482,-6.2822060939728,336.731299296641));
#11415=CARTESIAN_POINT('Ctrl Pts',(58.5986249762633,-6.29756564924766,336.783067232992));
#11416=CARTESIAN_POINT('Ctrl Pts',(58.5923108102654,-6.30219005312909,336.807255300609));
#11417=CARTESIAN_POINT('Ctrl Pts',(58.590431252649,-6.30356675054159,336.837301251186));
#11418=CARTESIAN_POINT('Ctrl Pts',(58.5902974489941,-6.30366475267341,336.841605187099));
#11419=CARTESIAN_POINT('Ctrl Pts',(58.5902974489941,-6.30366475267341,336.845894880273));
#11420=CARTESIAN_POINT('Origin',(60.8606840696693,-10.8296571875135,336.845894880273));
#11421=CARTESIAN_POINT('Origin',(74.2886288684195,3.32282089674024,345.845894880273));
#11422=CARTESIAN_POINT('',(69.6496758186999,5.35244586950449,342.845894880273));
#11423=CARTESIAN_POINT('',(69.6496758186999,5.35244586950449,345.845894880273));
#11424=CARTESIAN_POINT('',(71.0844047129501,-0.597920167022703,342.845894880273));
#11425=CARTESIAN_POINT('Origin',(74.2886288684195,3.32282089674024,342.845894880273));
#11426=CARTESIAN_POINT('',(71.0844047129501,-0.597920167022703,345.845894880273));
#11427=CARTESIAN_POINT('Ctrl Pts',(52.1748682903037,-20.8716240266747,336.845894880273));
#11428=CARTESIAN_POINT('Ctrl Pts',(52.1748682903037,-20.8716240266747,336.621495405017));
#11429=CARTESIAN_POINT('Ctrl Pts',(52.2481288333923,-20.6952552756876,336.097189772797));
#11430=CARTESIAN_POINT('Ctrl Pts',(52.4554221038449,-20.1962137226717,335.845894880273));
#11431=CARTESIAN_POINT('Ctrl Pts',(52.5752015286667,-19.9078545779105,335.845894880273));
#11432=CARTESIAN_POINT('Ctrl Pts',(52.2543424053182,-20.9363928854267,336.845894880273));
#11433=CARTESIAN_POINT('Ctrl Pts',(52.2543424053182,-20.9363928854267,336.607664315269));
#11434=CARTESIAN_POINT('Ctrl Pts',(52.3232693155573,-20.7171705281736,336.063773328457));
#11435=CARTESIAN_POINT('Ctrl Pts',(52.4843283960904,-20.2004510313411,335.845894880273));
#11436=CARTESIAN_POINT('Ctrl Pts',(52.5752015286667,-19.9078545779105,335.845894880273));
#11437=CARTESIAN_POINT('Ctrl Pts',(52.4291175287445,-21.0052355600311,336.845894880273));
#11438=CARTESIAN_POINT('Ctrl Pts',(52.4291175287445,-21.0052355600312,336.59660451817));
#11439=CARTESIAN_POINT('Ctrl Pts',(52.4630059392709,-20.7458728083934,336.03806738929));
#11440=CARTESIAN_POINT('Ctrl Pts',(52.5349144075199,-20.2078663215127,335.845894880273));
#11441=CARTESIAN_POINT('Ctrl Pts',(52.5752015286667,-19.9078545779105,335.845894880273));
#11442=CARTESIAN_POINT('Ctrl Pts',(52.6110423921925,-20.9754010064433,336.845894880273));
#11443=CARTESIAN_POINT('Ctrl Pts',(52.6110423921926,-20.9754010064434,336.611184514817));
#11444=CARTESIAN_POINT('Ctrl Pts',(52.6038013849342,-20.7557487830088,336.072176891057));
#11445=CARTESIAN_POINT('Ctrl Pts',(52.5855004189496,-20.2152816116844,335.845894880273));
#11446=CARTESIAN_POINT('Ctrl Pts',(52.5752015286667,-19.9078545779105,335.845894880273));
#11447=CARTESIAN_POINT('Ctrl Pts',(52.682082157834,-20.9459753720468,336.845894880273));
#11448=CARTESIAN_POINT('Ctrl Pts',(52.682082157834,-20.9459753720469,336.621495405017));
#11449=CARTESIAN_POINT('Ctrl Pts',(52.6625231200422,-20.7560004064881,336.097189772797));
#11450=CARTESIAN_POINT('Ctrl Pts',(52.6071801381337,-20.2184595931865,335.845894880273));
#11451=CARTESIAN_POINT('Ctrl Pts',(52.5752015286667,-19.9078545779105,335.845894880273));
#11452=CARTESIAN_POINT('',(52.1748682903037,-20.8716240266747,336.845894880273));
#11453=CARTESIAN_POINT('Origin',(52.5752015286667,-19.9078545779105,336.845894880273));
#11454=CARTESIAN_POINT('',(52.682082157834,-20.9459753720468,336.845894880273));
#11455=CARTESIAN_POINT('Origin',(52.5752015286667,-19.9078545779105,336.845894880273));
#11456=CARTESIAN_POINT('Origin',(52.4907404416514,-20.4840356057911,336.845894880273));
#11457=CARTESIAN_POINT('Ctrl Pts',(55.8192383551508,-19.6465227278354,336.845894880273));
#11458=CARTESIAN_POINT('Ctrl Pts',(55.8192383551508,-19.6465227278354,336.621495405017));
#11459=CARTESIAN_POINT('Ctrl Pts',(55.6975003845155,-19.4988713318477,336.097190027049));
#11460=CARTESIAN_POINT('Ctrl Pts',(55.3530393135043,-19.0810874823813,335.845894880273));
#11461=CARTESIAN_POINT('Ctrl Pts',(55.1540006607907,-18.8396810027488,335.845894880273));
#11462=CARTESIAN_POINT('Ctrl Pts',(55.9158419333294,-19.60650821558,336.845894880273));
#11463=CARTESIAN_POINT('Ctrl Pts',(55.9158419333294,-19.60650821558,336.607039859692));
#11464=CARTESIAN_POINT('Ctrl Pts',(55.752792331341,-19.4416046959613,336.062471858642));
#11465=CARTESIAN_POINT('Ctrl Pts',(55.3705382945823,-19.0570438475373,335.845894880273));
#11466=CARTESIAN_POINT('Ctrl Pts',(55.1540006607907,-18.8396810027488,335.845894880273));
#11467=CARTESIAN_POINT('Ctrl Pts',(56.0617082219251,-19.48177773514,336.845894880273));
#11468=CARTESIAN_POINT('Ctrl Pts',(56.0617082219251,-19.48177773514,336.595451063176));
#11469=CARTESIAN_POINT('Ctrl Pts',(55.8448569641859,-19.3292021045471,336.035741774653));
#11470=CARTESIAN_POINT('Ctrl Pts',(55.401161511469,-19.0149674865603,335.845894880273));
#11471=CARTESIAN_POINT('Ctrl Pts',(55.1540006607907,-18.8396810027488,335.845894880273));
#11472=CARTESIAN_POINT('Ctrl Pts',(56.1200084038876,-19.3028033293836,336.845894880273));
#11473=CARTESIAN_POINT('Ctrl Pts',(56.1200084038876,-19.3028033293836,336.610721690546));
#11474=CARTESIAN_POINT('Ctrl Pts',(55.9204027691174,-19.2069613569708,336.071204500494));
#11475=CARTESIAN_POINT('Ctrl Pts',(55.4317847283556,-18.9728911255834,335.845894880273));
#11476=CARTESIAN_POINT('Ctrl Pts',(55.1540006607907,-18.8396810027488,335.845894880273));
#11477=CARTESIAN_POINT('Ctrl Pts',(56.1262900446266,-19.2246330951166,336.845894880273));
#11478=CARTESIAN_POINT('Ctrl Pts',(56.1262900446266,-19.2246330951166,336.621495405017));
#11479=CARTESIAN_POINT('Ctrl Pts',(55.9483618582626,-19.154187167422,336.097190027049));
#11480=CARTESIAN_POINT('Ctrl Pts',(55.4449089641642,-18.9548583994504,335.845894880273));
#11481=CARTESIAN_POINT('Ctrl Pts',(55.1540006607907,-18.8396810027488,335.845894880273));
#11482=CARTESIAN_POINT('',(55.8192383551508,-19.6465227278354,336.845894880273));
#11483=CARTESIAN_POINT('Origin',(55.1540006607907,-18.8396810027488,336.845894880273));
#11484=CARTESIAN_POINT('',(56.1262900446266,-19.2246330951166,336.845894880273));
#11485=CARTESIAN_POINT('Origin',(55.1540006607907,-18.8396810027488,336.845894880273));
#11486=CARTESIAN_POINT('Origin',(55.6278966389682,-19.1845829615797,336.845894880273));
#11487=CARTESIAN_POINT('Origin',(60.8606840696693,-10.8296571875135,336.845894880273));
#11488=CARTESIAN_POINT('',(56.3999643071573,-13.2257461107185,336.845894880273));
#11489=CARTESIAN_POINT('Origin',(55.5190124564964,-13.6989520244782,336.845894880273));
#11490=CARTESIAN_POINT('',(57.351554145744,-7.17927774085552,336.845894880273));
#11491=CARTESIAN_POINT('Ctrl Pts',(57.3515541457441,-7.1792777408555,336.845894880273));
#11492=CARTESIAN_POINT('Ctrl Pts',(57.3515541457441,-7.1792777408555,336.82802653315));
#11493=CARTESIAN_POINT('Ctrl Pts',(57.3491738701991,-7.18090109313262,336.810328710426));
#11494=CARTESIAN_POINT('Ctrl Pts',(57.3378048547502,-7.18865019131509,336.766858638988));
#11495=CARTESIAN_POINT('Ctrl Pts',(57.3265062649652,-7.19634841097022,336.742356171873));
#11496=CARTESIAN_POINT('Ctrl Pts',(57.2936384836811,-7.2187102932906,336.687188109333));
#11497=CARTESIAN_POINT('Ctrl Pts',(57.264893709446,-7.23825847857933,336.650298523161));
#11498=CARTESIAN_POINT('Ctrl Pts',(57.1324362824059,-7.32790078602548,336.520079620213));
#11499=CARTESIAN_POINT('Ctrl Pts',(57.0071382747582,-7.41201584342998,336.434004964386));
#11500=CARTESIAN_POINT('Ctrl Pts',(56.627917706696,-7.66396176384269,336.200060835112));
#11501=CARTESIAN_POINT('Ctrl Pts',(56.1534591768614,-7.97351803868839,335.964119026513));
#11502=CARTESIAN_POINT('Ctrl Pts',(55.497191078335,-8.37846430025897,335.856274446291));
#11503=CARTESIAN_POINT('Ctrl Pts',(55.3705617477605,-8.45564069435616,335.845894880273));
#11504=CARTESIAN_POINT('Ctrl Pts',(55.2510967258349,-8.52773661627904,335.845894880273));
#11505=CARTESIAN_POINT('Origin',(60.8606840696693,-10.8296571875135,336.845894880273));
#11506=CARTESIAN_POINT('Ctrl Pts',(56.3999643071573,-13.2257461107185,336.845894880273));
#11507=CARTESIAN_POINT('Ctrl Pts',(56.5812334533114,-13.563208904671,336.845894880273));
#11508=CARTESIAN_POINT('Ctrl Pts',(56.5505497560097,-13.9450441458019,336.845894880273));
#11509=CARTESIAN_POINT('Ctrl Pts',(56.3999643071572,-13.2257461107185,335.845894880273));
#11510=CARTESIAN_POINT('Ctrl Pts',(56.5812334533113,-13.563208904671,335.845894880273));
#11511=CARTESIAN_POINT('Ctrl Pts',(56.5505497560097,-13.9450441458019,335.845894880273));
#11512=CARTESIAN_POINT('Ctrl Pts',(55.5190124564964,-13.6989520244782,335.845894880273));
#11513=CARTESIAN_POINT('Ctrl Pts',(55.5608437979165,-13.7768280538518,335.845894880273));
#11514=CARTESIAN_POINT('Ctrl Pts',(55.5537629446931,-13.8649438787282,335.845894880273));
#11515=CARTESIAN_POINT('',(56.5505497560097,-13.9450441458019,336.845894880273));
#11516=CARTESIAN_POINT('Origin',(55.5537629446931,-13.8649438787282,336.845894880273));
#11517=CARTESIAN_POINT('Origin',(55.2547269012981,-13.840913798606,336.845894880273));
#11518=CARTESIAN_POINT('Origin',(57.2293538110374,6.98650815447202,336.845894880273));
#11519=CARTESIAN_POINT('',(58.226140622354,6.90640788739828,336.845894880273));
#11520=CARTESIAN_POINT('Origin',(54.0474075964138,-19.2980468580417,336.845894880273));
#11521=CARTESIAN_POINT('',(54.4300910287789,-20.221926390553,336.845894880273));
#11522=CARTESIAN_POINT('Origin',(34.2888202805597,-5.00503944211033,336.845894880273));
#11523=CARTESIAN_POINT('',(48.2140775002941,-17.6437063684883,336.845894880273));
#11524=CARTESIAN_POINT('',(33.6570759778643,-5.78021628387736,336.845894880273));
#11525=CARTESIAN_POINT('Origin',(48.8458218029895,-16.8685295267213,336.845894880273));
#11526=CARTESIAN_POINT('Ctrl Pts',(48.2140775002941,-17.6437063684883,336.845894880273));
#11527=CARTESIAN_POINT('Ctrl Pts',(47.932112207436,-17.4139136841314,336.845894880273));
#11528=CARTESIAN_POINT('Ctrl Pts',(47.8103477877906,-17.0711564372803,336.845894880273));
#11529=CARTESIAN_POINT('Ctrl Pts',(48.2140775002939,-17.6437063684885,335.845894880273));
#11530=CARTESIAN_POINT('Ctrl Pts',(47.9321122074357,-17.4139136841316,335.845894880273));
#11531=CARTESIAN_POINT('Ctrl Pts',(47.8103477877903,-17.0711564372804,335.845894880273));
#11532=CARTESIAN_POINT('Ctrl Pts',(48.8458218029895,-16.8685295267213,335.845894880273));
#11533=CARTESIAN_POINT('Ctrl Pts',(48.780752889253,-16.8155004457158,335.845894880273));
#11534=CARTESIAN_POINT('Ctrl Pts',(48.7526534077964,-16.7364026195194,335.845894880273));
#11535=CARTESIAN_POINT('',(47.8103477877906,-17.0711564372803,336.845894880273));
#11536=CARTESIAN_POINT('Origin',(48.7526534077963,-16.7364026195194,336.845894880273));
#11537=CARTESIAN_POINT('Origin',(49.0353450937982,-16.6359764741911,336.845894880273));
#11538=CARTESIAN_POINT('Origin',(43.0389618166587,-18.7661900186755,336.845894880273));
#11539=CARTESIAN_POINT('',(42.6734204067523,-13.71587889903,336.845894880273));
#11540=CARTESIAN_POINT('Ctrl Pts',(45.0808904864805,-13.0568261494019,335.845894880273));
#11541=CARTESIAN_POINT('Ctrl Pts',(44.9100436759688,-13.108730307545,335.845894880273));
#11542=CARTESIAN_POINT('Ctrl Pts',(44.7244291315748,-13.1640197261014,335.86283764548));
#11543=CARTESIAN_POINT('Ctrl Pts',(43.9484206154236,-13.3888673849582,336.006067060605));
#11544=CARTESIAN_POINT('Ctrl Pts',(43.3977466538883,-13.5338536200285,336.250950552902));
#11545=CARTESIAN_POINT('Ctrl Pts',(42.9612269493387,-13.6447868030183,336.504065154709));
#11546=CARTESIAN_POINT('Ctrl Pts',(42.8393143681228,-13.6751150472866,336.58555623368));
#11547=CARTESIAN_POINT('Ctrl Pts',(42.7304496747368,-13.7019271530425,336.700738166716));
#11548=CARTESIAN_POINT('Ctrl Pts',(42.7086804019803,-13.707257382457,336.731299296643));
#11549=CARTESIAN_POINT('Ctrl Pts',(42.6834480645868,-13.7134308689266,336.783067232991));
#11550=CARTESIAN_POINT('Ctrl Pts',(42.675844853106,-13.7152869343062,336.807255300607));
#11551=CARTESIAN_POINT('Ctrl Pts',(42.6735815290027,-13.7158395613082,336.837301251186));
#11552=CARTESIAN_POINT('Ctrl Pts',(42.6734204067523,-13.71587889903,336.841605187099));
#11553=CARTESIAN_POINT('Ctrl Pts',(42.6734204067523,-13.71587889903,336.845894880273));
#11554=CARTESIAN_POINT('Origin',(43.0389618166587,-18.7661900186755,336.845894880273));
#11555=CARTESIAN_POINT('Origin',(60.8606840696693,-10.8296571875135,345.845894880273));
#11556=CARTESIAN_POINT('',(57.351554145744,-7.17927774085552,342.845894880273));
#11557=CARTESIAN_POINT('',(57.351554145744,-7.17927774085552,345.845894880273));
#11558=CARTESIAN_POINT('',(56.3999643071573,-13.2257461107185,342.845894880273));
#11559=CARTESIAN_POINT('Origin',(60.8606840696693,-10.8296571875135,342.845894880273));
#11560=CARTESIAN_POINT('',(56.3999643071573,-13.2257461107185,345.845894880273));
#11561=CARTESIAN_POINT('Ctrl Pts',(31.1714200572326,-24.719839852195,336.845894880273));
#11562=CARTESIAN_POINT('Ctrl Pts',(31.1714200572326,-24.719839852195,336.621495405016));
#11563=CARTESIAN_POINT('Ctrl Pts',(31.3065952495467,-24.584934087814,336.097187377499));
#11564=CARTESIAN_POINT('Ctrl Pts',(31.6890863167219,-24.2032053926084,335.845894880273));
#11565=CARTESIAN_POINT('Ctrl Pts',(31.9100983430018,-23.9826338821687,335.845894880273));
#11566=CARTESIAN_POINT('Ctrl Pts',(31.2200585962814,-24.810091902258,336.845894880273));
#11567=CARTESIAN_POINT('Ctrl Pts',(31.2200585962814,-24.810091902258,336.607664315269));
#11568=CARTESIAN_POINT('Ctrl Pts',(31.3676290913174,-24.6339368346628,336.063768915901));
#11569=CARTESIAN_POINT('Ctrl Pts',(31.7141707006627,-24.2181821144945,335.845894880273));
#11570=CARTESIAN_POINT('Ctrl Pts',(31.9100983430018,-23.9826338821687,335.845894880273));
#11571=CARTESIAN_POINT('Ctrl Pts',(31.3551847169045,-24.9405779536396,336.845894880273));
#11572=CARTESIAN_POINT('Ctrl Pts',(31.3551847169045,-24.9405779536397,336.59660451817));
#11573=CARTESIAN_POINT('Ctrl Pts',(31.4857460334667,-24.713928907251,336.038060263718));
#11574=CARTESIAN_POINT('Ctrl Pts',(31.758068372559,-24.2443913777952,335.845894880273));
#11575=CARTESIAN_POINT('Ctrl Pts',(31.9100983430018,-23.9826338821687,335.845894880273));
#11576=CARTESIAN_POINT('Ctrl Pts',(31.5346786517608,-24.9826338821687,336.845894880273));
#11577=CARTESIAN_POINT('Ctrl Pts',(31.5346786517608,-24.9826338821687,336.611184514817));
#11578=CARTESIAN_POINT('Ctrl Pts',(31.6120451387941,-24.7769335699983,336.072172724942));
#11579=CARTESIAN_POINT('Ctrl Pts',(31.8019660444553,-24.2706006410959,335.845894880273));
#11580=CARTESIAN_POINT('Ctrl Pts',(31.9100983430018,-23.9826338821687,335.845894880273));
#11581=CARTESIAN_POINT('Ctrl Pts',(31.6115715400017,-24.9826338821687,336.845894880273));
#11582=CARTESIAN_POINT('Ctrl Pts',(31.6115715400017,-24.9826338821687,336.621495405016));
#11583=CARTESIAN_POINT('Ctrl Pts',(31.6662007592218,-24.7996378541031,336.097187377499));
#11584=CARTESIAN_POINT('Ctrl Pts',(31.8207793324109,-24.2818331825105,335.845894880273));
#11585=CARTESIAN_POINT('Ctrl Pts',(31.9100983430018,-23.9826338821687,335.845894880273));
#11586=CARTESIAN_POINT('',(31.1714200572326,-24.719839852195,336.845894880273));
#11587=CARTESIAN_POINT('Origin',(31.9100983430018,-23.9826338821687,336.845894880273));
#11588=CARTESIAN_POINT('',(31.6115715400017,-24.9826338821687,336.845894880273));
#11589=CARTESIAN_POINT('Origin',(31.9100983430018,-23.9826338821687,336.845894880273));
#11590=CARTESIAN_POINT('Origin',(31.6115715400017,-24.4826338821686,336.845894880273));
#11591=CARTESIAN_POINT('Ctrl Pts',(35.0072049390764,-24.9826338821687,336.845894880273));
#11592=CARTESIAN_POINT('Ctrl Pts',(35.0072049390764,-24.9826338821687,336.621495405017));
#11593=CARTESIAN_POINT('Ctrl Pts',(34.9512382431707,-24.7996372269973,336.097187900149));
#11594=CARTESIAN_POINT('Ctrl Pts',(34.7928758869334,-24.2818331825106,335.845894880273));
#11595=CARTESIAN_POINT('Ctrl Pts',(34.7013704097336,-23.9826338821687,335.845894880273));
#11596=CARTESIAN_POINT('Ctrl Pts',(35.1117678986173,-24.9826338821687,336.845894880273));
#11597=CARTESIAN_POINT('Ctrl Pts',(35.1117678986173,-24.9826338821687,336.607039859692));
#11598=CARTESIAN_POINT('Ctrl Pts',(35.0242367531263,-24.767889639488,336.062467836626));
#11599=CARTESIAN_POINT('Ctrl Pts',(34.8182439380999,-24.2663163305329,335.845894880273));
#11600=CARTESIAN_POINT('Ctrl Pts',(34.7013704097337,-23.9826338821687,335.845894880273));
#11601=CARTESIAN_POINT('Ctrl Pts',(35.2942631702148,-24.9232187058866,336.845894880273));
#11602=CARTESIAN_POINT('Ctrl Pts',(35.2942631702148,-24.9232187058866,336.595451063176));
#11603=CARTESIAN_POINT('Ctrl Pts',(35.1523081991857,-24.6992738114392,336.035735174149));
#11604=CARTESIAN_POINT('Ctrl Pts',(34.8626380276412,-24.2391618395719,335.845894880273));
#11605=CARTESIAN_POINT('Ctrl Pts',(34.7013704097337,-23.9826338821687,335.845894880273));
#11606=CARTESIAN_POINT('Ctrl Pts',(35.4166159502668,-24.7801782796152,336.845894880273));
#11607=CARTESIAN_POINT('Ctrl Pts',(35.4166159502668,-24.7801782796152,336.610721690546));
#11608=CARTESIAN_POINT('Ctrl Pts',(35.2688834244335,-24.615248018121,336.071200704843));
#11609=CARTESIAN_POINT('Ctrl Pts',(34.9070321171826,-24.212007348611,335.845894880273));
#11610=CARTESIAN_POINT('Ctrl Pts',(34.7013704097337,-23.9826338821687,335.845894880273));
#11611=CARTESIAN_POINT('Ctrl Pts',(35.4523338831342,-24.7103622799632,336.845894880273));
#11612=CARTESIAN_POINT('Ctrl Pts',(35.4523338831342,-24.7103622799632,336.621495405017));
#11613=CARTESIAN_POINT('Ctrl Pts',(35.314910079346,-24.5771904172935,336.097187900149));
#11614=CARTESIAN_POINT('Ctrl Pts',(34.9260581555575,-24.2003697096277,335.845894880273));
#11615=CARTESIAN_POINT('Ctrl Pts',(34.7013704097337,-23.9826338821687,335.845894880273));
#11616=CARTESIAN_POINT('',(35.0072049390764,-24.9826338821687,336.845894880273));
#11617=CARTESIAN_POINT('Origin',(34.7013704097336,-23.9826338821687,336.845894880273));
#11618=CARTESIAN_POINT('',(35.4523338831342,-24.7103622799631,336.845894880273));
#11619=CARTESIAN_POINT('Origin',(34.7013704097336,-23.9826338821687,336.845894880273));
#11620=CARTESIAN_POINT('Origin',(35.0072049390764,-24.4826338821686,336.845894880273));
#11621=CARTESIAN_POINT('Origin',(43.0389618166587,-18.7661900186755,336.845894880273));
#11622=CARTESIAN_POINT('',(38.0008505944211,-19.2728439833646,336.845894880273));
#11623=CARTESIAN_POINT('Origin',(37.0058691471746,-19.3729035637912,336.845894880273));
#11624=CARTESIAN_POINT('',(41.1938882391032,-14.0507932781055,336.845894880273));
#11625=CARTESIAN_POINT('Ctrl Pts',(41.1938882391033,-14.0507932781055,336.845894880273));
#11626=CARTESIAN_POINT('Ctrl Pts',(41.1938882391033,-14.0507932781055,336.828026533151));
#11627=CARTESIAN_POINT('Ctrl Pts',(41.1910679212246,-14.0513821680327,336.810328710427));
#11628=CARTESIAN_POINT('Ctrl Pts',(41.1775988690566,-14.0541906673843,336.766858638989));
#11629=CARTESIAN_POINT('Ctrl Pts',(41.1642143520877,-14.0569791118406,336.742356171875));
#11630=CARTESIAN_POINT('Ctrl Pts',(41.1252909597749,-14.0650608418739,336.687188109299));
#11631=CARTESIAN_POINT('Ctrl Pts',(41.0912534845272,-14.0721208612976,336.650298523122));
#11632=CARTESIAN_POINT('Ctrl Pts',(40.9345741529115,-14.1042502915611,336.52007962022));
#11633=CARTESIAN_POINT('Ctrl Pts',(40.786624449301,-14.1340129998379,336.434004964391));
#11634=CARTESIAN_POINT('Ctrl Pts',(40.339854798584,-14.2216592503941,336.200060835126));
#11635=CARTESIAN_POINT('Ctrl Pts',(39.7830502160984,-14.3260845381699,335.964119026519));
#11636=CARTESIAN_POINT('Ctrl Pts',(39.0217713266854,-14.449063172513,335.856274446292));
#11637=CARTESIAN_POINT('Ctrl Pts',(38.8752469525613,-14.4719059165502,335.845894880273));
#11638=CARTESIAN_POINT('Ctrl Pts',(38.7372857490875,-14.4927965785549,335.845894880273));
#11639=CARTESIAN_POINT('Origin',(43.0389618166587,-18.7661900186755,336.845894880273));
#11640=CARTESIAN_POINT('Ctrl Pts',(38.0008505944211,-19.2728439833646,336.845894880273));
#11641=CARTESIAN_POINT('Ctrl Pts',(38.0391800281435,-19.6539876507135,336.845894880273));
#11642=CARTESIAN_POINT('Ctrl Pts',(37.8647099675507,-19.9950152721849,336.845894880273));
#11643=CARTESIAN_POINT('Ctrl Pts',(38.0008505944211,-19.2728439833646,335.845894880273));
#11644=CARTESIAN_POINT('Ctrl Pts',(38.0391800281435,-19.6539876507135,335.845894880273));
#11645=CARTESIAN_POINT('Ctrl Pts',(37.8647099675507,-19.9950152721849,335.845894880273));
#11646=CARTESIAN_POINT('Ctrl Pts',(37.0058691471746,-19.3729035637912,335.845894880273));
#11647=CARTESIAN_POINT('Ctrl Pts',(37.0147144011105,-19.4608597947179,335.845894880273));
#11648=CARTESIAN_POINT('Ctrl Pts',(36.9744520794352,-19.5395584765959,335.845894880273));
#11649=CARTESIAN_POINT('',(37.8647099675507,-19.9950152721849,336.845894880273));
#11650=CARTESIAN_POINT('Origin',(36.9744520794353,-19.5395584765959,336.845894880273));
#11651=CARTESIAN_POINT('Origin',(36.7073747130007,-19.4029214379192,336.845894880273));
#11652=CARTESIAN_POINT('Origin',(46.5020014195743,-0.916549583954472,336.845894880273));
#11653=CARTESIAN_POINT('',(47.3922593076898,-1.37200637954348,336.845894880273));
#11654=CARTESIAN_POINT('Origin',(33.5036027079542,-23.9826338821687,336.845894880273));
#11655=CARTESIAN_POINT('',(33.5036027079542,-24.9826338821687,336.845894880273));
#11656=CARTESIAN_POINT('Origin',(20.7187454322483,-3.21633285984197,336.845894880273));
#11657=CARTESIAN_POINT('',(28.7473971226101,-20.2219037807639,336.845894880273));
#11658=CARTESIAN_POINT('',(19.8384424667101,-3.6907447998947,336.845894880273));
#11659=CARTESIAN_POINT('Origin',(29.6277000881484,-19.7474918407112,336.845894880273));
#11660=CARTESIAN_POINT('Ctrl Pts',(28.7473971226101,-20.2219037807639,336.845894880273));
#11661=CARTESIAN_POINT('Ctrl Pts',(28.5748330128421,-19.901699576887,336.845894880273));
#11662=CARTESIAN_POINT('Ctrl Pts',(28.5935048774365,-19.5384359458515,336.845894880273));
#11663=CARTESIAN_POINT('Ctrl Pts',(28.7473971226101,-20.221903780764,335.845894880273));
#11664=CARTESIAN_POINT('Ctrl Pts',(28.5748330128421,-19.901699576887,335.845894880273));
#11665=CARTESIAN_POINT('Ctrl Pts',(28.5935048774365,-19.5384359458515,335.845894880273));
#11666=CARTESIAN_POINT('Ctrl Pts',(29.6277000881484,-19.7474918407112,335.845894880273));
#11667=CARTESIAN_POINT('Ctrl Pts',(29.5878776012788,-19.6735985628934,335.845894880273));
#11668=CARTESIAN_POINT('Ctrl Pts',(29.5921864931083,-19.5897684941929,335.845894880273));
#11669=CARTESIAN_POINT('',(28.5935048774365,-19.5384359458515,336.845894880273));
#11670=CARTESIAN_POINT('Origin',(29.5921864931083,-19.5897684941929,336.845894880273));
#11671=CARTESIAN_POINT('Origin',(29.89179097781,-19.6051682586954,336.845894880273));
#11672=CARTESIAN_POINT('Origin',(23.5366577680939,-19.2785124180504,336.845894880273));
#11673=CARTESIAN_POINT('',(25.1316119349739,-14.4727467003813,336.845894880273));
#11674=CARTESIAN_POINT('Ctrl Pts',(27.6080328351052,-14.7851602675812,335.845894880273));
#11675=CARTESIAN_POINT('Ctrl Pts',(27.4303281022785,-14.7677332130858,335.845894880273));
#11676=CARTESIAN_POINT('Ctrl Pts',(27.2376842793086,-14.7477823643088,335.862837645482));
#11677=CARTESIAN_POINT('Ctrl Pts',(26.4347004202931,-14.6585489117501,336.006067060613));
#11678=CARTESIAN_POINT('Ctrl Pts',(25.8704601880836,-14.5817649251146,336.250950552916));
#11679=CARTESIAN_POINT('Ctrl Pts',(25.4247162762975,-14.5172049635254,336.504065154715));
#11680=CARTESIAN_POINT('Ctrl Pts',(25.3004776211461,-14.4985706826341,336.585556233687));
#11681=CARTESIAN_POINT('Ctrl Pts',(25.1896392104873,-14.4816811238422,336.700738166688));
#11682=CARTESIAN_POINT('Ctrl Pts',(25.1674872344485,-14.4782748736813,336.731299296617));
#11683=CARTESIAN_POINT('Ctrl Pts',(25.1418131033677,-14.4743224339923,336.783067232992));
#11684=CARTESIAN_POINT('Ctrl Pts',(25.1340783664297,-14.4731275917412,336.807255300609));
#11685=CARTESIAN_POINT('Ctrl Pts',(25.1317758464175,-14.472772015881,336.837301251186));
#11686=CARTESIAN_POINT('Ctrl Pts',(25.1316119349738,-14.4727467003813,336.841605187099));
#11687=CARTESIAN_POINT('Ctrl Pts',(25.1316119349738,-14.4727467003813,336.845894880273));
#11688=CARTESIAN_POINT('Origin',(23.5366577680939,-19.2785124180504,336.845894880273));
#11689=CARTESIAN_POINT('Origin',(43.0389618166587,-18.7661900186755,345.845894880273));
#11690=CARTESIAN_POINT('',(41.1938882391032,-14.0507932781055,342.845894880273));
#11691=CARTESIAN_POINT('',(41.1938882391032,-14.0507932781055,345.845894880273));
#11692=CARTESIAN_POINT('',(38.0008505944211,-19.2728439833646,342.845894880273));
#11693=CARTESIAN_POINT('Origin',(43.0389618166587,-18.7661900186755,342.845894880273));
#11694=CARTESIAN_POINT('',(38.0008505944211,-19.2728439833646,345.845894880273));
#11695=CARTESIAN_POINT('Ctrl Pts',(10.2941156819461,-20.2374560287451,336.845894880272));
#11696=CARTESIAN_POINT('Ctrl Pts',(10.2941156819461,-20.2374560287451,336.546695579931));
#11697=CARTESIAN_POINT('Ctrl Pts',(10.5365001400586,-20.1373402663265,336.028886173694));
#11698=CARTESIAN_POINT('Ctrl Pts',(11.0422337795866,-19.9284493609591,335.845894880272));
#11699=CARTESIAN_POINT('Ctrl Pts',(11.2586819422485,-19.8390464636044,335.845894880272));
#11700=CARTESIAN_POINT('Ctrl Pts',(10.3045138683684,-20.339451213634,336.845894880272));
#11701=CARTESIAN_POINT('Ctrl Pts',(10.3045138683684,-20.339451213634,336.528254126934));
#11702=CARTESIAN_POINT('Ctrl Pts',(10.5772430710491,-20.1971410736342,336.001036816295));
#11703=CARTESIAN_POINT('Ctrl Pts',(11.0553164837653,-19.9460264096791,335.845894880272));
#11704=CARTESIAN_POINT('Ctrl Pts',(11.2586819422485,-19.8390464636044,335.845894880272));
#11705=CARTESIAN_POINT('Ctrl Pts',(10.379419034352,-20.5117153365441,336.845894880272));
#11706=CARTESIAN_POINT('Ctrl Pts',(10.379419034352,-20.5117153365441,336.513507730801));
#11707=CARTESIAN_POINT('Ctrl Pts',(10.6527984056667,-20.3016514154977,335.979826869521));
#11708=CARTESIAN_POINT('Ctrl Pts',(11.0782112160779,-19.976786244939,335.845894880272));
#11709=CARTESIAN_POINT('Ctrl Pts',(11.2586819422485,-19.8390464636044,335.845894880272));
#11710=CARTESIAN_POINT('Ctrl Pts',(10.5291559410442,-20.6192591000942,336.845894880272));
#11711=CARTESIAN_POINT('Ctrl Pts',(10.5291559410442,-20.6192591000942,336.532947726331));
#11712=CARTESIAN_POINT('Ctrl Pts',(10.7313651433778,-20.4031733317433,336.008020928863));
#11713=CARTESIAN_POINT('Ctrl Pts',(11.1011059483906,-20.0075460801989,335.845894880272));
#11714=CARTESIAN_POINT('Ctrl Pts',(11.2586819422485,-19.8390464636044,335.845894880272));
#11715=CARTESIAN_POINT('Ctrl Pts',(10.6001957066856,-20.6486847344907,336.845894880272));
#11716=CARTESIAN_POINT('Ctrl Pts',(10.6001957066856,-20.6486847344907,336.546695579931));
#11717=CARTESIAN_POINT('Ctrl Pts',(10.7656657588222,-20.4452319063828,336.028886173694));
#11718=CARTESIAN_POINT('Ctrl Pts',(11.1109179765246,-20.0207288667388,335.845894880272));
#11719=CARTESIAN_POINT('Ctrl Pts',(11.2586819422485,-19.8390464636044,335.845894880272));
#11720=CARTESIAN_POINT('',(10.2941156819461,-20.2374560287451,336.845894880272));
#11721=CARTESIAN_POINT('Origin',(11.2586819422485,-19.8390464636044,336.845894880272));
#11722=CARTESIAN_POINT('',(10.6001957066856,-20.6486847344907,336.845894880272));
#11723=CARTESIAN_POINT('Origin',(11.2586819422485,-19.8390464636044,336.845894880272));
#11724=CARTESIAN_POINT('Origin',(10.7915374228682,-20.1867449682349,336.845894880272));
#11725=CARTESIAN_POINT('Ctrl Pts',(13.7373519040024,-21.9481373787021,336.845894880273));
#11726=CARTESIAN_POINT('Ctrl Pts',(13.7373519040024,-21.9481373787021,336.621495405016));
#11727=CARTESIAN_POINT('Ctrl Pts',(13.7556747661649,-21.7576575727509,336.097184228623));
#11728=CARTESIAN_POINT('Ctrl Pts',(13.807522496654,-21.2186617785887,335.845894880272));
#11729=CARTESIAN_POINT('Ctrl Pts',(13.8374810743725,-20.9072200387661,335.845894880272));
#11730=CARTESIAN_POINT('Ctrl Pts',(13.8339554821811,-21.9881518909574,336.845894880273));
#11731=CARTESIAN_POINT('Ctrl Pts',(13.8339554821811,-21.9881518909575,336.607039859692));
#11732=CARTESIAN_POINT('Ctrl Pts',(13.8352661609963,-21.7562631380078,336.062460893686));
#11733=CARTESIAN_POINT('Ctrl Pts',(13.8368975620807,-21.2140340095303,335.845894880272));
#11734=CARTESIAN_POINT('Ctrl Pts',(13.8374810743725,-20.9072200387661,335.845894880272));
#11735=CARTESIAN_POINT('Ctrl Pts',(14.0252964003443,-22.0030976516639,336.845894880273));
#11736=CARTESIAN_POINT('Ctrl Pts',(14.0252964003443,-22.0030976516639,336.595451063175));
#11737=CARTESIAN_POINT('Ctrl Pts',(13.9798478687681,-21.741879765596,336.035723779171));
#11738=CARTESIAN_POINT('Ctrl Pts',(13.8883039265775,-21.2059354136781,335.845894880272));
#11739=CARTESIAN_POINT('Ctrl Pts',(13.8374810743725,-20.9072200387661,335.845894880272));
#11740=CARTESIAN_POINT('Ctrl Pts',(14.1930747625127,-21.917767602271,336.845894880273));
#11741=CARTESIAN_POINT('Ctrl Pts',(14.1930747625127,-21.9177676022711,336.610721690546));
#11742=CARTESIAN_POINT('Ctrl Pts',(14.1197055293306,-21.7088614756154,336.071194152663));
#11743=CARTESIAN_POINT('Ctrl Pts',(13.9397102910743,-21.197836817826,335.845894880272));
#11744=CARTESIAN_POINT('Ctrl Pts',(13.8374810743726,-20.9072200387661,335.845894880272));
#11745=CARTESIAN_POINT('Ctrl Pts',(14.2527912560133,-21.8669346902974,336.845894880273));
#11746=CARTESIAN_POINT('Ctrl Pts',(14.2527912560133,-21.8669346902974,336.621495405016));
#11747=CARTESIAN_POINT('Ctrl Pts',(14.1767927114859,-21.691314346992,336.097184228623));
#11748=CARTESIAN_POINT('Ctrl Pts',(13.9617415901444,-21.1943659910322,335.845894880272));
#11749=CARTESIAN_POINT('Ctrl Pts',(13.8374810743726,-20.9072200387661,335.845894880272));
#11750=CARTESIAN_POINT('',(13.7373519040024,-21.9481373787021,336.845894880273));
#11751=CARTESIAN_POINT('Origin',(13.8374810743725,-20.9072200387661,336.845894880273));
#11752=CARTESIAN_POINT('',(14.2527912560133,-21.8669346902974,336.845894880273));
#11753=CARTESIAN_POINT('Origin',(13.8374810743725,-20.9072200387661,336.845894880273));
#11754=CARTESIAN_POINT('Origin',(13.928693620185,-21.4861976124464,336.845894880273));
#11755=CARTESIAN_POINT('Origin',(23.5366577680939,-19.2785124180504,336.845894880273));
#11756=CARTESIAN_POINT('',(18.6881618491246,-17.8185979509295,336.845894880273));
#11757=CARTESIAN_POINT('Origin',(17.7306277111064,-17.5302780339454,336.845894880273));
#11758=CARTESIAN_POINT('',(23.6365362634576,-14.2159747921423,336.845894880273));
#11759=CARTESIAN_POINT('Ctrl Pts',(23.6365362634576,-14.2159747921423,336.845894880273));
#11760=CARTESIAN_POINT('Ctrl Pts',(23.6365362634576,-14.2159747921423,336.828026533151));
#11761=CARTESIAN_POINT('Ctrl Pts',(23.6337052710756,-14.2154395665668,336.810328710427));
#11762=CARTESIAN_POINT('Ctrl Pts',(23.6201867232836,-14.2128798985205,336.76685863899));
#11763=CARTESIAN_POINT('Ctrl Pts',(23.6067539505081,-14.210334052387,336.742356171875));
#11764=CARTESIAN_POINT('Ctrl Pts',(23.5677006808252,-14.2029052599824,336.687188109299));
#11765=CARTESIAN_POINT('Ctrl Pts',(23.5335524016395,-14.1964022895701,336.650298523122));
#11766=CARTESIAN_POINT('Ctrl Pts',(23.3765041733406,-14.1661274281788,336.520079620221));
#11767=CARTESIAN_POINT('Ctrl Pts',(23.2284267749743,-14.1370066847928,336.434004964391));
#11768=CARTESIAN_POINT('Ctrl Pts',(22.7821246709336,-14.0470099183703,336.200060835127));
#11769=CARTESIAN_POINT('Ctrl Pts',(22.2277424860167,-13.9304064156412,335.96411902652));
#11770=CARTESIAN_POINT('Ctrl Pts',(21.4773506156545,-13.7526950404588,335.856274446292));
#11771=CARTESIAN_POINT('Ctrl Pts',(21.3332382056941,-13.7177265337261,335.845894880273));
#11772=CARTESIAN_POINT('Ctrl Pts',(21.1977841632831,-13.6842315218941,335.845894880273));
#11773=CARTESIAN_POINT('Origin',(23.5366577680939,-19.2785124180504,336.845894880273));
#11774=CARTESIAN_POINT('Ctrl Pts',(18.6881618491246,-17.8185979509295,336.845894880273));
#11775=CARTESIAN_POINT('Ctrl Pts',(18.5777162615881,-18.1853968233969,336.845894880273));
#11776=CARTESIAN_POINT('Ctrl Pts',(18.2860213228545,-18.4336984612627,336.845894880273));
#11777=CARTESIAN_POINT('Ctrl Pts',(18.6881618491247,-17.8185979509295,335.845894880273));
#11778=CARTESIAN_POINT('Ctrl Pts',(18.5777162615882,-18.1853968233969,335.845894880273));
#11779=CARTESIAN_POINT('Ctrl Pts',(18.2860213228545,-18.4336984612627,335.845894880273));
#11780=CARTESIAN_POINT('Ctrl Pts',(17.7306277111064,-17.5302780339454,335.845894880273));
#11781=CARTESIAN_POINT('Ctrl Pts',(17.7051402678288,-17.6149239275917,335.845894880273));
#11782=CARTESIAN_POINT('Ctrl Pts',(17.637826051198,-17.6722243055607,335.845894880273));
#11783=CARTESIAN_POINT('',(18.2860213228545,-18.4336984612627,336.845894880273));
#11784=CARTESIAN_POINT('Origin',(17.6378260511979,-17.6722243055607,336.845894880273));
#11785=CARTESIAN_POINT('Origin',(17.443367469701,-17.4437820588501,336.845894880273));
#11786=CARTESIAN_POINT('Origin',(33.5668508455448,-4.11284283938635,336.845894880273));
#11787=CARTESIAN_POINT('',(34.2150461172014,-4.87431699508833,336.845894880273));
#11788=CARTESIAN_POINT('Origin',(12.7308880099956,-20.4488541834732,336.845894880272));
#11789=CARTESIAN_POINT('',(12.3482045776305,-21.3727337159845,336.845894880272));
#11790=CARTESIAN_POINT('Origin',(8.86613939964352,3.62925936158668,336.845894880272));
#11791=CARTESIAN_POINT('',(9.77589612068446,-15.1542715370527,336.845894880272));
#11792=CARTESIAN_POINT('',(7.8712959177994,3.52783724056632,336.845894880272));
#11793=CARTESIAN_POINT('Origin',(10.7707396025286,-15.0528494160324,336.845894880272));
#11794=CARTESIAN_POINT('Ctrl Pts',(9.77589612068446,-15.1542715370527,336.845894880273));
#11795=CARTESIAN_POINT('Ctrl Pts',(9.73900451542107,-14.7924040010377,336.845894880273));
#11796=CARTESIAN_POINT('Ctrl Pts',(9.89527004213177,-14.4639375806499,336.845894880273));
#11797=CARTESIAN_POINT('Ctrl Pts',(9.77589612068444,-15.1542715370527,335.845894880273));
#11798=CARTESIAN_POINT('Ctrl Pts',(9.73900451542105,-14.7924040010377,335.845894880273));
#11799=CARTESIAN_POINT('Ctrl Pts',(9.89527004213176,-14.4639375806499,335.845894880273));
#11800=CARTESIAN_POINT('Ctrl Pts',(10.7707396025286,-15.0528494160324,335.845894880273));
#11801=CARTESIAN_POINT('Ctrl Pts',(10.7622261551601,-14.9693415231058,335.845894880273));
#11802=CARTESIAN_POINT('Ctrl Pts',(10.7982874305549,-14.8935415799394,335.845894880273));
#11803=CARTESIAN_POINT('',(9.89527004213177,-14.4639375806499,336.845894880273));
#11804=CARTESIAN_POINT('Origin',(10.7982874305549,-14.8935415799394,336.845894880273));
#11805=CARTESIAN_POINT('Origin',(11.0691926470819,-15.0224227797263,336.845894880273));
#11806=CARTESIAN_POINT('Origin',(5.32282092654266,-12.2886279445476,336.845894880273));
#11807=CARTESIAN_POINT('',(8.63545335659658,-8.45904189499528,336.845894880273));
#11808=CARTESIAN_POINT('Ctrl Pts',(10.8038124438977,-9.69535964545307,335.845894880273));
#11809=CARTESIAN_POINT('Ctrl Pts',(10.646303723443,-9.6112544893893,335.845894880273));
#11810=CARTESIAN_POINT('Ctrl Pts',(10.4759588976255,-9.51910070915026,335.862837645481));
#11811=CARTESIAN_POINT('Ctrl Pts',(9.76824670926166,-9.12937112941999,336.00606706061));
#11812=CARTESIAN_POINT('Ctrl Pts',(9.27634066685287,-8.84250658699872,336.250950552911));
#11813=CARTESIAN_POINT('Ctrl Pts',(8.88923301770208,-8.61228214974591,336.504065154713));
#11814=CARTESIAN_POINT('Ctrl Pts',(8.78158249763105,-8.5475222440411,336.585556233685));
#11815=CARTESIAN_POINT('Ctrl Pts',(8.68564451290652,-8.48950230291294,336.700738166722));
#11816=CARTESIAN_POINT('Ctrl Pts',(8.66648227115726,-8.47787814389123,336.731299296649));
#11817=CARTESIAN_POINT('Ctrl Pts',(8.64427500013694,-8.46440150116249,336.783067232992));
#11818=CARTESIAN_POINT('Ctrl Pts',(8.63758628132413,-8.46033765518209,336.807255300609));
#11819=CARTESIAN_POINT('Ctrl Pts',(8.63559510320225,-8.45912800966122,336.837301251186));
#11820=CARTESIAN_POINT('Ctrl Pts',(8.63545335659658,-8.45904189499528,336.841605187099));
#11821=CARTESIAN_POINT('Ctrl Pts',(8.63545335659658,-8.45904189499528,336.845894880273));
#11822=CARTESIAN_POINT('Origin',(5.32282092654266,-12.2886279445476,336.845894880273));
#11823=CARTESIAN_POINT('Origin',(23.5366577680939,-19.2785124180504,345.845894880273));
#11824=CARTESIAN_POINT('',(23.6365362634576,-14.2159747921423,342.845894880273));
#11825=CARTESIAN_POINT('',(23.6365362634576,-14.2159747921423,345.845894880273));
#11826=CARTESIAN_POINT('',(18.6881618491246,-17.8185979509295,342.845894880273));
#11827=CARTESIAN_POINT('Origin',(23.5366577680939,-19.2785124180504,342.845894880273));
#11828=CARTESIAN_POINT('',(18.6881618491246,-17.8185979509295,345.845894880273));
#11829=CARTESIAN_POINT('Ctrl Pts',(-7.27866449765392,-8.10687486053475,
336.845894880272));
#11830=CARTESIAN_POINT('Ctrl Pts',(-7.27866449765393,-8.10687486053475,
336.54669557993));
#11831=CARTESIAN_POINT('Ctrl Pts',(-7.01642060180552,-8.10713647035601,
336.028882968732));
#11832=CARTESIAN_POINT('Ctrl Pts',(-6.46924176709048,-8.10768232617725,
335.845894880272));
#11833=CARTESIAN_POINT('Ctrl Pts',(-6.23505673213439,-8.1079159449806,335.845894880272));
#11834=CARTESIAN_POINT('Ctrl Pts',(-7.30808969348103,-8.20508533793872,
336.845894880272));
#11835=CARTESIAN_POINT('Ctrl Pts',(-7.30808969348104,-8.20508533793872,
336.528254126934));
#11836=CARTESIAN_POINT('Ctrl Pts',(-7.00166346598729,-8.1779770605436,336.001032931189));
#11837=CARTESIAN_POINT('Ctrl Pts',(-6.4638813698049,-8.12892793587127,335.845894880272));
#11838=CARTESIAN_POINT('Ctrl Pts',(-6.23505673213439,-8.1079159449806,335.845894880272));
#11839=CARTESIAN_POINT('Ctrl Pts',(-7.30480917389042,-8.39290166614182,
336.845894880272));
#11840=CARTESIAN_POINT('Ctrl Pts',(-7.30480917389042,-8.39290166614182,
336.513507730801));
#11841=CARTESIAN_POINT('Ctrl Pts',(-6.9718524090702,-8.30344588701569,335.979821526047));
#11842=CARTESIAN_POINT('Ctrl Pts',(-6.45450067455513,-8.16610775283578,
335.845894880272));
#11843=CARTESIAN_POINT('Ctrl Pts',(-6.23505673213439,-8.1079159449806,335.845894880272));
#11844=CARTESIAN_POINT('Ctrl Pts',(-7.2076253227884,-8.54956091669971,336.845894880272));
#11845=CARTESIAN_POINT('Ctrl Pts',(-7.2076253227884,-8.54956091669972,336.532947726331));
#11846=CARTESIAN_POINT('Ctrl Pts',(-6.9381178281786,-8.42730675899673,336.008016990775));
#11847=CARTESIAN_POINT('Ctrl Pts',(-6.44511997930537,-8.2032875698003,335.845894880272));
#11848=CARTESIAN_POINT('Ctrl Pts',(-6.23505673213439,-8.1079159449806,335.845894880272));
#11849=CARTESIAN_POINT('Ctrl Pts',(-7.15325384008824,-8.60393239939986,
336.845894880272));
#11850=CARTESIAN_POINT('Ctrl Pts',(-7.15325384008825,-8.60393239939987,
336.54669557993));
#11851=CARTESIAN_POINT('Ctrl Pts',(-6.92252387170146,-8.47929046810193,
336.028882968732));
#11852=CARTESIAN_POINT('Ctrl Pts',(-6.44109968134118,-8.21922177707081,
335.845894880272));
#11853=CARTESIAN_POINT('Ctrl Pts',(-6.23505673213439,-8.1079159449806,335.845894880272));
#11854=CARTESIAN_POINT('',(-7.27866449765392,-8.10687486053475,336.845894880272));
#11855=CARTESIAN_POINT('Origin',(-6.23505673213441,-8.10791594498059,336.845894880272));
#11856=CARTESIAN_POINT('',(-7.15325384008824,-8.60393239939986,336.845894880272));
#11857=CARTESIAN_POINT('Origin',(-6.23505673213441,-8.10791594498059,336.845894880272));
#11858=CARTESIAN_POINT('Origin',(-6.79970044949493,-8.25037900880654,336.845894880272));
#11859=CARTESIAN_POINT('Ctrl Pts',(-4.75217843717901,-11.0050078023091,
336.845894880272));
#11860=CARTESIAN_POINT('Ctrl Pts',(-4.75217843717903,-11.0050078023091,
336.621495405016));
#11861=CARTESIAN_POINT('Ctrl Pts',(-4.66235889653136,-10.8360431065048,
336.097180760382));
#11862=CARTESIAN_POINT('Ctrl Pts',(-4.40819103636609,-10.3579133491449,
335.845894880272));
#11863=CARTESIAN_POINT('Ctrl Pts',(-4.2613293256117,-10.0816433515033,335.845894880272));
#11864=CARTESIAN_POINT('Ctrl Pts',(-4.67824125942669,-11.0789449800614,
336.845894880272));
#11865=CARTESIAN_POINT('Ctrl Pts',(-4.67824125942671,-11.0789449800614,
336.607039859691));
#11866=CARTESIAN_POINT('Ctrl Pts',(-4.58829258649198,-10.8652142693213,
336.062454335165));
#11867=CARTESIAN_POINT('Ctrl Pts',(-4.37928104410469,-10.3648791988942,
335.845894880272));
#11868=CARTESIAN_POINT('Ctrl Pts',(-4.2613293256117,-10.0816433515033,335.845894880272));
#11869=CARTESIAN_POINT('Ctrl Pts',(-4.50718484872139,-11.1659763576138,
336.845894880272));
#11870=CARTESIAN_POINT('Ctrl Pts',(-4.5071848487214,-11.1659763576139,336.595451063175));
#11871=CARTESIAN_POINT('Ctrl Pts',(-4.44921085428378,-10.9072538919153,
336.035713013981));
#11872=CARTESIAN_POINT('Ctrl Pts',(-4.32868855764723,-10.3770694359553,
335.845894880272));
#11873=CARTESIAN_POINT('Ctrl Pts',(-4.2613293256117,-10.0816433515033,335.845894880272));
#11874=CARTESIAN_POINT('Ctrl Pts',(-4.31952340541901,-11.1513473751595,
336.845894880272));
#11875=CARTESIAN_POINT('Ctrl Pts',(-4.31952340541901,-11.1513473751595,
336.610721690545));
#11876=CARTESIAN_POINT('Ctrl Pts',(-4.30736287641802,-10.9302705232514,
336.071187963266));
#11877=CARTESIAN_POINT('Ctrl Pts',(-4.27809607118978,-10.3892596730164,
335.845894880272));
#11878=CARTESIAN_POINT('Ctrl Pts',(-4.2613293256117,-10.0816433515033,335.845894880272));
#11879=CARTESIAN_POINT('Ctrl Pts',(-4.24489964608928,-11.1272364009107,
336.845894880272));
#11880=CARTESIAN_POINT('Ctrl Pts',(-4.24489964608928,-11.1272364009107,
336.621495405016));
#11881=CARTESIAN_POINT('Ctrl Pts',(-4.24790608173908,-10.9359053274932,
336.097180760382));
#11882=CARTESIAN_POINT('Ctrl Pts',(-4.25641357699373,-10.3944840603283,
335.845894880272));
#11883=CARTESIAN_POINT('Ctrl Pts',(-4.2613293256117,-10.0816433515033,335.845894880272));
#11884=CARTESIAN_POINT('',(-4.75217843717901,-11.0050078023091,336.845894880272));
#11885=CARTESIAN_POINT('Origin',(-4.26132932561173,-10.0816433515033,336.845894880272));
#11886=CARTESIAN_POINT('',(-4.24489964608929,-11.1272364009107,336.845894880272));
#11887=CARTESIAN_POINT('Origin',(-4.26132932561172,-10.0816433515033,336.845894880272));
#11888=CARTESIAN_POINT('Origin',(-4.39862504658569,-10.6514544117157,336.845894880272));
#11889=CARTESIAN_POINT('Origin',(5.32282092654266,-12.2886279445476,336.845894880273));
#11890=CARTESIAN_POINT('',(1.40207986277969,-9.08440378907818,336.845894880273));
#11891=CARTESIAN_POINT('Origin',(0.627768926434527,-8.45159846841767,336.845894880273));
#11892=CARTESIAN_POINT('',(7.35244589930723,-7.64967489482818,336.845894880273));
#11893=CARTESIAN_POINT('Ctrl Pts',(7.35244589930708,-7.64967489482812,336.845894880273));
#11894=CARTESIAN_POINT('Ctrl Pts',(7.35244589930707,-7.64967489482811,336.828026533151));
#11895=CARTESIAN_POINT('Ctrl Pts',(7.35003522534898,-7.64809703699189,336.810328710427));
#11896=CARTESIAN_POINT('Ctrl Pts',(7.33852525828832,-7.64055888780418,336.766858638989));
#11897=CARTESIAN_POINT('Ctrl Pts',(7.32708924759265,-7.63306633307651,336.742356171874));
#11898=CARTESIAN_POINT('Ctrl Pts',(7.29385160682599,-7.61125798453222,336.687188109291));
#11899=CARTESIAN_POINT('Ctrl Pts',(7.26479128964886,-7.59218204257642,336.650298523112));
#11900=CARTESIAN_POINT('Ctrl Pts',(7.13128333378523,-7.50411196273984,336.520079620218));
#11901=CARTESIAN_POINT('Ctrl Pts',(7.00562168223811,-7.42054113689089,336.434004964389));
#11902=CARTESIAN_POINT('Ctrl Pts',(6.62773257446911,-7.16660254535123,336.200060835121));
#11903=CARTESIAN_POINT('Ctrl Pts',(6.16017244927924,-6.84672207838961,335.964119026517));
#11904=CARTESIAN_POINT('Ctrl Pts',(5.53490795792715,-6.39537563960456,335.856274446292));
#11905=CARTESIAN_POINT('Ctrl Pts',(5.41514732016594,-6.30791952026236,335.845894880273));
#11906=CARTESIAN_POINT('Ctrl Pts',(5.30282208888253,-6.22513814651281,335.845894880273));
#11907=CARTESIAN_POINT('Origin',(5.32282092654266,-12.2886279445476,336.845894880273));
#11908=CARTESIAN_POINT('Ctrl Pts',(1.40207986277969,-9.08440378907818,336.845894880273));
#11909=CARTESIAN_POINT('Ctrl Pts',(1.15967359349507,-9.38101606337101,336.845894880273));
#11910=CARTESIAN_POINT('Ctrl Pts',(0.795161686821578,-9.49879004412615,
336.845894880273));
#11911=CARTESIAN_POINT('Ctrl Pts',(1.40207986277972,-9.08440378907818,335.845894880273));
#11912=CARTESIAN_POINT('Ctrl Pts',(1.15967359349509,-9.38101606337102,335.845894880273));
#11913=CARTESIAN_POINT('Ctrl Pts',(0.795161686821596,-9.49879004412616,
335.845894880273));
#11914=CARTESIAN_POINT('Ctrl Pts',(0.627768926434549,-8.45159846841767,
335.845894880273));
#11915=CARTESIAN_POINT('Ctrl Pts',(0.571829018138099,-8.52004745479294,
335.845894880273));
#11916=CARTESIAN_POINT('Ctrl Pts',(0.487710885828837,-8.54722606573643,
335.845894880273));
#11917=CARTESIAN_POINT('',(0.795161686821579,-9.49879004412615,336.845894880273));
#11918=CARTESIAN_POINT('Origin',(0.487710885828817,-8.54722606573641,336.845894880273));
#11919=CARTESIAN_POINT('Origin',(0.395475645531,-8.26175687221953,336.845894880273));
#11920=CARTESIAN_POINT('Origin',(20.3931615064134,-2.11576493815447,336.845894880273));
#11921=CARTESIAN_POINT('',(20.7006123074062,-3.0673289165442,336.845894880273));
#11922=CARTESIAN_POINT('Origin',(-5.10827898982564,-9.23469368728936,336.845894880272));
#11923=CARTESIAN_POINT('',(-5.81538577101218,-9.94180046847591,336.845894880272));
#11924=CARTESIAN_POINT('Origin',(0.53545400706777,14.4895578619114,336.845894880272));
#11925=CARTESIAN_POINT('',(-5.81218645502466,-3.21231070825902,336.845894880272));
#11926=CARTESIAN_POINT('',(-0.422474089250094,14.776566158455,336.845894880272));
#11927=CARTESIAN_POINT('Origin',(-4.8542583587068,-3.49931900480257,336.845894880272));
#11928=CARTESIAN_POINT('Ctrl Pts',(-5.81218645502466,-3.21231070825902,
336.845894880273));
#11929=CARTESIAN_POINT('Ctrl Pts',(-5.70778914330526,-2.86387089212678,
336.845894880273));
#11930=CARTESIAN_POINT('Ctrl Pts',(-5.43771996436949,-2.6202077173353,336.845894880273));
#11931=CARTESIAN_POINT('Ctrl Pts',(-5.81218645502468,-3.21231070825901,
335.845894880273));
#11932=CARTESIAN_POINT('Ctrl Pts',(-5.70778914330527,-2.86387089212677,
335.845894880273));
#11933=CARTESIAN_POINT('Ctrl Pts',(-5.4377199643695,-2.62020771733527,335.845894880273));
#11934=CARTESIAN_POINT('Ctrl Pts',(-4.8542583587068,-3.49931900480259,335.845894880273));
#11935=CARTESIAN_POINT('Ctrl Pts',(-4.83016667138693,-3.41890981646436,
335.845894880273));
#11936=CARTESIAN_POINT('Ctrl Pts',(-4.76784301470943,-3.36267985305092,
335.845894880273));
#11937=CARTESIAN_POINT('',(-5.43771996436949,-2.6202077173353,336.845894880273));
#11938=CARTESIAN_POINT('Origin',(-4.76784301470943,-3.36267985305093,336.845894880273));
#11939=CARTESIAN_POINT('Origin',(-4.56687992981133,-3.58542149376571,336.845894880273));
#11940=CARTESIAN_POINT('Origin',(-8.82965715771113,1.13931685420256,336.845894880273));
#11941=CARTESIAN_POINT('',(-4.30366472287111,3.40970347487801,336.845894880273));
#11942=CARTESIAN_POINT('Ctrl Pts',(-2.77348046321772,1.43769971142102,335.845894880273));
#11943=CARTESIAN_POINT('Ctrl Pts',(-2.88681389643705,1.57567872145957,335.845894880273));
#11944=CARTESIAN_POINT('Ctrl Pts',(-3.00892626955191,1.72600585549573,335.862837645481));
#11945=CARTESIAN_POINT('Ctrl Pts',(-3.51362402203413,2.35689876680426,336.006067060613));
#11946=CARTESIAN_POINT('Ctrl Pts',(-3.8583076388115,2.81017133885471,336.250950552917));
#11947=CARTESIAN_POINT('Ctrl Pts',(-4.12784539487435,3.1710106681831,336.504065154715));
#11948=CARTESIAN_POINT('Ctrl Pts',(-4.20251896403688,3.27203709010712,336.585556233687));
#11949=CARTESIAN_POINT('Ctrl Pts',(-4.26895083429065,3.36235440347192,336.700738166712));
#11950=CARTESIAN_POINT('Ctrl Pts',(-4.28220606417001,3.38042679852316,336.731299296639));
#11951=CARTESIAN_POINT('Ctrl Pts',(-4.29756561944536,3.40137594760875,336.783067232992));
#11952=CARTESIAN_POINT('Ctrl Pts',(-4.30219002332669,3.40769011360651,336.807255300609));
#11953=CARTESIAN_POINT('Ctrl Pts',(-4.30356672073919,3.40956967122292,336.837301251186));
#11954=CARTESIAN_POINT('Ctrl Pts',(-4.30366472287101,3.4097034748778,336.841605187099));
#11955=CARTESIAN_POINT('Ctrl Pts',(-4.30366472287101,3.4097034748778,336.845894880273));
#11956=CARTESIAN_POINT('Origin',(-8.82965715771113,1.13931685420256,336.845894880273));
#11957=CARTESIAN_POINT('Origin',(5.32282092654266,-12.2886279445476,345.845894880273));
#11958=CARTESIAN_POINT('',(7.35244589930723,-7.64967489482818,342.845894880273));
#11959=CARTESIAN_POINT('',(7.35244589930723,-7.64967489482818,345.845894880273));
#11960=CARTESIAN_POINT('',(1.40207986277969,-9.08440378907818,342.845894880273));
#11961=CARTESIAN_POINT('Origin',(5.32282092654266,-12.2886279445476,342.845894880273));
#11962=CARTESIAN_POINT('',(1.40207986277969,-9.08440378907818,345.845894880273));
#11963=CARTESIAN_POINT('Ctrl Pts',(-18.8716239968723,9.8251326335682,336.845894880272));
#11964=CARTESIAN_POINT('Ctrl Pts',(-18.8716239968723,9.8251326335682,336.54669557993));
#11965=CARTESIAN_POINT('Ctrl Pts',(-18.6294401785102,9.72453364445482,336.028885663092));
#11966=CARTESIAN_POINT('Ctrl Pts',(-18.1241239066789,9.51463396382155,335.845894880272));
#11967=CARTESIAN_POINT('Ctrl Pts',(-17.9078545481081,9.4247993952052,335.845894880272));
#11968=CARTESIAN_POINT('Ctrl Pts',(-18.9363928556243,9.74565851855364,336.845894880272));
#11969=CARTESIAN_POINT('Ctrl Pts',(-18.9363928556243,9.74565851855364,336.528254126933));
#11970=CARTESIAN_POINT('Ctrl Pts',(-18.6429160924009,9.65343843374755,336.001036197336));
#11971=CARTESIAN_POINT('Ctrl Pts',(-18.1273018881811,9.49295424463745,335.845894880272));
#11972=CARTESIAN_POINT('Ctrl Pts',(-17.9078545481081,9.4247993952052,335.845894880272));
#11973=CARTESIAN_POINT('Ctrl Pts',(-19.0052360682519,9.57088344118425,336.845894880272));
#11974=CARTESIAN_POINT('Ctrl Pts',(-19.0052360682519,9.57088344118425,336.513507730801));
#11975=CARTESIAN_POINT('Ctrl Pts',(-18.6633901726922,9.52611267448519,335.979826018251));
#11976=CARTESIAN_POINT('Ctrl Pts',(-18.1328633558098,9.45501473606526,335.845894880272));
#11977=CARTESIAN_POINT('Ctrl Pts',(-17.9078545481081,9.4247993952052,335.845894880272));
#11978=CARTESIAN_POINT('Ctrl Pts',(-18.9754009766409,9.38895853167933,336.845894880272));
#11979=CARTESIAN_POINT('Ctrl Pts',(-18.9754009766409,9.38895853167933,336.532947726331));
#11980=CARTESIAN_POINT('Ctrl Pts',(-18.6796221027275,9.39877072124245,336.008020301463));
#11981=CARTESIAN_POINT('Ctrl Pts',(-18.1384248234385,9.41707522749308,335.845894880272));
#11982=CARTESIAN_POINT('Ctrl Pts',(-17.9078545481081,9.4247993952052,335.845894880272));
#11983=CARTESIAN_POINT('Ctrl Pts',(-18.9459753422444,9.3179187660379,336.845894880272));
#11984=CARTESIAN_POINT('Ctrl Pts',(-18.9459753422444,9.3179187660379,336.54669557993));
#11985=CARTESIAN_POINT('Ctrl Pts',(-18.6851079136624,9.34477659901231,336.028885663092));
#11986=CARTESIAN_POINT('Ctrl Pts',(-18.1408083095651,9.400815438105,335.845894880272));
#11987=CARTESIAN_POINT('Ctrl Pts',(-17.9078545481081,9.4247993952052,335.845894880272));
#11988=CARTESIAN_POINT('',(-18.8716239968723,9.8251326335682,336.845894880272));
#11989=CARTESIAN_POINT('Origin',(-17.9078545481081,9.4247993952052,336.845894880272));
#11990=CARTESIAN_POINT('',(-18.9459753422444,9.3179187660379,336.845894880272));
#11991=CARTESIAN_POINT('Origin',(-17.9078545481081,9.4247993952052,336.845894880272));
#11992=CARTESIAN_POINT('Origin',(-18.4840355759887,9.50926048222047,336.845894880272));
#11993=CARTESIAN_POINT('Ctrl Pts',(-17.646522698033,6.18076256872109,336.845894880272));
#11994=CARTESIAN_POINT('Ctrl Pts',(-17.646522698033,6.1807625687211,336.621495405015));
#11995=CARTESIAN_POINT('Ctrl Pts',(-17.4988789002325,6.30249427468212,336.097182178462));
#11996=CARTESIAN_POINT('Ctrl Pts',(-17.0810874525789,6.64696161036761,335.845894880272));
#11997=CARTESIAN_POINT('Ctrl Pts',(-16.8396809729464,6.84600026308118,335.845894880272));
#11998=CARTESIAN_POINT('Ctrl Pts',(-17.6065081857776,6.08415899054242,336.845894880272));
#11999=CARTESIAN_POINT('Ctrl Pts',(-17.6065081857776,6.08415899054244,336.607039859691));
#12000=CARTESIAN_POINT('Ctrl Pts',(-17.4416136268708,6.24720008915556,336.062457016785));
#12001=CARTESIAN_POINT('Ctrl Pts',(-17.0570438177349,6.62946262928954,335.845894880272));
#12002=CARTESIAN_POINT('Ctrl Pts',(-16.8396809729464,6.84600026308118,335.845894880272));
#12003=CARTESIAN_POINT('Ctrl Pts',(-17.4817780691705,5.93829213146063,336.845894880272));
#12004=CARTESIAN_POINT('Ctrl Pts',(-17.4817780691705,5.93829213146066,336.595451063175));
#12005=CARTESIAN_POINT('Ctrl Pts',(-17.3292073875776,6.15513614310926,336.03571741574));
#12006=CARTESIAN_POINT('Ctrl Pts',(-17.0149674567579,6.59883941240291,335.845894880272));
#12007=CARTESIAN_POINT('Ctrl Pts',(-16.8396809729463,6.84600026308118,335.845894880272));
#12008=CARTESIAN_POINT('Ctrl Pts',(-17.3028032995811,5.87999251998423,336.845894880272));
#12009=CARTESIAN_POINT('Ctrl Pts',(-17.3028032995811,5.87999251998426,336.610721690545));
#12010=CARTESIAN_POINT('Ctrl Pts',(-17.2069652740982,6.07958893196655,336.071190493961));
#12011=CARTESIAN_POINT('Ctrl Pts',(-16.972891095781,6.56821619551628,335.845894880272));
#12012=CARTESIAN_POINT('Ctrl Pts',(-16.8396809729464,6.84600026308118,335.845894880272));
#12013=CARTESIAN_POINT('Ctrl Pts',(-17.2246330653142,5.87371087924529,336.845894880272));
#12014=CARTESIAN_POINT('Ctrl Pts',(-17.2246330653142,5.87371087924532,336.621495405015));
#12015=CARTESIAN_POINT('Ctrl Pts',(-17.1541907627891,6.05162990936885,336.097182178462));
#12016=CARTESIAN_POINT('Ctrl Pts',(-16.954858369648,6.55509195970773,335.845894880272));
#12017=CARTESIAN_POINT('Ctrl Pts',(-16.8396809729464,6.84600026308118,335.845894880272));
#12018=CARTESIAN_POINT('',(-17.646522698033,6.18076256872109,336.845894880272));
#12019=CARTESIAN_POINT('Origin',(-16.8396809729464,6.84600026308118,336.845894880272));
#12020=CARTESIAN_POINT('',(-17.2246330653142,5.8737108792453,336.845894880272));
#12021=CARTESIAN_POINT('Origin',(-16.8396809729464,6.84600026308118,336.845894880272));
#12022=CARTESIAN_POINT('Origin',(-17.1845829317773,6.37210428490366,336.845894880272));
#12023=CARTESIAN_POINT('Origin',(-8.82965715771113,1.13931685420256,336.845894880273));
#12024=CARTESIAN_POINT('',(-11.2257460809161,5.60003661671461,336.845894880273));
#12025=CARTESIAN_POINT('Origin',(-11.6989519946758,6.48098846737552,336.845894880273));
#12026=CARTESIAN_POINT('',(-5.17927771105307,4.6484467781278,336.845894880273));
#12027=CARTESIAN_POINT('Ctrl Pts',(-5.17927771105312,4.64844677812786,336.845894880273));
#12028=CARTESIAN_POINT('Ctrl Pts',(-5.17927771105312,4.64844677812786,336.828026533151));
#12029=CARTESIAN_POINT('Ctrl Pts',(-5.18090106333009,4.65082705367267,336.810328710427));
#12030=CARTESIAN_POINT('Ctrl Pts',(-5.18865016151253,4.66219606912146,336.766858638988));
#12031=CARTESIAN_POINT('Ctrl Pts',(-5.19634838116754,4.67349465890627,336.742356171874));
#12032=CARTESIAN_POINT('Ctrl Pts',(-5.21871026349144,4.7063624401956,336.687188109325));
#12033=CARTESIAN_POINT('Ctrl Pts',(-5.23825844878315,4.73510721443514,336.650298523152));
#12034=CARTESIAN_POINT('Ctrl Pts',(-5.32790075622133,4.86756464146341,336.520079620216));
#12035=CARTESIAN_POINT('Ctrl Pts',(-5.41201581362615,4.99286264911158,336.434004964388));
#12036=CARTESIAN_POINT('Ctrl Pts',(-5.66396173403376,5.37208321716608,336.200060835118));
#12037=CARTESIAN_POINT('Ctrl Pts',(-5.97351800887532,5.84654174699311,335.964119026515));
#12038=CARTESIAN_POINT('Ctrl Pts',(-6.37846427045547,6.50280984553515,335.856274446291));
#12039=CARTESIAN_POINT('Ctrl Pts',(-6.45564066455257,6.62943917610939,335.845894880273));
#12040=CARTESIAN_POINT('Ctrl Pts',(-6.52773658647665,6.74890419803704,335.845894880273));
#12041=CARTESIAN_POINT('Origin',(-8.82965715771113,1.13931685420256,336.845894880273));
#12042=CARTESIAN_POINT('Ctrl Pts',(-11.2257460809161,5.60003661671461,336.845894880273));
#12043=CARTESIAN_POINT('Ctrl Pts',(-11.5632088748685,5.4187674705605,336.845894880273));
#12044=CARTESIAN_POINT('Ctrl Pts',(-11.9450441159995,5.4494511678622,336.845894880273));
#12045=CARTESIAN_POINT('Ctrl Pts',(-11.225746080916,5.60003661671459,335.845894880273));
#12046=CARTESIAN_POINT('Ctrl Pts',(-11.5632088748685,5.41876747056048,335.845894880273));
#12047=CARTESIAN_POINT('Ctrl Pts',(-11.9450441159995,5.44945116786218,335.845894880273));
#12048=CARTESIAN_POINT('Ctrl Pts',(-11.6989519946757,6.48098846737551,335.845894880273));
#12049=CARTESIAN_POINT('Ctrl Pts',(-11.7768280240494,6.43915712595534,335.845894880273));
#12050=CARTESIAN_POINT('Ctrl Pts',(-11.8649438489257,6.44623797917881,335.845894880273));
#12051=CARTESIAN_POINT('',(-11.9450441159995,5.4494511678622,336.845894880273));
#12052=CARTESIAN_POINT('Origin',(-11.8649438489258,6.4462379791788,336.845894880273));
#12053=CARTESIAN_POINT('Origin',(-11.8409137688036,6.74527402257374,336.845894880273));
#12054=CARTESIAN_POINT('Origin',(8.98650818427201,4.77064711283463,336.845894880272));
#12055=CARTESIAN_POINT('',(8.90640791719827,3.77386030151803,336.845894880272));
#12056=CARTESIAN_POINT('Origin',(-17.2980468282388,7.95259332745681,336.845894880272));
#12057=CARTESIAN_POINT('',(-18.22192636075,7.56990989509172,336.845894880272));
#12058=CARTESIAN_POINT('Origin',(-3.00503941231025,27.7111806433094,336.845894880272));
#12059=CARTESIAN_POINT('',(-15.6437063386859,13.7859234235778,336.845894880272));
#12060=CARTESIAN_POINT('',(-3.78021625407728,28.3429249460048,336.845894880272));
#12061=CARTESIAN_POINT('Origin',(-14.8685294969189,13.1541791208824,336.845894880272));
#12062=CARTESIAN_POINT('Ctrl Pts',(-15.6437063386859,13.7859234235778,336.845894880273));
#12063=CARTESIAN_POINT('Ctrl Pts',(-15.413913654329,14.0678887164359,336.845894880273));
#12064=CARTESIAN_POINT('Ctrl Pts',(-15.0711564074779,14.1896531360813,336.845894880273));
#12065=CARTESIAN_POINT('Ctrl Pts',(-15.6437063386859,13.7859234235778,335.845894880273));
#12066=CARTESIAN_POINT('Ctrl Pts',(-15.413913654329,14.0678887164359,335.845894880273));
#12067=CARTESIAN_POINT('Ctrl Pts',(-15.0711564074779,14.1896531360814,335.845894880273));
#12068=CARTESIAN_POINT('Ctrl Pts',(-14.8685294969189,13.1541791208824,335.845894880273));
#12069=CARTESIAN_POINT('Ctrl Pts',(-14.8155004159134,13.2192480346189,335.845894880273));
#12070=CARTESIAN_POINT('Ctrl Pts',(-14.736402589717,13.2473475160756,335.845894880273));
#12071=CARTESIAN_POINT('',(-15.0711564074779,14.1896531360813,336.845894880273));
#12072=CARTESIAN_POINT('Origin',(-14.736402589717,13.2473475160755,336.845894880273));
#12073=CARTESIAN_POINT('Origin',(-14.6359764443887,12.9646558300737,336.845894880273));
#12074=CARTESIAN_POINT('Origin',(-16.766189988873,18.9610391072132,336.845894880273));
#12075=CARTESIAN_POINT('',(-11.7158788692276,19.3265805171198,336.845894880273));
#12076=CARTESIAN_POINT('Ctrl Pts',(-11.0568261195995,16.9191104373914,335.845894880273));
#12077=CARTESIAN_POINT('Ctrl Pts',(-11.1087302777438,17.0899572479072,335.845894880273));
#12078=CARTESIAN_POINT('Ctrl Pts',(-11.1640196963004,17.275571792302,335.862837645481));
#12079=CARTESIAN_POINT('Ctrl Pts',(-11.3888673551682,18.0515803084908,336.006067060613));
#12080=CARTESIAN_POINT('Ctrl Pts',(-11.533853590232,18.6022542700069,336.250950552915));
#12081=CARTESIAN_POINT('Ctrl Pts',(-11.6447867732183,19.0387739745426,336.504065154715));
#12082=CARTESIAN_POINT('Ctrl Pts',(-11.6751150174856,19.1606865557548,336.585556233686));
#12083=CARTESIAN_POINT('Ctrl Pts',(-11.7019271232417,19.2695512491415,336.700738166723));
#12084=CARTESIAN_POINT('Ctrl Pts',(-11.7072573526554,19.2913205218947,336.731299296649));
#12085=CARTESIAN_POINT('Ctrl Pts',(-11.7134308391243,19.3165528592858,336.783067232992));
#12086=CARTESIAN_POINT('Ctrl Pts',(-11.7152869045039,19.324156070766,336.807255300609));
#12087=CARTESIAN_POINT('Ctrl Pts',(-11.7158395315057,19.3264193948692,336.837301251186));
#12088=CARTESIAN_POINT('Ctrl Pts',(-11.7158788692276,19.3265805171195,336.841605187099));
#12089=CARTESIAN_POINT('Ctrl Pts',(-11.7158788692276,19.3265805171195,336.845894880273));
#12090=CARTESIAN_POINT('Origin',(-16.766189988873,18.9610391072132,336.845894880273));
#12091=CARTESIAN_POINT('Origin',(-8.82965715771113,1.13931685420256,345.845894880273));
#12092=CARTESIAN_POINT('',(-5.17927771105307,4.6484467781278,342.845894880273));
#12093=CARTESIAN_POINT('',(-5.17927771105307,4.6484467781278,345.845894880273));
#12094=CARTESIAN_POINT('',(-11.2257460809161,5.60003661671461,342.845894880273));
#12095=CARTESIAN_POINT('Origin',(-8.82965715771113,1.13931685420256,342.845894880273));
#12096=CARTESIAN_POINT('',(-11.2257460809161,5.60003661671461,345.845894880273));
#12097=CARTESIAN_POINT('Ctrl Pts',(-22.7198398223926,30.8285808666393,336.845894880272));
#12098=CARTESIAN_POINT('Ctrl Pts',(-22.7198398223926,30.8285808666393,336.621495405015));
#12099=CARTESIAN_POINT('Ctrl Pts',(-22.5849344511754,30.6934060682742,336.097186933016));
#12100=CARTESIAN_POINT('Ctrl Pts',(-22.203205362806,30.31091460715,335.845894880272));
#12101=CARTESIAN_POINT('Ctrl Pts',(-21.9826338523663,30.0899025808701,335.845894880272));
#12102=CARTESIAN_POINT('Ctrl Pts',(-22.8100918724556,30.7799423275905,336.845894880272));
#12103=CARTESIAN_POINT('Ctrl Pts',(-22.8100918724556,30.7799423275904,336.607664315268));
#12104=CARTESIAN_POINT('Ctrl Pts',(-22.6339373234663,30.6323722836058,336.063768097086));
#12105=CARTESIAN_POINT('Ctrl Pts',(-22.2181820846921,30.2858302232092,335.845894880272));
#12106=CARTESIAN_POINT('Ctrl Pts',(-21.9826338523663,30.0899025808701,335.845894880272));
#12107=CARTESIAN_POINT('Ctrl Pts',(-22.9405779552979,30.64481622327,336.845894880272));
#12108=CARTESIAN_POINT('Ctrl Pts',(-22.9405779552979,30.64481622327,336.596604518169));
#12109=CARTESIAN_POINT('Ctrl Pts',(-22.7139293463891,30.5142551516648,336.03805894141));
#12110=CARTESIAN_POINT('Ctrl Pts',(-22.2443913479928,30.2419325513129,335.845894880272));
#12111=CARTESIAN_POINT('Ctrl Pts',(-21.9826338523663,30.0899025808701,335.845894880272));
#12112=CARTESIAN_POINT('Ctrl Pts',(-22.9826338523663,30.465322272111,336.845894880272));
#12113=CARTESIAN_POINT('Ctrl Pts',(-22.9826338523662,30.465322272111,336.611184514816));
#12114=CARTESIAN_POINT('Ctrl Pts',(-22.776934077376,30.3879559634715,336.072171951858));
#12115=CARTESIAN_POINT('Ctrl Pts',(-22.2706006112935,30.1980348794166,335.845894880272));
#12116=CARTESIAN_POINT('Ctrl Pts',(-21.9826338523663,30.0899025808701,335.845894880272));
#12117=CARTESIAN_POINT('Ctrl Pts',(-22.9826338523663,30.3884293838701,336.845894880272));
#12118=CARTESIAN_POINT('Ctrl Pts',(-22.9826338523662,30.3884293838701,336.621495405015));
#12119=CARTESIAN_POINT('Ctrl Pts',(-22.7996383576167,30.3338003238592,336.097186933016));
#12120=CARTESIAN_POINT('Ctrl Pts',(-22.2818331527081,30.1792215914611,335.845894880272));
#12121=CARTESIAN_POINT('Ctrl Pts',(-21.9826338523663,30.0899025808701,335.845894880272));
#12122=CARTESIAN_POINT('',(-22.7198398223926,30.8285808666393,336.845894880272));
#12123=CARTESIAN_POINT('Origin',(-21.9826338523663,30.0899025808701,336.845894880272));
#12124=CARTESIAN_POINT('',(-22.9826338523663,30.3884293838701,336.845894880272));
#12125=CARTESIAN_POINT('Origin',(-21.9826338523663,30.0899025808701,336.845894880272));
#12126=CARTESIAN_POINT('Origin',(-22.4826338523662,30.3884293838701,336.845894880272));
#12127=CARTESIAN_POINT('Ctrl Pts',(-22.9826338523663,26.9927959847955,336.845894880272));
#12128=CARTESIAN_POINT('Ctrl Pts',(-22.9826338523663,26.9927959847955,336.621495405016));
#12129=CARTESIAN_POINT('Ctrl Pts',(-22.7996390048211,27.0487621278666,336.097186393616));
#12130=CARTESIAN_POINT('Ctrl Pts',(-22.2818331527082,27.2071250369385,335.845894880272));
#12131=CARTESIAN_POINT('Ctrl Pts',(-21.9826338523663,27.2986305141382,335.845894880272));
#12132=CARTESIAN_POINT('Ctrl Pts',(-22.9826338523663,26.8882330252546,336.845894880272));
#12133=CARTESIAN_POINT('Ctrl Pts',(-22.9826338523663,26.8882330252546,336.607039859691));
#12134=CARTESIAN_POINT('Ctrl Pts',(-22.7678918233852,26.9757633209893,336.062464987738));
#12135=CARTESIAN_POINT('Ctrl Pts',(-22.2663163007305,27.181756985772,335.845894880272));
#12136=CARTESIAN_POINT('Ctrl Pts',(-21.9826338523663,27.2986305141382,335.845894880272));
#12137=CARTESIAN_POINT('Ctrl Pts',(-22.9232187823654,26.7057376793157,336.845894880272));
#12138=CARTESIAN_POINT('Ctrl Pts',(-22.9232187823655,26.7057376793157,336.595451063175));
#12139=CARTESIAN_POINT('Ctrl Pts',(-22.6992752980781,26.8476917286981,336.035730498611));
#12140=CARTESIAN_POINT('Ctrl Pts',(-22.2391618097695,27.1373628962307,335.845894880272));
#12141=CARTESIAN_POINT('Ctrl Pts',(-21.9826338523663,27.2986305141382,335.845894880272));
#12142=CARTESIAN_POINT('Ctrl Pts',(-22.7801782498127,26.5833849736051,336.845894880272));
#12143=CARTESIAN_POINT('Ctrl Pts',(-22.7801782498128,26.583384973605,336.610721690545));
#12144=CARTESIAN_POINT('Ctrl Pts',(-22.6152493657282,26.7311161538109,336.071198016295));
#12145=CARTESIAN_POINT('Ctrl Pts',(-22.2120073188086,27.0929688066893,335.845894880272));
#12146=CARTESIAN_POINT('Ctrl Pts',(-21.9826338523663,27.2986305141382,335.845894880272));
#12147=CARTESIAN_POINT('Ctrl Pts',(-22.7103622501607,26.5476670407377,336.845894880272));
#12148=CARTESIAN_POINT('Ctrl Pts',(-22.7103622501608,26.5476670407377,336.621495405016));
#12149=CARTESIAN_POINT('Ctrl Pts',(-22.577191702952,26.6850894870646,336.097186393616));
#12150=CARTESIAN_POINT('Ctrl Pts',(-22.2003696798253,27.0739427683144,335.845894880272));
#12151=CARTESIAN_POINT('Ctrl Pts',(-21.9826338523663,27.2986305141382,335.845894880272));
#12152=CARTESIAN_POINT('',(-22.9826338523663,26.9927959847955,336.845894880272));
#12153=CARTESIAN_POINT('Origin',(-21.9826338523663,27.2986305141382,336.845894880272));
#12154=CARTESIAN_POINT('',(-22.7103622501608,26.5476670407377,336.845894880272));
#12155=CARTESIAN_POINT('Origin',(-21.9826338523663,27.2986305141382,336.845894880272));
#12156=CARTESIAN_POINT('Origin',(-22.4826338523662,26.9927959847955,336.845894880272));
#12157=CARTESIAN_POINT('Origin',(-16.766189988873,18.9610391072132,336.845894880273));
#12158=CARTESIAN_POINT('',(-17.2728439535622,23.9991503294507,336.845894880273));
#12159=CARTESIAN_POINT('Origin',(-17.3729035339888,24.9941317766973,336.845894880273));
#12160=CARTESIAN_POINT('',(-12.0507932483031,20.8061126847687,336.845894880273));
#12161=CARTESIAN_POINT('Ctrl Pts',(-12.0507932483031,20.8061126847686,336.845894880273));
#12162=CARTESIAN_POINT('Ctrl Pts',(-12.0507932483031,20.8061126847686,336.828026533152));
#12163=CARTESIAN_POINT('Ctrl Pts',(-12.0513821382303,20.8089330026471,336.810328710428));
#12164=CARTESIAN_POINT('Ctrl Pts',(-12.0541906375818,20.8224020548149,336.766858638991));
#12165=CARTESIAN_POINT('Ctrl Pts',(-12.056979082038,20.8357865717834,336.742356171876));
#12166=CARTESIAN_POINT('Ctrl Pts',(-12.0650608120767,20.8747099641219,336.687188109264));
#12167=CARTESIAN_POINT('Ctrl Pts',(-12.0721208315051,20.9087474393933,336.650298523082));
#12168=CARTESIAN_POINT('Ctrl Pts',(-12.1042502617578,21.065426770956,336.520079620224));
#12169=CARTESIAN_POINT('Ctrl Pts',(-12.1340129700346,21.2133764745666,336.434004964393));
#12170=CARTESIAN_POINT('Ctrl Pts',(-12.2216592205892,21.660146125275,336.200060835133));
#12171=CARTESIAN_POINT('Ctrl Pts',(-12.3260845083635,22.2169507077486,335.964119026523));
#12172=CARTESIAN_POINT('Ctrl Pts',(-12.4490631427101,22.9782295971838,335.856274446292));
#12173=CARTESIAN_POINT('Ctrl Pts',(-12.4719058867473,23.1247539713077,335.845894880273));
#12174=CARTESIAN_POINT('Ctrl Pts',(-12.4927965487525,23.2627151747844,335.845894880273));
#12175=CARTESIAN_POINT('Origin',(-16.766189988873,18.9610391072132,336.845894880273));
#12176=CARTESIAN_POINT('Ctrl Pts',(-17.2728439535622,23.9991503294507,336.845894880273));
#12177=CARTESIAN_POINT('Ctrl Pts',(-17.6539876209111,23.9608208957284,336.845894880273));
#12178=CARTESIAN_POINT('Ctrl Pts',(-17.9950152423825,24.1352909563212,336.845894880273));
#12179=CARTESIAN_POINT('Ctrl Pts',(-17.2728439535622,23.9991503294507,335.845894880273));
#12180=CARTESIAN_POINT('Ctrl Pts',(-17.6539876209111,23.9608208957284,335.845894880273));
#12181=CARTESIAN_POINT('Ctrl Pts',(-17.9950152423825,24.1352909563211,335.845894880273));
#12182=CARTESIAN_POINT('Ctrl Pts',(-17.3729035339888,24.9941317766973,335.845894880273));
#12183=CARTESIAN_POINT('Ctrl Pts',(-17.4608597649154,24.9852865227614,335.845894880273));
#12184=CARTESIAN_POINT('Ctrl Pts',(-17.5395584467934,25.0255488444366,335.845894880273));
#12185=CARTESIAN_POINT('',(-17.9950152423825,24.1352909563212,336.845894880273));
#12186=CARTESIAN_POINT('Origin',(-17.5395584467935,25.0255488444366,336.845894880273));
#12187=CARTESIAN_POINT('Origin',(-17.4029214081168,25.2926262108712,336.845894880273));
#12188=CARTESIAN_POINT('Origin',(1.08345044584686,15.4979995042981,336.845894880272));
#12189=CARTESIAN_POINT('',(0.62799365025785,14.6077416161826,336.845894880272));
#12190=CARTESIAN_POINT('Origin',(-21.9826338523663,28.4963982159151,336.845894880272));
#12191=CARTESIAN_POINT('',(-22.9826338523663,28.4963982159151,336.845894880272));
#12192=CARTESIAN_POINT('Origin',(-1.21633283004269,41.2812554916218,336.845894880272));
#12193=CARTESIAN_POINT('',(-18.2219037509615,33.2526038012617,336.845894880272));
#12194=CARTESIAN_POINT('',(-1.69074477009542,42.1615584571601,336.845894880272));
#12195=CARTESIAN_POINT('Origin',(-17.7474918109088,32.3723008357235,336.845894880272));
#12196=CARTESIAN_POINT('Ctrl Pts',(-18.2219037509615,33.2526038012617,336.845894880273));
#12197=CARTESIAN_POINT('Ctrl Pts',(-17.9016995470846,33.4251679110298,336.845894880273));
#12198=CARTESIAN_POINT('Ctrl Pts',(-17.5384359160491,33.4064960464353,336.845894880273));
#12199=CARTESIAN_POINT('Ctrl Pts',(-18.2219037509615,33.2526038012618,335.845894880273));
#12200=CARTESIAN_POINT('Ctrl Pts',(-17.9016995470846,33.4251679110298,335.845894880273));
#12201=CARTESIAN_POINT('Ctrl Pts',(-17.5384359160491,33.4064960464354,335.845894880273));
#12202=CARTESIAN_POINT('Ctrl Pts',(-17.7474918109088,32.3723008357235,335.845894880273));
#12203=CARTESIAN_POINT('Ctrl Pts',(-17.673598533091,32.4121233225931,335.845894880273));
#12204=CARTESIAN_POINT('Ctrl Pts',(-17.5897684643905,32.4078144307636,335.845894880273));
#12205=CARTESIAN_POINT('',(-17.5384359160491,33.4064960464353,336.845894880273));
#12206=CARTESIAN_POINT('Origin',(-17.5897684643905,32.4078144307636,336.845894880273));
#12207=CARTESIAN_POINT('Origin',(-17.605168228893,32.1082099460619,336.845894880273));
#12208=CARTESIAN_POINT('Origin',(-17.278512388248,38.4633431557779,336.845894880273));
#12209=CARTESIAN_POINT('',(-12.4727466705788,36.8683889888984,336.845894880273));
#12210=CARTESIAN_POINT('Ctrl Pts',(-12.7851602377788,34.3919680887667,335.845894880273));
#12211=CARTESIAN_POINT('Ctrl Pts',(-12.7677331832843,34.5696728215841,335.845894880273));
#12212=CARTESIAN_POINT('Ctrl Pts',(-12.7477823345075,34.7623166445526,335.86283764548));
#12213=CARTESIAN_POINT('Ctrl Pts',(-12.658548881952,35.5653005035401,336.006067060607));
#12214=CARTESIAN_POINT('Ctrl Pts',(-12.5817648953152,36.1295407357677,336.250950552904));
#12215=CARTESIAN_POINT('Ctrl Pts',(-12.5172049337242,36.5752846475658,336.50406515471));
#12216=CARTESIAN_POINT('Ctrl Pts',(-12.4985706528325,36.6995233027204,336.585556233682));
#12217=CARTESIAN_POINT('Ctrl Pts',(-12.4816810940389,36.8103617133904,336.700738166695));
#12218=CARTESIAN_POINT('Ctrl Pts',(-12.4782748438784,36.8325136894263,336.731299296623));
#12219=CARTESIAN_POINT('Ctrl Pts',(-12.47432240419,36.8581878205036,336.783067232991));
#12220=CARTESIAN_POINT('Ctrl Pts',(-12.4731275619388,36.8659225574421,336.807255300608));
#12221=CARTESIAN_POINT('Ctrl Pts',(-12.4727719860786,36.8682250774545,336.837301251186));
#12222=CARTESIAN_POINT('Ctrl Pts',(-12.4727466705789,36.8683889888982,336.841605187099));
#12223=CARTESIAN_POINT('Ctrl Pts',(-12.4727466705789,36.8683889888982,336.845894880273));
#12224=CARTESIAN_POINT('Origin',(-17.278512388248,38.4633431557779,336.845894880273));
#12225=CARTESIAN_POINT('Origin',(-16.766189988873,18.9610391072132,345.845894880273));
#12226=CARTESIAN_POINT('',(-12.0507932483031,20.8061126847687,342.845894880273));
#12227=CARTESIAN_POINT('',(-12.0507932483031,20.8061126847687,345.845894880273));
#12228=CARTESIAN_POINT('',(-17.2728439535622,23.9991503294507,342.845894880273));
#12229=CARTESIAN_POINT('Origin',(-16.766189988873,18.9610391072132,342.845894880273));
#12230=CARTESIAN_POINT('',(-17.2728439535622,23.9991503294507,345.845894880273));
#12231=CARTESIAN_POINT('Ctrl Pts',(-18.2374559989427,51.7058852419258,336.845894880272));
#12232=CARTESIAN_POINT('Ctrl Pts',(-18.2374559989427,51.7058852419258,336.54669557993));
#12233=CARTESIAN_POINT('Ctrl Pts',(-18.137337901475,51.4634951305615,336.028893205978));
#12234=CARTESIAN_POINT('Ctrl Pts',(-17.9284493311567,50.9577671442853,335.845894880272));
#12235=CARTESIAN_POINT('Ctrl Pts',(-17.839046433802,50.7413189816234,335.845894880272));
#12236=CARTESIAN_POINT('Ctrl Pts',(-18.3394511838315,51.6954870555035,336.845894880272));
#12237=CARTESIAN_POINT('Ctrl Pts',(-18.3394511838315,51.6954870555034,336.528254126933));
#12238=CARTESIAN_POINT('Ctrl Pts',(-18.1971385932568,51.422753088116,336.001045340943));
#12239=CARTESIAN_POINT('Ctrl Pts',(-17.9460263798766,50.9446844401066,335.845894880272));
#12240=CARTESIAN_POINT('Ctrl Pts',(-17.839046433802,50.7413189816234,335.845894880272));
#12241=CARTESIAN_POINT('Ctrl Pts',(-18.5117150054307,51.6205815317926,336.845894880272));
#12242=CARTESIAN_POINT('Ctrl Pts',(-18.5117150054306,51.6205815317925,336.513507730801));
#12243=CARTESIAN_POINT('Ctrl Pts',(-18.3016499404743,51.3472006745543,335.979838592498));
#12244=CARTESIAN_POINT('Ctrl Pts',(-17.9767862151365,50.9217897077939,335.845894880272));
#12245=CARTESIAN_POINT('Ctrl Pts',(-17.839046433802,50.7413189816234,335.845894880272));
#12246=CARTESIAN_POINT('Ctrl Pts',(-18.6192590702917,51.4708449828277,336.845894880272));
#12247=CARTESIAN_POINT('Ctrl Pts',(-18.6192590702917,51.4708449828277,336.532947726331));
#12248=CARTESIAN_POINT('Ctrl Pts',(-18.4031697886103,51.2686327417739,336.008029569763));
#12249=CARTESIAN_POINT('Ctrl Pts',(-18.0075460503964,50.8988949754813,335.845894880272));
#12250=CARTESIAN_POINT('Ctrl Pts',(-17.839046433802,50.7413189816234,335.845894880272));
#12251=CARTESIAN_POINT('Ctrl Pts',(-18.6486847046882,51.3998052171863,336.845894880272));
#12252=CARTESIAN_POINT('Ctrl Pts',(-18.6486847046882,51.3998052171863,336.54669557993));
#12253=CARTESIAN_POINT('Ctrl Pts',(-18.44522713135,51.2343313057104,336.028893205978));
#12254=CARTESIAN_POINT('Ctrl Pts',(-18.0207288369363,50.8890829473473,335.845894880272));
#12255=CARTESIAN_POINT('Ctrl Pts',(-17.839046433802,50.7413189816234,335.845894880272));
#12256=CARTESIAN_POINT('',(-18.2374559989427,51.7058852419258,336.845894880272));
#12257=CARTESIAN_POINT('Origin',(-17.839046433802,50.7413189816234,336.845894880272));
#12258=CARTESIAN_POINT('',(-18.6486847046882,51.3998052171863,336.845894880272));
#12259=CARTESIAN_POINT('Origin',(-17.839046433802,50.7413189816234,336.845894880272));
#12260=CARTESIAN_POINT('Origin',(-18.1867449384325,51.2084635010037,336.845894880272));
#12261=CARTESIAN_POINT('Ctrl Pts',(-19.9481373488997,48.2626490198695,336.845894880272));
#12262=CARTESIAN_POINT('Ctrl Pts',(-19.9481373488997,48.2626490198695,336.621495405016));
#12263=CARTESIAN_POINT('Ctrl Pts',(-19.7576515443936,48.2443255806869,336.097189031485));
#12264=CARTESIAN_POINT('Ctrl Pts',(-19.2186617487863,48.1924784272179,335.845894880272));
#12265=CARTESIAN_POINT('Ctrl Pts',(-18.9072200089637,48.1625198494994,335.845894880272));
#12266=CARTESIAN_POINT('Ctrl Pts',(-19.988151861155,48.1660454416908,336.845894880272));
#12267=CARTESIAN_POINT('Ctrl Pts',(-19.988151861155,48.1660454416908,336.607039859691));
#12268=CARTESIAN_POINT('Ctrl Pts',(-19.7562555513755,48.164734564983,336.062469976008));
#12269=CARTESIAN_POINT('Ctrl Pts',(-19.2140339797279,48.1631033617912,335.845894880272));
#12270=CARTESIAN_POINT('Ctrl Pts',(-18.9072200089637,48.1625198494994,335.845894880272));
#12271=CARTESIAN_POINT('Ctrl Pts',(-20.0030972178555,47.9747046128859,336.845894880272));
#12272=CARTESIAN_POINT('Ctrl Pts',(-20.0030972178555,47.9747046128859,336.595451063175));
#12273=CARTESIAN_POINT('Ctrl Pts',(-19.7418740544173,48.0201541385326,336.035738685127));
#12274=CARTESIAN_POINT('Ctrl Pts',(-19.2059353838757,48.1116969972944,335.845894880272));
#12275=CARTESIAN_POINT('Ctrl Pts',(-18.9072200089637,48.1625198494994,335.845894880272));
#12276=CARTESIAN_POINT('Ctrl Pts',(-19.9177675724686,47.8069261613592,336.845894880272));
#12277=CARTESIAN_POINT('Ctrl Pts',(-19.9177675724686,47.8069261613592,336.610721690545));
#12278=CARTESIAN_POINT('Ctrl Pts',(-19.7088557471862,47.8802976774412,336.071202723818));
#12279=CARTESIAN_POINT('Ctrl Pts',(-19.1978367880235,48.0602906327976,335.845894880272));
#12280=CARTESIAN_POINT('Ctrl Pts',(-18.9072200089637,48.1625198494994,335.845894880272));
#12281=CARTESIAN_POINT('Ctrl Pts',(-19.866934660495,47.7472096678586,336.845894880272));
#12282=CARTESIAN_POINT('Ctrl Pts',(-19.866934660495,47.7472096678586,336.621495405016));
#12283=CARTESIAN_POINT('Ctrl Pts',(-19.6913087865861,47.8232106057182,336.097189031485));
#12284=CARTESIAN_POINT('Ctrl Pts',(-19.1943659612297,48.0382593337275,335.845894880272));
#12285=CARTESIAN_POINT('Ctrl Pts',(-18.9072200089637,48.1625198494994,335.845894880272));
#12286=CARTESIAN_POINT('',(-19.9481373488997,48.2626490198695,336.845894880272));
#12287=CARTESIAN_POINT('Origin',(-18.9072200089637,48.1625198494994,336.845894880272));
#12288=CARTESIAN_POINT('',(-19.866934660495,47.7472096678586,336.845894880272));
#12289=CARTESIAN_POINT('Origin',(-18.9072200089637,48.1625198494994,336.845894880272));
#12290=CARTESIAN_POINT('Origin',(-19.486197582644,48.0713073036869,336.845894880272));
#12291=CARTESIAN_POINT('Origin',(-17.278512388248,38.4633431557779,336.845894880273));
#12292=CARTESIAN_POINT('',(-15.818597921127,43.3118390747473,336.845894880273));
#12293=CARTESIAN_POINT('Origin',(-15.530278004143,44.2693732127655,336.845894880273));
#12294=CARTESIAN_POINT('',(-12.2159747623399,38.3634646604143,336.845894880273));
#12295=CARTESIAN_POINT('Ctrl Pts',(-12.2159747623399,38.3634646604142,336.845894880273));
#12296=CARTESIAN_POINT('Ctrl Pts',(-12.2159747623399,38.3634646604142,336.828026533151));
#12297=CARTESIAN_POINT('Ctrl Pts',(-12.2154395367644,38.3662956527963,336.810328710427));
#12298=CARTESIAN_POINT('Ctrl Pts',(-12.2128798687181,38.3798142005883,336.766858638989));
#12299=CARTESIAN_POINT('Ctrl Pts',(-12.2103340225845,38.3932469733639,336.742356171874));
#12300=CARTESIAN_POINT('Ctrl Pts',(-12.2029052301796,38.4323002430485,336.687188109296));
#12301=CARTESIAN_POINT('Ctrl Pts',(-12.196402259767,38.4664485222363,336.650298523118));
#12302=CARTESIAN_POINT('Ctrl Pts',(-12.1661273983758,38.6234967505342,336.520079620218));
#12303=CARTESIAN_POINT('Ctrl Pts',(-12.1370066549897,38.7715741489014,336.434004964389));
#12304=CARTESIAN_POINT('Ctrl Pts',(-12.047009888566,39.2178762529476,336.200060835122));
#12305=CARTESIAN_POINT('Ctrl Pts',(-11.9304063858347,39.7722584378727,335.964119026517));
#12306=CARTESIAN_POINT('Ctrl Pts',(-11.7526950106552,40.5226503082223,335.856274446291));
#12307=CARTESIAN_POINT('Ctrl Pts',(-11.7177265039228,40.6667627181814,335.845894880273));
#12308=CARTESIAN_POINT('Ctrl Pts',(-11.6842314920917,40.8022167605888,335.845894880273));
#12309=CARTESIAN_POINT('Origin',(-17.278512388248,38.4633431557779,336.845894880273));
#12310=CARTESIAN_POINT('Ctrl Pts',(-15.818597921127,43.3118390747472,336.845894880273));
#12311=CARTESIAN_POINT('Ctrl Pts',(-16.1853967935945,43.4222846622837,336.845894880273));
#12312=CARTESIAN_POINT('Ctrl Pts',(-16.4336984314603,43.7139796010174,336.845894880273));
#12313=CARTESIAN_POINT('Ctrl Pts',(-15.818597921127,43.3118390747472,335.845894880273));
#12314=CARTESIAN_POINT('Ctrl Pts',(-16.1853967935945,43.4222846622837,335.845894880273));
#12315=CARTESIAN_POINT('Ctrl Pts',(-16.4336984314603,43.7139796010174,335.845894880273));
#12316=CARTESIAN_POINT('Ctrl Pts',(-15.5302780041429,44.2693732127655,335.845894880273));
#12317=CARTESIAN_POINT('Ctrl Pts',(-15.6149238977893,44.2948606560431,335.845894880273));
#12318=CARTESIAN_POINT('Ctrl Pts',(-15.6722242757583,44.3621748726739,335.845894880273));
#12319=CARTESIAN_POINT('',(-16.4336984314603,43.7139796010174,336.845894880273));
#12320=CARTESIAN_POINT('Origin',(-15.6722242757583,44.362174872674,336.845894880273));
#12321=CARTESIAN_POINT('Origin',(-15.4437820290477,44.5566334541709,336.845894880273));
#12322=CARTESIAN_POINT('Origin',(-2.11284280958378,28.4331500783269,336.845894880272));
#12323=CARTESIAN_POINT('',(-2.87431696528576,27.7849548066703,336.845894880272));
#12324=CARTESIAN_POINT('Origin',(-18.4488541536721,49.2691129138732,336.845894880272));
#12325=CARTESIAN_POINT('',(-19.3727336861834,49.6517963462383,336.845894880272));
#12326=CARTESIAN_POINT('Origin',(5.6292593913862,53.1338615242281,336.845894880272));
#12327=CARTESIAN_POINT('',(-13.1542715072503,52.2241048031874,336.845894880272));
#12328=CARTESIAN_POINT('',(5.52783727036584,54.1287050060722,336.845894880272));
#12329=CARTESIAN_POINT('Origin',(-13.05284938623,51.2292613213433,336.845894880272));
#12330=CARTESIAN_POINT('Ctrl Pts',(-13.1542715072503,52.2241048031874,336.845894880273));
#12331=CARTESIAN_POINT('Ctrl Pts',(-12.7924039712353,52.2609964084508,336.845894880273));
#12332=CARTESIAN_POINT('Ctrl Pts',(-12.4639375508475,52.1047308817401,336.845894880273));
#12333=CARTESIAN_POINT('Ctrl Pts',(-13.1542715072503,52.2241048031874,335.845894880273));
#12334=CARTESIAN_POINT('Ctrl Pts',(-12.7924039712353,52.2609964084508,335.845894880273));
#12335=CARTESIAN_POINT('Ctrl Pts',(-12.4639375508475,52.1047308817401,335.845894880273));
#12336=CARTESIAN_POINT('Ctrl Pts',(-13.05284938623,51.2292613213433,335.845894880273));
#12337=CARTESIAN_POINT('Ctrl Pts',(-12.9693414933034,51.2377747687118,335.845894880273));
#12338=CARTESIAN_POINT('Ctrl Pts',(-12.893541550137,51.201713493317,335.845894880273));
#12339=CARTESIAN_POINT('',(-12.4639375508475,52.1047308817401,336.845894880273));
#12340=CARTESIAN_POINT('Origin',(-12.893541550137,51.201713493317,336.845894880273));
#12341=CARTESIAN_POINT('Origin',(-13.0224227499239,50.93080827679,336.845894880273));
#12342=CARTESIAN_POINT('Origin',(-10.2886279147452,56.6771799973292,336.845894880273));
#12343=CARTESIAN_POINT('',(-6.45904186519279,53.3645475672754,336.845894880273));
#12344=CARTESIAN_POINT('Ctrl Pts',(-7.69535961565065,51.1961884799742,335.845894880273));
#12345=CARTESIAN_POINT('Ctrl Pts',(-7.61125445958995,51.3536972004232,335.845894880273));
#12346=CARTESIAN_POINT('Ctrl Pts',(-7.51910067935146,51.5240420262398,335.862837645479));
#12347=CARTESIAN_POINT('Ctrl Pts',(-7.12937109963319,52.2317542145819,336.006067060605));
#12348=CARTESIAN_POINT('Ctrl Pts',(-6.84250655720531,52.7236602570039,336.250950552901));
#12349=CARTESIAN_POINT('Ctrl Pts',(-6.61228211994682,53.1107679061642,336.504065154709));
#12350=CARTESIAN_POINT('Ctrl Pts',(-6.54752221424083,53.2184184262373,336.58555623368));
#12351=CARTESIAN_POINT('Ctrl Pts',(-6.4895022731068,53.3143564109715,336.70073816673));
#12352=CARTESIAN_POINT('Ctrl Pts',(-6.47787811408698,53.3335186527177,336.731299296656));
#12353=CARTESIAN_POINT('Ctrl Pts',(-6.46440147136041,53.3557259237344,336.78306723299));
#12354=CARTESIAN_POINT('Ctrl Pts',(-6.46033762537971,53.3624146425477,336.807255300607));
#12355=CARTESIAN_POINT('Ctrl Pts',(-6.4591279798588,53.3644058206697,336.837301251186));
#12356=CARTESIAN_POINT('Ctrl Pts',(-6.45904186519288,53.3645475672753,336.841605187099));
#12357=CARTESIAN_POINT('Ctrl Pts',(-6.45904186519288,53.3645475672753,336.845894880273));
#12358=CARTESIAN_POINT('Origin',(-10.2886279147452,56.6771799973292,336.845894880273));
#12359=CARTESIAN_POINT('Origin',(-17.278512388248,38.4633431557779,345.845894880273));
#12360=CARTESIAN_POINT('',(-12.2159747623399,38.3634646604143,342.845894880273));
#12361=CARTESIAN_POINT('',(-12.2159747623399,38.3634646604143,345.845894880273));
#12362=CARTESIAN_POINT('',(-15.818597921127,43.3118390747473,342.845894880273));
#12363=CARTESIAN_POINT('Origin',(-17.278512388248,38.4633431557779,342.845894880273));
#12364=CARTESIAN_POINT('',(-15.818597921127,43.3118390747473,345.845894880273));
#12365=CARTESIAN_POINT('Ctrl Pts',(-6.10687483073235,69.2786654215258,336.845894880272));
#12366=CARTESIAN_POINT('Ctrl Pts',(-6.10687483073236,69.2786654215258,336.621495405016));
#12367=CARTESIAN_POINT('Ctrl Pts',(-6.10706534840066,69.0876859876563,336.097190059154));
#12368=CARTESIAN_POINT('Ctrl Pts',(-6.10760442344041,68.547304369281,335.845894880272));
#12369=CARTESIAN_POINT('Ctrl Pts',(-6.10791591517819,68.2350576560063,335.845894880272));
#12370=CARTESIAN_POINT('Ctrl Pts',(-6.20508530813632,69.3080906173529,336.845894880272));
#12371=CARTESIAN_POINT('Ctrl Pts',(-6.20508530813632,69.3080906173529,336.607664315268));
#12372=CARTESIAN_POINT('Ctrl Pts',(-6.18487267484594,69.0791779400949,336.063773855977));
#12373=CARTESIAN_POINT('Ctrl Pts',(-6.13593190303241,68.5401571729003,335.845894880272));
#12374=CARTESIAN_POINT('Ctrl Pts',(-6.10791591517819,68.2350576560063,335.845894880272));
#12375=CARTESIAN_POINT('Ctrl Pts',(-6.39290141159238,69.304809389578,336.845894880272));
#12376=CARTESIAN_POINT('Ctrl Pts',(-6.39290141159237,69.304809389578,336.596604518169));
#12377=CARTESIAN_POINT('Ctrl Pts',(-6.3249563046967,69.052220607569,336.038068241118));
#12378=CARTESIAN_POINT('Ctrl Pts',(-6.18550499231841,68.5276495792339,335.845894880272));
#12379=CARTESIAN_POINT('Ctrl Pts',(-6.10791591517819,68.2350576560063,335.845894880272));
#12380=CARTESIAN_POINT('Ctrl Pts',(-6.54956088689731,69.2076262466603,336.845894880272));
#12381=CARTESIAN_POINT('Ctrl Pts',(-6.5495608868973,69.2076262466602,336.611184514816));
#12382=CARTESIAN_POINT('Ctrl Pts',(-6.45881363825954,69.007464740688,336.072177389114));
#12383=CARTESIAN_POINT('Ctrl Pts',(-6.2350780816044,68.5151419855676,335.845894880272));
#12384=CARTESIAN_POINT('Ctrl Pts',(-6.10791591517819,68.2350576560063,335.845894880272));
#12385=CARTESIAN_POINT('Ctrl Pts',(-6.60393236959746,69.1532547639601,336.845894880272));
#12386=CARTESIAN_POINT('Ctrl Pts',(-6.60393236959745,69.1532547639601,336.621495405016));
#12387=CARTESIAN_POINT('Ctrl Pts',(-6.51316173259682,68.9852253858247,336.097190059154));
#12388=CARTESIAN_POINT('Ctrl Pts',(-6.2563236912984,68.509781588282,335.845894880272));
#12389=CARTESIAN_POINT('Ctrl Pts',(-6.10791591517819,68.2350576560063,335.845894880272));
#12390=CARTESIAN_POINT('',(-6.10687483073235,69.2786654215258,336.845894880272));
#12391=CARTESIAN_POINT('Origin',(-6.1079159151782,68.2350576560063,336.845894880272));
#12392=CARTESIAN_POINT('',(-6.60393236959746,69.1532547639601,336.845894880272));
#12393=CARTESIAN_POINT('Origin',(-6.1079159151782,68.2350576560063,336.845894880272));
#12394=CARTESIAN_POINT('Origin',(-6.25037897900415,68.7997013733668,336.845894880272));
#12395=CARTESIAN_POINT('Ctrl Pts',(-9.00500777250668,66.7521793610509,336.845894880272));
#12396=CARTESIAN_POINT('Ctrl Pts',(-9.00500777250669,66.7521793610509,336.54669557993));
#12397=CARTESIAN_POINT('Ctrl Pts',(-8.77297073766855,66.6288313457558,336.028894125946));
#12398=CARTESIAN_POINT('Ctrl Pts',(-8.28884581993211,66.3714765325494,335.845894880272));
#12399=CARTESIAN_POINT('Ctrl Pts',(-8.08164332170086,66.2613302494836,335.845894880272));
#12400=CARTESIAN_POINT('Ctrl Pts',(-9.078944950259,66.6782421832986,336.845894880272));
#12401=CARTESIAN_POINT('Ctrl Pts',(-9.078944950259,66.6782421832986,336.527421519498));
#12402=CARTESIAN_POINT('Ctrl Pts',(-8.79309160007249,66.5579982563487,336.000001144342));
#12403=CARTESIAN_POINT('Ctrl Pts',(-8.29407020724402,66.3497940383534,335.845894880272));
#12404=CARTESIAN_POINT('Ctrl Pts',(-8.08164332170086,66.2613302494836,335.845894880272));
#12405=CARTESIAN_POINT('Ctrl Pts',(-9.165975537689,66.5071856328741,336.845894880272));
#12406=CARTESIAN_POINT('Ctrl Pts',(-9.165975537689,66.5071856328741,336.511969790809));
#12407=CARTESIAN_POINT('Ctrl Pts',(-8.82550284149534,66.4307813980788,335.977990195856));
#12408=CARTESIAN_POINT('Ctrl Pts',(-8.30321288503987,66.3118496735103,335.845894880272));
#12409=CARTESIAN_POINT('Ctrl Pts',(-8.08164332170087,66.2613302494836,335.845894880272));
#12410=CARTESIAN_POINT('Ctrl Pts',(-9.15134734535707,66.3195243292909,336.845894880272));
#12411=CARTESIAN_POINT('Ctrl Pts',(-9.15134734535707,66.319524329291,336.532330627303));
#12412=CARTESIAN_POINT('Ctrl Pts',(-8.85386914331653,66.3032272407522,336.007248038167));
#12413=CARTESIAN_POINT('Ctrl Pts',(-8.31235556283571,66.2739053086672,335.845894880272));
#12414=CARTESIAN_POINT('Ctrl Pts',(-8.08164332170087,66.2613302494836,335.845894880272));
#12415=CARTESIAN_POINT('Ctrl Pts',(-9.1272363711083,66.2449005699612,336.845894880272));
#12416=CARTESIAN_POINT('Ctrl Pts',(-9.12723637110831,66.2449005699612,336.54669557993));
#12417=CARTESIAN_POINT('Ctrl Pts',(-8.86448387872012,66.2490292692158,336.028894125946));
#12418=CARTESIAN_POINT('Ctrl Pts',(-8.31627385331964,66.2576434380201,335.845894880272));
#12419=CARTESIAN_POINT('Ctrl Pts',(-8.08164332170088,66.2613302494836,335.845894880272));
#12420=CARTESIAN_POINT('',(-9.00500777250668,66.7521793610509,336.845894880272));
#12421=CARTESIAN_POINT('Origin',(-8.08164332170088,66.2613302494836,336.845894880272));
#12422=CARTESIAN_POINT('',(-9.12723637110829,66.2449005699612,336.845894880272));
#12423=CARTESIAN_POINT('Origin',(-8.08164332170087,66.2613302494836,336.845894880272));
#12424=CARTESIAN_POINT('Origin',(-8.65145438191336,66.3986259704576,336.845894880272));
#12425=CARTESIAN_POINT('Origin',(-10.2886279147452,56.6771799973292,336.845894880273));
#12426=CARTESIAN_POINT('',(-7.08440375927577,60.5979210610922,336.845894880273));
#12427=CARTESIAN_POINT('Origin',(-6.45159843861525,61.3722319974374,336.845894880273));
#12428=CARTESIAN_POINT('',(-5.64967486502562,54.647555024565,336.845894880273));
#12429=CARTESIAN_POINT('Ctrl Pts',(-5.64967486502573,54.6475550245648,336.845894880273));
#12430=CARTESIAN_POINT('Ctrl Pts',(-5.64967486502573,54.6475550245648,336.82802653315));
#12431=CARTESIAN_POINT('Ctrl Pts',(-5.64809700718934,54.6499656985231,336.810328710426));
#12432=CARTESIAN_POINT('Ctrl Pts',(-5.6405588580015,54.661475665584,336.766858638988));
#12433=CARTESIAN_POINT('Ctrl Pts',(-5.63306630327363,54.6729116762799,336.742356171873));
#12434=CARTESIAN_POINT('Ctrl Pts',(-5.61125795474732,54.7061493170192,336.687188109335));
#12435=CARTESIAN_POINT('Ctrl Pts',(-5.59218201280828,54.7352096341711,336.650298523163));
#12436=CARTESIAN_POINT('Ctrl Pts',(-5.50411193293391,54.868717590092,336.520079620213));
#12437=CARTESIAN_POINT('Ctrl Pts',(-5.42054110708456,54.9943792416396,336.434004964386));
#12438=CARTESIAN_POINT('Ctrl Pts',(-5.16660251553898,55.3722683494174,336.200060835112));
#12439=CARTESIAN_POINT('Ctrl Pts',(-4.84672204856678,55.8398284746209,335.964119026512));
#12440=CARTESIAN_POINT('Ctrl Pts',(-4.39537560979932,56.4650929659486,335.856274446291));
#12441=CARTESIAN_POINT('Ctrl Pts',(-4.30791949045715,56.5848536037097,335.845894880273));
#12442=CARTESIAN_POINT('Ctrl Pts',(-4.22513811671039,56.6971788349894,335.845894880273));
#12443=CARTESIAN_POINT('Origin',(-10.2886279147452,56.6771799973292,336.845894880273));
#12444=CARTESIAN_POINT('Ctrl Pts',(-7.08440375927574,60.5979210610922,336.845894880273));
#12445=CARTESIAN_POINT('Ctrl Pts',(-7.3810160335686,60.8403273303768,336.845894880273));
#12446=CARTESIAN_POINT('Ctrl Pts',(-7.49879001432375,61.2048392370503,336.845894880273));
#12447=CARTESIAN_POINT('Ctrl Pts',(-7.08440375927579,60.5979210610921,335.845894880273));
#12448=CARTESIAN_POINT('Ctrl Pts',(-7.38101603356867,60.8403273303767,335.845894880273));
#12449=CARTESIAN_POINT('Ctrl Pts',(-7.49879001432383,61.2048392370503,335.845894880273));
#12450=CARTESIAN_POINT('Ctrl Pts',(-6.45159843861524,61.3722319974374,335.845894880273));
#12451=CARTESIAN_POINT('Ctrl Pts',(-6.52004742499051,61.4281719057338,335.845894880273));
#12452=CARTESIAN_POINT('Ctrl Pts',(-6.547226035934,61.5122900380431,335.845894880273));
#12453=CARTESIAN_POINT('',(-7.49879001432375,61.2048392370503,336.845894880273));
#12454=CARTESIAN_POINT('Origin',(-6.54722603593401,61.5122900380431,336.845894880273));
#12455=CARTESIAN_POINT('Origin',(-6.26175684241713,61.6045252783409,336.845894880273));
#12456=CARTESIAN_POINT('Origin',(-0.115764908351563,41.6068394174569,336.845894880272));
#12457=CARTESIAN_POINT('',(-1.0673288867413,41.2993886164641,336.845894880272));
#12458=CARTESIAN_POINT('Origin',(-7.23469365748945,67.1082799136951,336.845894880272));
#12459=CARTESIAN_POINT('',(-7.94180043867599,67.8153866948816,336.845894880272));
#12460=CARTESIAN_POINT('Origin',(16.4895578917121,61.4645469168046,336.845894880273));
#12461=CARTESIAN_POINT('',(-1.21231067845661,67.8121873788965,336.845894880272));
#12462=CARTESIAN_POINT('',(16.7765661882557,62.4224750131225,336.845894880273));
#12463=CARTESIAN_POINT('Origin',(-1.49931897500017,66.8542592825787,336.845894880272));
#12464=CARTESIAN_POINT('Ctrl Pts',(-1.21231067845661,67.8121873788965,336.845894880273));
#12465=CARTESIAN_POINT('Ctrl Pts',(-0.86387086232438,67.7077900671771,336.845894880273));
#12466=CARTESIAN_POINT('Ctrl Pts',(-0.620207687532893,67.4377208882414,
336.845894880273));
#12467=CARTESIAN_POINT('Ctrl Pts',(-1.2123106784566,67.8121873788966,335.845894880273));
#12468=CARTESIAN_POINT('Ctrl Pts',(-0.863870862324359,67.7077900671771,
335.845894880273));
#12469=CARTESIAN_POINT('Ctrl Pts',(-0.62020768753287,67.4377208882414,335.845894880273));
#12470=CARTESIAN_POINT('Ctrl Pts',(-1.49931897500018,66.8542592825787,335.845894880273));
#12471=CARTESIAN_POINT('Ctrl Pts',(-1.41890978666194,66.8301675952588,335.845894880273));
#12472=CARTESIAN_POINT('Ctrl Pts',(-1.3626798232485,66.7678439385813,335.845894880273));
#12473=CARTESIAN_POINT('',(-0.620207687532894,67.4377208882414,336.845894880273));
#12474=CARTESIAN_POINT('Origin',(-1.36267982324853,66.7678439385813,336.845894880273));
#12475=CARTESIAN_POINT('Origin',(-1.58542146396331,66.5668808536832,336.845894880273));
#12476=CARTESIAN_POINT('Origin',(3.13931688400495,70.829658081583,336.845894880273));
#12477=CARTESIAN_POINT('',(5.4097035046804,66.303665646743,336.845894880273));
#12478=CARTESIAN_POINT('Ctrl Pts',(3.43769974122344,64.7734813870896,335.845894880273));
#12479=CARTESIAN_POINT('Ctrl Pts',(3.57567875125701,64.8868148203048,335.845894880273));
#12480=CARTESIAN_POINT('Ctrl Pts',(3.72600588529231,65.0089271934191,335.86283764548));
#12481=CARTESIAN_POINT('Ctrl Pts',(4.35689879658405,65.5136249458879,336.006067060608));
#12482=CARTESIAN_POINT('Ctrl Pts',(4.81017136864464,65.8583085626741,336.250950552908));
#12483=CARTESIAN_POINT('Ctrl Pts',(5.17101069798107,66.1278463187429,336.504065154712));
#12484=CARTESIAN_POINT('Ctrl Pts',(5.27203711990644,66.2025198879065,336.585556233683));
#12485=CARTESIAN_POINT('Ctrl Pts',(5.3623544332865,66.2689517581715,336.700738166728));
#12486=CARTESIAN_POINT('Ctrl Pts',(5.38042682833146,66.2822069880462,336.731299296654));
#12487=CARTESIAN_POINT('Ctrl Pts',(5.40137597741061,66.2975665433168,336.783067232991));
#12488=CARTESIAN_POINT('Ctrl Pts',(5.40769014340886,66.3021909471985,336.807255300608));
#12489=CARTESIAN_POINT('Ctrl Pts',(5.40956970102535,66.3035676446111,336.837301251186));
#12490=CARTESIAN_POINT('Ctrl Pts',(5.4097035046802,66.3036656467429,336.841605187099));
#12491=CARTESIAN_POINT('Ctrl Pts',(5.4097035046802,66.3036656467429,336.845894880273));
#12492=CARTESIAN_POINT('Origin',(3.13931688400495,70.829658081583,336.845894880273));
#12493=CARTESIAN_POINT('Origin',(-10.2886279147452,56.6771799973292,345.845894880273));
#12494=CARTESIAN_POINT('',(-5.64967486502562,54.647555024565,342.845894880273));
#12495=CARTESIAN_POINT('',(-5.64967486502562,54.647555024565,345.845894880273));
#12496=CARTESIAN_POINT('',(-7.08440375927577,60.5979210610922,342.845894880273));
#12497=CARTESIAN_POINT('Origin',(-10.2886279147452,56.6771799973292,342.845894880273));
#12498=CARTESIAN_POINT('',(-7.08440375927577,60.5979210610922,345.845894880273));
#12499=CARTESIAN_POINT('Ctrl Pts',(11.8251326633706,80.8716249207442,336.845894880272));
#12500=CARTESIAN_POINT('Ctrl Pts',(11.8251326633706,80.8716249207442,336.621495405016));
#12501=CARTESIAN_POINT('Ctrl Pts',(11.7518709340441,80.6952533139867,336.097192242358));
#12502=CARTESIAN_POINT('Ctrl Pts',(11.5445788498294,80.1962146167411,335.845894880272));
#12503=CARTESIAN_POINT('Ctrl Pts',(11.4247994250076,79.90785547198,335.845894880272));
#12504=CARTESIAN_POINT('Ctrl Pts',(11.7456585483561,80.9363937794961,336.845894880272));
#12505=CARTESIAN_POINT('Ctrl Pts',(11.7456585483561,80.9363937794961,336.607664315268));
#12506=CARTESIAN_POINT('Ctrl Pts',(11.6767304254824,80.7171678011531,336.06377787782));
#12507=CARTESIAN_POINT('Ctrl Pts',(11.5156725575839,80.2004519254106,335.845894880272));
#12508=CARTESIAN_POINT('Ctrl Pts',(11.4247994250076,79.90785547198,335.845894880272));
#12509=CARTESIAN_POINT('Ctrl Pts',(11.5708834082224,81.0052362589301,336.845894880272));
#12510=CARTESIAN_POINT('Ctrl Pts',(11.5708834082224,81.0052362589301,336.596604518169));
#12511=CARTESIAN_POINT('Ctrl Pts',(11.5369946703334,80.745870739182,336.03807473528));
#12512=CARTESIAN_POINT('Ctrl Pts',(11.4650865461544,80.2078672155822,335.845894880272));
#12513=CARTESIAN_POINT('Ctrl Pts',(11.4247994250076,79.90785547198,335.845894880272));
#12514=CARTESIAN_POINT('Ctrl Pts',(11.3889585614818,80.9754019005128,336.845894880272));
#12515=CARTESIAN_POINT('Ctrl Pts',(11.3889585614818,80.9754019005128,336.611184514817));
#12516=CARTESIAN_POINT('Ctrl Pts',(11.3961997951804,80.7557465403706,336.072181186337));
#12517=CARTESIAN_POINT('Ctrl Pts',(11.4145005347248,80.2152825057538,335.845894880272));
#12518=CARTESIAN_POINT('Ctrl Pts',(11.4247994250076,79.90785547198,335.845894880272));
#12519=CARTESIAN_POINT('Ctrl Pts',(11.3179187958403,80.9459762661163,336.845894880272));
#12520=CARTESIAN_POINT('Ctrl Pts',(11.3179187958403,80.9459762661163,336.621495405016));
#12521=CARTESIAN_POINT('Ctrl Pts',(11.337478150333,80.7559982244748,336.097192242358));
#12522=CARTESIAN_POINT('Ctrl Pts',(11.3928208155407,80.2184604872559,335.845894880272));
#12523=CARTESIAN_POINT('Ctrl Pts',(11.4247994250076,79.90785547198,335.845894880272));
#12524=CARTESIAN_POINT('',(11.8251326633706,80.8716249207442,336.845894880272));
#12525=CARTESIAN_POINT('Origin',(11.4247994250076,79.90785547198,336.845894880272));
#12526=CARTESIAN_POINT('',(11.3179187958403,80.9459762661163,336.845894880272));
#12527=CARTESIAN_POINT('Origin',(11.4247994250076,79.90785547198,336.845894880272));
#12528=CARTESIAN_POINT('Origin',(11.5092605120229,80.4840364998606,336.845894880272));
#12529=CARTESIAN_POINT('Ctrl Pts',(8.18076259852352,79.6465236219049,336.845894880272));
#12530=CARTESIAN_POINT('Ctrl Pts',(8.18076259852352,79.6465236219049,336.54669557993));
#12531=CARTESIAN_POINT('Ctrl Pts',(8.3479346699298,79.4437669176121,336.028896012575));
#12532=CARTESIAN_POINT('Ctrl Pts',(8.69672130334842,79.0207367565427,335.845894880272));
#12533=CARTESIAN_POINT('Ctrl Pts',(8.84600029288361,78.8396818968182,335.845894880272));
#12534=CARTESIAN_POINT('Ctrl Pts',(8.08415902034485,79.6065091096495,336.845894880272));
#12535=CARTESIAN_POINT('Ctrl Pts',(8.08415902034485,79.6065091096495,336.527421519498));
#12536=CARTESIAN_POINT('Ctrl Pts',(8.30223873839102,79.3860258217684,336.000003461206));
#12537=CARTESIAN_POINT('Ctrl Pts',(8.68359706753985,79.0027040304096,335.845894880272));
#12538=CARTESIAN_POINT('Ctrl Pts',(8.84600029288361,78.8396818968182,335.845894880272));
#12539=CARTESIAN_POINT('Ctrl Pts',(7.93829284765503,79.4817785552893,336.845894880272));
#12540=CARTESIAN_POINT('Ctrl Pts',(7.93829284765502,79.4817785552893,336.511969790809));
#12541=CARTESIAN_POINT('Ctrl Pts',(8.22361035213897,79.2808967183215,335.977993440282));
#12542=CARTESIAN_POINT('Ctrl Pts',(8.66062965487485,78.9711467596769,335.845894880272));
#12543=CARTESIAN_POINT('Ctrl Pts',(8.84600029288361,78.8396818968182,335.845894880272));
#12544=CARTESIAN_POINT('Ctrl Pts',(7.87999254978666,79.302804223453,336.845894880272));
#12545=CARTESIAN_POINT('Ctrl Pts',(7.87999254978665,79.302804223453,336.532330627303));
#12546=CARTESIAN_POINT('Ctrl Pts',(8.14859108811846,79.1739072094807,336.007250389203));
#12547=CARTESIAN_POINT('Ctrl Pts',(8.63766224220985,78.9395894889441,335.845894880272));
#12548=CARTESIAN_POINT('Ctrl Pts',(8.84600029288361,78.8396818968182,335.845894880272));
#12549=CARTESIAN_POINT('Ctrl Pts',(7.87371090904772,79.224633989186,336.845894880272));
#12550=CARTESIAN_POINT('Ctrl Pts',(7.87371090904772,79.224633989186,336.54669557993));
#12551=CARTESIAN_POINT('Ctrl Pts',(8.11804407248719,79.1278967789845,336.028896012575));
#12552=CARTESIAN_POINT('Ctrl Pts',(8.62781906535342,78.9260649443444,335.845894880272));
#12553=CARTESIAN_POINT('Ctrl Pts',(8.84600029288361,78.8396818968182,335.845894880272));
#12554=CARTESIAN_POINT('',(8.18076259852352,79.6465236219049,336.845894880272));
#12555=CARTESIAN_POINT('Origin',(8.8460002928836,78.8396818968182,336.845894880272));
#12556=CARTESIAN_POINT('',(7.87371090904773,79.224633989186,336.845894880272));
#12557=CARTESIAN_POINT('Origin',(8.8460002928836,78.8396818968182,336.845894880272));
#12558=CARTESIAN_POINT('Origin',(8.3721043147061,79.1845838556492,336.845894880272));
#12559=CARTESIAN_POINT('Origin',(3.13931688400495,70.829658081583,336.845894880273));
#12560=CARTESIAN_POINT('',(7.60003664651704,73.2257470047879,336.845894880273));
#12561=CARTESIAN_POINT('Origin',(8.48098849717793,73.6989529185476,336.845894880273));
#12562=CARTESIAN_POINT('',(6.64844680792998,67.1792786349247,336.845894880273));
#12563=CARTESIAN_POINT('Ctrl Pts',(6.6484468079302,67.179278634925,336.845894880273));
#12564=CARTESIAN_POINT('Ctrl Pts',(6.6484468079302,67.179278634925,336.828026533151));
#12565=CARTESIAN_POINT('Ctrl Pts',(6.6508270834749,67.1809019872018,336.810328710427));
#12566=CARTESIAN_POINT('Ctrl Pts',(6.66219609892368,67.1886510853843,336.766858638989));
#12567=CARTESIAN_POINT('Ctrl Pts',(6.67349468870859,67.1963493050394,336.742356171874));
#12568=CARTESIAN_POINT('Ctrl Pts',(6.70636247002422,67.2187111873812,336.687188109281));
#12569=CARTESIAN_POINT('Ctrl Pts',(6.73510724428889,67.2382593726898,336.650298523101));
#12570=CARTESIAN_POINT('Ctrl Pts',(6.86756467126324,67.3279016800915,336.520079620218));
#12571=CARTESIAN_POINT('Ctrl Pts',(6.99286267891068,67.4120167374958,336.43400496439));
#12572=CARTESIAN_POINT('Ctrl Pts',(7.37208324696132,67.6639626579009,336.200060835123));
#12573=CARTESIAN_POINT('Ctrl Pts',(7.84654177678147,67.9735189327385,335.964119026518));
#12574=CARTESIAN_POINT('Ctrl Pts',(8.50280987533596,68.3784651943264,335.856274446292));
#12575=CARTESIAN_POINT('Ctrl Pts',(8.62943920591053,68.4556415884237,335.845894880273));
#12576=CARTESIAN_POINT('Ctrl Pts',(8.74890422783945,68.5277375103485,335.845894880273));
#12577=CARTESIAN_POINT('Origin',(3.13931688400495,70.829658081583,336.845894880273));
#12578=CARTESIAN_POINT('Ctrl Pts',(7.60003664651708,73.2257470047878,336.845894880273));
#12579=CARTESIAN_POINT('Ctrl Pts',(7.41876750036291,73.5632097987404,336.845894880273));
#12580=CARTESIAN_POINT('Ctrl Pts',(7.44945119766462,73.9450450398714,336.845894880273));
#12581=CARTESIAN_POINT('Ctrl Pts',(7.60003664651701,73.2257470047878,335.845894880273));
#12582=CARTESIAN_POINT('Ctrl Pts',(7.41876750036282,73.5632097987404,335.845894880273));
#12583=CARTESIAN_POINT('Ctrl Pts',(7.44945119766453,73.9450450398714,335.845894880273));
#12584=CARTESIAN_POINT('Ctrl Pts',(8.48098849717794,73.6989529185476,335.845894880273));
#12585=CARTESIAN_POINT('Ctrl Pts',(8.43915715575775,73.7768289479213,335.845894880273));
#12586=CARTESIAN_POINT('Ctrl Pts',(8.44623800898122,73.8649447727977,335.845894880273));
#12587=CARTESIAN_POINT('',(7.44945119766462,73.9450450398714,336.845894880273));
#12588=CARTESIAN_POINT('Origin',(8.44623800898122,73.8649447727977,336.845894880273));
#12589=CARTESIAN_POINT('Origin',(8.74527405237616,73.8409146926755,336.845894880273));
#12590=CARTESIAN_POINT('Origin',(6.77064714263681,53.0134927395971,336.845894880272));
#12591=CARTESIAN_POINT('',(5.77386033132021,53.0935930066708,336.845894880272));
#12592=CARTESIAN_POINT('Origin',(9.95259335725585,79.2980477521092,336.845894880272));
#12593=CARTESIAN_POINT('',(9.56990992489075,80.2219272846205,336.845894880272));
#12594=CARTESIAN_POINT('Origin',(29.7111806731114,65.0050403361824,336.845894880273));
#12595=CARTESIAN_POINT('',(15.7859234533802,77.6437072625578,336.845894880272));
#12596=CARTESIAN_POINT('',(30.3429249758068,65.7802171779494,336.845894880273));
#12597=CARTESIAN_POINT('Origin',(15.1541791506848,76.8685304207908,336.845894880272));
#12598=CARTESIAN_POINT('Ctrl Pts',(15.7859234533802,77.6437072625578,336.845894880273));
#12599=CARTESIAN_POINT('Ctrl Pts',(16.0678887462383,77.4139145782009,336.845894880273));
#12600=CARTESIAN_POINT('Ctrl Pts',(16.1896531658837,77.0711573313498,336.845894880273));
#12601=CARTESIAN_POINT('Ctrl Pts',(15.7859234533802,77.6437072625578,335.845894880273));
#12602=CARTESIAN_POINT('Ctrl Pts',(16.0678887462383,77.4139145782009,335.845894880273));
#12603=CARTESIAN_POINT('Ctrl Pts',(16.1896531658838,77.0711573313498,335.845894880273));
#12604=CARTESIAN_POINT('Ctrl Pts',(15.1541791506848,76.8685304207908,335.845894880273));
#12605=CARTESIAN_POINT('Ctrl Pts',(15.2192480644213,76.8155013397853,335.845894880273));
#12606=CARTESIAN_POINT('Ctrl Pts',(15.247347545878,76.7364035135889,335.845894880273));
#12607=CARTESIAN_POINT('',(16.1896531658837,77.0711573313498,336.845894880273));
#12608=CARTESIAN_POINT('Origin',(15.247347545878,76.7364035135889,336.845894880273));
#12609=CARTESIAN_POINT('Origin',(14.9646558598761,76.6359773682606,336.845894880273));
#12610=CARTESIAN_POINT('Origin',(20.9610391370156,78.7661909127449,336.845894880273));
#12611=CARTESIAN_POINT('',(21.326580546922,73.7158797930994,336.845894880273));
#12612=CARTESIAN_POINT('Ctrl Pts',(18.9191104671938,73.0568270434714,335.845894880273));
#12613=CARTESIAN_POINT('Ctrl Pts',(19.0899572777059,73.1087312016146,335.845894880273));
#12614=CARTESIAN_POINT('Ctrl Pts',(19.2755718221001,73.1640206201711,335.86283764548));
#12615=CARTESIAN_POINT('Ctrl Pts',(20.0515803382673,73.3888682790325,336.006067060608));
#12616=CARTESIAN_POINT('Ctrl Pts',(20.602254299795,73.5338545141003,336.250950552907));
#12617=CARTESIAN_POINT('Ctrl Pts',(21.0387740043391,73.6447876970887,336.504065154711));
#12618=CARTESIAN_POINT('Ctrl Pts',(21.1606865855537,73.6751159413567,336.585556233683));
#12619=CARTESIAN_POINT('Ctrl Pts',(21.2695512789433,73.7019280471134,336.700738166722));
#12620=CARTESIAN_POINT('Ctrl Pts',(21.2913205516968,73.7072582765272,336.731299296649));
#12621=CARTESIAN_POINT('Ctrl Pts',(21.3165528890879,73.7134317629962,336.783067232992));
#12622=CARTESIAN_POINT('Ctrl Pts',(21.3241561005683,73.7152878283757,336.807255300608));
#12623=CARTESIAN_POINT('Ctrl Pts',(21.3264194246715,73.7158404553776,336.837301251186));
#12624=CARTESIAN_POINT('Ctrl Pts',(21.3265805469219,73.7158797930994,336.841605187099));
#12625=CARTESIAN_POINT('Ctrl Pts',(21.3265805469219,73.7158797930994,336.845894880273));
#12626=CARTESIAN_POINT('Origin',(20.9610391370156,78.7661909127449,336.845894880273));
#12627=CARTESIAN_POINT('Origin',(3.13931688400495,70.829658081583,345.845894880273));
#12628=CARTESIAN_POINT('',(6.64844680792998,67.1792786349247,342.845894880273));
#12629=CARTESIAN_POINT('',(6.64844680792998,67.1792786349247,345.845894880273));
#12630=CARTESIAN_POINT('',(7.60003664651704,73.2257470047879,342.845894880273));
#12631=CARTESIAN_POINT('Origin',(3.13931688400495,70.829658081583,342.845894880273));
#12632=CARTESIAN_POINT('',(7.60003664651704,73.2257470047879,345.845894880273));
#12633=CARTESIAN_POINT('Ctrl Pts',(32.8285808964417,84.7198407462645,336.845894880273));
#12634=CARTESIAN_POINT('Ctrl Pts',(32.8285808964417,84.7198407462645,336.621495405016));
#12635=CARTESIAN_POINT('Ctrl Pts',(32.6933987968923,84.5849280884154,336.097195170751));
#12636=CARTESIAN_POINT('Ctrl Pts',(32.3109146369524,84.2032062866779,335.845894880273));
#12637=CARTESIAN_POINT('Ctrl Pts',(32.0899026106725,83.9826347762382,335.845894880273));
#12638=CARTESIAN_POINT('Ctrl Pts',(32.7799423573929,84.8100927963275,336.845894880273));
#12639=CARTESIAN_POINT('Ctrl Pts',(32.7799423573929,84.8100927963275,336.607664315269));
#12640=CARTESIAN_POINT('Ctrl Pts',(32.6323639539287,84.6339286358469,336.063783272429));
#12641=CARTESIAN_POINT('Ctrl Pts',(32.2858302530117,84.218183008564,335.845894880273));
#12642=CARTESIAN_POINT('Ctrl Pts',(32.0899026106725,83.9826347762382,335.845894880273));
#12643=CARTESIAN_POINT('Ctrl Pts',(32.6448159524603,84.9405782990521,336.845894880273));
#12644=CARTESIAN_POINT('Ctrl Pts',(32.6448159524603,84.9405782990521,336.596604518169));
#12645=CARTESIAN_POINT('Ctrl Pts',(32.5142503384182,84.7139215772405,336.038083445457));
#12646=CARTESIAN_POINT('Ctrl Pts',(32.2419325811153,84.2443922718648,335.845894880273));
#12647=CARTESIAN_POINT('Ctrl Pts',(32.0899026106725,83.9826347762382,335.845894880273));
#12648=CARTESIAN_POINT('Ctrl Pts',(32.4653223019134,84.9826347762382,336.845894880273));
#12649=CARTESIAN_POINT('Ctrl Pts',(32.4653223019134,84.9826347762382,336.611184514817));
#12650=CARTESIAN_POINT('Ctrl Pts',(32.3879526870463,84.7769250455147,336.072186279656));
#12651=CARTESIAN_POINT('Ctrl Pts',(32.198034909219,84.2706015351655,335.845894880273));
#12652=CARTESIAN_POINT('Ctrl Pts',(32.0899026106725,83.9826347762382,335.845894880273));
#12653=CARTESIAN_POINT('Ctrl Pts',(32.3884294136725,84.9826347762382,336.845894880273));
#12654=CARTESIAN_POINT('Ctrl Pts',(32.3884294136725,84.9826347762382,336.621495405016));
#12655=CARTESIAN_POINT('Ctrl Pts',(32.333797402987,84.7996293973692,336.097195170751));
#12656=CARTESIAN_POINT('Ctrl Pts',(32.1792216212635,84.2818340765801,335.845894880273));
#12657=CARTESIAN_POINT('Ctrl Pts',(32.0899026106725,83.9826347762382,335.845894880273));
#12658=CARTESIAN_POINT('',(32.8285808964417,84.7198407462645,336.845894880273));
#12659=CARTESIAN_POINT('Origin',(32.0899026106725,83.9826347762382,336.845894880273));
#12660=CARTESIAN_POINT('',(32.3884294136725,84.9826347762382,336.845894880273));
#12661=CARTESIAN_POINT('Origin',(32.0899026106725,83.9826347762382,336.845894880273));
#12662=CARTESIAN_POINT('Origin',(32.3884294136725,84.4826347762381,336.845894880273));
#12663=CARTESIAN_POINT('Ctrl Pts',(28.9927960145979,84.9826347762382,336.845894880273));
#12664=CARTESIAN_POINT('Ctrl Pts',(28.9927960145979,84.9826347762381,336.621495405016));
#12665=CARTESIAN_POINT('Ctrl Pts',(29.0487652298409,84.7996298834836,336.097194765608));
#12666=CARTESIAN_POINT('Ctrl Pts',(29.2071250667409,84.28183407658,335.845894880273));
#12667=CARTESIAN_POINT('Ctrl Pts',(29.2986305439407,83.9826347762382,335.845894880273));
#12668=CARTESIAN_POINT('Ctrl Pts',(28.888233055057,84.9826347762382,336.845894880273));
#12669=CARTESIAN_POINT('Ctrl Pts',(28.888233055057,84.9826347762381,336.607039859692));
#12670=CARTESIAN_POINT('Ctrl Pts',(28.9757680729957,84.7678804454457,336.062480819366));
#12671=CARTESIAN_POINT('Ctrl Pts',(29.1817570155745,84.2663172246023,335.845894880273));
#12672=CARTESIAN_POINT('Ctrl Pts',(29.2986305439407,83.9826347762382,335.845894880273));
#12673=CARTESIAN_POINT('Ctrl Pts',(28.7057381203982,84.9232191182554,336.845894880272));
#12674=CARTESIAN_POINT('Ctrl Pts',(28.7057381203982,84.9232191182553,336.595451063175));
#12675=CARTESIAN_POINT('Ctrl Pts',(28.8476972945842,84.6992677930938,336.035756478564));
#12676=CARTESIAN_POINT('Ctrl Pts',(29.1373629260332,84.2391627336414,335.845894880273));
#12677=CARTESIAN_POINT('Ctrl Pts',(29.2986305439407,83.9826347762382,335.845894880273));
#12678=CARTESIAN_POINT('Ctrl Pts',(28.5833850034075,84.7801791736846,336.845894880273));
#12679=CARTESIAN_POINT('Ctrl Pts',(28.5833850034075,84.7801791736846,336.610721690545));
#12680=CARTESIAN_POINT('Ctrl Pts',(28.7311236614369,84.6152426351592,336.071212956893));
#12681=CARTESIAN_POINT('Ctrl Pts',(29.0929688364919,84.2120082426804,335.845894880273));
#12682=CARTESIAN_POINT('Ctrl Pts',(29.2986305439407,83.9826347762382,335.845894880273));
#12683=CARTESIAN_POINT('Ctrl Pts',(28.5476670705401,84.7103631740326,336.845894880273));
#12684=CARTESIAN_POINT('Ctrl Pts',(28.5476670705401,84.7103631740326,336.621495405016));
#12685=CARTESIAN_POINT('Ctrl Pts',(28.6850970604524,84.5771853166398,336.097194765608));
#12686=CARTESIAN_POINT('Ctrl Pts',(29.073942798117,84.2003706036972,335.845894880273));
#12687=CARTESIAN_POINT('Ctrl Pts',(29.2986305439407,83.9826347762382,335.845894880273));
#12688=CARTESIAN_POINT('',(28.9927960145979,84.9826347762382,336.845894880273));
#12689=CARTESIAN_POINT('Origin',(29.2986305439407,83.9826347762382,336.845894880273));
#12690=CARTESIAN_POINT('',(28.5476670705401,84.7103631740326,336.845894880273));
#12691=CARTESIAN_POINT('Origin',(29.2986305439407,83.9826347762382,336.845894880273));
#12692=CARTESIAN_POINT('Origin',(28.9927960145979,84.4826347762381,336.845894880273));
#12693=CARTESIAN_POINT('Origin',(20.9610391370156,78.7661909127449,336.845894880273));
#12694=CARTESIAN_POINT('',(25.9991503592532,79.2728448774341,336.845894880273));
#12695=CARTESIAN_POINT('Origin',(26.9941318064997,79.3729044578607,336.845894880273));
#12696=CARTESIAN_POINT('',(22.8061127145708,74.0507941721749,336.845894880273));
#12697=CARTESIAN_POINT('Ctrl Pts',(22.806112714571,74.0507941721749,336.845894880273));
#12698=CARTESIAN_POINT('Ctrl Pts',(22.806112714571,74.0507941721749,336.82802653315));
#12699=CARTESIAN_POINT('Ctrl Pts',(22.80893303245,74.0513830621023,336.810328710427));
#12700=CARTESIAN_POINT('Ctrl Pts',(22.8224020846181,74.0541915614539,336.766858638988));
#12701=CARTESIAN_POINT('Ctrl Pts',(22.8357866015872,74.0569800059101,336.742356171874));
#12702=CARTESIAN_POINT('Ctrl Pts',(22.8747099938641,74.065061735936,336.68718810935));
#12703=CARTESIAN_POINT('Ctrl Pts',(22.9087474690782,74.0721217553529,336.65029852318));
#12704=CARTESIAN_POINT('Ctrl Pts',(23.0654268007685,74.1042511856317,336.520079620215));
#12705=CARTESIAN_POINT('Ctrl Pts',(23.2133765043793,74.1340138939085,336.434004964388));
#12706=CARTESIAN_POINT('Ctrl Pts',(23.6601461551078,74.221660144467,336.200060835117));
#12707=CARTESIAN_POINT('Ctrl Pts',(24.2169507376089,74.3260854322447,335.964119026515));
#12708=CARTESIAN_POINT('Ctrl Pts',(24.9782296269911,74.4490640665829,335.856274446291));
#12709=CARTESIAN_POINT('Ctrl Pts',(25.1247540011155,74.4719068106201,335.845894880273));
#12710=CARTESIAN_POINT('Ctrl Pts',(25.2627152045868,74.4927974726244,335.845894880273));
#12711=CARTESIAN_POINT('Origin',(20.9610391370156,78.7661909127449,336.845894880273));
#12712=CARTESIAN_POINT('Ctrl Pts',(25.9991503592532,79.2728448774341,336.845894880273));
#12713=CARTESIAN_POINT('Ctrl Pts',(25.9608209255308,79.653988544783,336.845894880273));
#12714=CARTESIAN_POINT('Ctrl Pts',(26.1352909861236,79.9950161662544,336.845894880273));
#12715=CARTESIAN_POINT('Ctrl Pts',(25.9991503592531,79.272844877434,335.845894880273));
#12716=CARTESIAN_POINT('Ctrl Pts',(25.9608209255307,79.653988544783,335.845894880273));
#12717=CARTESIAN_POINT('Ctrl Pts',(26.1352909861235,79.9950161662544,335.845894880273));
#12718=CARTESIAN_POINT('Ctrl Pts',(26.9941318064997,79.3729044578607,335.845894880273));
#12719=CARTESIAN_POINT('Ctrl Pts',(26.9852865525638,79.4608606887873,335.845894880273));
#12720=CARTESIAN_POINT('Ctrl Pts',(27.025548874239,79.5395593706654,335.845894880273));
#12721=CARTESIAN_POINT('',(26.1352909861236,79.9950161662544,336.845894880273));
#12722=CARTESIAN_POINT('Origin',(27.025548874239,79.5395593706653,336.845894880273));
#12723=CARTESIAN_POINT('Origin',(27.2926262406736,79.4029223319886,336.845894880273));
#12724=CARTESIAN_POINT('Origin',(17.4979995340989,60.9165504780219,336.845894880272));
#12725=CARTESIAN_POINT('',(16.6077416459835,61.3720072736109,336.845894880272));
#12726=CARTESIAN_POINT('Origin',(30.4963982457149,83.9826347762382,336.845894880273));
#12727=CARTESIAN_POINT('',(30.4963982457149,84.9826347762382,336.845894880273));
#12728=CARTESIAN_POINT('Origin',(43.2812555214247,63.2163337539137,336.845894880273));
#12729=CARTESIAN_POINT('',(35.2526038310641,80.2219046748334,336.845894880273));
#12730=CARTESIAN_POINT('',(44.161558486963,63.6907456939664,336.845894880273));
#12731=CARTESIAN_POINT('Origin',(34.3723008655259,79.7474927347807,336.845894880273));
#12732=CARTESIAN_POINT('Ctrl Pts',(35.2526038310641,80.2219046748334,336.845894880273));
#12733=CARTESIAN_POINT('Ctrl Pts',(35.4251679408322,79.9017004709565,336.845894880273));
#12734=CARTESIAN_POINT('Ctrl Pts',(35.4064960762378,79.538436839921,336.845894880273));
#12735=CARTESIAN_POINT('Ctrl Pts',(35.2526038310641,80.2219046748334,335.845894880273));
#12736=CARTESIAN_POINT('Ctrl Pts',(35.4251679408322,79.9017004709565,335.845894880273));
#12737=CARTESIAN_POINT('Ctrl Pts',(35.4064960762377,79.538436839921,335.845894880273));
#12738=CARTESIAN_POINT('Ctrl Pts',(34.3723008655259,79.7474927347807,335.845894880273));
#12739=CARTESIAN_POINT('Ctrl Pts',(34.4121233523955,79.6735994569629,335.845894880273));
#12740=CARTESIAN_POINT('Ctrl Pts',(34.407814460566,79.5897693882624,335.845894880273));
#12741=CARTESIAN_POINT('',(35.4064960762378,79.538436839921,336.845894880273));
#12742=CARTESIAN_POINT('Origin',(34.407814460566,79.5897693882624,336.845894880273));
#12743=CARTESIAN_POINT('Origin',(34.1082099758643,79.6051691527648,336.845894880273));
#12744=CARTESIAN_POINT('Origin',(40.4633431855803,79.2785133121199,336.845894880273));
#12745=CARTESIAN_POINT('',(38.8683890187005,74.4727475944507,336.845894880273));
#12746=CARTESIAN_POINT('Ctrl Pts',(36.3919681185692,74.7851611616507,335.845894880273));
#12747=CARTESIAN_POINT('Ctrl Pts',(36.5696728513967,74.7677341071552,335.845894880273));
#12748=CARTESIAN_POINT('Ctrl Pts',(36.7623166743668,74.7477832583781,335.862837645482));
#12749=CARTESIAN_POINT('Ctrl Pts',(37.5653005333941,74.6585498058181,336.006067060616));
#12750=CARTESIAN_POINT('Ctrl Pts',(38.1295407655981,74.581765819183,336.25095055292));
#12751=CARTESIAN_POINT('Ctrl Pts',(38.5752846773792,74.5172058575945,336.504065154716));
#12752=CARTESIAN_POINT('Ctrl Pts',(38.6995233325297,74.4985715767034,336.585556233689));
#12753=CARTESIAN_POINT('Ctrl Pts',(38.8103617432059,74.4816820179088,336.700738166708));
#12754=CARTESIAN_POINT('Ctrl Pts',(38.8325137192349,74.4782757677494,336.731299296635));
#12755=CARTESIAN_POINT('Ctrl Pts',(38.8581878503068,74.4743233280618,336.783067232993));
#12756=CARTESIAN_POINT('Ctrl Pts',(38.8659225872447,74.4731284858107,336.80725530061));
#12757=CARTESIAN_POINT('Ctrl Pts',(38.8682251072568,74.4727729099505,336.837301251186));
#12758=CARTESIAN_POINT('Ctrl Pts',(38.8683890187006,74.4727475944507,336.841605187099));
#12759=CARTESIAN_POINT('Ctrl Pts',(38.8683890187006,74.4727475944507,336.845894880273));
#12760=CARTESIAN_POINT('Origin',(40.4633431855803,79.2785133121199,336.845894880273));
#12761=CARTESIAN_POINT('Ctrl Pts',(29.2986305439406,83.9826347762382,343.845894880273));
#12762=CARTESIAN_POINT('Ctrl Pts',(29.2071250667409,84.2818340765801,343.845894880273));
#12763=CARTESIAN_POINT('Ctrl Pts',(29.0487654973018,84.7996290089556,343.594594266078));
#12764=CARTESIAN_POINT('Ctrl Pts',(28.9927960145979,84.9826347762382,343.070294355529));
#12765=CARTESIAN_POINT('Ctrl Pts',(28.9927960145979,84.9826347762382,342.845894880272));
#12766=CARTESIAN_POINT('Ctrl Pts',(29.2986305439406,83.9826347762382,343.845894880273));
#12767=CARTESIAN_POINT('Ctrl Pts',(29.1817570155744,84.2663172246024,343.845894880273));
#12768=CARTESIAN_POINT('Ctrl Pts',(28.9757684841072,84.7678793744597,343.62930756289));
#12769=CARTESIAN_POINT('Ctrl Pts',(28.888233055057,84.9826347762382,343.084749900853));
#12770=CARTESIAN_POINT('Ctrl Pts',(28.888233055057,84.9826347762382,342.845894880272));
#12771=CARTESIAN_POINT('Ctrl Pts',(29.2986305439407,83.9826347762382,343.845894880273));
#12772=CARTESIAN_POINT('Ctrl Pts',(29.1373629260331,84.2391627336415,343.845894880273));
#12773=CARTESIAN_POINT('Ctrl Pts',(28.8476977766949,84.6992670590778,343.656031020485));
#12774=CARTESIAN_POINT('Ctrl Pts',(28.7057381559921,84.9232190673689,343.09633869737));
#12775=CARTESIAN_POINT('Ctrl Pts',(28.7057381559922,84.9232190673689,342.845894880273));
#12776=CARTESIAN_POINT('Ctrl Pts',(29.2986305439406,83.9826347762382,343.845894880273));
#12777=CARTESIAN_POINT('Ctrl Pts',(29.0929688364917,84.2120082426805,343.845894880273));
#12778=CARTESIAN_POINT('Ctrl Pts',(28.7311243124503,84.6152419687696,343.620575502935));
#12779=CARTESIAN_POINT('Ctrl Pts',(28.5833850034075,84.7801791736846,343.081068069999));
#12780=CARTESIAN_POINT('Ctrl Pts',(28.5833850034075,84.7801791736846,342.845894880272));
#12781=CARTESIAN_POINT('Ctrl Pts',(29.2986305439406,83.9826347762382,343.845894880273));
#12782=CARTESIAN_POINT('Ctrl Pts',(29.0739427981169,84.2003706036972,343.845894880273));
#12783=CARTESIAN_POINT('Ctrl Pts',(28.685097717191,84.5771846802209,343.594594266078));
#12784=CARTESIAN_POINT('Ctrl Pts',(28.5476670705401,84.7103631740326,343.070294355529));
#12785=CARTESIAN_POINT('Ctrl Pts',(28.5476670705401,84.7103631740326,342.845894880272));
#12786=CARTESIAN_POINT('',(28.9927960145979,84.9826347762382,342.845894880272));
#12787=CARTESIAN_POINT('',(28.5476670705401,84.7103631740326,342.845894880273));
#12788=CARTESIAN_POINT('Origin',(28.9927960145979,84.4826347762381,342.845894880273));
#12789=CARTESIAN_POINT('Origin',(29.2986305439407,83.9826347762382,342.845894880273));
#12790=CARTESIAN_POINT('Origin',(29.2986305439407,83.9826347762382,342.845894880272));
#12791=CARTESIAN_POINT('Origin',(17.4979995340989,60.9165504780219,342.845894880272));
#12792=CARTESIAN_POINT('',(26.1352909861236,79.9950161662544,342.845894880273));
#12793=CARTESIAN_POINT('',(16.6077416459835,61.3720072736109,342.845894880272));
#12794=CARTESIAN_POINT('Origin',(27.025548874239,79.5395593706654,342.845894880273));
#12795=CARTESIAN_POINT('Ctrl Pts',(26.1352909861236,79.9950161662544,342.845894880273));
#12796=CARTESIAN_POINT('Ctrl Pts',(25.9608209255308,79.653988544783,342.845894880273));
#12797=CARTESIAN_POINT('Ctrl Pts',(25.9991503592532,79.2728448774341,342.845894880273));
#12798=CARTESIAN_POINT('Ctrl Pts',(26.1352909861235,79.9950161662545,343.845894880273));
#12799=CARTESIAN_POINT('Ctrl Pts',(25.9608209255307,79.653988544783,343.845894880273));
#12800=CARTESIAN_POINT('Ctrl Pts',(25.999150359253,79.2728448774341,343.845894880273));
#12801=CARTESIAN_POINT('Ctrl Pts',(27.025548874239,79.5395593706653,343.845894880273));
#12802=CARTESIAN_POINT('Ctrl Pts',(26.9852865525638,79.4608606887873,343.845894880273));
#12803=CARTESIAN_POINT('Ctrl Pts',(26.9941318064997,79.3729044578607,343.845894880273));
#12804=CARTESIAN_POINT('',(25.9991503592532,79.2728448774341,342.845894880273));
#12805=CARTESIAN_POINT('Origin',(26.9941318064997,79.3729044578607,342.845894880273));
#12806=CARTESIAN_POINT('Origin',(27.2926262406736,79.4029223319886,342.845894880273));
#12807=CARTESIAN_POINT('Origin',(20.9610391370156,78.7661909127449,342.845894880273));
#12808=CARTESIAN_POINT('',(22.8061127145708,74.0507941721749,342.845894880273));
#12809=CARTESIAN_POINT('Ctrl Pts',(25.2627152045909,74.492797472625,343.845894880273));
#12810=CARTESIAN_POINT('Ctrl Pts',(24.8803945855557,74.4349048866763,343.845894880273));
#12811=CARTESIAN_POINT('Ctrl Pts',(24.4824447283256,74.3692414322804,343.765756935752));
#12812=CARTESIAN_POINT('Ctrl Pts',(23.7635797460098,74.2412155851923,343.532648526758));
#12813=CARTESIAN_POINT('Ctrl Pts',(23.4415220357014,74.1792408794591,343.385904140847));
#12814=CARTESIAN_POINT('Ctrl Pts',(23.0940846194027,74.1100915211576,343.186090990664));
#12815=CARTESIAN_POINT('Ctrl Pts',(22.9718179427797,74.0851261070793,343.105086541817));
#12816=CARTESIAN_POINT('Ctrl Pts',(22.8628392625669,74.0626066975761,342.990060539014));
#12817=CARTESIAN_POINT('Ctrl Pts',(22.8410184365041,74.0580673309396,342.959551482354));
#12818=CARTESIAN_POINT('Ctrl Pts',(22.8159117131742,74.0528396100987,342.907824802715));
#12819=CARTESIAN_POINT('Ctrl Pts',(22.8083641637928,74.051264053947,342.883725063588));
#12820=CARTESIAN_POINT('Ctrl Pts',(22.8062541737902,74.050823697001,342.853911663046));
#12821=CARTESIAN_POINT('Ctrl Pts',(22.806112714571,74.0507941721749,342.849898990115));
#12822=CARTESIAN_POINT('Ctrl Pts',(22.806112714571,74.0507941721749,342.845894880273));
#12823=CARTESIAN_POINT('Origin',(20.9610391370156,78.7661909127449,342.845894880273));
#12824=CARTESIAN_POINT('Ctrl Pts',(32.0899026106725,83.9826347762382,343.845894880273));
#12825=CARTESIAN_POINT('Ctrl Pts',(32.2556616303824,84.148063409068,343.845894880273));
#12826=CARTESIAN_POINT('Ctrl Pts',(32.6429503166602,84.5345801608774,343.662888669749));
#12827=CARTESIAN_POINT('Ctrl Pts',(32.8285808964417,84.7198407462645,343.145094180614));
#12828=CARTESIAN_POINT('Ctrl Pts',(32.8285808964417,84.7198407462645,342.845894880273));
#12829=CARTESIAN_POINT('Ctrl Pts',(32.0899026106725,83.9826347762382,343.845894880273));
#12830=CARTESIAN_POINT('Ctrl Pts',(32.2368483424269,84.1592959504826,343.845894880273));
#12831=CARTESIAN_POINT('Ctrl Pts',(32.5824258135411,84.5742377529828,343.6907348615));
#12832=CARTESIAN_POINT('Ctrl Pts',(32.7799423573929,84.8100927963275,343.163535633611));
#12833=CARTESIAN_POINT('Ctrl Pts',(32.7799423573929,84.8100927963275,342.845894880273));
#12834=CARTESIAN_POINT('Ctrl Pts',(32.0899026106725,83.9826347762382,343.845894880273));
#12835=CARTESIAN_POINT('Ctrl Pts',(32.2039250885046,84.1789528979581,343.845894880273));
#12836=CARTESIAN_POINT('Ctrl Pts',(32.472632317138,84.641883282927,343.711938026468));
#12837=CARTESIAN_POINT('Ctrl Pts',(32.6448159273134,84.940578250524,343.178282029744));
#12838=CARTESIAN_POINT('Ctrl Pts',(32.6448159273134,84.940578250524,342.845894880273));
#12839=CARTESIAN_POINT('Ctrl Pts',(32.0899026106725,83.9826347762382,343.845894880273));
#12840=CARTESIAN_POINT('Ctrl Pts',(32.1710018345824,84.1986098454336,343.845894880273));
#12841=CARTESIAN_POINT('Ctrl Pts',(32.3611946989224,84.7056060939838,343.683750502334));
#12842=CARTESIAN_POINT('Ctrl Pts',(32.4653223019134,84.9826347762382,343.158842034214));
#12843=CARTESIAN_POINT('Ctrl Pts',(32.4653223019134,84.9826347762382,342.845894880273));
#12844=CARTESIAN_POINT('Ctrl Pts',(32.0899026106725,83.9826347762382,343.845894880273));
#12845=CARTESIAN_POINT('Ctrl Pts',(32.1568918686157,84.2070342514946,343.845894880273));
#12846=CARTESIAN_POINT('Ctrl Pts',(32.3134093344462,84.7313337926332,343.662888669749));
#12847=CARTESIAN_POINT('Ctrl Pts',(32.3884294136725,84.9826347762382,343.145094180614));
#12848=CARTESIAN_POINT('Ctrl Pts',(32.3884294136725,84.9826347762382,342.845894880273));
#12849=CARTESIAN_POINT('',(32.8285808964417,84.7198407462645,342.845894880273));
#12850=CARTESIAN_POINT('',(32.3884294136725,84.9826347762382,342.845894880273));
#12851=CARTESIAN_POINT('Origin',(32.3884294136725,84.4826347762381,342.845894880273));
#12852=CARTESIAN_POINT('Origin',(32.0899026106725,83.9826347762382,342.845894880273));
#12853=CARTESIAN_POINT('Origin',(32.0899026106725,83.9826347762382,342.845894880273));
#12854=CARTESIAN_POINT('Origin',(30.4963982457148,83.9826347762382,342.845894880273));
#12855=CARTESIAN_POINT('',(30.4963982457148,84.9826347762382,342.845894880273));
#12856=CARTESIAN_POINT('Origin',(40.4633431855803,79.2785133121199,342.845894880273));
#12857=CARTESIAN_POINT('',(35.4064960762378,79.538436839921,342.845894880273));
#12858=CARTESIAN_POINT('Origin',(34.407814460566,79.5897693882624,342.845894880273));
#12859=CARTESIAN_POINT('',(38.8683890187005,74.4727475944507,342.845894880273));
#12860=CARTESIAN_POINT('Ctrl Pts',(38.8683890187006,74.4727475944507,342.845894880273));
#12861=CARTESIAN_POINT('Ctrl Pts',(38.8683890187006,74.4727475944507,342.863564756162));
#12862=CARTESIAN_POINT('Ctrl Pts',(38.8656059457044,74.473177650319,342.88099297034));
#12863=CARTESIAN_POINT('Ctrl Pts',(38.8522961972285,74.4752307293586,342.924183462235));
#12864=CARTESIAN_POINT('Ctrl Pts',(38.8389182573056,74.4772919436385,342.948576195597));
#12865=CARTESIAN_POINT('Ctrl Pts',(38.7999527969818,74.4832691899123,343.003701621662));
#12866=CARTESIAN_POINT('Ctrl Pts',(38.7657777138837,74.4885032801732,343.040412944045));
#12867=CARTESIAN_POINT('Ctrl Pts',(38.6100461266611,74.5120054093735,343.169402743));
#12868=CARTESIAN_POINT('Ctrl Pts',(38.4631677285726,74.5336131017972,343.254351427154));
#12869=CARTESIAN_POINT('Ctrl Pts',(38.0976280054764,74.5856421805851,343.445217344632));
#12870=CARTESIAN_POINT('Ctrl Pts',(37.7506358328998,74.6327317712252,343.594183000377));
#12871=CARTESIAN_POINT('Ctrl Pts',(37.050952063203,74.7167559153113,343.788689981292));
#12872=CARTESIAN_POINT('Ctrl Pts',(36.7184651078296,74.7531424262242,343.845894880273));
#12873=CARTESIAN_POINT('Ctrl Pts',(36.3919681185686,74.7851611616507,343.845894880273));
#12874=CARTESIAN_POINT('Origin',(40.4633431855803,79.2785133121199,342.845894880273));
#12875=CARTESIAN_POINT('Ctrl Pts',(35.4064960762378,79.538436839921,342.845894880273));
#12876=CARTESIAN_POINT('Ctrl Pts',(35.4251679408322,79.9017004709565,342.845894880273));
#12877=CARTESIAN_POINT('Ctrl Pts',(35.2526038310641,80.2219046748334,342.845894880273));
#12878=CARTESIAN_POINT('Ctrl Pts',(35.4064960762378,79.538436839921,343.845894880273));
#12879=CARTESIAN_POINT('Ctrl Pts',(35.4251679408323,79.9017004709565,343.845894880273));
#12880=CARTESIAN_POINT('Ctrl Pts',(35.2526038310642,80.2219046748335,343.845894880273));
#12881=CARTESIAN_POINT('Ctrl Pts',(34.407814460566,79.5897693882624,343.845894880273));
#12882=CARTESIAN_POINT('Ctrl Pts',(34.4121233523955,79.6735994569629,343.845894880273));
#12883=CARTESIAN_POINT('Ctrl Pts',(34.3723008655259,79.7474927347807,343.845894880273));
#12884=CARTESIAN_POINT('',(35.2526038310641,80.2219046748334,342.845894880273));
#12885=CARTESIAN_POINT('Origin',(34.3723008655259,79.7474927347807,342.845894880273));
#12886=CARTESIAN_POINT('Origin',(34.1082099758643,79.6051691527648,342.845894880273));
#12887=CARTESIAN_POINT('Origin',(43.2812555214247,63.2163337539137,342.845894880273));
#12888=CARTESIAN_POINT('',(44.161558486963,63.6907456939665,342.845894880273));
#12889=CARTESIAN_POINT('Origin',(20.9610391370156,78.7661909127449,345.845894880273));
#12890=CARTESIAN_POINT('',(22.8061127145708,74.0507941721749,345.845894880273));
#12891=CARTESIAN_POINT('',(25.9991503592532,79.2728448774341,345.845894880273));
#12892=CARTESIAN_POINT('Origin',(27.2926262406736,79.4029223319886,345.845894880273));
#12893=CARTESIAN_POINT('',(26.1352909861236,79.9950161662544,345.845894880273));
#12894=CARTESIAN_POINT('Origin',(26.1352909861236,79.9950161662544,345.845894880273));
#12895=CARTESIAN_POINT('',(28.5476670705402,84.7103631740327,345.845894880273));
#12896=CARTESIAN_POINT('Origin',(28.9927960145979,84.4826347762381,345.845894880273));
#12897=CARTESIAN_POINT('',(28.9927960145979,84.9826347762382,345.845894880273));
#12898=CARTESIAN_POINT('Origin',(28.9927960145979,84.9826347762382,345.845894880273));
#12899=CARTESIAN_POINT('',(32.3884294136726,84.9826347762382,345.845894880273));
#12900=CARTESIAN_POINT('Origin',(32.3884294136726,84.4826347762381,345.845894880273));
#12901=CARTESIAN_POINT('',(32.8285808964417,84.7198407462645,345.845894880273));
#12902=CARTESIAN_POINT('Origin',(32.8285808964417,84.7198407462645,345.845894880273));
#12903=CARTESIAN_POINT('',(35.2526038310641,80.2219046748334,345.845894880273));
#12904=CARTESIAN_POINT('Origin',(34.1082099758643,79.6051691527648,345.845894880273));
#12905=CARTESIAN_POINT('',(35.4064960762378,79.538436839921,345.845894880273));
#12906=CARTESIAN_POINT('Origin',(40.4633431855803,79.2785133121199,345.845894880273));
#12907=CARTESIAN_POINT('',(38.8683890187005,74.4727475944507,345.845894880273));
#12908=CARTESIAN_POINT('Ctrl Pts',(50.1625198793018,80.9072209328356,343.845894880273));
#12909=CARTESIAN_POINT('Ctrl Pts',(50.1849888125907,81.1408022377026,343.845894880273));
#12910=CARTESIAN_POINT('Ctrl Pts',(50.2374863351039,81.6865531041654,343.66288680558));
#12911=CARTESIAN_POINT('Ctrl Pts',(50.2626490496719,81.9481382727716,343.145094180615));
#12912=CARTESIAN_POINT('Ctrl Pts',(50.2626490496719,81.9481382727716,342.845894880273));
#12913=CARTESIAN_POINT('Ctrl Pts',(50.1625198793018,80.9072209328356,343.845894880273));
#12914=CARTESIAN_POINT('Ctrl Pts',(50.1629575135207,81.1373314109088,343.845894880273));
#12915=CARTESIAN_POINT('Ctrl Pts',(50.1643458221006,81.6780365472064,343.691777773776));
#12916=CARTESIAN_POINT('Ctrl Pts',(50.1660454714932,81.9881527850269,343.164368241047));
#12917=CARTESIAN_POINT('Ctrl Pts',(50.1660454714933,81.9881527850269,342.845894880273));
#12918=CARTESIAN_POINT('Ctrl Pts',(50.1625198793018,80.9072209328356,343.845894880273));
#12919=CARTESIAN_POINT('Ctrl Pts',(50.1244027401481,81.1312574640196,343.845894880273));
#12920=CARTESIAN_POINT('Ctrl Pts',(50.0344101322843,81.6593008902504,343.713784382917));
#12921=CARTESIAN_POINT('Ctrl Pts',(49.9747047973769,82.0030974423505,343.179819969736));
#12922=CARTESIAN_POINT('Ctrl Pts',(49.9747047973769,82.0030974423505,342.845894880273));
#12923=CARTESIAN_POINT('Ctrl Pts',(50.1625198793018,80.9072209328356,343.845894880273));
#12924=CARTESIAN_POINT('Ctrl Pts',(50.0858479667754,81.1251835171305,343.845894880273));
#12925=CARTESIAN_POINT('Ctrl Pts',(49.9057117877145,81.6366924548141,343.684530720032));
#12926=CARTESIAN_POINT('Ctrl Pts',(49.8069261911616,81.9177684963405,343.159459133242));
#12927=CARTESIAN_POINT('Ctrl Pts',(49.8069261911616,81.9177684963405,342.845894880273));
#12928=CARTESIAN_POINT('Ctrl Pts',(50.1625198793018,80.9072209328356,343.845894880273));
#12929=CARTESIAN_POINT('Ctrl Pts',(50.0693244924729,81.1225803970351,343.845894880273));
#12930=CARTESIAN_POINT('Ctrl Pts',(49.8515782000582,81.6257568573894,343.66288680558));
#12931=CARTESIAN_POINT('Ctrl Pts',(49.747209697661,81.8669355843669,343.145094180615));
#12932=CARTESIAN_POINT('Ctrl Pts',(49.747209697661,81.8669355843669,342.845894880273));
#12933=CARTESIAN_POINT('',(50.2626490496719,81.9481382727716,342.845894880273));
#12934=CARTESIAN_POINT('',(49.747209697661,81.8669355843669,342.845894880273));
#12935=CARTESIAN_POINT('Origin',(50.0713073334894,81.4861985065158,342.845894880273));
#12936=CARTESIAN_POINT('Origin',(50.1625198793018,80.9072209328356,342.845894880273));
#12937=CARTESIAN_POINT('Origin',(50.1625198793018,80.9072209328356,342.845894880273));
#12938=CARTESIAN_POINT('Origin',(30.4331501081265,64.1128437334532,342.845894880273));
#12939=CARTESIAN_POINT('',(45.7139796308198,78.4336993553322,342.845894880273));
#12940=CARTESIAN_POINT('',(29.7849548364699,64.8743178891552,342.845894880273));
#12941=CARTESIAN_POINT('Origin',(46.3621749024764,77.6722251996302,342.845894880273));
#12942=CARTESIAN_POINT('Ctrl Pts',(45.7139796308199,78.4336993553322,342.845894880273));
#12943=CARTESIAN_POINT('Ctrl Pts',(45.4222846920862,78.1853977174664,342.845894880273));
#12944=CARTESIAN_POINT('Ctrl Pts',(45.3118391045497,77.8185988449989,342.845894880273));
#12945=CARTESIAN_POINT('Ctrl Pts',(45.7139796308199,78.4336993553322,343.845894880273));
#12946=CARTESIAN_POINT('Ctrl Pts',(45.4222846920862,78.1853977174664,343.845894880273));
#12947=CARTESIAN_POINT('Ctrl Pts',(45.3118391045497,77.8185988449989,343.845894880273));
#12948=CARTESIAN_POINT('Ctrl Pts',(46.3621749024764,77.6722251996302,343.845894880273));
#12949=CARTESIAN_POINT('Ctrl Pts',(46.2948606858455,77.6149248216612,343.845894880273));
#12950=CARTESIAN_POINT('Ctrl Pts',(46.2693732425679,77.5302789280148,343.845894880273));
#12951=CARTESIAN_POINT('Origin',(46.2693732425679,77.5302789280148,342.845894880273));
#12952=CARTESIAN_POINT('Origin',(46.5566334839733,77.4437829529196,342.845894880273));
#12953=CARTESIAN_POINT('Origin',(40.4633431855803,79.2785133121199,342.845894880273));
#12954=CARTESIAN_POINT('Ctrl Pts',(42.8022167903953,73.6842324159626,343.845894880273));
#12955=CARTESIAN_POINT('Ctrl Pts',(42.426844062103,73.7770544074791,343.845894880273));
#12956=CARTESIAN_POINT('Ctrl Pts',(42.034058017933,73.8686781032025,343.765756935749));
#12957=CARTESIAN_POINT('Ctrl Pts',(41.3209200035386,74.0254953622848,343.532648526755));
#12958=CARTESIAN_POINT('Ctrl Pts',(40.9996607835902,74.0914843501242,343.385904140844));
#12959=CARTESIAN_POINT('Ctrl Pts',(40.6522081520657,74.1605572163038,343.186090990662));
#12960=CARTESIAN_POINT('Ctrl Pts',(40.5296946216759,74.18428161269,343.105086541815));
#12961=CARTESIAN_POINT('Ctrl Pts',(40.4203936446536,74.2051807265585,342.990060539044));
#12962=CARTESIAN_POINT('Ctrl Pts',(40.398496689652,74.20933736725,342.959551482382));
#12963=CARTESIAN_POINT('Ctrl Pts',(40.3733005396706,74.2141155100254,342.907824802715));
#12964=CARTESIAN_POINT('Ctrl Pts',(40.3657245740404,74.2155482080477,342.883725063588));
#12965=CARTESIAN_POINT('Ctrl Pts',(40.3636066801556,74.2159488294948,342.853911663046));
#12966=CARTESIAN_POINT('Ctrl Pts',(40.3634646902167,74.2159756862118,342.849898990115));
#12967=CARTESIAN_POINT('Ctrl Pts',(40.3634646902167,74.2159756862118,342.845894880273));
#12968=CARTESIAN_POINT('Ctrl Pts',(52.7413190114258,79.8390473576739,343.845894880273));
#12969=CARTESIAN_POINT('Ctrl Pts',(52.9577671740877,79.9284502550286,343.845894880273));
#12970=CARTESIAN_POINT('Ctrl Pts',(53.4634871451785,80.1373355147121,343.662886584186));
#12971=CARTESIAN_POINT('Ctrl Pts',(53.7058852717283,80.2374569228146,343.145094180615));
#12972=CARTESIAN_POINT('Ctrl Pts',(53.7058852717283,80.2374569228146,342.845894880273));
#12973=CARTESIAN_POINT('Ctrl Pts',(52.7413190114258,79.8390473576739,343.845894880273));
#12974=CARTESIAN_POINT('Ctrl Pts',(52.944684469909,79.9460273037485,343.845894880273));
#12975=CARTESIAN_POINT('Ctrl Pts',(53.4227463625131,80.1971360427013,343.690732333347));
#12976=CARTESIAN_POINT('Ctrl Pts',(53.695487085306,80.3394521077035,343.163535633611));
#12977=CARTESIAN_POINT('Ctrl Pts',(53.6954870853059,80.3394521077034,342.845894880273));
#12978=CARTESIAN_POINT('Ctrl Pts',(52.7413190114258,79.8390473576739,343.845894880273));
#12979=CARTESIAN_POINT('Ctrl Pts',(52.9217897375963,79.9767871390084,343.845894880273));
#12980=CARTESIAN_POINT('Ctrl Pts',(53.3471980873123,80.301648812697,343.711934550925));
#12981=CARTESIAN_POINT('Ctrl Pts',(53.6205810590731,80.5117155060321,343.178282029744));
#12982=CARTESIAN_POINT('Ctrl Pts',(53.6205810590731,80.5117155060321,342.845894880273));
#12983=CARTESIAN_POINT('Ctrl Pts',(52.7413190114258,79.8390473576739,343.845894880273));
#12984=CARTESIAN_POINT('Ctrl Pts',(52.8988950052836,80.0075469742684,343.845894880273));
#12985=CARTESIAN_POINT('Ctrl Pts',(53.2686284632759,80.4031657312794,343.683747939705));
#12986=CARTESIAN_POINT('Ctrl Pts',(53.4708450126302,80.6192599941637,343.158842034214));
#12987=CARTESIAN_POINT('Ctrl Pts',(53.4708450126301,80.6192599941636,342.845894880273));
#12988=CARTESIAN_POINT('Ctrl Pts',(52.7413190114258,79.8390473576739,343.845894880273));
#12989=CARTESIAN_POINT('Ctrl Pts',(52.8890829771496,80.0207297608083,343.845894880273));
#12990=CARTESIAN_POINT('Ctrl Pts',(53.234325863738,80.4452213274304,343.662886584186));
#12991=CARTESIAN_POINT('Ctrl Pts',(53.3998052469887,80.6486856285602,343.145094180615));
#12992=CARTESIAN_POINT('Ctrl Pts',(53.3998052469887,80.6486856285601,342.845894880273));
#12993=CARTESIAN_POINT('',(53.7058852717283,80.2374569228146,342.845894880273));
#12994=CARTESIAN_POINT('',(53.3998052469887,80.6486856285601,342.845894880273));
#12995=CARTESIAN_POINT('Origin',(53.2084635308061,80.1867458623044,342.845894880273));
#12996=CARTESIAN_POINT('Origin',(52.7413190114258,79.8390473576739,342.845894880273));
#12997=CARTESIAN_POINT('Origin',(52.7413190114258,79.8390473576739,342.845894880273));
#12998=CARTESIAN_POINT('Origin',(51.2691129436742,80.4488550775446,342.845894880273));
#12999=CARTESIAN_POINT('',(51.6517963760393,81.3727346100558,342.845894880273));
#13000=CARTESIAN_POINT('Origin',(58.6771800271317,72.2886288386171,342.845894880273));
#13001=CARTESIAN_POINT('',(54.1047309115426,74.4639384747194,342.845894880273));
#13002=CARTESIAN_POINT('Origin',(53.2017135231195,74.8935424740089,342.845894880273));
#13003=CARTESIAN_POINT('',(55.3645475970779,68.4590427890646,342.845894880273));
#13004=CARTESIAN_POINT('Ctrl Pts',(55.3645475970778,68.4590427890647,342.845894880273));
#13005=CARTESIAN_POINT('Ctrl Pts',(55.3645475970778,68.4590427890647,342.863564756162));
#13006=CARTESIAN_POINT('Ctrl Pts',(55.3621409481551,68.4605051448058,342.880992970339));
#13007=CARTESIAN_POINT('Ctrl Pts',(55.3506300232892,68.4674953627397,342.924183462234));
#13008=CARTESIAN_POINT('Ctrl Pts',(55.339059210963,68.4745191923926,342.948576195596));
#13009=CARTESIAN_POINT('Ctrl Pts',(55.3053472128008,68.4949528839948,343.003701621685));
#13010=CARTESIAN_POINT('Ctrl Pts',(55.2757765526183,68.5128667909672,343.04041294407));
#13011=CARTESIAN_POINT('Ctrl Pts',(55.1408932021173,68.594175825414,343.169402742997));
#13012=CARTESIAN_POINT('Ctrl Pts',(55.0134641622575,68.6703466597099,343.254351427152));
#13013=CARTESIAN_POINT('Ctrl Pts',(54.6956601602277,68.8583012565946,343.445217344627));
#13014=CARTESIAN_POINT('Ctrl Pts',(54.393101600221,69.0345945211849,343.594183000373));
#13015=CARTESIAN_POINT('Ctrl Pts',(53.7788327340167,69.3799800947071,343.788689981292));
#13016=CARTESIAN_POINT('Ctrl Pts',(53.485579356008,69.540834096698,343.845894880273));
#13017=CARTESIAN_POINT('Ctrl Pts',(53.1961885097762,69.6953605395228,343.845894880273));
#13018=CARTESIAN_POINT('Origin',(58.6771800271317,72.2886288386171,342.845894880273));
#13019=CARTESIAN_POINT('Ctrl Pts',(54.1047309115426,74.4639384747194,342.845894880273));
#13020=CARTESIAN_POINT('Ctrl Pts',(54.2609964382533,74.7924048951071,342.845894880273));
#13021=CARTESIAN_POINT('Ctrl Pts',(54.2241048329899,75.1542724311222,342.845894880273));
#13022=CARTESIAN_POINT('Ctrl Pts',(54.1047309115426,74.4639384747194,343.845894880273));
#13023=CARTESIAN_POINT('Ctrl Pts',(54.2609964382534,74.7924048951071,343.845894880273));
#13024=CARTESIAN_POINT('Ctrl Pts',(54.22410483299,75.1542724311222,343.845894880273));
#13025=CARTESIAN_POINT('Ctrl Pts',(53.2017135231194,74.8935424740089,343.845894880273));
#13026=CARTESIAN_POINT('Ctrl Pts',(53.2377747985142,74.9693424171753,343.845894880273));
#13027=CARTESIAN_POINT('Ctrl Pts',(53.2292613511457,75.0528503101019,343.845894880273));
#13028=CARTESIAN_POINT('',(54.2241048329899,75.1542724311222,342.845894880273));
#13029=CARTESIAN_POINT('Origin',(53.2292613511458,75.0528503101018,342.845894880273));
#13030=CARTESIAN_POINT('Origin',(52.9308083065924,75.0224236737957,342.845894880273));
#13031=CARTESIAN_POINT('Origin',(55.1338615540307,56.3707415324834,342.845894880273));
#13032=CARTESIAN_POINT('',(56.1287050358749,56.4721636535038,342.845894880273));
#13033=CARTESIAN_POINT('Origin',(46.5566334839733,77.4437829529196,345.845894880273));
#13034=CARTESIAN_POINT('',(45.7139796308198,78.4336993553322,345.845894880273));
#13035=CARTESIAN_POINT('Origin',(45.7139796308198,78.4336993553322,345.845894880273));
#13036=CARTESIAN_POINT('',(49.7472096976611,81.8669355843669,345.845894880273));
#13037=CARTESIAN_POINT('Origin',(50.0713073334894,81.4861985065158,345.845894880273));
#13038=CARTESIAN_POINT('',(50.2626490496719,81.9481382727716,345.845894880273));
#13039=CARTESIAN_POINT('Origin',(50.2626490496719,81.9481382727716,345.845894880273));
#13040=CARTESIAN_POINT('',(53.3998052469888,80.6486856285601,345.845894880273));
#13041=CARTESIAN_POINT('Origin',(53.2084635308062,80.1867458623044,345.845894880273));
#13042=CARTESIAN_POINT('',(53.7058852717283,80.2374569228146,345.845894880273));
#13043=CARTESIAN_POINT('Origin',(53.7058852717283,80.2374569228146,345.845894880273));
#13044=CARTESIAN_POINT('',(54.2241048329899,75.1542724311222,345.845894880273));
#13045=CARTESIAN_POINT('Origin',(52.9308083065924,75.0224236737957,345.845894880273));
#13046=CARTESIAN_POINT('',(54.1047309115426,74.4639384747194,345.845894880273));
#13047=CARTESIAN_POINT('Origin',(58.6771800271317,72.2886288386171,345.845894880273));
#13048=CARTESIAN_POINT('',(55.3645475970779,68.4590427890646,345.845894880273));
#13049=CARTESIAN_POINT('Ctrl Pts',(71.1532547937625,68.6039332934693,342.845894880273));
#13050=CARTESIAN_POINT('Ctrl Pts',(71.1532547937625,68.6039332934693,343.07029435553));
#13051=CARTESIAN_POINT('Ctrl Pts',(70.9852164758994,68.5131578271658,343.594591586959));
#13052=CARTESIAN_POINT('Ctrl Pts',(70.5097816180844,68.2563246151703,343.845894880273));
#13053=CARTESIAN_POINT('Ctrl Pts',(70.2350576858087,68.1079168390501,343.845894880273));
#13054=CARTESIAN_POINT('Ctrl Pts',(71.2257501040294,68.5314379832025,342.845894880273));
#13055=CARTESIAN_POINT('Ctrl Pts',(71.2257501040294,68.5314379832025,343.084125445277));
#13056=CARTESIAN_POINT('Ctrl Pts',(71.0146370481822,68.4406271462756,343.628000956369));
#13057=CARTESIAN_POINT('Ctrl Pts',(70.5169288144651,68.2279971355783,343.845894880273));
#13058=CARTESIAN_POINT('Ctrl Pts',(70.2350576858087,68.1079168390501,343.845894880273));
#13059=CARTESIAN_POINT('Ctrl Pts',(71.311963201641,68.3645461375482,342.845894880273));
#13060=CARTESIAN_POINT('Ctrl Pts',(71.3119632016409,68.3645461375482,343.095185242377));
#13061=CARTESIAN_POINT('Ctrl Pts',(71.0573656341194,68.3045252891513,343.653697384226));
#13062=CARTESIAN_POINT('Ctrl Pts',(70.5294364081315,68.1784240462924,343.845894880273));
#13063=CARTESIAN_POINT('Ctrl Pts',(70.2350576858087,68.1079168390501,343.845894880273));
#13064=CARTESIAN_POINT('Ctrl Pts',(71.3007343481985,68.1805336126572,342.845894880273));
#13065=CARTESIAN_POINT('Ctrl Pts',(71.3007343481985,68.1805336126572,343.080605245729));
#13066=CARTESIAN_POINT('Ctrl Pts',(71.0814696737827,68.1654593712612,343.619598258091));
#13067=CARTESIAN_POINT('Ctrl Pts',(70.5419440017978,68.1288509570063,343.845894880273));
#13068=CARTESIAN_POINT('Ctrl Pts',(70.2350576858087,68.1079168390501,343.845894880273));
#13069=CARTESIAN_POINT('Ctrl Pts',(71.2786654513282,68.1068757546042,342.845894880273));
#13070=CARTESIAN_POINT('Ctrl Pts',(71.2786654513282,68.1068757546042,343.07029435553));
#13071=CARTESIAN_POINT('Ctrl Pts',(71.0876758567109,68.1070662824086,343.594591586959));
#13072=CARTESIAN_POINT('Ctrl Pts',(70.5473043990834,68.1076053473123,343.845894880273));
#13073=CARTESIAN_POINT('Ctrl Pts',(70.2350576858087,68.1079168390501,343.845894880273));
#13074=CARTESIAN_POINT('',(71.1532547937625,68.6039332934693,342.845894880273));
#13075=CARTESIAN_POINT('Origin',(70.2350576858087,68.1079168390501,342.845894880273));
#13076=CARTESIAN_POINT('',(71.2786654513282,68.1068757546042,342.845894880273));
#13077=CARTESIAN_POINT('Origin',(70.2350576858087,68.1079168390501,342.845894880273));
#13078=CARTESIAN_POINT('Origin',(70.7997014031692,68.250379902876,342.845894880273));
#13079=CARTESIAN_POINT('Origin',(63.4645469466061,45.5104430321567,342.845894880273));
#13080=CARTESIAN_POINT('',(69.8121874086989,63.2123116023285,342.845894880273));
#13081=CARTESIAN_POINT('Origin',(68.8542593123811,63.499319898872,342.845894880273));
#13082=CARTESIAN_POINT('',(64.422475042924,45.2234347356131,342.845894880273));
#13083=CARTESIAN_POINT('Ctrl Pts',(69.4377209180438,62.6202086114048,342.845894880273));
#13084=CARTESIAN_POINT('Ctrl Pts',(69.7077900969795,62.8638717861962,342.845894880273));
#13085=CARTESIAN_POINT('Ctrl Pts',(69.8121874086989,63.2123116023285,342.845894880273));
#13086=CARTESIAN_POINT('Ctrl Pts',(69.4377209180438,62.6202086114047,343.845894880273));
#13087=CARTESIAN_POINT('Ctrl Pts',(69.7077900969796,62.8638717861962,343.845894880273));
#13088=CARTESIAN_POINT('Ctrl Pts',(69.812187408699,63.2123116023285,343.845894880273));
#13089=CARTESIAN_POINT('Ctrl Pts',(68.7678439683837,63.3626807471204,343.845894880273));
#13090=CARTESIAN_POINT('Ctrl Pts',(68.8301676250612,63.4189107105338,343.845894880273));
#13091=CARTESIAN_POINT('Ctrl Pts',(68.8542593123811,63.4993198988721,343.845894880273));
#13092=CARTESIAN_POINT('',(69.4377209180438,62.6202086114048,342.845894880273));
#13093=CARTESIAN_POINT('Origin',(68.7678439683837,63.3626807471204,342.845894880273));
#13094=CARTESIAN_POINT('Origin',(68.5668808834856,63.5854223878352,342.845894880273));
#13095=CARTESIAN_POINT('Origin',(72.8296581113854,58.8606840398669,342.845894880273));
#13096=CARTESIAN_POINT('',(68.3036656765452,56.5902974191919,342.845894880273));
#13097=CARTESIAN_POINT('Ctrl Pts',(68.3036656765453,56.5902974191917,342.845894880273));
#13098=CARTESIAN_POINT('Ctrl Pts',(68.3036656765453,56.5902974191917,342.86356475616));
#13099=CARTESIAN_POINT('Ctrl Pts',(68.3020018421783,56.5925694444,342.880992970338));
#13100=CARTESIAN_POINT('Ctrl Pts',(68.2940421748866,56.603432603914,342.924183462232));
#13101=CARTESIAN_POINT('Ctrl Pts',(68.2860400414441,56.614349734546,342.948576195594));
#13102=CARTESIAN_POINT('Ctrl Pts',(68.2627138515611,56.6461290271856,343.003701621728));
#13103=CARTESIAN_POINT('Ctrl Pts',(68.2422494792463,56.6739955209428,343.040412944118));
#13104=CARTESIAN_POINT('Ctrl Pts',(68.1487491328684,56.8007328971582,343.169402742987));
#13105=CARTESIAN_POINT('Ctrl Pts',(68.0601693674103,56.9198705542932,343.254351427145));
#13106=CARTESIAN_POINT('Ctrl Pts',(67.8384838648576,57.2151362857016,343.445217344612));
#13107=CARTESIAN_POINT('Ctrl Pts',(67.6264207154882,57.4937941727985,343.594183000361));
#13108=CARTESIAN_POINT('Ctrl Pts',(67.1910836192804,58.0479593531495,343.788689981292));
#13109=CARTESIAN_POINT('Ctrl Pts',(66.98170898709,58.3087922825603,343.845894880273));
#13110=CARTESIAN_POINT('Ctrl Pts',(66.7734814168917,58.5623011826488,343.845894880273));
#13111=CARTESIAN_POINT('Origin',(72.8296581113854,58.8606840398669,342.845894880273));
#13112=CARTESIAN_POINT('Ctrl Pts',(68.2449005997636,71.1272372949801,342.845894880273));
#13113=CARTESIAN_POINT('Ctrl Pts',(68.2449005997636,71.1272372949802,343.070294355529));
#13114=CARTESIAN_POINT('Ctrl Pts',(68.2479073786851,70.93588437558,343.594591586959));
#13115=CARTESIAN_POINT('Ctrl Pts',(68.2564145306681,70.3944849543976,343.845894880273));
#13116=CARTESIAN_POINT('Ctrl Pts',(68.2613302792861,70.0816442455726,343.845894880273));
#13117=CARTESIAN_POINT('Ctrl Pts',(68.3443989455366,71.1593852606452,342.845894880273));
#13118=CARTESIAN_POINT('Ctrl Pts',(68.3443989455366,71.1593852606452,343.084749900854));
#13119=CARTESIAN_POINT('Ctrl Pts',(68.327129877098,70.9281147077437,343.629302496614));
#13120=CARTESIAN_POINT('Ctrl Pts',(68.2853245229295,70.3875191046484,343.845894880273));
#13121=CARTESIAN_POINT('Ctrl Pts',(68.2613302792861,70.0816442455726,343.845894880273));
#13122=CARTESIAN_POINT('Ctrl Pts',(68.5363218581677,71.1589553974989,342.845894880273));
#13123=CARTESIAN_POINT('Ctrl Pts',(68.5363218581677,71.158955397499,343.09633869737));
#13124=CARTESIAN_POINT('Ctrl Pts',(68.4700916310275,70.9022022395944,343.656022708151));
#13125=CARTESIAN_POINT('Ctrl Pts',(68.3359170093869,70.3753288675873,343.845894880273));
#13126=CARTESIAN_POINT('Ctrl Pts',(68.2613302792861,70.0816442455726,343.845894880273));
#13127=CARTESIAN_POINT('Ctrl Pts',(68.6967265075391,71.0604615796928,342.845894880273));
#13128=CARTESIAN_POINT('Ctrl Pts',(68.6967265075391,71.0604615796928,343.08106807));
#13129=CARTESIAN_POINT('Ctrl Pts',(68.6068516546551,70.8580876413206,343.620570721797));
#13130=CARTESIAN_POINT('Ctrl Pts',(68.3865094958444,70.3631386305262,343.845894880273));
#13131=CARTESIAN_POINT('Ctrl Pts',(68.2613302792861,70.0816442455726,343.845894880273));
#13132=CARTESIAN_POINT('Ctrl Pts',(68.7521793908533,71.0050086963785,342.845894880273));
#13133=CARTESIAN_POINT('Ctrl Pts',(68.7521793908533,71.0050086963786,343.070294355529));
#13134=CARTESIAN_POINT('Ctrl Pts',(68.662349594704,70.8360247083613,343.594591586959));
#13135=CARTESIAN_POINT('Ctrl Pts',(68.4081919900404,70.3579142432143,343.845894880273));
#13136=CARTESIAN_POINT('Ctrl Pts',(68.2613302792861,70.0816442455726,343.845894880273));
#13137=CARTESIAN_POINT('',(68.2449005997636,71.1272372949801,342.845894880273));
#13138=CARTESIAN_POINT('Origin',(68.261330279286,70.0816442455727,342.845894880273));
#13139=CARTESIAN_POINT('',(68.7521793908533,71.0050086963785,342.845894880273));
#13140=CARTESIAN_POINT('Origin',(68.261330279286,70.0816442455727,342.845894880273));
#13141=CARTESIAN_POINT('Origin',(68.39862600026,70.6514553057852,342.845894880273));
#13142=CARTESIAN_POINT('Origin',(69.1082799434972,69.2346945813616,342.845894880273));
#13143=CARTESIAN_POINT('',(69.8153867246838,69.9418013625481,342.845894880273));
#13144=CARTESIAN_POINT('Origin',(58.6771800271317,72.2886288386171,342.845894880273));
#13145=CARTESIAN_POINT('Origin',(63.3722320272398,68.4515993624871,342.845894880273));
#13146=CARTESIAN_POINT('Ctrl Pts',(58.6971788647951,66.2251390405798,343.845894880273));
#13147=CARTESIAN_POINT('Ctrl Pts',(58.3859011223735,66.4545443027894,343.845894880273));
#13148=CARTESIAN_POINT('Ctrl Pts',(58.0580770058744,66.6895062715292,343.765756935748));
#13149=CARTESIAN_POINT('Ctrl Pts',(57.4592347574793,67.1072926306383,343.532648526755));
#13150=CARTESIAN_POINT('Ctrl Pts',(57.1876828319038,67.2911990868427,343.385904140843));
#13151=CARTESIAN_POINT('Ctrl Pts',(56.8931114986342,67.4879784597738,343.186090990662));
#13152=CARTESIAN_POINT('Ctrl Pts',(56.7890026888917,67.5567808423366,343.105086541815));
#13153=CARTESIAN_POINT('Ctrl Pts',(56.6960194979742,67.6179167789296,342.990060539053));
#13154=CARTESIAN_POINT('Ctrl Pts',(56.6773800269468,67.6301366160895,342.959551482391));
#13155=CARTESIAN_POINT('Ctrl Pts',(56.6559303357545,67.644193193563,342.907824802715));
#13156=CARTESIAN_POINT('Ctrl Pts',(56.6494793259666,67.6484160304728,342.883725063587));
#13157=CARTESIAN_POINT('Ctrl Pts',(56.6476759583449,67.6495966393293,342.853911663046));
#13158=CARTESIAN_POINT('Ctrl Pts',(56.6475550543672,67.6496757888976,342.849898990115));
#13159=CARTESIAN_POINT('Ctrl Pts',(56.6475550543672,67.6496757888976,342.845894880273));
#13160=CARTESIAN_POINT('Ctrl Pts',(63.2048392668527,69.4987909381956,342.845894880273));
#13161=CARTESIAN_POINT('Ctrl Pts',(62.8403273601792,69.3810169574405,342.845894880273));
#13162=CARTESIAN_POINT('Ctrl Pts',(62.5979210908946,69.0844046831476,342.845894880273));
#13163=CARTESIAN_POINT('Ctrl Pts',(63.2048392668527,69.4987909381956,343.845894880273));
#13164=CARTESIAN_POINT('Ctrl Pts',(62.8403273601792,69.3810169574405,343.845894880273));
#13165=CARTESIAN_POINT('Ctrl Pts',(62.5979210908946,69.0844046831476,343.845894880273));
#13166=CARTESIAN_POINT('Ctrl Pts',(63.5122900678455,68.5472269598059,343.845894880273));
#13167=CARTESIAN_POINT('Ctrl Pts',(63.4281719355362,68.5200483488624,343.845894880273));
#13168=CARTESIAN_POINT('Ctrl Pts',(63.3722320272398,68.4515993624871,343.845894880273));
#13169=CARTESIAN_POINT('',(63.2048392668527,69.4987909381956,342.845894880273));
#13170=CARTESIAN_POINT('Origin',(63.5122900678455,68.5472269598059,342.845894880273));
#13171=CARTESIAN_POINT('Origin',(63.6045253081433,68.261757766289,342.845894880273));
#13172=CARTESIAN_POINT('Origin',(43.6068394472561,62.1157658322225,342.845894880273));
#13173=CARTESIAN_POINT('',(43.2993886462633,63.0673298106122,342.845894880273));
#13174=CARTESIAN_POINT('Origin',(72.8296581113854,58.8606840398669,345.845894880273));
#13175=CARTESIAN_POINT('',(69.4377209180438,62.6202086114048,345.845894880273));
#13176=CARTESIAN_POINT('',(68.3036656765452,56.5902974191919,345.845894880273));
#13177=CARTESIAN_POINT('Ctrl Pts',(80.8396819266207,53.1540006309883,343.845894880273));
#13178=CARTESIAN_POINT('Ctrl Pts',(81.0207367863451,53.3032796205235,343.845894880273));
#13179=CARTESIAN_POINT('Ctrl Pts',(81.4437620142442,53.6520621865634,343.662886411825));
#13180=CARTESIAN_POINT('Ctrl Pts',(81.6465236517073,53.8192383253484,343.145094180615));
#13181=CARTESIAN_POINT('Ctrl Pts',(81.6465236517073,53.8192383253484,342.845894880273));
#13182=CARTESIAN_POINT('Ctrl Pts',(80.8396819266207,53.1540006309883,343.845894880273));
#13183=CARTESIAN_POINT('Ctrl Pts',(81.0027040602121,53.316403856332,343.845894880273));
#13184=CARTESIAN_POINT('Ctrl Pts',(81.3860217933009,53.6977582301219,343.691777290227));
#13185=CARTESIAN_POINT('Ctrl Pts',(81.6065091394519,53.915841903527,343.164368241048));
#13186=CARTESIAN_POINT('Ctrl Pts',(81.6065091394519,53.915841903527,342.845894880273));
#13187=CARTESIAN_POINT('Ctrl Pts',(80.8396819266207,53.1540006309883,343.845894880273));
#13188=CARTESIAN_POINT('Ctrl Pts',(80.9711467894793,53.339371268997,343.845894880273));
#13189=CARTESIAN_POINT('Ctrl Pts',(81.2808954224602,53.7763886357531,343.713783705928));
#13190=CARTESIAN_POINT('Ctrl Pts',(81.4817783048166,54.0617076367483,343.179819969737));
#13191=CARTESIAN_POINT('Ctrl Pts',(81.4817783048166,54.0617076367484,342.845894880274));
#13192=CARTESIAN_POINT('Ctrl Pts',(80.8396819266206,53.1540006309883,343.845894880273));
#13193=CARTESIAN_POINT('Ctrl Pts',(80.9395895187466,53.362338681662,343.845894880273));
#13194=CARTESIAN_POINT('Ctrl Pts',(81.173905341615,53.8514053955669,343.684530229352));
#13195=CARTESIAN_POINT('Ctrl Pts',(81.3028042532555,54.1200083740852,343.159459133243));
#13196=CARTESIAN_POINT('Ctrl Pts',(81.3028042532555,54.1200083740852,342.845894880273));
#13197=CARTESIAN_POINT('Ctrl Pts',(80.8396819266206,53.1540006309883,343.845894880273));
#13198=CARTESIAN_POINT('Ctrl Pts',(80.9260649741469,53.3721818585184,343.845894880273));
#13199=CARTESIAN_POINT('Ctrl Pts',(81.1278944551231,53.8819509066386,343.662886411825));
#13200=CARTESIAN_POINT('Ctrl Pts',(81.2246340189885,54.1262900148241,343.145094180615));
#13201=CARTESIAN_POINT('Ctrl Pts',(81.2246340189885,54.1262900148241,342.845894880273));
#13202=CARTESIAN_POINT('',(81.6465236517073,53.8192383253484,342.845894880273));
#13203=CARTESIAN_POINT('',(81.2246340189885,54.1262900148242,342.845894880273));
#13204=CARTESIAN_POINT('Origin',(81.1845838854516,53.6278966091658,342.845894880273));
#13205=CARTESIAN_POINT('Origin',(80.8396819266207,53.1540006309883,342.845894880273));
#13206=CARTESIAN_POINT('Origin',(80.8396819266207,53.1540006309883,342.845894880273));
#13207=CARTESIAN_POINT('Origin',(55.013492769397,55.2293537812352,342.845894880273));
#13208=CARTESIAN_POINT('',(75.9450450696738,54.5505497262073,342.845894880273));
#13209=CARTESIAN_POINT('',(55.0935930364707,56.2261405925519,342.845894880273));
#13210=CARTESIAN_POINT('Origin',(75.8649448026001,53.5537629148907,342.845894880273));
#13211=CARTESIAN_POINT('Ctrl Pts',(75.9450450696739,54.5505497262073,342.845894880273));
#13212=CARTESIAN_POINT('Ctrl Pts',(75.5632098285429,54.581233423509,342.845894880273));
#13213=CARTESIAN_POINT('Ctrl Pts',(75.2257470345903,54.3999642773549,342.845894880273));
#13214=CARTESIAN_POINT('Ctrl Pts',(75.9450450696739,54.5505497262073,343.845894880273));
#13215=CARTESIAN_POINT('Ctrl Pts',(75.5632098285429,54.581233423509,343.845894880273));
#13216=CARTESIAN_POINT('Ctrl Pts',(75.2257470345903,54.3999642773549,343.845894880273));
#13217=CARTESIAN_POINT('Ctrl Pts',(75.8649448026001,53.5537629148907,343.845894880273));
#13218=CARTESIAN_POINT('Ctrl Pts',(75.7768289777237,53.5608437681142,343.845894880273));
#13219=CARTESIAN_POINT('Ctrl Pts',(75.69895294835,53.519012426694,343.845894880273));
#13220=CARTESIAN_POINT('Origin',(75.69895294835,53.519012426694,342.845894880273));
#13221=CARTESIAN_POINT('Origin',(75.8409147224779,53.2547268714957,342.845894880273));
#13222=CARTESIAN_POINT('Origin',(72.8296581113854,58.8606840398669,342.845894880273));
#13223=CARTESIAN_POINT('Ctrl Pts',(70.5277375401531,53.2510966960289,343.845894880273));
#13224=CARTESIAN_POINT('Ctrl Pts',(70.3279439981544,53.5821603573136,343.845894880273));
#13225=CARTESIAN_POINT('Ctrl Pts',(70.1149900593299,53.9246897692653,343.765756935752));
#13226=CARTESIAN_POINT('Ctrl Pts',(69.7216118807336,54.5398410424701,343.532648526758));
#13227=CARTESIAN_POINT('Ctrl Pts',(69.5411085685728,54.8136668762017,343.385904140847));
#13228=CARTESIAN_POINT('Ctrl Pts',(69.3442643487507,55.1081948801677,343.186090990664));
#13229=CARTESIAN_POINT('Ctrl Pts',(69.2744098821888,55.2116007098584,343.105086541817));
#13230=CARTESIAN_POINT('Ctrl Pts',(69.211900325264,55.3036660770666,342.99006053901));
#13231=CARTESIAN_POINT('Ctrl Pts',(69.1993560287243,55.3220887512417,342.95955148235));
#13232=CARTESIAN_POINT('Ctrl Pts',(69.1849183173794,55.3432837768984,342.907824802716));
#13233=CARTESIAN_POINT('Ctrl Pts',(69.1805743711952,55.3496538640565,342.883725063588));
#13234=CARTESIAN_POINT('Ctrl Pts',(69.1793600762094,55.3514347233262,342.853911663046));
#13235=CARTESIAN_POINT('Ctrl Pts',(69.1792786647275,55.3515541159416,342.849898990115));
#13236=CARTESIAN_POINT('Ctrl Pts',(69.1792786647275,55.3515541159416,342.845894880273));
#13237=CARTESIAN_POINT('Ctrl Pts',(81.9078555017823,50.5752014988644,343.845894880273));
#13238=CARTESIAN_POINT('Ctrl Pts',(82.1241248603531,50.485366930248,343.845894880273));
#13239=CARTESIAN_POINT('Ctrl Pts',(82.6294271032292,50.2754730770011,343.662886631899));
#13240=CARTESIAN_POINT('Ctrl Pts',(82.8716249505466,50.1748682605013,343.145094180615));
#13241=CARTESIAN_POINT('Ctrl Pts',(82.8716249505466,50.1748682605013,342.845894880273));
#13242=CARTESIAN_POINT('Ctrl Pts',(81.9078555017823,50.5752014988644,343.845894880273));
#13243=CARTESIAN_POINT('Ctrl Pts',(82.1273028418553,50.5070466494321,343.845894880273));
#13244=CARTESIAN_POINT('Ctrl Pts',(82.6429043746868,50.3465665243715,343.690732391185));
#13245=CARTESIAN_POINT('Ctrl Pts',(82.9363938092986,50.2543423755158,343.163535633612));
#13246=CARTESIAN_POINT('Ctrl Pts',(82.9363938092986,50.2543423755158,342.845894880273));
#13247=CARTESIAN_POINT('Ctrl Pts',(81.9078555017823,50.5752014988644,343.845894880273));
#13248=CARTESIAN_POINT('Ctrl Pts',(82.132864309484,50.5449861580043,343.845894880273));
#13249=CARTESIAN_POINT('Ctrl Pts',(82.6633853465633,50.4738889196454,343.711934630435));
#13250=CARTESIAN_POINT('Ctrl Pts',(83.0052358704219,50.4291175514585,343.178282029744));
#13251=CARTESIAN_POINT('Ctrl Pts',(83.0052358704219,50.4291175514585,342.845894880273));
#13252=CARTESIAN_POINT('Ctrl Pts',(81.9078555017823,50.5752014988644,343.845894880273));
#13253=CARTESIAN_POINT('Ctrl Pts',(82.1384257771127,50.5829256665765,343.845894880273));
#13254=CARTESIAN_POINT('Ctrl Pts',(82.6796115497714,50.6012293393226,343.683747998332));
#13255=CARTESIAN_POINT('Ctrl Pts',(82.9754019303152,50.6110423623902,343.158842034214));
#13256=CARTESIAN_POINT('Ctrl Pts',(82.9754019303152,50.6110423623902,342.845894880273));
#13257=CARTESIAN_POINT('Ctrl Pts',(81.9078555017823,50.5752014988644,343.845894880273));
#13258=CARTESIAN_POINT('Ctrl Pts',(82.1408092632392,50.5991854559646,343.845894880273));
#13259=CARTESIAN_POINT('Ctrl Pts',(82.6850937560981,50.6552227392666,343.662886631899));
#13260=CARTESIAN_POINT('Ctrl Pts',(82.9459762959188,50.6820821280316,343.145094180615));
#13261=CARTESIAN_POINT('Ctrl Pts',(82.9459762959187,50.6820821280316,342.845894880273));
#13262=CARTESIAN_POINT('',(82.8716249505466,50.1748682605013,342.845894880273));
#13263=CARTESIAN_POINT('',(82.9459762959187,50.6820821280316,342.845894880273));
#13264=CARTESIAN_POINT('Origin',(82.484036529663,50.490740411849,342.845894880273));
#13265=CARTESIAN_POINT('Origin',(81.9078555017824,50.5752014988643,342.845894880273));
#13266=CARTESIAN_POINT('Origin',(81.9078555017824,50.5752014988643,342.845894880273));
#13267=CARTESIAN_POINT('Origin',(81.2980477819123,52.0474075666146,342.845894880273));
#13268=CARTESIAN_POINT('',(82.2219273144235,52.4300909989797,342.845894880273));
#13269=CARTESIAN_POINT('Origin',(80.7661909425474,41.0389617868563,342.845894880273));
#13270=CARTESIAN_POINT('',(79.0711573611522,45.8103477579882,342.845894880273));
#13271=CARTESIAN_POINT('Origin',(78.7364035433913,46.7526533779939,342.845894880273));
#13272=CARTESIAN_POINT('',(75.7158798229019,40.67342037695,342.845894880273));
#13273=CARTESIAN_POINT('Ctrl Pts',(75.7158798229019,40.67342037695,342.845894880273));
#13274=CARTESIAN_POINT('Ctrl Pts',(75.7158798229019,40.67342037695,342.863564756161));
#13275=CARTESIAN_POINT('Ctrl Pts',(75.7152121067898,40.6761561763839,342.880992970339));
#13276=CARTESIAN_POINT('Ctrl Pts',(75.7120154842625,40.6892384599172,342.924183462233));
#13277=CARTESIAN_POINT('Ctrl Pts',(75.7088002819802,40.7023868573542,342.948576195595));
#13278=CARTESIAN_POINT('Ctrl Pts',(75.6994111013624,40.7406736417856,343.003701621722));
#13279=CARTESIAN_POINT('Ctrl Pts',(75.6911685321149,40.7742503012464,343.040412944113));
#13280=CARTESIAN_POINT('Ctrl Pts',(75.6532857699497,40.9271214026272,343.169402742992));
#13281=CARTESIAN_POINT('Ctrl Pts',(75.6170407452042,41.0710882542906,343.254351427149));
#13282=CARTESIAN_POINT('Ctrl Pts',(75.5252233502952,41.4287135892183,343.445217344619));
#13283=CARTESIAN_POINT('Ctrl Pts',(75.4359403036805,41.7673129615657,343.594183000366));
#13284=CARTESIAN_POINT('Ctrl Pts',(75.2458111040704,42.4458911235164,343.788689981292));
#13285=CARTESIAN_POINT('Ctrl Pts',(75.1521906074634,42.7669935313008,343.845894880273));
#13286=CARTESIAN_POINT('Ctrl Pts',(75.0568270732736,43.0808904566786,343.845894880273));
#13287=CARTESIAN_POINT('Origin',(80.7661909425474,41.0389617868563,342.845894880273));
#13288=CARTESIAN_POINT('Ctrl Pts',(79.0711573611522,45.8103477579882,342.845894880273));
#13289=CARTESIAN_POINT('Ctrl Pts',(79.4139146080033,45.9321121776336,342.845894880273));
#13290=CARTESIAN_POINT('Ctrl Pts',(79.6437072923602,46.2140774704917,342.845894880273));
#13291=CARTESIAN_POINT('Ctrl Pts',(79.0711573611522,45.8103477579881,343.845894880273));
#13292=CARTESIAN_POINT('Ctrl Pts',(79.4139146080033,45.9321121776335,343.845894880273));
#13293=CARTESIAN_POINT('Ctrl Pts',(79.6437072923602,46.2140774704917,343.845894880273));
#13294=CARTESIAN_POINT('Ctrl Pts',(78.7364035433913,46.7526533779939,343.845894880273));
#13295=CARTESIAN_POINT('Ctrl Pts',(78.8155013695877,46.7807528594506,343.845894880273));
#13296=CARTESIAN_POINT('Ctrl Pts',(78.8685304505932,46.8458217731871,343.845894880273));
#13297=CARTESIAN_POINT('',(79.6437072923602,46.2140774704917,342.845894880273));
#13298=CARTESIAN_POINT('Origin',(78.8685304505932,46.8458217731871,342.845894880273));
#13299=CARTESIAN_POINT('Origin',(78.635977398063,47.0353450639958,342.845894880273));
#13300=CARTESIAN_POINT('Origin',(67.0050403659825,32.2888202507576,342.845894880273));
#13301=CARTESIAN_POINT('',(67.7802172077495,31.6570759480622,342.845894880273));
#13302=CARTESIAN_POINT('Origin',(75.8409147224779,53.2547268714957,345.845894880273));
#13303=CARTESIAN_POINT('',(75.9450450696738,54.5505497262073,345.845894880273));
#13304=CARTESIAN_POINT('Origin',(75.9450450696738,54.5505497262073,345.845894880273));
#13305=CARTESIAN_POINT('',(81.2246340189885,54.1262900148241,345.845894880273));
#13306=CARTESIAN_POINT('Origin',(81.1845838854516,53.6278966091658,345.845894880273));
#13307=CARTESIAN_POINT('',(81.6465236517073,53.8192383253484,345.845894880273));
#13308=CARTESIAN_POINT('Origin',(81.6465236517073,53.8192383253484,345.845894880273));
#13309=CARTESIAN_POINT('',(82.9459762959188,50.6820821280315,345.845894880273));
#13310=CARTESIAN_POINT('Origin',(82.484036529663,50.490740411849,345.845894880273));
#13311=CARTESIAN_POINT('',(82.8716249505466,50.1748682605013,345.845894880273));
#13312=CARTESIAN_POINT('Origin',(82.8716249505466,50.1748682605013,345.845894880273));
#13313=CARTESIAN_POINT('',(79.6437072923602,46.2140774704917,345.845894880273));
#13314=CARTESIAN_POINT('Origin',(78.635977398063,47.0353450639958,345.845894880273));
#13315=CARTESIAN_POINT('',(79.0711573611522,45.8103477579882,345.845894880273));
#13316=CARTESIAN_POINT('Origin',(80.7661909425474,41.0389617868563,345.845894880273));
#13317=CARTESIAN_POINT('',(75.7158798229019,40.67342037695,345.845894880273));
#13318=CARTESIAN_POINT('Ctrl Pts',(85.9826348060406,32.7013703799312,343.845894880273));
#13319=CARTESIAN_POINT('Ctrl Pts',(86.207034281297,32.769999487831,343.845894880273));
#13320=CARTESIAN_POINT('Ctrl Pts',(86.7313335391937,32.9303483046046,343.6628883299));
#13321=CARTESIAN_POINT('Ctrl Pts',(86.9826348060406,33.007204909274,343.145094180615));
#13322=CARTESIAN_POINT('Ctrl Pts',(86.9826348060406,33.007204909274,342.845894880273));
#13323=CARTESIAN_POINT('Ctrl Pts',(85.9826348060406,32.7013703799312,343.845894880273));
#13324=CARTESIAN_POINT('Ctrl Pts',(86.1953966423138,32.7890255262059,343.845894880273));
#13325=CARTESIAN_POINT('Ctrl Pts',(86.6954754271129,32.9946622303803,343.691779645708));
#13326=CARTESIAN_POINT('Ctrl Pts',(86.9826348060406,33.1117678688149,343.164368241048));
#13327=CARTESIAN_POINT('Ctrl Pts',(86.9826348060406,33.1117678688149,342.845894880273));
#13328=CARTESIAN_POINT('Ctrl Pts',(85.9826348060406,32.7013703799312,343.845894880273));
#13329=CARTESIAN_POINT('Ctrl Pts',(86.175030774093,32.8223210933619,343.845894880273));
#13330=CARTESIAN_POINT('Ctrl Pts',(86.6284410163828,33.1075371589768,343.71378700377));
#13331=CARTESIAN_POINT('Ctrl Pts',(86.9232190516462,33.2942627360359,343.179819969736));
#13332=CARTESIAN_POINT('Ctrl Pts',(86.9232190516462,33.2942627360359,342.845894880273));
#13333=CARTESIAN_POINT('Ctrl Pts',(85.9826348060406,32.7013703799312,343.845894880273));
#13334=CARTESIAN_POINT('Ctrl Pts',(86.1546649058723,32.8556166605179,343.845894880273));
#13335=CARTESIAN_POINT('Ctrl Pts',(86.5583031301458,33.2177874868455,343.684532619574));
#13336=CARTESIAN_POINT('Ctrl Pts',(86.7801792034871,33.4166159204644,343.159459133243));
#13337=CARTESIAN_POINT('Ctrl Pts',(86.7801792034871,33.4166159204644,342.845894880273));
#13338=CARTESIAN_POINT('Ctrl Pts',(85.9826348060406,32.7013703799312,343.845894880273));
#13339=CARTESIAN_POINT('Ctrl Pts',(86.1459366766348,32.8698861892991,343.845894880273));
#13340=CARTESIAN_POINT('Ctrl Pts',(86.5274841355489,33.2636157811104,343.6628883299));
#13341=CARTESIAN_POINT('Ctrl Pts',(86.7103632038351,33.4523338533318,343.145094180615));
#13342=CARTESIAN_POINT('Ctrl Pts',(86.7103632038351,33.4523338533318,342.845894880273));
#13343=CARTESIAN_POINT('',(86.9826348060406,33.007204909274,342.845894880273));
#13344=CARTESIAN_POINT('',(86.7103632038351,33.4523338533318,342.845894880273));
#13345=CARTESIAN_POINT('Origin',(86.4826348060405,33.007204909274,342.845894880273));
#13346=CARTESIAN_POINT('Origin',(85.9826348060406,32.7013703799312,342.845894880273));
#13347=CARTESIAN_POINT('Origin',(85.9826348060406,32.7013703799312,342.845894880273));
#13348=CARTESIAN_POINT('Origin',(62.9165505078231,44.5020013897735,342.845894880273));
#13349=CARTESIAN_POINT('',(81.9950161960568,35.8647099377483,342.845894880273));
#13350=CARTESIAN_POINT('',(63.3720073034121,45.392259277889,342.845894880273));
#13351=CARTESIAN_POINT('Origin',(81.5395594004678,34.9744520496328,342.845894880273));
#13352=CARTESIAN_POINT('Ctrl Pts',(81.9950161960568,35.8647099377483,342.845894880273));
#13353=CARTESIAN_POINT('Ctrl Pts',(81.6539885745854,36.0391799983411,342.845894880273));
#13354=CARTESIAN_POINT('Ctrl Pts',(81.2728449072365,36.0008505646187,342.845894880273));
#13355=CARTESIAN_POINT('Ctrl Pts',(81.9950161960568,35.8647099377483,343.845894880273));
#13356=CARTESIAN_POINT('Ctrl Pts',(81.6539885745854,36.0391799983411,343.845894880273));
#13357=CARTESIAN_POINT('Ctrl Pts',(81.2728449072365,36.0008505646187,343.845894880273));
#13358=CARTESIAN_POINT('Ctrl Pts',(81.5395594004677,34.9744520496329,343.845894880273));
#13359=CARTESIAN_POINT('Ctrl Pts',(81.4608607185897,35.0147143713081,343.845894880273));
#13360=CARTESIAN_POINT('Ctrl Pts',(81.3729044876631,35.0058691173722,343.845894880273));
#13361=CARTESIAN_POINT('Origin',(81.3729044876631,35.0058691173722,342.845894880273));
#13362=CARTESIAN_POINT('Origin',(81.4029223617911,34.7073746831982,342.845894880273));
#13363=CARTESIAN_POINT('Origin',(80.7661909425474,41.0389617868563,342.845894880273));
#13364=CARTESIAN_POINT('Ctrl Pts',(76.4927975024274,36.737285719281,343.845894880273));
#13365=CARTESIAN_POINT('Ctrl Pts',(76.4349049164815,37.1196063382976,343.845894880273));
#13366=CARTESIAN_POINT('Ctrl Pts',(76.3692414620861,37.5175561955282,343.765756935758));
#13367=CARTESIAN_POINT('Ctrl Pts',(76.2412156149978,38.2364211778449,343.532648526764));
#13368=CARTESIAN_POINT('Ctrl Pts',(76.1792409092638,38.5584788881593,343.385904140853));
#13369=CARTESIAN_POINT('Ctrl Pts',(76.1100915509613,38.9059163044629,343.186090990667));
#13370=CARTESIAN_POINT('Ctrl Pts',(76.0851261368825,39.0281829810884,343.105086541821));
#13371=CARTESIAN_POINT('Ctrl Pts',(76.0626067273825,39.1371616612858,342.990060539034));
#13372=CARTESIAN_POINT('Ctrl Pts',(76.0580673607439,39.1589824873585,342.959551482373));
#13373=CARTESIAN_POINT('Ctrl Pts',(76.0528396399013,39.184089210697,342.907824802717));
#13374=CARTESIAN_POINT('Ctrl Pts',(76.0512640837494,39.1916367600791,342.883725063589));
#13375=CARTESIAN_POINT('Ctrl Pts',(76.0508237268034,39.1937467500819,342.853911663046));
#13376=CARTESIAN_POINT('Ctrl Pts',(76.0507942019774,39.1938882093009,342.849898990115));
#13377=CARTESIAN_POINT('Ctrl Pts',(76.0507942019774,39.1938882093009,342.845894880273));
#13378=CARTESIAN_POINT('Ctrl Pts',(85.9826348060406,29.9100983131994,343.845894880273));
#13379=CARTESIAN_POINT('Ctrl Pts',(86.1480634388704,29.7443392934895,343.845894880273));
#13380=CARTESIAN_POINT('Ctrl Pts',(86.5345802514204,29.3570505463497,343.66288876861));
#13381=CARTESIAN_POINT('Ctrl Pts',(86.7198407760669,29.1714200274301,343.145094180615));
#13382=CARTESIAN_POINT('Ctrl Pts',(86.7198407760669,29.1714200274301,342.845894880273));
#13383=CARTESIAN_POINT('Ctrl Pts',(85.9826348060406,29.9100983131994,343.845894880273));
#13384=CARTESIAN_POINT('Ctrl Pts',(86.159295980285,29.7631525814451,343.845894880273));
#13385=CARTESIAN_POINT('Ctrl Pts',(86.574237840246,29.4175750616307,343.69073498134));
#13386=CARTESIAN_POINT('Ctrl Pts',(86.8100928261299,29.2200585664789,343.163535633612));
#13387=CARTESIAN_POINT('Ctrl Pts',(86.8100928261299,29.220058566479,342.845894880273));
#13388=CARTESIAN_POINT('Ctrl Pts',(85.9826348060406,29.9100983131994,343.845894880274));
#13389=CARTESIAN_POINT('Ctrl Pts',(86.1789529277605,29.7960758353673,343.845894880274));
#13390=CARTESIAN_POINT('Ctrl Pts',(86.6418833414659,29.5273685905388,343.711938191221));
#13391=CARTESIAN_POINT('Ctrl Pts',(86.9405782860927,29.3551849935704,343.178282029744));
#13392=CARTESIAN_POINT('Ctrl Pts',(86.9405782860927,29.3551849935704,342.845894880273));
#13393=CARTESIAN_POINT('Ctrl Pts',(85.9826348060406,29.9100983131994,343.845894880273));
#13394=CARTESIAN_POINT('Ctrl Pts',(86.1986098752361,29.8289990892896,343.845894880273));
#13395=CARTESIAN_POINT('Ctrl Pts',(86.7056061857647,29.6388062043838,343.683750623809));
#13396=CARTESIAN_POINT('Ctrl Pts',(86.9826348060406,29.5346786219584,343.158842034214));
#13397=CARTESIAN_POINT('Ctrl Pts',(86.9826348060406,29.5346786219584,342.845894880273));
#13398=CARTESIAN_POINT('Ctrl Pts',(85.9826348060406,29.9100983131994,343.845894880273));
#13399=CARTESIAN_POINT('Ctrl Pts',(86.207034281297,29.8431090552563,343.845894880273));
#13400=CARTESIAN_POINT('Ctrl Pts',(86.7313339048285,29.6865915648291,343.66288876861));
#13401=CARTESIAN_POINT('Ctrl Pts',(86.9826348060406,29.6115715101993,343.145094180615));
#13402=CARTESIAN_POINT('Ctrl Pts',(86.9826348060406,29.6115715101993,342.845894880273));
#13403=CARTESIAN_POINT('',(86.7198407760669,29.1714200274302,342.845894880273));
#13404=CARTESIAN_POINT('',(86.9826348060406,29.6115715101993,342.845894880273));
#13405=CARTESIAN_POINT('Origin',(86.4826348060405,29.6115715101993,342.845894880273));
#13406=CARTESIAN_POINT('Origin',(85.9826348060406,29.9100983131994,342.845894880273));
#13407=CARTESIAN_POINT('Origin',(85.9826348060406,29.9100983131994,342.845894880273));
#13408=CARTESIAN_POINT('Origin',(85.9826348060406,31.5036026781544,342.845894880273));
#13409=CARTESIAN_POINT('',(86.9826348060406,31.5036026781544,342.845894880273));
#13410=CARTESIAN_POINT('Origin',(81.2785133419223,21.5366577382915,342.845894880273));
#13411=CARTESIAN_POINT('',(81.5384368697234,26.5935048476341,342.845894880273));
#13412=CARTESIAN_POINT('Origin',(81.5897694180648,27.5921864633059,342.845894880273));
#13413=CARTESIAN_POINT('',(76.4727476242531,23.1316119051712,342.845894880273));
#13414=CARTESIAN_POINT('Ctrl Pts',(76.4727476242531,23.1316119051713,342.845894880273));
#13415=CARTESIAN_POINT('Ctrl Pts',(76.4727476242531,23.1316119051713,342.863564756161));
#13416=CARTESIAN_POINT('Ctrl Pts',(76.4731776801214,23.1343949781671,342.880992970339));
#13417=CARTESIAN_POINT('Ctrl Pts',(76.4752307591609,23.1477047266426,342.924183462233));
#13418=CARTESIAN_POINT('Ctrl Pts',(76.4772919734407,23.161082666565,342.948576195595));
#13419=CARTESIAN_POINT('Ctrl Pts',(76.4832692197194,23.2000481269207,343.003701621705));
#13420=CARTESIAN_POINT('Ctrl Pts',(76.4885033099844,23.2342232100464,343.040412944093));
#13421=CARTESIAN_POINT('Ctrl Pts',(76.5120054391744,23.389954797201,343.169402742991));
#13422=CARTESIAN_POINT('Ctrl Pts',(76.5336131315979,23.5368331952879,343.254351427148));
#13423=CARTESIAN_POINT('Ctrl Pts',(76.585642210384,23.9023729183713,343.445217344619));
#13424=CARTESIAN_POINT('Ctrl Pts',(76.6327318010231,24.2493650909348,343.594183000367));
#13425=CARTESIAN_POINT('Ctrl Pts',(76.7167559451137,24.949048860669,343.788689981292));
#13426=CARTESIAN_POINT('Ctrl Pts',(76.7531424560266,25.2815358160423,343.845894880273));
#13427=CARTESIAN_POINT('Ctrl Pts',(76.7851611914531,25.6080328053032,343.845894880273));
#13428=CARTESIAN_POINT('Origin',(81.2785133419223,21.5366577382915,342.845894880273));
#13429=CARTESIAN_POINT('Ctrl Pts',(81.5384368697234,26.5935048476341,342.845894880273));
#13430=CARTESIAN_POINT('Ctrl Pts',(81.9017005007589,26.5748329830397,342.845894880273));
#13431=CARTESIAN_POINT('Ctrl Pts',(82.2219047046358,26.7473970928077,342.845894880273));
#13432=CARTESIAN_POINT('Ctrl Pts',(81.5384368697234,26.5935048476341,343.845894880273));
#13433=CARTESIAN_POINT('Ctrl Pts',(81.9017005007589,26.5748329830396,343.845894880273));
#13434=CARTESIAN_POINT('Ctrl Pts',(82.2219047046358,26.7473970928077,343.845894880273));
#13435=CARTESIAN_POINT('Ctrl Pts',(81.5897694180648,27.5921864633059,343.845894880273));
#13436=CARTESIAN_POINT('Ctrl Pts',(81.6735994867653,27.5878775714764,343.845894880273));
#13437=CARTESIAN_POINT('Ctrl Pts',(81.7474927645831,27.627700058346,343.845894880273));
#13438=CARTESIAN_POINT('',(82.2219047046358,26.7473970928077,342.845894880273));
#13439=CARTESIAN_POINT('Origin',(81.7474927645831,27.627700058346,342.845894880273));
#13440=CARTESIAN_POINT('Origin',(81.6051691825673,27.8917909480076,342.845894880273));
#13441=CARTESIAN_POINT('Origin',(65.2163337837129,18.7187454024454,342.845894880273));
#13442=CARTESIAN_POINT('',(65.6907457237656,17.8384424369072,342.845894880273));
#13443=CARTESIAN_POINT('Origin',(81.4029223617911,34.7073746831982,345.845894880273));
#13444=CARTESIAN_POINT('',(81.9950161960568,35.8647099377483,345.845894880273));
#13445=CARTESIAN_POINT('Origin',(81.9950161960568,35.8647099377483,345.845894880273));
#13446=CARTESIAN_POINT('',(86.7103632038351,33.4523338533317,345.845894880273));
#13447=CARTESIAN_POINT('Origin',(86.4826348060405,33.007204909274,345.845894880273));
#13448=CARTESIAN_POINT('',(86.9826348060406,33.007204909274,345.845894880273));
#13449=CARTESIAN_POINT('Origin',(86.9826348060406,33.007204909274,345.845894880273));
#13450=CARTESIAN_POINT('',(86.9826348060406,29.6115715101993,345.845894880273));
#13451=CARTESIAN_POINT('Origin',(86.4826348060405,29.6115715101993,345.845894880273));
#13452=CARTESIAN_POINT('',(86.7198407760669,29.1714200274302,345.845894880273));
#13453=CARTESIAN_POINT('Origin',(86.7198407760669,29.1714200274302,345.845894880273));
#13454=CARTESIAN_POINT('',(82.2219047046358,26.7473970928077,345.845894880273));
#13455=CARTESIAN_POINT('Origin',(81.6051691825673,27.8917909480076,345.845894880273));
#13456=CARTESIAN_POINT('',(81.5384368697234,26.5935048476341,345.845894880273));
#13457=CARTESIAN_POINT('Origin',(81.2785133419223,21.5366577382915,345.845894880273));
#13458=CARTESIAN_POINT('',(76.4727476242531,23.1316119051712,345.845894880273));
#13459=CARTESIAN_POINT('Ctrl Pts',(82.907220962638,11.8374810445701,343.845894880273));
#13460=CARTESIAN_POINT('Ctrl Pts',(83.1408022675049,11.8150121112812,343.845894880273));
#13461=CARTESIAN_POINT('Ctrl Pts',(83.6865572881302,11.7625141891658,343.662891594058));
#13462=CARTESIAN_POINT('Ctrl Pts',(83.9481383025739,11.7373518742,343.145094180615));
#13463=CARTESIAN_POINT('Ctrl Pts',(83.9481383025739,11.7373518742,342.845894880273));
#13464=CARTESIAN_POINT('Ctrl Pts',(82.907220962638,11.8374810445701,343.845894880273));
#13465=CARTESIAN_POINT('Ctrl Pts',(83.1373314407111,11.8370434103512,343.845894880273));
#13466=CARTESIAN_POINT('Ctrl Pts',(83.6780402756628,11.8356550542731,343.691783654239));
#13467=CARTESIAN_POINT('Ctrl Pts',(83.9881528148293,11.8339554523787,343.164368241048));
#13468=CARTESIAN_POINT('Ctrl Pts',(83.9881528148293,11.8339554523787,342.845894880273));
#13469=CARTESIAN_POINT('Ctrl Pts',(82.907220962638,11.8374810445701,343.845894880273));
#13470=CARTESIAN_POINT('Ctrl Pts',(83.131257493822,11.8755981837238,343.845894880273));
#13471=CARTESIAN_POINT('Ctrl Pts',(83.6593024256623,11.9655910733228,343.713792616396));
#13472=CARTESIAN_POINT('Ctrl Pts',(84.0030978040299,12.0252961998998,343.179819969737));
#13473=CARTESIAN_POINT('Ctrl Pts',(84.0030978040299,12.0252961998998,342.845894880273));
#13474=CARTESIAN_POINT('Ctrl Pts',(82.907220962638,11.8374810445701,343.845894880273));
#13475=CARTESIAN_POINT('Ctrl Pts',(83.1251835469329,11.9141529570964,343.845894880273));
#13476=CARTESIAN_POINT('Ctrl Pts',(83.6366954098244,12.094290309645,343.684536687228));
#13477=CARTESIAN_POINT('Ctrl Pts',(83.9177685261429,12.1930747327103,343.159459133243));
#13478=CARTESIAN_POINT('Ctrl Pts',(83.9177685261429,12.1930747327103,342.845894880273));
#13479=CARTESIAN_POINT('Ctrl Pts',(82.907220962638,11.8374810445701,343.845894880273));
#13480=CARTESIAN_POINT('Ctrl Pts',(83.1225804268375,11.9306764313989,343.845894880273));
#13481=CARTESIAN_POINT('Ctrl Pts',(83.625760717285,12.1484243812612,343.662891594058));
#13482=CARTESIAN_POINT('Ctrl Pts',(83.8669356141693,12.2527912262109,343.145094180615));
#13483=CARTESIAN_POINT('Ctrl Pts',(83.8669356141693,12.2527912262109,342.845894880273));
#13484=CARTESIAN_POINT('',(83.9481383025739,11.7373518742,342.845894880273));
#13485=CARTESIAN_POINT('',(83.8669356141693,12.2527912262109,342.845894880273));
#13486=CARTESIAN_POINT('Origin',(83.4861985363183,11.9286935903826,342.845894880273));
#13487=CARTESIAN_POINT('Origin',(82.907220962638,11.8374810445701,342.845894880273));
#13488=CARTESIAN_POINT('Origin',(82.907220962638,11.8374810445701,342.845894880273));
#13489=CARTESIAN_POINT('Origin',(66.1128437632558,31.5668508157452,342.845894880273));
#13490=CARTESIAN_POINT('',(80.4336993851346,16.2860212930521,342.845894880273));
#13491=CARTESIAN_POINT('',(66.8743179189577,32.2150460874018,342.845894880273));
#13492=CARTESIAN_POINT('Origin',(79.6722252294326,15.6378260213955,342.845894880273));
#13493=CARTESIAN_POINT('Ctrl Pts',(80.4336993851347,16.286021293052,342.845894880273));
#13494=CARTESIAN_POINT('Ctrl Pts',(80.1853977472688,16.5777162317857,342.845894880273));
#13495=CARTESIAN_POINT('Ctrl Pts',(79.8185988748013,16.6881618193222,342.845894880273));
#13496=CARTESIAN_POINT('Ctrl Pts',(80.4336993851347,16.286021293052,343.845894880273));
#13497=CARTESIAN_POINT('Ctrl Pts',(80.1853977472688,16.5777162317857,343.845894880273));
#13498=CARTESIAN_POINT('Ctrl Pts',(79.8185988748013,16.6881618193223,343.845894880273));
#13499=CARTESIAN_POINT('Ctrl Pts',(79.6722252294326,15.6378260213955,343.845894880273));
#13500=CARTESIAN_POINT('Ctrl Pts',(79.6149248514635,15.7051402380264,343.845894880273));
#13501=CARTESIAN_POINT('Ctrl Pts',(79.5302789578172,15.730627681304,343.845894880273));
#13502=CARTESIAN_POINT('Origin',(79.5302789578172,15.730627681304,342.845894880273));
#13503=CARTESIAN_POINT('Origin',(79.443782982722,15.4433674398986,342.845894880273));
#13504=CARTESIAN_POINT('Origin',(81.2785133419223,21.5366577382915,342.845894880273));
#13505=CARTESIAN_POINT('Ctrl Pts',(75.684232445765,19.1977841334766,343.845894880273));
#13506=CARTESIAN_POINT('Ctrl Pts',(75.7770544372747,19.5731568617414,343.845894880273));
#13507=CARTESIAN_POINT('Ctrl Pts',(75.8686781329989,19.9659429059116,343.765756935758));
#13508=CARTESIAN_POINT('Ctrl Pts',(76.0254953920817,20.6790809203085,343.532648526763));
#13509=CARTESIAN_POINT('Ctrl Pts',(76.0914843799234,21.0003401402654,343.385904140853));
#13510=CARTESIAN_POINT('Ctrl Pts',(76.1605572461046,21.347792771798,343.186090990667));
#13511=CARTESIAN_POINT('Ctrl Pts',(76.1842816424914,21.4703063021903,343.105086541821));
#13512=CARTESIAN_POINT('Ctrl Pts',(76.2051807563659,21.5796072792446,342.990060539016));
#13513=CARTESIAN_POINT('Ctrl Pts',(76.2093373970548,21.6015042342327,342.959551482356));
#13514=CARTESIAN_POINT('Ctrl Pts',(76.2141155398277,21.6267003842007,342.907824802717));
#13515=CARTESIAN_POINT('Ctrl Pts',(76.2155482378501,21.6342763498314,342.883725063589));
#13516=CARTESIAN_POINT('Ctrl Pts',(76.2159488592972,21.6363942437162,342.853911663046));
#13517=CARTESIAN_POINT('Ctrl Pts',(76.2159757160142,21.6365362336551,342.849898990115));
#13518=CARTESIAN_POINT('Ctrl Pts',(76.2159757160142,21.6365362336551,342.845894880273));
#13519=CARTESIAN_POINT('Ctrl Pts',(81.8390473874763,9.25868191244613,343.845894880273));
#13520=CARTESIAN_POINT('Ctrl Pts',(81.928450284831,9.04223374978423,343.845894880273));
#13521=CARTESIAN_POINT('Ctrl Pts',(82.1373374155276,8.53650924889243,343.662892218971));
#13522=CARTESIAN_POINT('Ctrl Pts',(82.237456952617,8.29411565214362,343.145094180615));
#13523=CARTESIAN_POINT('Ctrl Pts',(82.237456952617,8.29411565214364,342.845894880273));
#13524=CARTESIAN_POINT('Ctrl Pts',(81.8390473874763,9.25868191244613,343.845894880273));
#13525=CARTESIAN_POINT('Ctrl Pts',(81.9460273335509,9.0553164539629,343.845894880273));
#13526=CARTESIAN_POINT('Ctrl Pts',(82.1971380360845,8.57725074352548,343.690739163923));
#13527=CARTESIAN_POINT('Ctrl Pts',(82.3394521375058,8.30451383856598,343.163535633612));
#13528=CARTESIAN_POINT('Ctrl Pts',(82.3394521375058,8.304513838566,342.845894880273));
#13529=CARTESIAN_POINT('Ctrl Pts',(81.8390473874763,9.25868191244613,343.845894880274));
#13530=CARTESIAN_POINT('Ctrl Pts',(81.9767871688108,9.07821118627557,343.845894880274));
#13531=CARTESIAN_POINT('Ctrl Pts',(82.3016500023681,8.65280135708463,343.711943941597));
#13532=CARTESIAN_POINT('Ctrl Pts',(82.5117157744841,8.37941958146538,343.178282029744));
#13533=CARTESIAN_POINT('Ctrl Pts',(82.5117157744841,8.3794195814654,342.845894880273));
#13534=CARTESIAN_POINT('Ctrl Pts',(81.8390473874763,9.25868191244613,343.845894880273));
#13535=CARTESIAN_POINT('Ctrl Pts',(82.0075470040707,9.10110591858824,343.845894880273));
#13536=CARTESIAN_POINT('Ctrl Pts',(82.4031685762203,8.73137002574982,343.68375486343));
#13537=CARTESIAN_POINT('Ctrl Pts',(82.619260023966,8.52915591124174,343.158842034214));
#13538=CARTESIAN_POINT('Ctrl Pts',(82.619260023966,8.52915591124175,342.845894880273));
#13539=CARTESIAN_POINT('Ctrl Pts',(81.8390473874763,9.25868191244613,343.845894880273));
#13540=CARTESIAN_POINT('Ctrl Pts',(82.0207297906106,9.11091794672224,343.845894880273));
#13541=CARTESIAN_POINT('Ctrl Pts',(82.44522515946,8.76567196774742,343.662892218971));
#13542=CARTESIAN_POINT('Ctrl Pts',(82.6486856583625,8.60019567688317,343.145094180615));
#13543=CARTESIAN_POINT('Ctrl Pts',(82.6486856583625,8.60019567688318,342.845894880273));
#13544=CARTESIAN_POINT('',(82.237456952617,8.29411565214364,342.845894880273));
#13545=CARTESIAN_POINT('',(82.6486856583625,8.60019567688318,342.845894880273));
#13546=CARTESIAN_POINT('Origin',(82.1867458921068,8.79153739306575,342.845894880273));
#13547=CARTESIAN_POINT('Origin',(81.8390473874763,9.25868191244607,342.845894880273));
#13548=CARTESIAN_POINT('Origin',(81.8390473874763,9.25868191244607,342.845894880273));
#13549=CARTESIAN_POINT('Origin',(82.4488551073456,10.7308879801944,342.845894880273));
#13550=CARTESIAN_POINT('',(83.3727346398569,10.3482045478293,342.845894880273));
#13551=CARTESIAN_POINT('Origin',(74.2886288684195,3.32282089674024,342.845894880273));
#13552=CARTESIAN_POINT('',(76.4639385045218,7.89527001232935,342.845894880273));
#13553=CARTESIAN_POINT('Origin',(76.8935425038113,8.79828740075245,342.845894880273));
#13554=CARTESIAN_POINT('',(70.4590428188672,6.63545332679422,342.845894880273));
#13555=CARTESIAN_POINT('Ctrl Pts',(70.4590428188672,6.6354533267942,342.845894880273));
#13556=CARTESIAN_POINT('Ctrl Pts',(70.4590428188672,6.6354533267942,342.863564756161));
#13557=CARTESIAN_POINT('Ctrl Pts',(70.4605051746082,6.63785997571669,342.880992970338));
#13558=CARTESIAN_POINT('Ctrl Pts',(70.4674953925419,6.6493709005823,342.924183462232));
#13559=CARTESIAN_POINT('Ctrl Pts',(70.4745192221946,6.66094171290821,342.948576195594));
#13560=CARTESIAN_POINT('Ctrl Pts',(70.4949529138039,6.69465371108211,343.003701621702));
#13561=CARTESIAN_POINT('Ctrl Pts',(70.512866820782,6.72422437127416,343.04041294409));
#13562=CARTESIAN_POINT('Ctrl Pts',(70.5941758552122,6.85910772174755,343.16940274299));
#13563=CARTESIAN_POINT('Ctrl Pts',(70.6703466895075,6.98653676160628,343.254351427147));
#13564=CARTESIAN_POINT('Ctrl Pts',(70.8583012863868,7.30434076362687,343.445217344616));
#13565=CARTESIAN_POINT('Ctrl Pts',(71.0345945509719,7.60689932362345,343.594183000365));
#13566=CARTESIAN_POINT('Ctrl Pts',(71.3799801245098,8.22116818985564,343.788689981292));
#13567=CARTESIAN_POINT('Ctrl Pts',(71.5408341265005,8.51442156786403,343.845894880273));
#13568=CARTESIAN_POINT('Ctrl Pts',(71.6953605693252,8.8038124140957,343.845894880273));
#13569=CARTESIAN_POINT('Origin',(74.2886288684195,3.32282089674024,342.845894880273));
#13570=CARTESIAN_POINT('Ctrl Pts',(76.4639385045218,7.89527001232936,342.845894880273));
#13571=CARTESIAN_POINT('Ctrl Pts',(76.7924049249096,7.73900448561865,342.845894880273));
#13572=CARTESIAN_POINT('Ctrl Pts',(77.1542724609246,7.77589609088204,342.845894880273));
#13573=CARTESIAN_POINT('Ctrl Pts',(76.4639385045218,7.89527001232934,343.845894880273));
#13574=CARTESIAN_POINT('Ctrl Pts',(76.7924049249095,7.73900448561864,343.845894880273));
#13575=CARTESIAN_POINT('Ctrl Pts',(77.1542724609246,7.77589609088203,343.845894880273));
#13576=CARTESIAN_POINT('Ctrl Pts',(76.8935425038112,8.79828740075246,343.845894880273));
#13577=CARTESIAN_POINT('Ctrl Pts',(76.9693424469777,8.76222612535767,343.845894880273));
#13578=CARTESIAN_POINT('Ctrl Pts',(77.0528503399042,8.77073957272614,343.845894880273));
#13579=CARTESIAN_POINT('',(77.1542724609246,7.77589609088204,342.845894880273));
#13580=CARTESIAN_POINT('Origin',(77.0528503399043,8.77073957272616,342.845894880273));
#13581=CARTESIAN_POINT('Origin',(77.0224237035982,9.06919261727952,342.845894880273));
#13582=CARTESIAN_POINT('Origin',(58.3707415622828,6.86613936984085,342.845894880273));
#13583=CARTESIAN_POINT('',(58.4721636833032,5.87129588799673,342.845894880273));
#13584=CARTESIAN_POINT('Origin',(79.443782982722,15.4433674398986,345.845894880273));
#13585=CARTESIAN_POINT('',(80.4336993851346,16.2860212930521,345.845894880273));
#13586=CARTESIAN_POINT('Origin',(80.4336993851346,16.2860212930521,345.845894880273));
#13587=CARTESIAN_POINT('',(83.8669356141693,12.2527912262108,345.845894880273));
#13588=CARTESIAN_POINT('Origin',(83.4861985363182,11.9286935903826,345.845894880273));
#13589=CARTESIAN_POINT('',(83.9481383025739,11.7373518742,345.845894880273));
#13590=CARTESIAN_POINT('Origin',(83.9481383025739,11.7373518742,345.845894880273));
#13591=CARTESIAN_POINT('',(82.6486856583625,8.60019567688315,345.845894880273));
#13592=CARTESIAN_POINT('Origin',(82.1867458921068,8.79153739306576,345.845894880273));
#13593=CARTESIAN_POINT('',(82.237456952617,8.29411565214365,345.845894880273));
#13594=CARTESIAN_POINT('Origin',(82.237456952617,8.29411565214365,345.845894880273));
#13595=CARTESIAN_POINT('',(77.1542724609246,7.77589609088204,345.845894880273));
#13596=CARTESIAN_POINT('Origin',(77.0224237035982,9.06919261727952,345.845894880273));
#13597=CARTESIAN_POINT('',(76.4639385045218,7.89527001232935,345.845894880273));
#13598=CARTESIAN_POINT('Origin',(74.2886288684195,3.32282089674024,345.845894880273));
#13599=CARTESIAN_POINT('',(70.4590428188672,6.63545332679422,345.845894880273));
#13600=CARTESIAN_POINT('Ctrl Pts',(72.0816442753751,-6.26132935541416,343.845894880273));
#13601=CARTESIAN_POINT('Ctrl Pts',(72.2888467736064,-6.37147563847995,343.845894880273));
#13602=CARTESIAN_POINT('Ctrl Pts',(72.7729704457522,-6.62882978954575,343.662894016026));
#13603=CARTESIAN_POINT('Ctrl Pts',(73.005008726181,-6.75217846698146,343.145094180615));
#13604=CARTESIAN_POINT('Ctrl Pts',(73.005008726181,-6.75217846698146,342.845894880273));
#13605=CARTESIAN_POINT('Ctrl Pts',(72.0816442753751,-6.26132935541416,343.845894880273));
#13606=CARTESIAN_POINT('Ctrl Pts',(72.2940711609183,-6.3497931442839,343.845894880273));
#13607=CARTESIAN_POINT('Ctrl Pts',(72.7930914048588,-6.55799686901644,343.691786628523));
#13608=CARTESIAN_POINT('Ctrl Pts',(73.0789459039333,-6.67824128922914,343.164368241048));
#13609=CARTESIAN_POINT('Ctrl Pts',(73.0789459039333,-6.67824128922913,342.845894880273));
#13610=CARTESIAN_POINT('Ctrl Pts',(72.0816442753751,-6.26132935541416,343.845894880273));
#13611=CARTESIAN_POINT('Ctrl Pts',(72.3032138387141,-6.31184877944079,343.845894880273));
#13612=CARTESIAN_POINT('Ctrl Pts',(72.825503289012,-6.4307803973195,343.713796781227));
#13613=CARTESIAN_POINT('Ctrl Pts',(73.1659763775357,-6.50718471867621,343.179819969736));
#13614=CARTESIAN_POINT('Ctrl Pts',(73.1659763775357,-6.50718471867621,342.845894880273));
#13615=CARTESIAN_POINT('Ctrl Pts',(72.0816442753751,-6.26132935541416,343.845894880273));
#13616=CARTESIAN_POINT('Ctrl Pts',(72.31235651651,-6.27390441459769,343.845894880273));
#13617=CARTESIAN_POINT('Ctrl Pts',(72.8538690317005,-6.30322633476195,343.684539705381));
#13618=CARTESIAN_POINT('Ctrl Pts',(73.1513482990314,-6.31952343522145,343.159459133243));
#13619=CARTESIAN_POINT('Ctrl Pts',(73.1513482990314,-6.31952343522145,342.845894880273));
#13620=CARTESIAN_POINT('Ctrl Pts',(72.0816442753751,-6.26132935541416,343.845894880273));
#13621=CARTESIAN_POINT('Ctrl Pts',(72.3162748069939,-6.25764254395065,343.845894880273));
#13622=CARTESIAN_POINT('Ctrl Pts',(72.8644834219211,-6.24902839730949,343.662894016026));
#13623=CARTESIAN_POINT('Ctrl Pts',(73.1272373247826,-6.24489967589172,343.145094180615));
#13624=CARTESIAN_POINT('Ctrl Pts',(73.1272373247826,-6.24489967589172,342.845894880273));
#13625=CARTESIAN_POINT('',(73.005008726181,-6.75217846698146,342.845894880273));
#13626=CARTESIAN_POINT('',(73.1272373247826,-6.24489967589173,342.845894880273));
#13627=CARTESIAN_POINT('Origin',(72.6514553355876,-6.39862507638813,342.845894880273));
#13628=CARTESIAN_POINT('Origin',(72.0816442753752,-6.26132935541416,342.845894880273));
#13629=CARTESIAN_POINT('Origin',(72.0816442753752,-6.26132935541416,342.845894880273));
#13630=CARTESIAN_POINT('Origin',(64.1157658620253,18.3931614766142,342.845894880273));
#13631=CARTESIAN_POINT('',(71.498790967998,-1.20483834298082,342.845894880273));
#13632=CARTESIAN_POINT('',(65.0673298404151,18.700612277607,342.845894880273));
#13633=CARTESIAN_POINT('Origin',(70.5472269896083,-1.5122891439736,342.845894880273));
#13634=CARTESIAN_POINT('Ctrl Pts',(71.4987909679981,-1.20483834298087,342.845894880273));
#13635=CARTESIAN_POINT('Ctrl Pts',(71.3810169872429,-0.840326436307333,
342.845894880273));
#13636=CARTESIAN_POINT('Ctrl Pts',(71.08440471295,-0.597920167022684,342.845894880273));
#13637=CARTESIAN_POINT('Ctrl Pts',(71.4987909679981,-1.20483834298086,343.845894880273));
#13638=CARTESIAN_POINT('Ctrl Pts',(71.3810169872429,-0.840326436307311,
343.845894880273));
#13639=CARTESIAN_POINT('Ctrl Pts',(71.08440471295,-0.597920167022655,343.845894880273));
#13640=CARTESIAN_POINT('Ctrl Pts',(70.5472269896083,-1.51228914397359,343.845894880273));
#13641=CARTESIAN_POINT('Ctrl Pts',(70.5200483786648,-1.42817101166432,343.845894880273));
#13642=CARTESIAN_POINT('Ctrl Pts',(70.4515993922895,-1.37223110336787,343.845894880273));
#13643=CARTESIAN_POINT('Origin',(70.4515993922895,-1.37223110336788,342.845894880273));
#13644=CARTESIAN_POINT('Origin',(70.2617577960914,-1.6045243842714,342.845894880273));
#13645=CARTESIAN_POINT('Origin',(74.2886288684195,3.32282089674024,342.845894880273));
#13646=CARTESIAN_POINT('Ctrl Pts',(68.2251390703822,3.30282205907675,343.845894880273));
#13647=CARTESIAN_POINT('Ctrl Pts',(68.4545443325704,3.6140998014693,343.845894880273));
#13648=CARTESIAN_POINT('Ctrl Pts',(68.6895063013114,3.9419239179685,343.76575693576));
#13649=CARTESIAN_POINT('Ctrl Pts',(69.1072926604222,4.54076616636596,343.532648526765));
#13650=CARTESIAN_POINT('Ctrl Pts',(69.2911991166333,4.81231809195053,343.385904140855));
#13651=CARTESIAN_POINT('Ctrl Pts',(69.48797848957,5.10688942522847,343.186090990668));
#13652=CARTESIAN_POINT('Ctrl Pts',(69.5567808721349,5.21099823497395,343.105086541822));
#13653=CARTESIAN_POINT('Ctrl Pts',(69.6179168087549,5.30398142593243,342.99006053901));
#13654=CARTESIAN_POINT('Ctrl Pts',(69.630136645903,5.32262089694198,342.95955148235));
#13655=CARTESIAN_POINT('Ctrl Pts',(69.6441932233649,5.34407058811661,342.907824802717));
#13656=CARTESIAN_POINT('Ctrl Pts',(69.6484160602751,5.35052159790502,342.883725063589));
#13657=CARTESIAN_POINT('Ctrl Pts',(69.6495966691316,5.35232496552682,342.853911663046));
#13658=CARTESIAN_POINT('Ctrl Pts',(69.6496758187,5.35244586950461,342.849898990115));
#13659=CARTESIAN_POINT('Ctrl Pts',(69.6496758187,5.35244586950461,342.845894880273));
#13660=CARTESIAN_POINT('Ctrl Pts',(70.1079168688525,-8.23505676193683,343.845894880273));
#13661=CARTESIAN_POINT('Ctrl Pts',(70.1076832500491,-8.46924179689293,343.845894880273));
#13662=CARTESIAN_POINT('Ctrl Pts',(70.1071374053131,-9.01640951954274,343.662894016026));
#13663=CARTESIAN_POINT('Ctrl Pts',(70.1068757844066,-9.27866452745632,343.145094180615));
#13664=CARTESIAN_POINT('Ctrl Pts',(70.1068757844066,-9.27866452745632,342.845894880273));
#13665=CARTESIAN_POINT('Ctrl Pts',(70.1079168688525,-8.23505676193683,343.845894880273));
#13666=CARTESIAN_POINT('Ctrl Pts',(70.1289288597431,-8.46388139960735,343.845894880273));
#13667=CARTESIAN_POINT('Ctrl Pts',(70.1779771838505,-9.00165379477923,343.690741342342));
#13668=CARTESIAN_POINT('Ctrl Pts',(70.2050862618106,-9.30808972328342,343.163535633612));
#13669=CARTESIAN_POINT('Ctrl Pts',(70.2050862618106,-9.30808972328343,342.845894880273));
#13670=CARTESIAN_POINT('Ctrl Pts',(70.1079168688525,-8.23505676193684,343.845894880273));
#13671=CARTESIAN_POINT('Ctrl Pts',(70.1661086767077,-8.45450070435758,343.845894880273));
#13672=CARTESIAN_POINT('Ctrl Pts',(70.3034456669985,-8.97184833984439,343.711946936779));
#13673=CARTESIAN_POINT('Ctrl Pts',(70.3929023328889,-9.30480839348527,343.178282029744));
#13674=CARTESIAN_POINT('Ctrl Pts',(70.3929023328889,-9.30480839348527,342.845894880273));
#13675=CARTESIAN_POINT('Ctrl Pts',(70.1079168688525,-8.23505676193683,343.845894880273));
#13676=CARTESIAN_POINT('Ctrl Pts',(70.2032884936722,-8.44512000910781,343.845894880273));
#13677=CARTESIAN_POINT('Ctrl Pts',(70.4273038985652,-8.9381103150766,343.683757071557));
#13678=CARTESIAN_POINT('Ctrl Pts',(70.5495618405716,-9.2076253525908,343.158842034214));
#13679=CARTESIAN_POINT('Ctrl Pts',(70.5495618405716,-9.2076253525908,342.845894880273));
#13680=CARTESIAN_POINT('Ctrl Pts',(70.1079168688525,-8.23505676193683,343.845894880273));
#13681=CARTESIAN_POINT('Ctrl Pts',(70.2192227009427,-8.44109971114363,343.845894880273));
#13682=CARTESIAN_POINT('Ctrl Pts',(70.4792861105191,-8.92251412477888,343.662894016026));
#13683=CARTESIAN_POINT('Ctrl Pts',(70.6039333232717,-9.15325386989065,343.145094180615));
#13684=CARTESIAN_POINT('Ctrl Pts',(70.6039333232717,-9.15325386989065,342.845894880273));
#13685=CARTESIAN_POINT('',(70.1068757844066,-9.27866452745632,342.845894880273));
#13686=CARTESIAN_POINT('',(70.6039333232717,-9.15325386989066,342.845894880273));
#13687=CARTESIAN_POINT('Origin',(70.2503799326784,-8.79970047929734,342.845894880273));
#13688=CARTESIAN_POINT('Origin',(70.1079168688525,-8.23505676193682,342.845894880273));
#13689=CARTESIAN_POINT('Origin',(70.1079168688525,-8.23505676193682,342.845894880273));
#13690=CARTESIAN_POINT('Origin',(71.2346946111611,-7.1082790196282,342.845894880273));
#13691=CARTESIAN_POINT('',(71.9418013923477,-7.81538580081475,342.845894880273));
#13692=CARTESIAN_POINT('Origin',(60.8606840696693,-10.8296571875135,342.845894880273));
#13693=CARTESIAN_POINT('',(64.6202086412072,-7.4377199941719,342.845894880273));
#13694=CARTESIAN_POINT('Origin',(65.3626807769228,-6.76784304451186,342.845894880273));
#13695=CARTESIAN_POINT('',(58.5902974489942,-6.30366475267337,342.845894880273));
#13696=CARTESIAN_POINT('Ctrl Pts',(58.5902974489941,-6.30366475267341,342.845894880273));
#13697=CARTESIAN_POINT('Ctrl Pts',(58.5902974489941,-6.30366475267341,342.863564756162));
#13698=CARTESIAN_POINT('Ctrl Pts',(58.5925694742028,-6.30200091830612,342.88099297034));
#13699=CARTESIAN_POINT('Ctrl Pts',(58.6034326337171,-6.29404125101422,342.924183462234));
#13700=CARTESIAN_POINT('Ctrl Pts',(58.6143497643496,-6.28603911757128,342.948576195596));
#13701=CARTESIAN_POINT('Ctrl Pts',(58.6461290569569,-6.26271292771196,343.003701621674));
#13702=CARTESIAN_POINT('Ctrl Pts',(58.6739955506862,-6.24224855541795,343.040412944058));
#13703=CARTESIAN_POINT('Ctrl Pts',(58.8007329269698,-6.1487482089897,343.169402742996));
#13704=CARTESIAN_POINT('Ctrl Pts',(58.9198705841065,-6.06016844353022,343.254351427152));
#13705=CARTESIAN_POINT('Ctrl Pts',(59.2151363155228,-5.83848294097157,343.445217344624));
#13706=CARTESIAN_POINT('Ctrl Pts',(59.4937942026316,-5.62641979159216,343.594183000372));
#13707=CARTESIAN_POINT('Ctrl Pts',(60.0479593829519,-5.19108269540852,343.788689981292));
#13708=CARTESIAN_POINT('Ctrl Pts',(60.3087923123627,-4.98170806321814,343.845894880273));
#13709=CARTESIAN_POINT('Ctrl Pts',(60.5623012124512,-4.77348049301983,343.845894880273));
#13710=CARTESIAN_POINT('Origin',(60.8606840696693,-10.8296571875135,342.845894880273));
#13711=CARTESIAN_POINT('Ctrl Pts',(64.6202086412072,-7.43771999417189,342.845894880273));
#13712=CARTESIAN_POINT('Ctrl Pts',(64.8638718159987,-7.70778917310765,342.845894880273));
#13713=CARTESIAN_POINT('Ctrl Pts',(65.2123116321309,-7.81218648482706,342.845894880273));
#13714=CARTESIAN_POINT('Ctrl Pts',(64.6202086412072,-7.4377199941719,343.845894880273));
#13715=CARTESIAN_POINT('Ctrl Pts',(64.8638718159986,-7.70778917310766,343.845894880273));
#13716=CARTESIAN_POINT('Ctrl Pts',(65.2123116321309,-7.81218648482707,343.845894880273));
#13717=CARTESIAN_POINT('Ctrl Pts',(65.3626807769228,-6.76784304451184,343.845894880273));
#13718=CARTESIAN_POINT('Ctrl Pts',(65.4189107403362,-6.83016670118935,343.845894880273));
#13719=CARTESIAN_POINT('Ctrl Pts',(65.4993199286745,-6.85425838850922,343.845894880273));
#13720=CARTESIAN_POINT('',(65.2123116321309,-7.81218648482706,342.845894880273));
#13721=CARTESIAN_POINT('Origin',(65.4993199286745,-6.85425838850921,342.845894880273));
#13722=CARTESIAN_POINT('Origin',(65.5854224176376,-6.56687995961374,342.845894880273));
#13723=CARTESIAN_POINT('Origin',(47.5104430619573,-1.46454602273368,342.845894880273));
#13724=CARTESIAN_POINT('',(47.2234347654137,-2.42247411905154,342.845894880273));
#13725=CARTESIAN_POINT('Origin',(70.2617577960914,-1.6045243842714,345.845894880273));
#13726=CARTESIAN_POINT('',(71.498790967998,-1.20483834298082,345.845894880273));
#13727=CARTESIAN_POINT('Origin',(71.498790967998,-1.20483834298082,345.845894880273));
#13728=CARTESIAN_POINT('',(73.1272373247826,-6.24489967589177,345.845894880273));
#13729=CARTESIAN_POINT('Origin',(72.6514553355876,-6.39862507638812,345.845894880273));
#13730=CARTESIAN_POINT('',(73.005008726181,-6.75217846698143,345.845894880273));
#13731=CARTESIAN_POINT('Origin',(73.005008726181,-6.75217846698144,345.845894880273));
#13732=CARTESIAN_POINT('',(70.6039333232717,-9.15325386989068,345.845894880273));
#13733=CARTESIAN_POINT('Origin',(70.2503799326784,-8.79970047929733,345.845894880273));
#13734=CARTESIAN_POINT('',(70.1068757844067,-9.27866452745633,345.845894880273));
#13735=CARTESIAN_POINT('Origin',(70.1068757844067,-9.27866452745633,345.845894880273));
#13736=CARTESIAN_POINT('',(65.2123116321309,-7.81218648482706,345.845894880273));
#13737=CARTESIAN_POINT('Origin',(65.5854224176376,-6.56687995961374,345.845894880273));
#13738=CARTESIAN_POINT('',(64.6202086412072,-7.4377199941719,345.845894880273));
#13739=CARTESIAN_POINT('Origin',(60.8606840696693,-10.8296571875135,345.845894880273));
#13740=CARTESIAN_POINT('',(58.5902974489942,-6.30366475267337,345.845894880273));
#13741=CARTESIAN_POINT('Ctrl Pts',(55.1540006607907,-18.8396810027488,343.845894880273));
#13742=CARTESIAN_POINT('Ctrl Pts',(55.3032796503258,-19.0207358624732,343.845894880273));
#13743=CARTESIAN_POINT('Ctrl Pts',(55.6520667983035,-19.4437666476319,343.662894676058));
#13744=CARTESIAN_POINT('Ctrl Pts',(55.8192383551507,-19.6465227278354,343.145094180615));
#13745=CARTESIAN_POINT('Ctrl Pts',(55.8192383551508,-19.6465227278354,342.845894880273));
#13746=CARTESIAN_POINT('Ctrl Pts',(55.1540006607907,-18.8396810027488,343.845894880273));
#13747=CARTESIAN_POINT('Ctrl Pts',(55.3164038861344,-19.0027031363402,343.845894880273));
#13748=CARTESIAN_POINT('Ctrl Pts',(55.6977627156708,-19.3860254411057,343.691787439071));
#13749=CARTESIAN_POINT('Ctrl Pts',(55.9158419333294,-19.60650821558,343.164368241048));
#13750=CARTESIAN_POINT('Ctrl Pts',(55.9158419333294,-19.60650821558,342.845894880273));
#13751=CARTESIAN_POINT('Ctrl Pts',(55.1540006607907,-18.8396810027488,343.845894880273));
#13752=CARTESIAN_POINT('Ctrl Pts',(55.3393712987994,-18.9711458656075,343.845894880273));
#13753=CARTESIAN_POINT('Ctrl Pts',(55.7763908462865,-19.2808959918532,343.713797916269));
#13754=CARTESIAN_POINT('Ctrl Pts',(56.0617081618654,-19.4817776968364,343.179819969736));
#13755=CARTESIAN_POINT('Ctrl Pts',(56.0617081618655,-19.4817776968364,342.845894880273));
#13756=CARTESIAN_POINT('Ctrl Pts',(55.1540006607907,-18.8396810027488,343.845894880273));
#13757=CARTESIAN_POINT('Ctrl Pts',(55.3623387114643,-18.9395885948747,343.845894880273));
#13758=CARTESIAN_POINT('Ctrl Pts',(55.8514104272782,-19.173906555483,343.684540527884));
#13759=CARTESIAN_POINT('Ctrl Pts',(56.1200084038876,-19.3028033293836,343.159459133242));
#13760=CARTESIAN_POINT('Ctrl Pts',(56.1200084038876,-19.3028033293836,342.845894880273));
#13761=CARTESIAN_POINT('Ctrl Pts',(55.1540006607907,-18.8396810027488,343.845894880273));
#13762=CARTESIAN_POINT('Ctrl Pts',(55.3721818883208,-18.926064050275,343.845894880273));
#13763=CARTESIAN_POINT('Ctrl Pts',(55.8819576332495,-19.1278961826743,343.662894676058));
#13764=CARTESIAN_POINT('Ctrl Pts',(56.1262900446265,-19.2246330951166,343.145094180615));
#13765=CARTESIAN_POINT('Ctrl Pts',(56.1262900446266,-19.2246330951166,342.845894880273));
#13766=CARTESIAN_POINT('',(55.8192383551508,-19.6465227278354,342.845894880273));
#13767=CARTESIAN_POINT('',(56.1262900446266,-19.2246330951166,342.845894880273));
#13768=CARTESIAN_POINT('Origin',(55.6278966389682,-19.1845829615797,342.845894880273));
#13769=CARTESIAN_POINT('Origin',(55.1540006607907,-18.8396810027488,342.845894880273));
#13770=CARTESIAN_POINT('Origin',(55.1540006607907,-18.8396810027488,342.845894880273));
#13771=CARTESIAN_POINT('Origin',(57.2293538110374,6.98650815447202,342.845894880273));
#13772=CARTESIAN_POINT('',(56.5505497560097,-13.9450441458019,342.845894880273));
#13773=CARTESIAN_POINT('',(58.226140622354,6.90640788739828,342.845894880273));
#13774=CARTESIAN_POINT('Origin',(55.5537629446931,-13.8649438787282,342.845894880273));
#13775=CARTESIAN_POINT('Ctrl Pts',(56.5505497560097,-13.945044145802,342.845894880273));
#13776=CARTESIAN_POINT('Ctrl Pts',(56.5812334533114,-13.563208904671,342.845894880273));
#13777=CARTESIAN_POINT('Ctrl Pts',(56.3999643071573,-13.2257461107185,342.845894880273));
#13778=CARTESIAN_POINT('Ctrl Pts',(56.5505497560097,-13.945044145802,343.845894880273));
#13779=CARTESIAN_POINT('Ctrl Pts',(56.5812334533114,-13.563208904671,343.845894880273));
#13780=CARTESIAN_POINT('Ctrl Pts',(56.3999643071573,-13.2257461107185,343.845894880273));
#13781=CARTESIAN_POINT('Ctrl Pts',(55.5537629446931,-13.8649438787282,343.845894880273));
#13782=CARTESIAN_POINT('Ctrl Pts',(55.5608437979165,-13.7768280538518,343.845894880273));
#13783=CARTESIAN_POINT('Ctrl Pts',(55.5190124564964,-13.6989520244782,343.845894880273));
#13784=CARTESIAN_POINT('Origin',(55.5190124564964,-13.6989520244782,342.845894880273));
#13785=CARTESIAN_POINT('Origin',(55.2547269012981,-13.840913798606,342.845894880273));
#13786=CARTESIAN_POINT('Origin',(60.8606840696693,-10.8296571875135,342.845894880273));
#13787=CARTESIAN_POINT('Ctrl Pts',(55.2510967258313,-8.52773661628121,343.845894880273));
#13788=CARTESIAN_POINT('Ctrl Pts',(55.582160387117,-8.32794307428192,343.845894880273));
#13789=CARTESIAN_POINT('Ctrl Pts',(55.9246897990685,-8.11498913545748,343.765756935752));
#13790=CARTESIAN_POINT('Ctrl Pts',(56.539841072274,-7.72161095686072,343.532648526757));
#13791=CARTESIAN_POINT('Ctrl Pts',(56.8136669060052,-7.54110764470021,343.385904140846));
#13792=CARTESIAN_POINT('Ctrl Pts',(57.1081949099706,-7.34426342487851,343.186090990664));
#13793=CARTESIAN_POINT('Ctrl Pts',(57.2116007396611,-7.27440895831674,343.105086541817));
#13794=CARTESIAN_POINT('Ctrl Pts',(57.3036661068587,-7.21189940139918,342.990060539023));
#13795=CARTESIAN_POINT('Ctrl Pts',(57.3220887810391,-7.19935510485579,342.959551482363));
#13796=CARTESIAN_POINT('Ctrl Pts',(57.3432838067009,-7.18491739350747,342.907824802715));
#13797=CARTESIAN_POINT('Ctrl Pts',(57.3496538938589,-7.18057344732332,342.883725063588));
#13798=CARTESIAN_POINT('Ctrl Pts',(57.3514347531286,-7.17935915233752,342.853911663046));
#13799=CARTESIAN_POINT('Ctrl Pts',(57.3515541457441,-7.17927774085549,342.849898990115));
#13800=CARTESIAN_POINT('Ctrl Pts',(57.3515541457441,-7.17927774085549,342.845894880273));
#13801=CARTESIAN_POINT('Ctrl Pts',(52.5752015286666,-19.9078545779105,343.845894880273));
#13802=CARTESIAN_POINT('Ctrl Pts',(52.4853669600503,-20.1241239364814,343.845894880273));
#13803=CARTESIAN_POINT('Ctrl Pts',(52.2754703283101,-20.6294328683525,343.662894959462));
#13804=CARTESIAN_POINT('Ctrl Pts',(52.1748682903037,-20.8716240266747,343.145094180615));
#13805=CARTESIAN_POINT('Ctrl Pts',(52.1748682903037,-20.8716240266747,342.845894880273));
#13806=CARTESIAN_POINT('Ctrl Pts',(52.5752015286666,-19.9078545779105,343.845894880273));
#13807=CARTESIAN_POINT('Ctrl Pts',(52.5070466792344,-20.1273019179835,343.845894880273));
#13808=CARTESIAN_POINT('Ctrl Pts',(52.3465646164381,-20.6429094925232,343.69074248599));
#13809=CARTESIAN_POINT('Ctrl Pts',(52.2543424053182,-20.9363928854267,343.163535633612));
#13810=CARTESIAN_POINT('Ctrl Pts',(52.2543424053182,-20.9363928854267,342.845894880273));
#13811=CARTESIAN_POINT('Ctrl Pts',(52.5752015286666,-19.9078545779105,343.845894880273));
#13812=CARTESIAN_POINT('Ctrl Pts',(52.5449861878066,-20.1328633856122,343.845894880273));
#13813=CARTESIAN_POINT('Ctrl Pts',(52.4738886155002,-20.6633871803144,343.711948509275));
#13814=CARTESIAN_POINT('Ctrl Pts',(52.4291175344946,-21.0052354928604,343.178282029744));
#13815=CARTESIAN_POINT('Ctrl Pts',(52.4291175344946,-21.0052354928604,342.845894880273));
#13816=CARTESIAN_POINT('Ctrl Pts',(52.5752015286667,-19.9078545779105,343.845894880273));
#13817=CARTESIAN_POINT('Ctrl Pts',(52.5829256963788,-20.1384248532409,343.845894880273));
#13818=CARTESIAN_POINT('Ctrl Pts',(52.6012297665392,-20.679616112252,343.683758230801));
#13819=CARTESIAN_POINT('Ctrl Pts',(52.6110423921925,-20.9754010064433,343.158842034214));
#13820=CARTESIAN_POINT('Ctrl Pts',(52.6110423921925,-20.9754010064433,342.845894880273));
#13821=CARTESIAN_POINT('Ctrl Pts',(52.5752015286667,-19.9078545779105,343.845894880273));
#13822=CARTESIAN_POINT('Ctrl Pts',(52.5991854857669,-20.1408083393675,343.845894880273));
#13823=CARTESIAN_POINT('Ctrl Pts',(52.6552235108687,-20.6851000372531,343.662894959462));
#13824=CARTESIAN_POINT('Ctrl Pts',(52.682082157834,-20.9459753720468,343.145094180615));
#13825=CARTESIAN_POINT('Ctrl Pts',(52.682082157834,-20.9459753720468,342.845894880273));
#13826=CARTESIAN_POINT('',(52.1748682903037,-20.8716240266747,342.845894880273));
#13827=CARTESIAN_POINT('',(52.682082157834,-20.9459753720468,342.845894880273));
#13828=CARTESIAN_POINT('Origin',(52.4907404416514,-20.4840356057911,342.845894880273));
#13829=CARTESIAN_POINT('Origin',(52.5752015286667,-19.9078545779105,342.845894880273));
#13830=CARTESIAN_POINT('Origin',(52.5752015286667,-19.9078545779105,342.845894880273));
#13831=CARTESIAN_POINT('Origin',(54.0474075964137,-19.2980468580417,342.845894880273));
#13832=CARTESIAN_POINT('',(54.4300910287788,-20.221926390553,342.845894880273));
#13833=CARTESIAN_POINT('Origin',(43.0389618166587,-18.7661900186755,342.845894880273));
#13834=CARTESIAN_POINT('',(47.8103477877906,-17.0711564372803,342.845894880273));
#13835=CARTESIAN_POINT('Origin',(48.7526534077963,-16.7364026195195,342.845894880273));
#13836=CARTESIAN_POINT('',(42.6734204067523,-13.71587889903,342.845894880273));
#13837=CARTESIAN_POINT('Ctrl Pts',(42.6734204067523,-13.71587889903,342.845894880273));
#13838=CARTESIAN_POINT('Ctrl Pts',(42.6734204067523,-13.71587889903,342.863564756161));
#13839=CARTESIAN_POINT('Ctrl Pts',(42.6761562061863,-13.7152111829179,342.880992970339));
#13840=CARTESIAN_POINT('Ctrl Pts',(42.6892384897195,-13.7120145603906,342.924183462233));
#13841=CARTESIAN_POINT('Ctrl Pts',(42.7023868871564,-13.7087993581084,342.948576195595));
#13842=CARTESIAN_POINT('Ctrl Pts',(42.7406736715799,-13.6994101774925,343.003701621711));
#13843=CARTESIAN_POINT('Ctrl Pts',(42.774250331033,-13.6911676082469,343.040412944099));
#13844=CARTESIAN_POINT('Ctrl Pts',(42.9271214324287,-13.653284846078,343.169402742991));
#13845=CARTESIAN_POINT('Ctrl Pts',(43.0710882840918,-13.6170398213326,343.254351427148));
#13846=CARTESIAN_POINT('Ctrl Pts',(43.42871361902,-13.5252224264235,343.445217344618));
#13847=CARTESIAN_POINT('Ctrl Pts',(43.7673129913663,-13.4359393798091,343.594183000366));
#13848=CARTESIAN_POINT('Ctrl Pts',(44.4458911533189,-13.2458101801985,343.788689981292));
#13849=CARTESIAN_POINT('Ctrl Pts',(44.7669935611032,-13.1521896835915,343.845894880273));
#13850=CARTESIAN_POINT('Ctrl Pts',(45.080890486481,-13.0568261494017,343.845894880273));
#13851=CARTESIAN_POINT('Origin',(43.0389618166587,-18.7661900186755,342.845894880273));
#13852=CARTESIAN_POINT('Ctrl Pts',(47.8103477877906,-17.0711564372803,342.845894880273));
#13853=CARTESIAN_POINT('Ctrl Pts',(47.932112207436,-17.4139136841314,342.845894880273));
#13854=CARTESIAN_POINT('Ctrl Pts',(48.2140775002941,-17.6437063684883,342.845894880273));
#13855=CARTESIAN_POINT('Ctrl Pts',(47.8103477877905,-17.0711564372803,343.845894880273));
#13856=CARTESIAN_POINT('Ctrl Pts',(47.9321122074359,-17.4139136841314,343.845894880273));
#13857=CARTESIAN_POINT('Ctrl Pts',(48.214077500294,-17.6437063684883,343.845894880273));
#13858=CARTESIAN_POINT('Ctrl Pts',(48.7526534077963,-16.7364026195194,343.845894880273));
#13859=CARTESIAN_POINT('Ctrl Pts',(48.7807528892529,-16.8155004457159,343.845894880273));
#13860=CARTESIAN_POINT('Ctrl Pts',(48.8458218029895,-16.8685295267213,343.845894880273));
#13861=CARTESIAN_POINT('',(48.2140775002941,-17.6437063684883,342.845894880273));
#13862=CARTESIAN_POINT('Origin',(48.8458218029895,-16.8685295267213,342.845894880273));
#13863=CARTESIAN_POINT('Origin',(49.0353450937982,-16.6359764741911,342.845894880273));
#13864=CARTESIAN_POINT('Origin',(34.2888202805596,-5.00503944211028,342.845894880273));
#13865=CARTESIAN_POINT('',(33.6570759778642,-5.78021628387731,342.845894880273));
#13866=CARTESIAN_POINT('Origin',(55.2547269012981,-13.840913798606,345.845894880273));
#13867=CARTESIAN_POINT('',(56.5505497560097,-13.9450441458019,345.845894880273));
#13868=CARTESIAN_POINT('Origin',(56.5505497560097,-13.9450441458019,345.845894880273));
#13869=CARTESIAN_POINT('',(56.1262900446265,-19.2246330951166,345.845894880273));
#13870=CARTESIAN_POINT('Origin',(55.6278966389682,-19.1845829615797,345.845894880273));
#13871=CARTESIAN_POINT('',(55.8192383551508,-19.6465227278354,345.845894880273));
#13872=CARTESIAN_POINT('Origin',(55.8192383551508,-19.6465227278354,345.845894880273));
#13873=CARTESIAN_POINT('',(52.6820821578339,-20.9459753720469,345.845894880273));
#13874=CARTESIAN_POINT('Origin',(52.4907404416514,-20.4840356057911,345.845894880273));
#13875=CARTESIAN_POINT('',(52.1748682903037,-20.8716240266747,345.845894880273));
#13876=CARTESIAN_POINT('Origin',(52.1748682903037,-20.8716240266747,345.845894880273));
#13877=CARTESIAN_POINT('',(48.2140775002941,-17.6437063684883,345.845894880273));
#13878=CARTESIAN_POINT('Origin',(49.0353450937982,-16.6359764741911,345.845894880273));
#13879=CARTESIAN_POINT('',(47.8103477877906,-17.0711564372803,345.845894880273));
#13880=CARTESIAN_POINT('Origin',(43.0389618166587,-18.7661900186755,345.845894880273));
#13881=CARTESIAN_POINT('',(42.6734204067523,-13.71587889903,345.845894880273));
#13882=CARTESIAN_POINT('Ctrl Pts',(34.7013704097336,-23.9826338821687,343.845894880273));
#13883=CARTESIAN_POINT('Ctrl Pts',(34.7699995176334,-24.2070333574251,343.845894880273));
#13884=CARTESIAN_POINT('Ctrl Pts',(34.9303505839354,-24.7313399706991,343.662897155315));
#13885=CARTESIAN_POINT('Ctrl Pts',(35.0072049390764,-24.9826338821686,343.145094180615));
#13886=CARTESIAN_POINT('Ctrl Pts',(35.0072049390764,-24.9826338821687,342.845894880273));
#13887=CARTESIAN_POINT('Ctrl Pts',(34.7013704097336,-23.9826338821687,343.845894880273));
#13888=CARTESIAN_POINT('Ctrl Pts',(34.7890255560083,-24.1953957184418,343.845894880273));
#13889=CARTESIAN_POINT('Ctrl Pts',(34.9946647879866,-24.6954808346563,343.691790483709));
#13890=CARTESIAN_POINT('Ctrl Pts',(35.1117678986173,-24.9826338821686,343.164368241047));
#13891=CARTESIAN_POINT('Ctrl Pts',(35.1117678986173,-24.9826338821687,342.845894880273));
#13892=CARTESIAN_POINT('Ctrl Pts',(34.7013704097336,-23.9826338821687,343.845894880273));
#13893=CARTESIAN_POINT('Ctrl Pts',(34.8223211231643,-24.1750298502211,343.845894880273));
#13894=CARTESIAN_POINT('Ctrl Pts',(35.1075387294966,-24.6284424561636,343.713802179979));
#13895=CARTESIAN_POINT('Ctrl Pts',(35.2942631262871,-24.9232186430859,343.179819969736));
#13896=CARTESIAN_POINT('Ctrl Pts',(35.2942631262871,-24.9232186430859,342.845894880273));
#13897=CARTESIAN_POINT('Ctrl Pts',(34.7013704097336,-23.9826338821687,343.845894880273));
#13898=CARTESIAN_POINT('Ctrl Pts',(34.8556166903203,-24.1546639820004,343.845894880273));
#13899=CARTESIAN_POINT('Ctrl Pts',(35.21779157798,-24.5583063595292,343.684543617428));
#13900=CARTESIAN_POINT('Ctrl Pts',(35.4166159502668,-24.7801782796151,343.159459133242));
#13901=CARTESIAN_POINT('Ctrl Pts',(35.4166159502668,-24.7801782796151,342.845894880273));
#13902=CARTESIAN_POINT('Ctrl Pts',(34.7013704097337,-23.9826338821687,343.845894880273));
#13903=CARTESIAN_POINT('Ctrl Pts',(34.8698862191014,-24.1459357527629,343.845894880273));
#13904=CARTESIAN_POINT('Ctrl Pts',(35.2636213345325,-24.5274885643939,343.662897155315));
#13905=CARTESIAN_POINT('Ctrl Pts',(35.4523338831341,-24.7103622799631,343.145094180615));
#13906=CARTESIAN_POINT('Ctrl Pts',(35.4523338831342,-24.7103622799631,342.845894880273));
#13907=CARTESIAN_POINT('',(35.0072049390764,-24.9826338821687,342.845894880273));
#13908=CARTESIAN_POINT('',(35.4523338831342,-24.7103622799631,342.845894880273));
#13909=CARTESIAN_POINT('Origin',(35.0072049390764,-24.4826338821686,342.845894880273));
#13910=CARTESIAN_POINT('Origin',(34.7013704097336,-23.9826338821687,342.845894880273));
#13911=CARTESIAN_POINT('Origin',(34.7013704097336,-23.9826338821687,342.845894880273));
#13912=CARTESIAN_POINT('Origin',(46.5020014195743,-0.916549583954503,342.845894880273));
#13913=CARTESIAN_POINT('',(37.8647099675507,-19.9950152721849,342.845894880273));
#13914=CARTESIAN_POINT('',(47.3922593076897,-1.37200637954351,342.845894880273));
#13915=CARTESIAN_POINT('Origin',(36.9744520794352,-19.5395584765959,342.845894880273));
#13916=CARTESIAN_POINT('Ctrl Pts',(37.8647099675507,-19.9950152721849,342.845894880273));
#13917=CARTESIAN_POINT('Ctrl Pts',(38.0391800281435,-19.6539876507136,342.845894880273));
#13918=CARTESIAN_POINT('Ctrl Pts',(38.0008505944211,-19.2728439833646,342.845894880273));
#13919=CARTESIAN_POINT('Ctrl Pts',(37.8647099675507,-19.995015272185,343.845894880273));
#13920=CARTESIAN_POINT('Ctrl Pts',(38.0391800281435,-19.6539876507136,343.845894880273));
#13921=CARTESIAN_POINT('Ctrl Pts',(38.0008505944212,-19.2728439833646,343.845894880273));
#13922=CARTESIAN_POINT('Ctrl Pts',(36.9744520794352,-19.5395584765959,343.845894880273));
#13923=CARTESIAN_POINT('Ctrl Pts',(37.0147144011105,-19.4608597947179,343.845894880273));
#13924=CARTESIAN_POINT('Ctrl Pts',(37.0058691471746,-19.3729035637912,343.845894880273));
#13925=CARTESIAN_POINT('Origin',(37.0058691471746,-19.3729035637912,342.845894880273));
#13926=CARTESIAN_POINT('Origin',(36.7073747130007,-19.4029214379192,342.845894880273));
#13927=CARTESIAN_POINT('Origin',(43.0389618166587,-18.7661900186755,342.845894880273));
#13928=CARTESIAN_POINT('Ctrl Pts',(38.7372857490833,-14.4927965785555,343.845894880273));
#13929=CARTESIAN_POINT('Ctrl Pts',(39.1196063681283,-14.4349039926054,343.845894880273));
#13930=CARTESIAN_POINT('Ctrl Pts',(39.5175562253583,-14.3692405382092,343.765756935749));
#13931=CARTESIAN_POINT('Ctrl Pts',(40.236421207672,-14.2412146911215,343.532648526756));
#13932=CARTESIAN_POINT('Ctrl Pts',(40.5584789179775,-14.1792399853888,343.385904140844));
#13933=CARTESIAN_POINT('Ctrl Pts',(40.9059163342746,-14.1100906270876,343.186090990662));
#13934=CARTESIAN_POINT('Ctrl Pts',(41.0281830108965,-14.0851252130094,343.105086541815));
#13935=CARTESIAN_POINT('Ctrl Pts',(41.1371616911027,-14.0626058035076,342.990060539019));
#13936=CARTESIAN_POINT('Ctrl Pts',(41.1589825171679,-14.0580664368705,342.959551482359));
#13937=CARTESIAN_POINT('Ctrl Pts',(41.1840892405002,-14.0528387160292,342.907824802715));
#13938=CARTESIAN_POINT('Ctrl Pts',(41.1916367898816,-14.0512631598774,342.883725063587));
#13939=CARTESIAN_POINT('Ctrl Pts',(41.1937467798842,-14.0508228029315,342.853911663046));
#13940=CARTESIAN_POINT('Ctrl Pts',(41.1938882391033,-14.0507932781055,342.849898990115));
#13941=CARTESIAN_POINT('Ctrl Pts',(41.1938882391033,-14.0507932781055,342.845894880273));
#13942=CARTESIAN_POINT('Ctrl Pts',(31.9100983430018,-23.9826338821687,343.845894880273));
#13943=CARTESIAN_POINT('Ctrl Pts',(31.7443393232919,-24.1480625149985,343.845894880273));
#13944=CARTESIAN_POINT('Ctrl Pts',(31.3570450620628,-24.5345848306473,343.662897725323));
#13945=CARTESIAN_POINT('Ctrl Pts',(31.1714200572326,-24.719839852195,343.145094180615));
#13946=CARTESIAN_POINT('Ctrl Pts',(31.1714200572326,-24.719839852195,342.845894880273));
#13947=CARTESIAN_POINT('Ctrl Pts',(31.9100983430018,-23.9826338821687,343.845894880273));
#13948=CARTESIAN_POINT('Ctrl Pts',(31.7631526112474,-24.1592950564131,343.845894880273));
#13949=CARTESIAN_POINT('Ctrl Pts',(31.4175706792073,-24.5742421223296,343.690745838811));
#13950=CARTESIAN_POINT('Ctrl Pts',(31.2200585962814,-24.810091902258,343.163535633611));
#13951=CARTESIAN_POINT('Ctrl Pts',(31.2200585962814,-24.810091902258,342.845894880273));
#13952=CARTESIAN_POINT('Ctrl Pts',(31.9100983430018,-23.9826338821687,343.845894880273));
#13953=CARTESIAN_POINT('Ctrl Pts',(31.7960758651697,-24.1789520038886,343.845894880273));
#13954=CARTESIAN_POINT('Ctrl Pts',(31.5273671539636,-24.6418850194055,343.711953119572));
#13955=CARTESIAN_POINT('Ctrl Pts',(31.3551847513206,-24.940577887224,343.178282029744));
#13956=CARTESIAN_POINT('Ctrl Pts',(31.3551847513206,-24.940577887224,342.845894880273));
#13957=CARTESIAN_POINT('Ctrl Pts',(31.9100983430018,-23.9826338821687,343.845894880273));
#13958=CARTESIAN_POINT('Ctrl Pts',(31.8289991190919,-24.1986089513641,343.845894880273));
#13959=CARTESIAN_POINT('Ctrl Pts',(31.6388043709315,-24.7056108771397,343.683761629345));
#13960=CARTESIAN_POINT('Ctrl Pts',(31.5346786517608,-24.9826338821687,343.158842034214));
#13961=CARTESIAN_POINT('Ctrl Pts',(31.5346786517608,-24.9826338821687,342.845894880273));
#13962=CARTESIAN_POINT('Ctrl Pts',(31.9100983430018,-23.9826338821687,343.845894880273));
#13963=CARTESIAN_POINT('Ctrl Pts',(31.8431090850586,-24.2070333574251,343.845894880273));
#13964=CARTESIAN_POINT('Ctrl Pts',(31.6865893661872,-24.7313404457616,343.662897725323));
#13965=CARTESIAN_POINT('Ctrl Pts',(31.6115715400017,-24.9826338821687,343.145094180615));
#13966=CARTESIAN_POINT('Ctrl Pts',(31.6115715400017,-24.9826338821687,342.845894880273));
#13967=CARTESIAN_POINT('',(31.1714200572326,-24.719839852195,342.845894880273));
#13968=CARTESIAN_POINT('',(31.6115715400017,-24.9826338821687,342.845894880273));
#13969=CARTESIAN_POINT('Origin',(31.6115715400017,-24.4826338821686,342.845894880273));
#13970=CARTESIAN_POINT('Origin',(31.9100983430018,-23.9826338821687,342.845894880273));
#13971=CARTESIAN_POINT('Origin',(31.9100983430018,-23.9826338821687,342.845894880273));
#13972=CARTESIAN_POINT('Origin',(33.5036027079541,-23.9826338821687,342.845894880273));
#13973=CARTESIAN_POINT('',(33.5036027079541,-24.9826338821687,342.845894880273));
#13974=CARTESIAN_POINT('Origin',(23.5366577680939,-19.2785124180504,342.845894880273));
#13975=CARTESIAN_POINT('',(28.5935048774365,-19.5384359458515,342.845894880273));
#13976=CARTESIAN_POINT('Origin',(29.5921864931083,-19.589768494193,342.845894880273));
#13977=CARTESIAN_POINT('',(25.1316119349739,-14.4727467003813,342.845894880273));
#13978=CARTESIAN_POINT('Ctrl Pts',(25.1316119349738,-14.4727467003813,342.845894880273));
#13979=CARTESIAN_POINT('Ctrl Pts',(25.1316119349738,-14.4727467003813,342.863564756162));
#13980=CARTESIAN_POINT('Ctrl Pts',(25.1343950079698,-14.4731767562495,342.88099297034));
#13981=CARTESIAN_POINT('Ctrl Pts',(25.1477047564456,-14.4752298352891,342.924183462235));
#13982=CARTESIAN_POINT('Ctrl Pts',(25.1610826963686,-14.477291049569,342.948576195596));
#13983=CARTESIAN_POINT('Ctrl Pts',(25.2000481567145,-14.4832682958462,343.003701621693));
#13984=CARTESIAN_POINT('Ctrl Pts',(25.2342232398326,-14.4885023861101,343.04041294408));
#13985=CARTESIAN_POINT('Ctrl Pts',(25.3899548270109,-14.5120045153036,343.169402742998));
#13986=CARTESIAN_POINT('Ctrl Pts',(25.5368332250988,-14.5336122077273,343.254351427153));
#13987=CARTESIAN_POINT('Ctrl Pts',(25.9023729481895,-14.5856412865144,343.445217344627));
#13988=CARTESIAN_POINT('Ctrl Pts',(26.2493651207634,-14.6327308771543,343.594183000374));
#13989=CARTESIAN_POINT('Ctrl Pts',(26.9490488904713,-14.7167550212418,343.788689981292));
#13990=CARTESIAN_POINT('Ctrl Pts',(27.2815358458446,-14.7531415321547,343.845894880273));
#13991=CARTESIAN_POINT('Ctrl Pts',(27.6080328351056,-14.7851602675812,343.845894880273));
#13992=CARTESIAN_POINT('Origin',(23.5366577680939,-19.2785124180504,342.845894880273));
#13993=CARTESIAN_POINT('Ctrl Pts',(28.5935048774365,-19.5384359458515,342.845894880273));
#13994=CARTESIAN_POINT('Ctrl Pts',(28.5748330128421,-19.901699576887,342.845894880273));
#13995=CARTESIAN_POINT('Ctrl Pts',(28.7473971226101,-20.2219037807639,342.845894880273));
#13996=CARTESIAN_POINT('Ctrl Pts',(28.5935048774366,-19.5384359458515,343.845894880273));
#13997=CARTESIAN_POINT('Ctrl Pts',(28.5748330128421,-19.901699576887,343.845894880273));
#13998=CARTESIAN_POINT('Ctrl Pts',(28.7473971226102,-20.2219037807639,343.845894880273));
#13999=CARTESIAN_POINT('Ctrl Pts',(29.5921864931083,-19.5897684941929,343.845894880273));
#14000=CARTESIAN_POINT('Ctrl Pts',(29.5878776012788,-19.6735985628934,343.845894880273));
#14001=CARTESIAN_POINT('Ctrl Pts',(29.6277000881484,-19.7474918407112,343.845894880273));
#14002=CARTESIAN_POINT('',(28.7473971226101,-20.2219037807639,342.845894880273));
#14003=CARTESIAN_POINT('Origin',(29.6277000881484,-19.7474918407112,342.845894880273));
#14004=CARTESIAN_POINT('Origin',(29.89179097781,-19.6051682586954,342.845894880273));
#14005=CARTESIAN_POINT('Origin',(20.7187454322483,-3.21633285984192,342.845894880273));
#14006=CARTESIAN_POINT('',(19.8384424667101,-3.69074479989466,342.845894880273));
#14007=CARTESIAN_POINT('Origin',(36.7073747130007,-19.4029214379192,345.845894880273));
#14008=CARTESIAN_POINT('',(37.8647099675507,-19.9950152721849,345.845894880273));
#14009=CARTESIAN_POINT('Origin',(37.8647099675507,-19.9950152721849,345.845894880273));
#14010=CARTESIAN_POINT('',(35.4523338831341,-24.7103622799632,345.845894880273));
#14011=CARTESIAN_POINT('Origin',(35.0072049390764,-24.4826338821686,345.845894880273));
#14012=CARTESIAN_POINT('',(35.0072049390764,-24.9826338821687,345.845894880273));
#14013=CARTESIAN_POINT('Origin',(35.0072049390764,-24.9826338821687,345.845894880273));
#14014=CARTESIAN_POINT('',(31.6115715400017,-24.9826338821687,345.845894880273));
#14015=CARTESIAN_POINT('Origin',(31.6115715400017,-24.4826338821686,345.845894880273));
#14016=CARTESIAN_POINT('',(31.1714200572326,-24.719839852195,345.845894880273));
#14017=CARTESIAN_POINT('Origin',(31.1714200572326,-24.719839852195,345.845894880273));
#14018=CARTESIAN_POINT('',(28.7473971226101,-20.2219037807639,345.845894880273));
#14019=CARTESIAN_POINT('Origin',(29.89179097781,-19.6051682586954,345.845894880273));
#14020=CARTESIAN_POINT('',(28.5935048774365,-19.5384359458515,345.845894880273));
#14021=CARTESIAN_POINT('Origin',(23.5366577680939,-19.2785124180504,345.845894880273));
#14022=CARTESIAN_POINT('',(25.1316119349739,-14.4727467003813,345.845894880273));
#14023=CARTESIAN_POINT('Ctrl Pts',(13.8374810743725,-20.9072200387661,343.845894880272));
#14024=CARTESIAN_POINT('Ctrl Pts',(13.8150121410836,-21.1408013436331,343.845894880272));
#14025=CARTESIAN_POINT('Ctrl Pts',(13.7625133987422,-21.6865648911184,343.662901422916));
#14026=CARTESIAN_POINT('Ctrl Pts',(13.7373519040024,-21.9481373787021,343.145094180614));
#14027=CARTESIAN_POINT('Ctrl Pts',(13.7373519040024,-21.9481373787021,342.845894880272));
#14028=CARTESIAN_POINT('Ctrl Pts',(13.8374810743725,-20.9072200387661,343.845894880272));
#14029=CARTESIAN_POINT('Ctrl Pts',(13.8370434401536,-21.1373305168393,343.845894880272));
#14030=CARTESIAN_POINT('Ctrl Pts',(13.8356549865807,-21.6780469436714,343.691795724512));
#14031=CARTESIAN_POINT('Ctrl Pts',(13.8339554821811,-21.9881518909574,343.164368241047));
#14032=CARTESIAN_POINT('Ctrl Pts',(13.8339554821811,-21.9881518909574,342.845894880272));
#14033=CARTESIAN_POINT('Ctrl Pts',(13.8374810743725,-20.9072200387661,343.845894880273));
#14034=CARTESIAN_POINT('Ctrl Pts',(13.8755982135262,-21.1312565699501,343.845894880273));
#14035=CARTESIAN_POINT('Ctrl Pts',(13.9655916806189,-21.659304588574,343.713809519886));
#14036=CARTESIAN_POINT('Ctrl Pts',(14.0252963815741,-22.0030975668003,343.179819969735));
#14037=CARTESIAN_POINT('Ctrl Pts',(14.0252963815741,-22.0030975668003,342.845894880273));
#14038=CARTESIAN_POINT('Ctrl Pts',(13.8374810743725,-20.9072200387661,343.845894880272));
#14039=CARTESIAN_POINT('Ctrl Pts',(13.9141529868988,-21.125182623061,343.845894880272));
#14040=CARTESIAN_POINT('Ctrl Pts',(14.0942927481558,-21.6367004902528,343.68454893553));
#14041=CARTESIAN_POINT('Ctrl Pts',(14.1930747625127,-21.917767602271,343.159459133242));
#14042=CARTESIAN_POINT('Ctrl Pts',(14.1930747625127,-21.917767602271,342.845894880272));
#14043=CARTESIAN_POINT('Ctrl Pts',(13.8374810743725,-20.9072200387661,343.845894880272));
#14044=CARTESIAN_POINT('Ctrl Pts',(13.9306764612013,-21.1225795029656,343.845894880272));
#14045=CARTESIAN_POINT('Ctrl Pts',(14.1484278131511,-21.6257676550869,343.662901422916));
#14046=CARTESIAN_POINT('Ctrl Pts',(14.2527912560133,-21.8669346902974,343.145094180614));
#14047=CARTESIAN_POINT('Ctrl Pts',(14.2527912560133,-21.8669346902974,342.845894880272));
#14048=CARTESIAN_POINT('',(13.7373519040024,-21.9481373787021,342.845894880272));
#14049=CARTESIAN_POINT('',(14.2527912560133,-21.8669346902974,342.845894880272));
#14050=CARTESIAN_POINT('Origin',(13.928693620185,-21.4861976124464,342.845894880272));
#14051=CARTESIAN_POINT('Origin',(13.8374810743725,-20.9072200387661,342.845894880272));
#14052=CARTESIAN_POINT('Origin',(13.8374810743725,-20.9072200387661,342.845894880272));
#14053=CARTESIAN_POINT('Origin',(33.5668508455448,-4.11284283938639,342.845894880273));
#14054=CARTESIAN_POINT('',(18.2860213228545,-18.4336984612627,342.845894880273));
#14055=CARTESIAN_POINT('',(34.2150461172014,-4.87431699508837,342.845894880273));
#14056=CARTESIAN_POINT('Origin',(17.6378260511979,-17.6722243055607,342.845894880273));
#14057=CARTESIAN_POINT('Ctrl Pts',(18.2860213228545,-18.4336984612628,342.845894880273));
#14058=CARTESIAN_POINT('Ctrl Pts',(18.5777162615881,-18.1853968233969,342.845894880273));
#14059=CARTESIAN_POINT('Ctrl Pts',(18.6881618491246,-17.8185979509295,342.845894880273));
#14060=CARTESIAN_POINT('Ctrl Pts',(18.2860213228545,-18.4336984612629,343.845894880273));
#14061=CARTESIAN_POINT('Ctrl Pts',(18.5777162615883,-18.185396823397,343.845894880273));
#14062=CARTESIAN_POINT('Ctrl Pts',(18.6881618491248,-17.8185979509295,343.845894880273));
#14063=CARTESIAN_POINT('Ctrl Pts',(17.6378260511979,-17.6722243055607,343.845894880273));
#14064=CARTESIAN_POINT('Ctrl Pts',(17.7051402678288,-17.6149239275917,343.845894880273));
#14065=CARTESIAN_POINT('Ctrl Pts',(17.7306277111064,-17.5302780339454,343.845894880273));
#14066=CARTESIAN_POINT('Origin',(17.7306277111064,-17.5302780339454,342.845894880273));
#14067=CARTESIAN_POINT('Origin',(17.443367469701,-17.4437820588501,342.845894880273));
#14068=CARTESIAN_POINT('Origin',(23.5366577680939,-19.2785124180504,342.845894880273));
#14069=CARTESIAN_POINT('Ctrl Pts',(21.197784163279,-13.6842315218931,343.845894880273));
#14070=CARTESIAN_POINT('Ctrl Pts',(21.5731568915377,-13.7770535134013,343.845894880273));
#14071=CARTESIAN_POINT('Ctrl Pts',(21.9659429357077,-13.8686772091256,343.76575693576));
#14072=CARTESIAN_POINT('Ctrl Pts',(22.679080950106,-14.0254944682088,343.532648526765));
#14073=CARTESIAN_POINT('Ctrl Pts',(23.0003401700647,-14.0914834560509,343.385904140855));
#14074=CARTESIAN_POINT('Ctrl Pts',(23.3477928015985,-14.1605563222323,343.186090990668));
#14075=CARTESIAN_POINT('Ctrl Pts',(23.4703063319914,-14.1842807186192,343.105086541823));
#14076=CARTESIAN_POINT('Ctrl Pts',(23.5796073090689,-14.2051798324982,342.990060538993));
#14077=CARTESIAN_POINT('Ctrl Pts',(23.6015042640457,-14.2093364731849,342.959551482334));
#14078=CARTESIAN_POINT('Ctrl Pts',(23.6267004140031,-14.2141146159558,342.907824802717));
#14079=CARTESIAN_POINT('Ctrl Pts',(23.6342763796337,-14.2155473139782,342.88372506359));
#14080=CARTESIAN_POINT('Ctrl Pts',(23.6363942735186,-14.2159479354253,342.853911663046));
#14081=CARTESIAN_POINT('Ctrl Pts',(23.6365362634575,-14.2159747921423,342.849898990115));
#14082=CARTESIAN_POINT('Ctrl Pts',(23.6365362634575,-14.2159747921423,342.845894880273));
#14083=CARTESIAN_POINT('Ctrl Pts',(11.2586819422485,-19.8390464636044,343.845894880272));
#14084=CARTESIAN_POINT('Ctrl Pts',(11.0422337795866,-19.9284493609591,343.845894880272));
#14085=CARTESIAN_POINT('Ctrl Pts',(10.5365012171788,-20.1373398214271,343.662902246982));
#14086=CARTESIAN_POINT('Ctrl Pts',(10.2941156819461,-20.2374560287451,343.145094180614));
#14087=CARTESIAN_POINT('Ctrl Pts',(10.2941156819461,-20.2374560287451,342.845894880273));
#14088=CARTESIAN_POINT('Ctrl Pts',(11.2586819422485,-19.8390464636044,343.845894880272));
#14089=CARTESIAN_POINT('Ctrl Pts',(11.0553164837653,-19.9460264096791,343.845894880272));
#14090=CARTESIAN_POINT('Ctrl Pts',(10.5772439788739,-20.1971406067235,343.690751320039));
#14091=CARTESIAN_POINT('Ctrl Pts',(10.3045138683685,-20.339451213634,343.163535633611));
#14092=CARTESIAN_POINT('Ctrl Pts',(10.3045138683684,-20.339451213634,342.845894880273));
#14093=CARTESIAN_POINT('Ctrl Pts',(11.2586819422485,-19.8390464636044,343.845894880272));
#14094=CARTESIAN_POINT('Ctrl Pts',(11.0782112160779,-19.9767862449389,343.845894880272));
#14095=CARTESIAN_POINT('Ctrl Pts',(10.6527987567982,-20.3016511402568,343.711960657263));
#14096=CARTESIAN_POINT('Ctrl Pts',(10.3794191027219,-20.5117152789567,343.178282029743));
#14097=CARTESIAN_POINT('Ctrl Pts',(10.3794191027218,-20.5117152789568,342.845894880273));
#14098=CARTESIAN_POINT('Ctrl Pts',(11.2586819422485,-19.8390464636044,343.845894880272));
#14099=CARTESIAN_POINT('Ctrl Pts',(11.1011059483906,-20.0075460801988,343.845894880272));
#14100=CARTESIAN_POINT('Ctrl Pts',(10.7313657223484,-20.4031726623445,343.683767185321));
#14101=CARTESIAN_POINT('Ctrl Pts',(10.5291559410442,-20.6192591000941,343.158842034213));
#14102=CARTESIAN_POINT('Ctrl Pts',(10.5291559410442,-20.6192591000942,342.845894880273));
#14103=CARTESIAN_POINT('Ctrl Pts',(11.2586819422485,-19.8390464636044,343.845894880272));
#14104=CARTESIAN_POINT('Ctrl Pts',(11.1109179765246,-20.0207288667388,343.845894880272));
#14105=CARTESIAN_POINT('Ctrl Pts',(10.7656664941463,-20.4452310022688,343.662902246982));
#14106=CARTESIAN_POINT('Ctrl Pts',(10.6001957066857,-20.6486847344906,343.145094180614));
#14107=CARTESIAN_POINT('Ctrl Pts',(10.6001957066856,-20.6486847344907,342.845894880273));
#14108=CARTESIAN_POINT('',(10.2941156819461,-20.2374560287451,342.845894880273));
#14109=CARTESIAN_POINT('',(10.6001957066856,-20.6486847344907,342.845894880273));
#14110=CARTESIAN_POINT('Origin',(10.7915374228682,-20.1867449682349,342.845894880272));
#14111=CARTESIAN_POINT('Origin',(11.2586819422485,-19.8390464636044,342.845894880272));
#14112=CARTESIAN_POINT('Origin',(11.2586819422485,-19.8390464636044,342.845894880273));
#14113=CARTESIAN_POINT('Origin',(12.7308880099956,-20.4488541834732,342.845894880272));
#14114=CARTESIAN_POINT('',(12.3482045776305,-21.3727337159845,342.845894880272));
#14115=CARTESIAN_POINT('Origin',(5.32282092654266,-12.2886279445476,342.845894880273));
#14116=CARTESIAN_POINT('',(9.89527004213177,-14.4639375806499,342.845894880273));
#14117=CARTESIAN_POINT('Origin',(10.7982874305549,-14.8935415799394,342.845894880273));
#14118=CARTESIAN_POINT('',(8.63545335659658,-8.45904189499528,342.845894880273));
#14119=CARTESIAN_POINT('Ctrl Pts',(8.63545335659656,-8.45904189499526,342.845894880273));
#14120=CARTESIAN_POINT('Ctrl Pts',(8.63545335659656,-8.45904189499526,342.863564756161));
#14121=CARTESIAN_POINT('Ctrl Pts',(8.63786000551911,-8.46050425073627,342.880992970339));
#14122=CARTESIAN_POINT('Ctrl Pts',(8.64937093038492,-8.46749446867015,342.924183462234));
#14123=CARTESIAN_POINT('Ctrl Pts',(8.66094174271119,-8.47451829832304,342.948576195595));
#14124=CARTESIAN_POINT('Ctrl Pts',(8.6946537408732,-8.49495198992516,343.003701621684));
#14125=CARTESIAN_POINT('Ctrl Pts',(8.72422440105514,-8.51286589689715,343.040412944069));
#14126=CARTESIAN_POINT('Ctrl Pts',(8.85910775155392,-8.59417493134272,343.169402742994));
#14127=CARTESIAN_POINT('Ctrl Pts',(8.98653679141287,-8.67034576563809,343.25435142715));
#14128=CARTESIAN_POINT('Ctrl Pts',(9.30434079344005,-8.85830036252126,343.445217344623));
#14129=CARTESIAN_POINT('Ctrl Pts',(9.6068993534427,-9.03459362710948,343.59418300037));
#14130=CARTESIAN_POINT('Ctrl Pts',(10.2211682196575,-9.37997920063759,343.788689981292));
#14131=CARTESIAN_POINT('Ctrl Pts',(10.5144215976661,-9.54083320262843,343.845894880273));
#14132=CARTESIAN_POINT('Ctrl Pts',(10.803812443898,-9.69535964545322,343.845894880273));
#14133=CARTESIAN_POINT('Origin',(5.32282092654266,-12.2886279445476,342.845894880273));
#14134=CARTESIAN_POINT('Ctrl Pts',(9.89527004213177,-14.4639375806499,342.845894880273));
#14135=CARTESIAN_POINT('Ctrl Pts',(9.73900451542107,-14.7924040010377,342.845894880273));
#14136=CARTESIAN_POINT('Ctrl Pts',(9.77589612068446,-15.1542715370527,342.845894880273));
#14137=CARTESIAN_POINT('Ctrl Pts',(9.89527004213179,-14.46393758065,343.845894880273));
#14138=CARTESIAN_POINT('Ctrl Pts',(9.73900451542109,-14.7924040010377,343.845894880273));
#14139=CARTESIAN_POINT('Ctrl Pts',(9.77589612068447,-15.1542715370527,343.845894880273));
#14140=CARTESIAN_POINT('Ctrl Pts',(10.7982874305549,-14.8935415799394,343.845894880273));
#14141=CARTESIAN_POINT('Ctrl Pts',(10.7622261551601,-14.9693415231058,343.845894880273));
#14142=CARTESIAN_POINT('Ctrl Pts',(10.7707396025286,-15.0528494160324,343.845894880273));
#14143=CARTESIAN_POINT('',(9.77589612068446,-15.1542715370527,342.845894880273));
#14144=CARTESIAN_POINT('Origin',(10.7707396025286,-15.0528494160324,342.845894880273));
#14145=CARTESIAN_POINT('Origin',(11.0691926470819,-15.0224227797263,342.845894880273));
#14146=CARTESIAN_POINT('Origin',(8.86613939964352,3.62925936158669,342.845894880272));
#14147=CARTESIAN_POINT('',(7.8712959177994,3.52783724056633,342.845894880272));
#14148=CARTESIAN_POINT('Origin',(17.443367469701,-17.4437820588501,345.845894880273));
#14149=CARTESIAN_POINT('',(18.2860213228545,-18.4336984612627,345.845894880273));
#14150=CARTESIAN_POINT('Origin',(18.2860213228545,-18.4336984612627,345.845894880273));
#14151=CARTESIAN_POINT('',(14.2527912560133,-21.8669346902974,345.845894880273));
#14152=CARTESIAN_POINT('Origin',(13.928693620185,-21.4861976124464,345.845894880273));
#14153=CARTESIAN_POINT('',(13.7373519040024,-21.9481373787021,345.845894880273));
#14154=CARTESIAN_POINT('Origin',(13.7373519040024,-21.9481373787021,345.845894880273));
#14155=CARTESIAN_POINT('',(10.6001957066856,-20.6486847344906,345.845894880273));
#14156=CARTESIAN_POINT('Origin',(10.7915374228682,-20.1867449682349,345.845894880273));
#14157=CARTESIAN_POINT('',(10.2941156819461,-20.2374560287452,345.845894880273));
#14158=CARTESIAN_POINT('Origin',(10.2941156819461,-20.2374560287452,345.845894880273));
#14159=CARTESIAN_POINT('',(9.77589612068446,-15.1542715370527,345.845894880273));
#14160=CARTESIAN_POINT('Origin',(11.0691926470819,-15.0224227797263,345.845894880273));
#14161=CARTESIAN_POINT('',(9.89527004213177,-14.4639375806499,345.845894880273));
#14162=CARTESIAN_POINT('Origin',(5.32282092654266,-12.2886279445476,345.845894880273));
#14163=CARTESIAN_POINT('',(8.63545335659658,-8.45904189499528,345.845894880273));
#14164=CARTESIAN_POINT('Ctrl Pts',(-7.15325384008824,-8.60393239939986,
342.845894880272));
#14165=CARTESIAN_POINT('Ctrl Pts',(-7.15325384008826,-8.60393239939988,
343.070294355528));
#14166=CARTESIAN_POINT('Ctrl Pts',(-6.98523347833433,-8.51316663311127,
343.5946078854));
#14167=CARTESIAN_POINT('Ctrl Pts',(-6.50978066441018,-8.25632372110093,
343.845894880272));
#14168=CARTESIAN_POINT('Ctrl Pts',(-6.23505673213444,-8.10791594498061,
343.845894880272));
#14169=CARTESIAN_POINT('Ctrl Pts',(-7.22574915035511,-8.53143708913299,
342.845894880272));
#14170=CARTESIAN_POINT('Ctrl Pts',(-7.22574915035514,-8.53143708913301,
343.084125445276));
#14171=CARTESIAN_POINT('Ctrl Pts',(-7.01465905780679,-8.44063663780794,
343.62803098094));
#14172=CARTESIAN_POINT('Ctrl Pts',(-6.51692786079096,-8.22799624150891,
343.845894880272));
#14173=CARTESIAN_POINT('Ctrl Pts',(-6.23505673213444,-8.10791594498061,
343.845894880272));
#14174=CARTESIAN_POINT('Ctrl Pts',(-7.31196351987871,-8.36454548412822,
342.845894880272));
#14175=CARTESIAN_POINT('Ctrl Pts',(-7.31196351987874,-8.36454548412824,
343.095185242375));
#14176=CARTESIAN_POINT('Ctrl Pts',(-7.05738390502297,-8.30452863742456,
343.653745867156));
#14177=CARTESIAN_POINT('Ctrl Pts',(-6.52943545445732,-8.17842315222286,
343.845894880272));
#14178=CARTESIAN_POINT('Ctrl Pts',(-6.23505673213444,-8.10791594498061,
343.845894880272));
#14179=CARTESIAN_POINT('Ctrl Pts',(-7.30073339452425,-8.18053271858773,
342.845894880272));
#14180=CARTESIAN_POINT('Ctrl Pts',(-7.30073339452427,-8.18053271858773,
343.080605245728));
#14181=CARTESIAN_POINT('Ctrl Pts',(-7.08148946635547,-8.16545909003583,
343.619626605785));
#14182=CARTESIAN_POINT('Ctrl Pts',(-6.54194304812368,-8.12885006293681,
343.845894880272));
#14183=CARTESIAN_POINT('Ctrl Pts',(-6.23505673213444,-8.10791594498061,
343.845894880272));
#14184=CARTESIAN_POINT('Ctrl Pts',(-7.27866449765392,-8.10687486053476,
342.845894880272));
#14185=CARTESIAN_POINT('Ctrl Pts',(-7.27866449765394,-8.10687486053476,
343.070294355529));
#14186=CARTESIAN_POINT('Ctrl Pts',(-7.08769531165578,-8.10706536797993,
343.5946078854));
#14187=CARTESIAN_POINT('Ctrl Pts',(-6.54730344540926,-8.10760445324279,
343.845894880272));
#14188=CARTESIAN_POINT('Ctrl Pts',(-6.23505673213444,-8.10791594498061,
343.845894880272));
#14189=CARTESIAN_POINT('',(-7.15325384008824,-8.60393239939986,342.845894880272));
#14190=CARTESIAN_POINT('Origin',(-6.23505673213441,-8.1079159449806,342.845894880272));
#14191=CARTESIAN_POINT('',(-7.27866449765392,-8.10687486053475,342.845894880272));
#14192=CARTESIAN_POINT('Origin',(-6.23505673213442,-8.1079159449806,342.845894880272));
#14193=CARTESIAN_POINT('Origin',(-6.79970044949493,-8.25037900880655,342.845894880272));
#14194=CARTESIAN_POINT('Origin',(0.535454007067763,14.4895578619114,342.845894880272));
#14195=CARTESIAN_POINT('',(-5.81218645502466,-3.21231070825902,342.845894880272));
#14196=CARTESIAN_POINT('Origin',(-4.8542583587068,-3.49931900480257,342.845894880272));
#14197=CARTESIAN_POINT('',(-0.422474089250099,14.776566158455,342.845894880272));
#14198=CARTESIAN_POINT('Ctrl Pts',(-5.43771996436949,-2.6202077173353,342.845894880272));
#14199=CARTESIAN_POINT('Ctrl Pts',(-5.70778914330526,-2.86387089212678,
342.845894880272));
#14200=CARTESIAN_POINT('Ctrl Pts',(-5.81218645502466,-3.21231070825902,
342.845894880272));
#14201=CARTESIAN_POINT('Ctrl Pts',(-5.43771996436989,-2.62020771733488,
343.845894880273));
#14202=CARTESIAN_POINT('Ctrl Pts',(-5.70778914330577,-2.86387089212647,
343.845894880273));
#14203=CARTESIAN_POINT('Ctrl Pts',(-5.81218645502522,-3.21231070825885,
343.845894880273));
#14204=CARTESIAN_POINT('Ctrl Pts',(-4.76784301470946,-3.36267985305092,
343.845894880273));
#14205=CARTESIAN_POINT('Ctrl Pts',(-4.83016667138696,-3.41890981646436,
343.845894880273));
#14206=CARTESIAN_POINT('Ctrl Pts',(-4.85425835870683,-3.49931900480259,
343.845894880273));
#14207=CARTESIAN_POINT('',(-5.43771996436949,-2.6202077173353,342.845894880273));
#14208=CARTESIAN_POINT('Origin',(-4.76784301470943,-3.36267985305093,342.845894880273));
#14209=CARTESIAN_POINT('Origin',(-4.56687992981133,-3.58542149376571,342.845894880273));
#14210=CARTESIAN_POINT('Origin',(-8.82965715771113,1.13931685420256,342.845894880273));
#14211=CARTESIAN_POINT('',(-4.30366472287111,3.40970347487801,342.845894880273));
#14212=CARTESIAN_POINT('Ctrl Pts',(-4.30366472287101,3.4097034748778,342.845894880273));
#14213=CARTESIAN_POINT('Ctrl Pts',(-4.30366472287101,3.4097034748778,342.863564756162));
#14214=CARTESIAN_POINT('Ctrl Pts',(-4.30200088850371,3.40743144966909,342.88099297034));
#14215=CARTESIAN_POINT('Ctrl Pts',(-4.29404122121177,3.39656829015477,342.924183462235));
#14216=CARTESIAN_POINT('Ctrl Pts',(-4.28603908776876,3.38565115952213,342.948576195596));
#14217=CARTESIAN_POINT('Ctrl Pts',(-4.26271289791168,3.35387186691784,343.003701621669));
#14218=CARTESIAN_POINT('Ctrl Pts',(-4.24224852561955,3.32600537319109,343.040412944053));
#14219=CARTESIAN_POINT('Ctrl Pts',(-4.14874817918664,3.19926799690118,343.169402742997));
#14220=CARTESIAN_POINT('Ctrl Pts',(-4.06016841372735,3.08013033976481,343.254351427153));
#14221=CARTESIAN_POINT('Ctrl Pts',(-3.83848291116529,2.78486460834388,343.445217344628));
#14222=CARTESIAN_POINT('Ctrl Pts',(-3.62641976178449,2.50620672123359,343.594183000374));
#14223=CARTESIAN_POINT('Ctrl Pts',(-3.19108266560648,1.95204154092048,343.788689981292));
#14224=CARTESIAN_POINT('Ctrl Pts',(-2.98170803341595,1.69120861150951,343.845894880273));
#14225=CARTESIAN_POINT('Ctrl Pts',(-2.77348046321752,1.43769971142078,343.845894880273));
#14226=CARTESIAN_POINT('Origin',(-8.82965715771113,1.13931685420256,342.845894880273));
#14227=CARTESIAN_POINT('Ctrl Pts',(-4.2448996460893,-11.1272364009107,342.845894880272));
#14228=CARTESIAN_POINT('Ctrl Pts',(-4.24489964608931,-11.1272364009107,
343.070294355529));
#14229=CARTESIAN_POINT('Ctrl Pts',(-4.24790610371476,-10.9359039289533,
343.594607885401));
#14230=CARTESIAN_POINT('Ctrl Pts',(-4.2564135769938,-10.3944840603283,343.845894880272));
#14231=CARTESIAN_POINT('Ctrl Pts',(-4.26132932561175,-10.0816433515032,
343.845894880272));
#14232=CARTESIAN_POINT('Ctrl Pts',(-4.34439799186227,-11.1593843665757,
342.845894880272));
#14233=CARTESIAN_POINT('Ctrl Pts',(-4.34439799186227,-11.1593843665757,
343.084749900853));
#14234=CARTESIAN_POINT('Ctrl Pts',(-4.32713030812606,-10.9281394290541,
343.62933331734));
#14235=CARTESIAN_POINT('Ctrl Pts',(-4.28532356925519,-10.387518210579,343.845894880272));
#14236=CARTESIAN_POINT('Ctrl Pts',(-4.26132932561175,-10.0816433515032,
343.845894880272));
#14237=CARTESIAN_POINT('Ctrl Pts',(-4.5363213147596,-11.1589558398212,342.845894880272));
#14238=CARTESIAN_POINT('Ctrl Pts',(-4.5363213147596,-11.1589558398212,343.096338697369));
#14239=CARTESIAN_POINT('Ctrl Pts',(-4.47009588766835,-10.9022202727644,
343.656073286296));
#14240=CARTESIAN_POINT('Ctrl Pts',(-4.33591605571262,-10.3753279735179,
343.845894880272));
#14241=CARTESIAN_POINT('Ctrl Pts',(-4.26132932561175,-10.0816433515032,
343.845894880272));
#14242=CARTESIAN_POINT('Ctrl Pts',(-4.69672555386478,-11.0604606856233,
342.845894880272));
#14243=CARTESIAN_POINT('Ctrl Pts',(-4.69672555386478,-11.0604606856233,
343.081068069999));
#14244=CARTESIAN_POINT('Ctrl Pts',(-4.60685997206963,-10.8581054027821,
343.620599807883));
#14245=CARTESIAN_POINT('Ctrl Pts',(-4.38650854217005,-10.3631377364568,
343.845894880272));
#14246=CARTESIAN_POINT('Ctrl Pts',(-4.26132932561175,-10.0816433515032,
343.845894880272));
#14247=CARTESIAN_POINT('Ctrl Pts',(-4.75217843717902,-11.0050078023091,
342.845894880272));
#14248=CARTESIAN_POINT('Ctrl Pts',(-4.75217843717903,-11.0050078023091,
343.070294355529));
#14249=CARTESIAN_POINT('Ctrl Pts',(-4.66235823999282,-10.8360418714525,
343.594607885401));
#14250=CARTESIAN_POINT('Ctrl Pts',(-4.40819103636609,-10.3579133491449,
343.845894880272));
#14251=CARTESIAN_POINT('Ctrl Pts',(-4.26132932561175,-10.0816433515032,
343.845894880272));
#14252=CARTESIAN_POINT('',(-4.24489964608931,-11.1272364009107,342.845894880272));
#14253=CARTESIAN_POINT('Origin',(-4.26132932561174,-10.0816433515033,342.845894880272));
#14254=CARTESIAN_POINT('',(-4.75217843717902,-11.0050078023091,342.845894880272));
#14255=CARTESIAN_POINT('Origin',(-4.26132932561173,-10.0816433515033,342.845894880272));
#14256=CARTESIAN_POINT('Origin',(-4.39862504658571,-10.6514544117158,342.845894880272));
#14257=CARTESIAN_POINT('Origin',(-5.10827898982569,-9.23469368728931,342.845894880272));
#14258=CARTESIAN_POINT('',(-5.81538577101223,-9.94180046847586,342.845894880272));
#14259=CARTESIAN_POINT('Origin',(5.32282092654266,-12.2886279445476,342.845894880273));
#14260=CARTESIAN_POINT('Origin',(0.627768926434527,-8.45159846841766,342.845894880273));
#14261=CARTESIAN_POINT('Ctrl Pts',(5.3028220888793,-6.22513814651043,343.845894880273));
#14262=CARTESIAN_POINT('Ctrl Pts',(5.61409983129344,-6.4545434087145,343.845894880273));
#14263=CARTESIAN_POINT('Ctrl Pts',(5.94192394779266,-6.68950537745466,343.765756935751));
#14264=CARTESIAN_POINT('Ctrl Pts',(6.54076619618885,-7.10729173656457,343.532648526757));
#14265=CARTESIAN_POINT('Ctrl Pts',(6.81231812176664,-7.29119819277058,343.385904140845));
#14266=CARTESIAN_POINT('Ctrl Pts',(7.10688945503779,-7.48797756570274,343.186090990663));
#14267=CARTESIAN_POINT('Ctrl Pts',(7.21099826478107,-7.55677994826613,343.105086541817));
#14268=CARTESIAN_POINT('Ctrl Pts',(7.30398145572154,-7.61791588487424,342.990060539027));
#14269=CARTESIAN_POINT('Ctrl Pts',(7.32262092673792,-7.63013572202684,342.959551482366));
#14270=CARTESIAN_POINT('Ctrl Pts',(7.34407061791964,-7.64419229949341,342.907824802715));
#14271=CARTESIAN_POINT('Ctrl Pts',(7.35052162770761,-7.6484151364033,342.883725063588));
#14272=CARTESIAN_POINT('Ctrl Pts',(7.3523249953293,-7.64959574525978,342.853911663046));
#14273=CARTESIAN_POINT('Ctrl Pts',(7.3524458993071,-7.64967489482813,342.849898990115));
#14274=CARTESIAN_POINT('Ctrl Pts',(7.3524458993071,-7.64967489482813,342.845894880273));
#14275=CARTESIAN_POINT('Ctrl Pts',(0.795161686821579,-9.49879004412615,
342.845894880273));
#14276=CARTESIAN_POINT('Ctrl Pts',(1.15967359349507,-9.38101606337101,342.845894880273));
#14277=CARTESIAN_POINT('Ctrl Pts',(1.40207986277969,-9.08440378907818,342.845894880273));
#14278=CARTESIAN_POINT('Ctrl Pts',(0.795161686821595,-9.49879004412625,
343.845894880273));
#14279=CARTESIAN_POINT('Ctrl Pts',(1.15967359349511,-9.3810160633711,343.845894880273));
#14280=CARTESIAN_POINT('Ctrl Pts',(1.40207986277976,-9.08440378907824,343.845894880273));
#14281=CARTESIAN_POINT('Ctrl Pts',(0.487710885828807,-8.54722606573643,
343.845894880273));
#14282=CARTESIAN_POINT('Ctrl Pts',(0.571829018138069,-8.52004745479293,
343.845894880273));
#14283=CARTESIAN_POINT('Ctrl Pts',(0.627768926434519,-8.45159846841767,
343.845894880273));
#14284=CARTESIAN_POINT('',(0.795161686821579,-9.49879004412615,342.845894880273));
#14285=CARTESIAN_POINT('Origin',(0.487710885828817,-8.54722606573641,342.845894880273));
#14286=CARTESIAN_POINT('Origin',(0.395475645531,-8.26175687221953,342.845894880273));
#14287=CARTESIAN_POINT('Origin',(20.3931615064133,-2.11576493815449,342.845894880273));
#14288=CARTESIAN_POINT('',(20.7006123074061,-3.06732891654423,342.845894880273));
#14289=CARTESIAN_POINT('Origin',(-8.82965715771113,1.13931685420256,345.845894880273));
#14290=CARTESIAN_POINT('',(-5.43771996436949,-2.6202077173353,345.845894880273));
#14291=CARTESIAN_POINT('',(-4.30366472287111,3.40970347487801,345.845894880273));
#14292=CARTESIAN_POINT('Ctrl Pts',(-18.9459753422444,9.31791876603789,342.845894880272));
#14293=CARTESIAN_POINT('Ctrl Pts',(-18.9459753422444,9.31791876603789,343.070294355528));
#14294=CARTESIAN_POINT('Ctrl Pts',(-18.7560075040219,9.33747707002859,343.594605709765));
#14295=CARTESIAN_POINT('Ctrl Pts',(-18.2184595633841,9.39282078573825,343.845894880272));
#14296=CARTESIAN_POINT('Ctrl Pts',(-17.9078545481081,9.42479939520521,343.845894880272));
#14297=CARTESIAN_POINT('Ctrl Pts',(-18.9852095214398,9.4126384535598,342.845894880272));
#14298=CARTESIAN_POINT('Ctrl Pts',(-18.9852095214398,9.41263845355981,343.084125445276));
#14299=CARTESIAN_POINT('Ctrl Pts',(-18.7554365145369,9.41574655870095,343.628026973041));
#14300=CARTESIAN_POINT('Ctrl Pts',(-18.2142222547146,9.42172707798373,343.845894880272));
#14301=CARTESIAN_POINT('Ctrl Pts',(-17.9078545481081,9.42479939520521,343.845894880272));
#14302=CARTESIAN_POINT('Ctrl Pts',(-19.0009943898975,9.59981896679861,342.845894880272));
#14303=CARTESIAN_POINT('Ctrl Pts',(-19.0009943898975,9.59981896679861,343.095185242375));
#14304=CARTESIAN_POINT('Ctrl Pts',(-18.7428236256096,9.55784347922604,343.653739394009));
#14305=CARTESIAN_POINT('Ctrl Pts',(-18.206806964543,9.47231308941331,343.845894880272));
#14306=CARTESIAN_POINT('Ctrl Pts',(-17.9078545481081,9.42479939520521,343.845894880272));
#14307=CARTESIAN_POINT('Ctrl Pts',(-18.9202006409363,9.76552704730728,342.845894880272));
#14308=CARTESIAN_POINT('Ctrl Pts',(-18.9202006409363,9.76552704730727,343.080605245728));
#14309=CARTESIAN_POINT('Ctrl Pts',(-18.7118746452993,9.69555126104139,343.619622821727));
#14310=CARTESIAN_POINT('Ctrl Pts',(-18.1993916743714,9.52289910084289,343.845894880272));
#14311=CARTESIAN_POINT('Ctrl Pts',(-17.9078545481081,9.42479939520521,343.845894880272));
#14312=CARTESIAN_POINT('Ctrl Pts',(-18.8716239968723,9.82513263356819,342.845894880272));
#14313=CARTESIAN_POINT('Ctrl Pts',(-18.8716239968723,9.82513263356819,343.070294355528));
#14314=CARTESIAN_POINT('Ctrl Pts',(-18.6952618627538,9.75187483901284,343.594605709765));
#14315=CARTESIAN_POINT('Ctrl Pts',(-18.1962136928692,9.54457882002699,343.845894880272));
#14316=CARTESIAN_POINT('Ctrl Pts',(-17.9078545481081,9.42479939520521,343.845894880272));
#14317=CARTESIAN_POINT('',(-18.9459753422444,9.31791876603789,342.845894880272));
#14318=CARTESIAN_POINT('Origin',(-17.9078545481081,9.4247993952052,342.845894880272));
#14319=CARTESIAN_POINT('',(-18.8716239968723,9.82513263356819,342.845894880272));
#14320=CARTESIAN_POINT('Origin',(-17.9078545481081,9.4247993952052,342.845894880272));
#14321=CARTESIAN_POINT('Origin',(-18.4840355759887,9.50926048222046,342.845894880272));
#14322=CARTESIAN_POINT('Origin',(-3.00503941231028,27.7111806433093,342.845894880272));
#14323=CARTESIAN_POINT('',(-15.6437063386859,13.7859234235778,342.845894880272));
#14324=CARTESIAN_POINT('Origin',(-14.8685294969189,13.1541791208824,342.845894880272));
#14325=CARTESIAN_POINT('',(-3.78021625407731,28.3429249460047,342.845894880272));
#14326=CARTESIAN_POINT('Ctrl Pts',(-15.0711564074779,14.1896531360813,342.845894880272));
#14327=CARTESIAN_POINT('Ctrl Pts',(-15.413913654329,14.0678887164359,342.845894880272));
#14328=CARTESIAN_POINT('Ctrl Pts',(-15.6437063386859,13.7859234235778,342.845894880272));
#14329=CARTESIAN_POINT('Ctrl Pts',(-15.0711564074782,14.1896531360819,343.845894880273));
#14330=CARTESIAN_POINT('Ctrl Pts',(-15.4139136543294,14.0678887164365,343.845894880273));
#14331=CARTESIAN_POINT('Ctrl Pts',(-15.6437063386864,13.7859234235782,343.845894880273));
#14332=CARTESIAN_POINT('Ctrl Pts',(-14.736402589717,13.2473475160756,343.845894880273));
#14333=CARTESIAN_POINT('Ctrl Pts',(-14.8155004159135,13.2192480346189,343.845894880273));
#14334=CARTESIAN_POINT('Ctrl Pts',(-14.8685294969189,13.1541791208824,343.845894880273));
#14335=CARTESIAN_POINT('',(-15.0711564074779,14.1896531360813,342.845894880273));
#14336=CARTESIAN_POINT('Origin',(-14.736402589717,13.2473475160755,342.845894880273));
#14337=CARTESIAN_POINT('Origin',(-14.6359764443887,12.9646558300737,342.845894880273));
#14338=CARTESIAN_POINT('Origin',(-16.766189988873,18.9610391072132,342.845894880273));
#14339=CARTESIAN_POINT('',(-11.7158788692276,19.3265805171198,342.845894880273));
#14340=CARTESIAN_POINT('Ctrl Pts',(-11.7158788692276,19.3265805171195,342.845894880273));
#14341=CARTESIAN_POINT('Ctrl Pts',(-11.7158788692276,19.3265805171195,342.863564756162));
#14342=CARTESIAN_POINT('Ctrl Pts',(-11.7152111531154,19.3238447176852,342.88099297034));
#14343=CARTESIAN_POINT('Ctrl Pts',(-11.7120145305881,19.3107624341518,342.924183462235));
#14344=CARTESIAN_POINT('Ctrl Pts',(-11.7087993283058,19.2976140367145,342.948576195596));
#14345=CARTESIAN_POINT('Ctrl Pts',(-11.6994101476986,19.2593272523264,343.003701621661));
#14346=CARTESIAN_POINT('Ctrl Pts',(-11.6911675784608,19.2257505929045,343.040412944044));
#14347=CARTESIAN_POINT('Ctrl Pts',(-11.6532848162738,19.072879491436,343.169402742997));
#14348=CARTESIAN_POINT('Ctrl Pts',(-11.6170397915284,18.9289126397728,343.254351427152));
#14349=CARTESIAN_POINT('Ctrl Pts',(-11.5252223966168,18.5712873048351,343.445217344627));
#14350=CARTESIAN_POINT('Ctrl Pts',(-11.4359393499992,18.2326879324787,343.594183000374));
#14351=CARTESIAN_POINT('Ctrl Pts',(-11.2458101503963,17.5541097705537,343.788689981292));
#14352=CARTESIAN_POINT('Ctrl Pts',(-11.1521896537892,17.2330073627691,343.845894880273));
#14353=CARTESIAN_POINT('Ctrl Pts',(-11.0568261195994,16.9191104373911,343.845894880273));
#14354=CARTESIAN_POINT('Origin',(-16.766189988873,18.9610391072132,342.845894880273));
#14355=CARTESIAN_POINT('Ctrl Pts',(-17.2246330653142,5.87371087924531,342.845894880272));
#14356=CARTESIAN_POINT('Ctrl Pts',(-17.2246330653142,5.87371087924535,343.145094180614));
#14357=CARTESIAN_POINT('Ctrl Pts',(-17.1278990472889,6.11803598007362,343.662903697679));
#14358=CARTESIAN_POINT('Ctrl Pts',(-16.9260640204726,6.62781903555105,343.845894880272));
#14359=CARTESIAN_POINT('Ctrl Pts',(-16.8396809729464,6.84600026308116,343.845894880272));
#14360=CARTESIAN_POINT('Ctrl Pts',(-17.3288600443368,5.88208640023055,342.845894880272));
#14361=CARTESIAN_POINT('Ctrl Pts',(-17.3288600443368,5.8820864002306,343.164368241047));
#14362=CARTESIAN_POINT('Ctrl Pts',(-17.1891344161169,6.15893225202489,343.691798518022));
#14363=CARTESIAN_POINT('Ctrl Pts',(-16.9440967466056,6.64094327135961,343.845894880272));
#14364=CARTESIAN_POINT('Ctrl Pts',(-16.8396809729464,6.84600026308116,343.845894880272));
#14365=CARTESIAN_POINT('Ctrl Pts',(-17.5060100033231,5.95592828102568,342.845894880272));
#14366=CARTESIAN_POINT('Ctrl Pts',(-17.5060100033231,5.95592828102573,343.179819969735));
#14367=CARTESIAN_POINT('Ctrl Pts',(-17.2962749136807,6.23479933171971,343.71381343264));
#14368=CARTESIAN_POINT('Ctrl Pts',(-16.9756540173383,6.66391068402458,343.845894880272));
#14369=CARTESIAN_POINT('Ctrl Pts',(-16.8396809729464,6.84600026308116,343.845894880272));
#14370=CARTESIAN_POINT('Ctrl Pts',(-17.6165118138415,6.1083098850871,342.845894880272));
#14371=CARTESIAN_POINT('Ctrl Pts',(-17.6165118138415,6.10830988508713,343.159459133241));
#14372=CARTESIAN_POINT('Ctrl Pts',(-17.4005575493694,6.31354017571271,343.684551770242));
#14373=CARTESIAN_POINT('Ctrl Pts',(-17.007211288071,6.68687809668955,343.845894880272));
#14374=CARTESIAN_POINT('Ctrl Pts',(-16.8396809729464,6.84600026308116,343.845894880272));
#14375=CARTESIAN_POINT('Ctrl Pts',(-17.646522698033,6.1807625687211,342.845894880272));
#14376=CARTESIAN_POINT('Ctrl Pts',(-17.646522698033,6.18076256872112,343.145094180614));
#14377=CARTESIAN_POINT('Ctrl Pts',(-17.4437726843934,6.34792912371113,343.662903697679));
#14378=CARTESIAN_POINT('Ctrl Pts',(-17.0207358326707,6.69672127354597,343.845894880272));
#14379=CARTESIAN_POINT('Ctrl Pts',(-16.8396809729464,6.84600026308116,343.845894880272));
#14380=CARTESIAN_POINT('',(-17.2246330653142,5.87371087924531,342.845894880272));
#14381=CARTESIAN_POINT('Origin',(-16.8396809729464,6.84600026308118,342.845894880272));
#14382=CARTESIAN_POINT('',(-17.646522698033,6.1807625687211,342.845894880272));
#14383=CARTESIAN_POINT('Origin',(-16.8396809729464,6.84600026308118,342.845894880272));
#14384=CARTESIAN_POINT('Origin',(-17.1845829317773,6.37210428490366,342.845894880272));
#14385=CARTESIAN_POINT('Origin',(-17.2980468282388,7.95259332745685,342.845894880272));
#14386=CARTESIAN_POINT('',(-18.2219263607501,7.56990989509176,342.845894880272));
#14387=CARTESIAN_POINT('Origin',(-8.82965715771113,1.13931685420256,342.845894880273));
#14388=CARTESIAN_POINT('Origin',(-11.6989519946758,6.48098846737552,342.845894880273));
#14389=CARTESIAN_POINT('Ctrl Pts',(-6.52773658647872,6.74890419804045,343.845894880273));
#14390=CARTESIAN_POINT('Ctrl Pts',(-6.32794304447571,6.41784053674865,343.845894880273));
#14391=CARTESIAN_POINT('Ctrl Pts',(-6.11498910565134,6.07531112479754,343.765756935749));
#14392=CARTESIAN_POINT('Ctrl Pts',(-5.72161092705455,5.460159851592,343.532648526755));
#14393=CARTESIAN_POINT('Ctrl Pts',(-5.54110761489519,5.18633401786278,343.385904140843));
#14394=CARTESIAN_POINT('Ctrl Pts',(-5.34426339507432,4.89180601389866,343.186090990662));
#14395=CARTESIAN_POINT('Ctrl Pts',(-5.27440892851336,4.7884001842094,343.105086541815));
#14396=CARTESIAN_POINT('Ctrl Pts',(-5.21189937158942,4.69633481700239,342.99006053901));
#14397=CARTESIAN_POINT('Ctrl Pts',(-5.19935507504981,4.6779121428275,342.95955148235));
#14398=CARTESIAN_POINT('Ctrl Pts',(-5.18491736370491,4.6567171171708,342.907824802715));
#14399=CARTESIAN_POINT('Ctrl Pts',(-5.18057341752088,4.65034703001291,342.883725063587));
#14400=CARTESIAN_POINT('Ctrl Pts',(-5.17935912253511,4.64856617074325,342.853911663046));
#14401=CARTESIAN_POINT('Ctrl Pts',(-5.17927771105311,4.64844677812784,342.849898990115));
#14402=CARTESIAN_POINT('Ctrl Pts',(-5.17927771105311,4.64844677812784,342.845894880273));
#14403=CARTESIAN_POINT('Ctrl Pts',(-11.9450441159995,5.4494511678622,342.845894880273));
#14404=CARTESIAN_POINT('Ctrl Pts',(-11.5632088748685,5.4187674705605,342.845894880273));
#14405=CARTESIAN_POINT('Ctrl Pts',(-11.2257460809161,5.60003661671461,342.845894880273));
#14406=CARTESIAN_POINT('Ctrl Pts',(-11.9450441159996,5.4494511678621,343.845894880273));
#14407=CARTESIAN_POINT('Ctrl Pts',(-11.5632088748685,5.4187674705604,343.845894880273));
#14408=CARTESIAN_POINT('Ctrl Pts',(-11.225746080916,5.60003661671452,343.845894880273));
#14409=CARTESIAN_POINT('Ctrl Pts',(-11.8649438489258,6.44623797917881,343.845894880273));
#14410=CARTESIAN_POINT('Ctrl Pts',(-11.7768280240494,6.43915712595534,343.845894880273));
#14411=CARTESIAN_POINT('Ctrl Pts',(-11.6989519946758,6.48098846737551,343.845894880273));
#14412=CARTESIAN_POINT('',(-11.9450441159995,5.4494511678622,342.845894880273));
#14413=CARTESIAN_POINT('Origin',(-11.8649438489258,6.4462379791788,342.845894880273));
#14414=CARTESIAN_POINT('Origin',(-11.8409137688036,6.74527402257374,342.845894880273));
#14415=CARTESIAN_POINT('Origin',(8.98650818427192,4.77064711283464,342.845894880272));
#14416=CARTESIAN_POINT('',(8.90640791719818,3.77386030151804,342.845894880272));
#14417=CARTESIAN_POINT('Origin',(-16.766189988873,18.9610391072132,345.845894880273));
#14418=CARTESIAN_POINT('',(-15.0711564074779,14.1896531360813,345.845894880273));
#14419=CARTESIAN_POINT('',(-11.7158788692276,19.3265805171198,345.845894880273));
#14420=CARTESIAN_POINT('Ctrl Pts',(-21.9826338523663,27.2986305141382,343.845894880272));
#14421=CARTESIAN_POINT('Ctrl Pts',(-22.2070333276227,27.2300014062384,343.845894880272));
#14422=CARTESIAN_POINT('Ctrl Pts',(-22.7313413693207,27.0696499030751,343.662898869221));
#14423=CARTESIAN_POINT('Ctrl Pts',(-22.9826338523663,26.9927959847955,343.145094180614));
#14424=CARTESIAN_POINT('Ctrl Pts',(-22.9826338523663,26.9927959847955,342.845894880272));
#14425=CARTESIAN_POINT('Ctrl Pts',(-21.9826338523663,27.2986305141382,343.845894880272));
#14426=CARTESIAN_POINT('Ctrl Pts',(-22.1953956886395,27.2109753678636,343.845894880272));
#14427=CARTESIAN_POINT('Ctrl Pts',(-22.6954820344232,27.0053356449824,343.691792588462));
#14428=CARTESIAN_POINT('Ctrl Pts',(-22.9826338523663,26.8882330252546,343.164368241046));
#14429=CARTESIAN_POINT('Ctrl Pts',(-22.9826338523663,26.8882330252546,342.845894880272));
#14430=CARTESIAN_POINT('Ctrl Pts',(-21.9826338523663,27.2986305141382,343.845894880272));
#14431=CARTESIAN_POINT('Ctrl Pts',(-22.1750298204187,27.1776798007076,343.845894880272));
#14432=CARTESIAN_POINT('Ctrl Pts',(-22.6284428850004,26.8924618954343,343.713805127647));
#14433=CARTESIAN_POINT('Ctrl Pts',(-22.9232187139319,26.7057377271834,343.179819969735));
#14434=CARTESIAN_POINT('Ctrl Pts',(-22.9232187139319,26.7057377271834,342.845894880272));
#14435=CARTESIAN_POINT('Ctrl Pts',(-21.9826338523663,27.2986305141382,343.845894880272));
#14436=CARTESIAN_POINT('Ctrl Pts',(-22.154663952198,27.1443842335516,343.845894880272));
#14437=CARTESIAN_POINT('Ctrl Pts',(-22.5583071362944,26.7822085571758,343.684545753225));
#14438=CARTESIAN_POINT('Ctrl Pts',(-22.7801782498127,26.5833849736051,343.159459133241));
#14439=CARTESIAN_POINT('Ctrl Pts',(-22.7801782498127,26.5833849736051,342.845894880272));
#14440=CARTESIAN_POINT('Ctrl Pts',(-21.9826338523663,27.2986305141382,343.845894880272));
#14441=CARTESIAN_POINT('Ctrl Pts',(-22.1459357229606,27.1301147047704,343.845894880272));
#14442=CARTESIAN_POINT('Ctrl Pts',(-22.5274895740963,26.7363785166451,343.662898869221));
#14443=CARTESIAN_POINT('Ctrl Pts',(-22.7103622501607,26.5476670407377,343.145094180614));
#14444=CARTESIAN_POINT('Ctrl Pts',(-22.7103622501607,26.5476670407377,342.845894880272));
#14445=CARTESIAN_POINT('',(-22.9826338523663,26.9927959847955,342.845894880272));
#14446=CARTESIAN_POINT('',(-22.7103622501608,26.5476670407377,342.845894880272));
#14447=CARTESIAN_POINT('Origin',(-22.4826338523662,26.9927959847955,342.845894880272));
#14448=CARTESIAN_POINT('Origin',(-21.9826338523663,27.2986305141382,342.845894880272));
#14449=CARTESIAN_POINT('Origin',(-21.9826338523663,27.2986305141382,342.845894880272));
#14450=CARTESIAN_POINT('Origin',(1.08345044584678,15.4979995042981,342.845894880272));
#14451=CARTESIAN_POINT('',(-17.9950152423825,24.1352909563212,342.845894880272));
#14452=CARTESIAN_POINT('',(0.627993650257771,14.6077416161827,342.845894880272));
#14453=CARTESIAN_POINT('Origin',(-17.5395584467935,25.0255488444366,342.845894880272));
#14454=CARTESIAN_POINT('Ctrl Pts',(-17.9950152423825,24.1352909563212,342.845894880272));
#14455=CARTESIAN_POINT('Ctrl Pts',(-17.6539876209111,23.9608208957284,342.845894880272));
#14456=CARTESIAN_POINT('Ctrl Pts',(-17.2728439535622,23.9991503294507,342.845894880272));
#14457=CARTESIAN_POINT('Ctrl Pts',(-17.9950152423829,24.1352909563205,343.845894880273));
#14458=CARTESIAN_POINT('Ctrl Pts',(-17.6539876209113,23.9608208957277,343.845894880273));
#14459=CARTESIAN_POINT('Ctrl Pts',(-17.2728439535621,23.99915032945,343.845894880273));
#14460=CARTESIAN_POINT('Ctrl Pts',(-17.5395584467935,25.0255488444366,343.845894880273));
#14461=CARTESIAN_POINT('Ctrl Pts',(-17.4608597649155,24.9852865227613,343.845894880273));
#14462=CARTESIAN_POINT('Ctrl Pts',(-17.3729035339888,24.9941317766973,343.845894880273));
#14463=CARTESIAN_POINT('Origin',(-17.3729035339888,24.9941317766973,342.845894880273));
#14464=CARTESIAN_POINT('Origin',(-17.4029214081168,25.2926262108712,342.845894880273));
#14465=CARTESIAN_POINT('Origin',(-16.766189988873,18.9610391072132,342.845894880273));
#14466=CARTESIAN_POINT('Ctrl Pts',(-12.4927965487531,23.2627151747884,343.845894880273));
#14467=CARTESIAN_POINT('Ctrl Pts',(-12.4349039628017,22.8803945557352,343.845894880273));
#14468=CARTESIAN_POINT('Ctrl Pts',(-12.3692405084054,22.4824446985054,343.765756935746));
#14469=CARTESIAN_POINT('Ctrl Pts',(-12.2412146613175,21.7635797161908,343.532648526753));
#14470=CARTESIAN_POINT('Ctrl Pts',(-12.1792399555851,21.441522005888,343.38590414084));
#14471=CARTESIAN_POINT('Ctrl Pts',(-12.1100905972847,21.0940845895949,343.186090990661));
#14472=CARTESIAN_POINT('Ctrl Pts',(-12.0851251832066,20.9718179129735,343.105086541814));
#14473=CARTESIAN_POINT('Ctrl Pts',(-12.0626057737081,20.8628392327836,342.990060539034));
#14474=CARTESIAN_POINT('Ctrl Pts',(-12.0580664070696,20.841018406711,342.959551482373));
#14475=CARTESIAN_POINT('Ctrl Pts',(-12.0528386862267,20.8159116833712,342.907824802715));
#14476=CARTESIAN_POINT('Ctrl Pts',(-12.051263130075,20.8083641339902,342.883725063587));
#14477=CARTESIAN_POINT('Ctrl Pts',(-12.0508227731291,20.8062541439876,342.853911663046));
#14478=CARTESIAN_POINT('Ctrl Pts',(-12.0507932483031,20.8061126847686,342.849898990115));
#14479=CARTESIAN_POINT('Ctrl Pts',(-12.0507932483031,20.8061126847686,342.845894880273));
#14480=CARTESIAN_POINT('Ctrl Pts',(-21.9826338523663,30.0899025808701,343.845894880272));
#14481=CARTESIAN_POINT('Ctrl Pts',(-22.2032053628061,30.31091460715,343.845894880272));
#14482=CARTESIAN_POINT('Ctrl Pts',(-22.5849336359747,30.6934052514455,343.594601905922));
#14483=CARTESIAN_POINT('Ctrl Pts',(-22.7198398223926,30.8285808666393,343.070294355528));
#14484=CARTESIAN_POINT('Ctrl Pts',(-22.7198398223926,30.8285808666393,342.845894880272));
#14485=CARTESIAN_POINT('Ctrl Pts',(-21.9826338523663,30.0899025808701,343.845894880272));
#14486=CARTESIAN_POINT('Ctrl Pts',(-22.2181820846922,30.2858302232092,343.845894880272));
#14487=CARTESIAN_POINT('Ctrl Pts',(-22.6339362481692,30.632371348379,343.628019965698));
#14488=CARTESIAN_POINT('Ctrl Pts',(-22.8100918724556,30.7799423275905,343.084125445276));
#14489=CARTESIAN_POINT('Ctrl Pts',(-22.8100918724556,30.7799423275905,342.845894880272));
#14490=CARTESIAN_POINT('Ctrl Pts',(-21.9826338523663,30.0899025808701,343.845894880272));
#14491=CARTESIAN_POINT('Ctrl Pts',(-22.2443913479929,30.2419325513129,343.845894880272));
#14492=CARTESIAN_POINT('Ctrl Pts',(-22.7139283740565,30.514254609952,343.653728077432));
#14493=CARTESIAN_POINT('Ctrl Pts',(-22.9405778900864,30.644816189478,343.095185242375));
#14494=CARTESIAN_POINT('Ctrl Pts',(-22.9405778900865,30.644816189478,342.845894880272));
#14495=CARTESIAN_POINT('Ctrl Pts',(-21.9826338523663,30.0899025808701,343.845894880272));
#14496=CARTESIAN_POINT('Ctrl Pts',(-22.2706006112936,30.1980348794166,343.845894880272));
#14497=CARTESIAN_POINT('Ctrl Pts',(-22.7769329635665,30.3879555935833,343.619616205746));
#14498=CARTESIAN_POINT('Ctrl Pts',(-22.9826338523663,30.465322272111,343.080605245728));
#14499=CARTESIAN_POINT('Ctrl Pts',(-22.9826338523663,30.465322272111,342.845894880272));
#14500=CARTESIAN_POINT('Ctrl Pts',(-21.9826338523663,30.0899025808701,343.845894880272));
#14501=CARTESIAN_POINT('Ctrl Pts',(-22.2818331527082,30.179221591461,343.845894880272));
#14502=CARTESIAN_POINT('Ctrl Pts',(-22.7996372518191,30.3337999937489,343.594601905922));
#14503=CARTESIAN_POINT('Ctrl Pts',(-22.9826338523663,30.3884293838701,343.070294355528));
#14504=CARTESIAN_POINT('Ctrl Pts',(-22.9826338523663,30.3884293838701,342.845894880272));
#14505=CARTESIAN_POINT('',(-22.7198398223926,30.8285808666393,342.845894880272));
#14506=CARTESIAN_POINT('',(-22.9826338523663,30.3884293838701,342.845894880272));
#14507=CARTESIAN_POINT('Origin',(-22.4826338523662,30.3884293838701,342.845894880272));
#14508=CARTESIAN_POINT('Origin',(-21.9826338523663,30.0899025808701,342.845894880272));
#14509=CARTESIAN_POINT('Origin',(-21.9826338523663,30.0899025808701,342.845894880272));
#14510=CARTESIAN_POINT('Origin',(-21.9826338523663,28.4963982159151,342.845894880272));
#14511=CARTESIAN_POINT('',(-22.9826338523663,28.4963982159151,342.845894880272));
#14512=CARTESIAN_POINT('Origin',(-17.278512388248,38.4633431557779,342.845894880273));
#14513=CARTESIAN_POINT('',(-17.5384359160491,33.4064960464353,342.845894880273));
#14514=CARTESIAN_POINT('Origin',(-17.5897684643906,32.4078144307636,342.845894880273));
#14515=CARTESIAN_POINT('',(-12.4727466705788,36.8683889888984,342.845894880273));
#14516=CARTESIAN_POINT('Ctrl Pts',(-12.4727466705789,36.8683889888982,342.845894880273));
#14517=CARTESIAN_POINT('Ctrl Pts',(-12.4727466705789,36.8683889888982,342.86356475616));
#14518=CARTESIAN_POINT('Ctrl Pts',(-12.473176726447,36.8656059159027,342.880992970338));
#14519=CARTESIAN_POINT('Ctrl Pts',(-12.4752298054865,36.8522961674272,342.924183462232));
#14520=CARTESIAN_POINT('Ctrl Pts',(-12.4772910197664,36.8389182275048,342.948576195594));
#14521=CARTESIAN_POINT('Ctrl Pts',(-12.483268266047,36.7999527671363,343.003701621723));
#14522=CARTESIAN_POINT('Ctrl Pts',(-12.4885023563137,36.7657776839994,343.040412944113));
#14523=CARTESIAN_POINT('Ctrl Pts',(-12.5120044854994,36.6100460968733,343.169402742988));
#14524=CARTESIAN_POINT('Ctrl Pts',(-12.5336121779228,36.4631676987876,343.254351427145));
#14525=CARTESIAN_POINT('Ctrl Pts',(-12.5856412567081,36.0976279757101,343.445217344613));
#14526=CARTESIAN_POINT('Ctrl Pts',(-12.6327308473467,35.750635803152,343.594183000362));
#14527=CARTESIAN_POINT('Ctrl Pts',(-12.7167549914394,35.0509520334011,343.788689981292));
#14528=CARTESIAN_POINT('Ctrl Pts',(-12.7531415023522,34.7184650780275,343.845894880273));
#14529=CARTESIAN_POINT('Ctrl Pts',(-12.7851602377788,34.3919680887664,343.845894880273));
#14530=CARTESIAN_POINT('Origin',(-17.278512388248,38.4633431557779,342.845894880273));
#14531=CARTESIAN_POINT('Ctrl Pts',(-17.5384359160491,33.4064960464353,342.845894880273));
#14532=CARTESIAN_POINT('Ctrl Pts',(-17.9016995470846,33.4251679110298,342.845894880273));
#14533=CARTESIAN_POINT('Ctrl Pts',(-18.2219037509615,33.2526038012617,342.845894880273));
#14534=CARTESIAN_POINT('Ctrl Pts',(-17.5384359160491,33.4064960464354,343.845894880273));
#14535=CARTESIAN_POINT('Ctrl Pts',(-17.9016995470846,33.4251679110298,343.845894880273));
#14536=CARTESIAN_POINT('Ctrl Pts',(-18.2219037509616,33.2526038012617,343.845894880273));
#14537=CARTESIAN_POINT('Ctrl Pts',(-17.5897684643905,32.4078144307636,343.845894880273));
#14538=CARTESIAN_POINT('Ctrl Pts',(-17.6735985330911,32.4121233225931,343.845894880273));
#14539=CARTESIAN_POINT('Ctrl Pts',(-17.7474918109088,32.3723008357235,343.845894880273));
#14540=CARTESIAN_POINT('',(-18.2219037509615,33.2526038012617,342.845894880273));
#14541=CARTESIAN_POINT('Origin',(-17.7474918109088,32.3723008357235,342.845894880273));
#14542=CARTESIAN_POINT('Origin',(-17.605168228893,32.1082099460619,342.845894880273));
#14543=CARTESIAN_POINT('Origin',(-1.21633283004276,41.2812554916218,342.845894880272));
#14544=CARTESIAN_POINT('',(-1.69074477009549,42.16155845716,342.845894880272));
#14545=CARTESIAN_POINT('Origin',(-17.4029214081168,25.2926262108712,345.845894880273));
#14546=CARTESIAN_POINT('',(-17.9950152423825,24.1352909563212,345.845894880273));
#14547=CARTESIAN_POINT('Origin',(-17.9950152423825,24.1352909563212,345.845894880273));
#14548=CARTESIAN_POINT('',(-22.7103622501608,26.5476670407377,345.845894880273));
#14549=CARTESIAN_POINT('Origin',(-22.4826338523662,26.9927959847955,345.845894880273));
#14550=CARTESIAN_POINT('',(-22.9826338523663,26.9927959847955,345.845894880273));
#14551=CARTESIAN_POINT('Origin',(-22.9826338523663,26.9927959847955,345.845894880273));
#14552=CARTESIAN_POINT('',(-22.9826338523663,30.3884293838702,345.845894880273));
#14553=CARTESIAN_POINT('Origin',(-22.4826338523662,30.3884293838701,345.845894880273));
#14554=CARTESIAN_POINT('',(-22.7198398223926,30.8285808666393,345.845894880273));
#14555=CARTESIAN_POINT('Origin',(-22.7198398223926,30.8285808666393,345.845894880273));
#14556=CARTESIAN_POINT('',(-18.2219037509615,33.2526038012617,345.845894880273));
#14557=CARTESIAN_POINT('Origin',(-17.605168228893,32.1082099460619,345.845894880273));
#14558=CARTESIAN_POINT('',(-17.5384359160491,33.4064960464353,345.845894880273));
#14559=CARTESIAN_POINT('Origin',(-17.278512388248,38.4633431557779,345.845894880273));
#14560=CARTESIAN_POINT('',(-12.4727466705788,36.8683889888984,345.845894880273));
#14561=CARTESIAN_POINT('Ctrl Pts',(-18.9072200089638,48.1625198494994,343.845894880272));
#14562=CARTESIAN_POINT('Ctrl Pts',(-19.2186617487863,48.1924784272179,343.845894880272));
#14563=CARTESIAN_POINT('Ctrl Pts',(-19.7576504572986,48.2443254761157,343.594599858655));
#14564=CARTESIAN_POINT('Ctrl Pts',(-19.9481373488997,48.2626490198695,343.070294355528));
#14565=CARTESIAN_POINT('Ctrl Pts',(-19.9481373488997,48.2626490198695,342.845894880272));
#14566=CARTESIAN_POINT('Ctrl Pts',(-18.9072200089638,48.1625198494994,343.845894880272));
#14567=CARTESIAN_POINT('Ctrl Pts',(-19.214033979728,48.1631033617912,343.845894880272));
#14568=CARTESIAN_POINT('Ctrl Pts',(-19.7562541818804,48.1647345291197,343.629318138581));
#14569=CARTESIAN_POINT('Ctrl Pts',(-19.988151861155,48.1660454416908,343.084749900853));
#14570=CARTESIAN_POINT('Ctrl Pts',(-19.988151861155,48.1660454416908,342.845894880272));
#14571=CARTESIAN_POINT('Ctrl Pts',(-18.9072200089638,48.1625198494994,343.845894880272));
#14572=CARTESIAN_POINT('Ctrl Pts',(-19.2059353838758,48.1116969972944,343.845894880272));
#14573=CARTESIAN_POINT('Ctrl Pts',(-19.7418730246189,48.0201543349186,343.656048374292));
#14574=CARTESIAN_POINT('Ctrl Pts',(-20.00309714491,47.97470462902,343.096338697369));
#14575=CARTESIAN_POINT('Ctrl Pts',(-20.00309714491,47.97470462902,342.845894880272));
#14576=CARTESIAN_POINT('Ctrl Pts',(-18.9072200089638,48.1625198494994,343.845894880272));
#14577=CARTESIAN_POINT('Ctrl Pts',(-19.1978367880236,48.0602906327976,343.845894880272));
#14578=CARTESIAN_POINT('Ctrl Pts',(-19.708854714446,47.8802980911624,343.620585483409));
#14579=CARTESIAN_POINT('Ctrl Pts',(-19.9177675724686,47.8069261613592,343.081068069999));
#14580=CARTESIAN_POINT('Ctrl Pts',(-19.9177675724686,47.8069261613592,342.845894880272));
#14581=CARTESIAN_POINT('Ctrl Pts',(-18.9072200089638,48.1625198494994,343.845894880272));
#14582=CARTESIAN_POINT('Ctrl Pts',(-19.1943659612298,48.0382593337275,343.845894880272));
#14583=CARTESIAN_POINT('Ctrl Pts',(-19.6913077842962,47.8232110394526,343.594599858655));
#14584=CARTESIAN_POINT('Ctrl Pts',(-19.866934660495,47.7472096678586,343.070294355528));
#14585=CARTESIAN_POINT('Ctrl Pts',(-19.866934660495,47.7472096678586,342.845894880272));
#14586=CARTESIAN_POINT('',(-19.9481373488997,48.2626490198695,342.845894880272));
#14587=CARTESIAN_POINT('',(-19.866934660495,47.7472096678586,342.845894880272));
#14588=CARTESIAN_POINT('Origin',(-19.486197582644,48.0713073036869,342.845894880272));
#14589=CARTESIAN_POINT('Origin',(-18.9072200089637,48.1625198494994,342.845894880272));
#14590=CARTESIAN_POINT('Origin',(-18.9072200089637,48.1625198494994,342.845894880272));
#14591=CARTESIAN_POINT('Origin',(-2.11284280958382,28.4331500783269,342.845894880272));
#14592=CARTESIAN_POINT('',(-16.4336984314603,43.7139796010174,342.845894880272));
#14593=CARTESIAN_POINT('',(-2.8743169652858,27.7849548066704,342.845894880272));
#14594=CARTESIAN_POINT('Origin',(-15.6722242757583,44.362174872674,342.845894880272));
#14595=CARTESIAN_POINT('Ctrl Pts',(-16.4336984314603,43.7139796010174,342.845894880272));
#14596=CARTESIAN_POINT('Ctrl Pts',(-16.1853967935945,43.4222846622838,342.845894880272));
#14597=CARTESIAN_POINT('Ctrl Pts',(-15.818597921127,43.3118390747473,342.845894880272));
#14598=CARTESIAN_POINT('Ctrl Pts',(-16.4336984314609,43.7139796010169,343.845894880273));
#14599=CARTESIAN_POINT('Ctrl Pts',(-16.1853967935949,43.4222846622831,343.845894880273));
#14600=CARTESIAN_POINT('Ctrl Pts',(-15.8185979211273,43.3118390747466,343.845894880273));
#14601=CARTESIAN_POINT('Ctrl Pts',(-15.6722242757583,44.3621748726739,343.845894880273));
#14602=CARTESIAN_POINT('Ctrl Pts',(-15.6149238977893,44.2948606560431,343.845894880273));
#14603=CARTESIAN_POINT('Ctrl Pts',(-15.530278004143,44.2693732127655,343.845894880273));
#14604=CARTESIAN_POINT('Origin',(-15.530278004143,44.2693732127655,342.845894880273));
#14605=CARTESIAN_POINT('Origin',(-15.4437820290477,44.5566334541709,342.845894880273));
#14606=CARTESIAN_POINT('Origin',(-17.278512388248,38.4633431557779,342.845894880273));
#14607=CARTESIAN_POINT('Ctrl Pts',(-11.6842314920907,40.8022167605927,343.845894880273));
#14608=CARTESIAN_POINT('Ctrl Pts',(-11.7770534836038,40.4268440323143,343.845894880273));
#14609=CARTESIAN_POINT('Ctrl Pts',(-11.8686771793276,40.0340579881443,343.765756935754));
#14610=CARTESIAN_POINT('Ctrl Pts',(-12.0254944384102,39.3209199737482,343.532648526759));
#14611=CARTESIAN_POINT('Ctrl Pts',(-12.0914834262508,38.9996607537955,343.385904140848));
#14612=CARTESIAN_POINT('Ctrl Pts',(-12.1605562924311,38.6522081222672,343.186090990665));
#14613=CARTESIAN_POINT('Ctrl Pts',(-12.1842806888176,38.5296945918762,343.105086541818));
#14614=CARTESIAN_POINT('Ctrl Pts',(-12.2051798026887,38.4203936148405,342.990060539032));
#14615=CARTESIAN_POINT('Ctrl Pts',(-12.2093364433791,38.3984966598444,342.959551482371));
#14616=CARTESIAN_POINT('Ctrl Pts',(-12.2141145861535,38.3733005098684,342.907824802716));
#14617=CARTESIAN_POINT('Ctrl Pts',(-12.2155472841758,38.365724544238,342.883725063588));
#14618=CARTESIAN_POINT('Ctrl Pts',(-12.2159479056229,38.3636066503532,342.853911663046));
#14619=CARTESIAN_POINT('Ctrl Pts',(-12.2159747623399,38.3634646604142,342.849898990115));
#14620=CARTESIAN_POINT('Ctrl Pts',(-12.2159747623399,38.3634646604142,342.845894880273));
#14621=CARTESIAN_POINT('Ctrl Pts',(-17.839046433802,50.7413189816234,343.845894880272));
#14622=CARTESIAN_POINT('Ctrl Pts',(-17.9284493311567,50.9577671442853,343.845894880272));
#14623=CARTESIAN_POINT('Ctrl Pts',(-18.137337562187,51.4634943091311,343.662895532759));
#14624=CARTESIAN_POINT('Ctrl Pts',(-18.2374559989427,51.7058852419258,343.145094180614));
#14625=CARTESIAN_POINT('Ctrl Pts',(-18.2374559989427,51.7058852419258,342.845894880272));
#14626=CARTESIAN_POINT('Ctrl Pts',(-17.839046433802,50.7413189816234,343.845894880272));
#14627=CARTESIAN_POINT('Ctrl Pts',(-17.9460263798767,50.9446844401066,343.845894880272));
#14628=CARTESIAN_POINT('Ctrl Pts',(-18.1971382371827,51.4227523957933,343.690743180949));
#14629=CARTESIAN_POINT('Ctrl Pts',(-18.3394511838316,51.6954870555035,343.16353563361));
#14630=CARTESIAN_POINT('Ctrl Pts',(-18.3394511838316,51.6954870555035,342.845894880272));
#14631=CARTESIAN_POINT('Ctrl Pts',(-17.839046433802,50.7413189816234,343.845894880272));
#14632=CARTESIAN_POINT('Ctrl Pts',(-17.9767862151365,50.921789707794,343.845894880272));
#14633=CARTESIAN_POINT('Ctrl Pts',(-18.301649730353,51.3472004065157,343.711949464852));
#14634=CARTESIAN_POINT('Ctrl Pts',(-18.5117149618411,51.6205814800415,343.178282029743));
#14635=CARTESIAN_POINT('Ctrl Pts',(-18.5117149618411,51.6205814800415,342.845894880272));
#14636=CARTESIAN_POINT('Ctrl Pts',(-17.839046433802,50.7413189816234,343.845894880272));
#14637=CARTESIAN_POINT('Ctrl Pts',(-18.0075460503964,50.8988949754813,343.845894880272));
#14638=CARTESIAN_POINT('Ctrl Pts',(-18.4031692781155,51.2686323002409,343.683758935238));
#14639=CARTESIAN_POINT('Ctrl Pts',(-18.6192590702918,51.4708449828277,343.158842034213));
#14640=CARTESIAN_POINT('Ctrl Pts',(-18.6192590702918,51.4708449828277,342.845894880272));
#14641=CARTESIAN_POINT('Ctrl Pts',(-17.839046433802,50.7413189816234,343.845894880272));
#14642=CARTESIAN_POINT('Ctrl Pts',(-18.0207288369364,50.8890829473473,343.845894880272));
#14643=CARTESIAN_POINT('Ctrl Pts',(-18.4452264418573,51.2343307449395,343.662895532759));
#14644=CARTESIAN_POINT('Ctrl Pts',(-18.6486847046882,51.3998052171863,343.145094180614));
#14645=CARTESIAN_POINT('Ctrl Pts',(-18.6486847046882,51.3998052171863,342.845894880272));
#14646=CARTESIAN_POINT('',(-18.2374559989427,51.7058852419258,342.845894880272));
#14647=CARTESIAN_POINT('',(-18.6486847046882,51.3998052171863,342.845894880272));
#14648=CARTESIAN_POINT('Origin',(-18.1867449384325,51.2084635010037,342.845894880272));
#14649=CARTESIAN_POINT('Origin',(-17.839046433802,50.7413189816234,342.845894880272));
#14650=CARTESIAN_POINT('Origin',(-17.839046433802,50.7413189816234,342.845894880272));
#14651=CARTESIAN_POINT('Origin',(-18.4488541536721,49.2691129138732,342.845894880272));
#14652=CARTESIAN_POINT('',(-19.3727336861834,49.6517963462383,342.845894880272));
#14653=CARTESIAN_POINT('Origin',(-10.2886279147452,56.6771799973292,342.845894880273));
#14654=CARTESIAN_POINT('',(-12.4639375508475,52.1047308817401,342.845894880273));
#14655=CARTESIAN_POINT('Origin',(-12.893541550137,51.201713493317,342.845894880273));
#14656=CARTESIAN_POINT('',(-6.45904186519279,53.3645475672754,342.845894880273));
#14657=CARTESIAN_POINT('Ctrl Pts',(-6.45904186519286,53.3645475672753,342.845894880273));
#14658=CARTESIAN_POINT('Ctrl Pts',(-6.45904186519286,53.3645475672753,342.86356475616));
#14659=CARTESIAN_POINT('Ctrl Pts',(-6.46050422093376,53.3621409183529,342.880992970338));
#14660=CARTESIAN_POINT('Ctrl Pts',(-6.46749443886747,53.3506299934874,342.924183462232));
#14661=CARTESIAN_POINT('Ctrl Pts',(-6.47451826852001,53.3390591811617,342.948576195594));
#14662=CARTESIAN_POINT('Ctrl Pts',(-6.49495196013468,53.305347182979,343.003701621716));
#14663=CARTESIAN_POINT('Ctrl Pts',(-6.51286586711733,53.2757765227792,343.040412944105));
#14664=CARTESIAN_POINT('Ctrl Pts',(-6.5941749015366,53.1408931723241,343.169402742988));
#14665=CARTESIAN_POINT('Ctrl Pts',(-6.67034573583145,53.0134641324662,343.254351427146));
#14666=CARTESIAN_POINT('Ctrl Pts',(-6.85830033271026,52.6956601304464,343.445217344614));
#14667=CARTESIAN_POINT('Ctrl Pts',(-7.03459359729415,52.3931015704522,343.594183000363));
#14668=CARTESIAN_POINT('Ctrl Pts',(-7.37997917083511,51.7788327042145,343.788689981292));
#14669=CARTESIAN_POINT('Ctrl Pts',(-7.540833172826,51.4855793262058,343.845894880273));
#14670=CARTESIAN_POINT('Ctrl Pts',(-7.69535961565082,51.1961884799739,343.845894880273));
#14671=CARTESIAN_POINT('Origin',(-10.2886279147452,56.6771799973292,342.845894880273));
#14672=CARTESIAN_POINT('Ctrl Pts',(-12.4639375508475,52.1047308817401,342.845894880273));
#14673=CARTESIAN_POINT('Ctrl Pts',(-12.7924039712353,52.2609964084508,342.845894880273));
#14674=CARTESIAN_POINT('Ctrl Pts',(-13.1542715072503,52.2241048031874,342.845894880273));
#14675=CARTESIAN_POINT('Ctrl Pts',(-12.4639375508475,52.1047308817401,343.845894880273));
#14676=CARTESIAN_POINT('Ctrl Pts',(-12.7924039712353,52.2609964084508,343.845894880273));
#14677=CARTESIAN_POINT('Ctrl Pts',(-13.1542715072503,52.2241048031874,343.845894880273));
#14678=CARTESIAN_POINT('Ctrl Pts',(-12.893541550137,51.201713493317,343.845894880273));
#14679=CARTESIAN_POINT('Ctrl Pts',(-12.9693414933034,51.2377747687118,343.845894880273));
#14680=CARTESIAN_POINT('Ctrl Pts',(-13.05284938623,51.2292613213433,343.845894880273));
#14681=CARTESIAN_POINT('',(-13.1542715072503,52.2241048031874,342.845894880273));
#14682=CARTESIAN_POINT('Origin',(-13.05284938623,51.2292613213433,342.845894880273));
#14683=CARTESIAN_POINT('Origin',(-13.0224227499239,50.93080827679,342.845894880273));
#14684=CARTESIAN_POINT('Origin',(5.62925939138611,53.1338615242281,342.845894880272));
#14685=CARTESIAN_POINT('',(5.52783727036575,54.1287050060722,342.845894880272));
#14686=CARTESIAN_POINT('Origin',(-15.4437820290477,44.5566334541709,345.845894880273));
#14687=CARTESIAN_POINT('',(-16.4336984314603,43.7139796010174,345.845894880273));
#14688=CARTESIAN_POINT('Origin',(-16.4336984314603,43.7139796010174,345.845894880273));
#14689=CARTESIAN_POINT('',(-19.866934660495,47.7472096678586,345.845894880273));
#14690=CARTESIAN_POINT('Origin',(-19.486197582644,48.0713073036869,345.845894880273));
#14691=CARTESIAN_POINT('',(-19.9481373488997,48.2626490198695,345.845894880273));
#14692=CARTESIAN_POINT('Origin',(-19.9481373488997,48.2626490198695,345.845894880273));
#14693=CARTESIAN_POINT('',(-18.6486847046882,51.3998052171863,345.845894880273));
#14694=CARTESIAN_POINT('Origin',(-18.1867449384325,51.2084635010037,345.845894880273));
#14695=CARTESIAN_POINT('',(-18.2374559989427,51.7058852419258,345.845894880273));
#14696=CARTESIAN_POINT('Origin',(-18.2374559989427,51.7058852419258,345.845894880273));
#14697=CARTESIAN_POINT('',(-13.1542715072503,52.2241048031874,345.845894880273));
#14698=CARTESIAN_POINT('Origin',(-13.0224227499239,50.93080827679,345.845894880273));
#14699=CARTESIAN_POINT('',(-12.4639375508475,52.1047308817401,345.845894880273));
#14700=CARTESIAN_POINT('Origin',(-10.2886279147452,56.6771799973292,345.845894880273));
#14701=CARTESIAN_POINT('',(-6.45904186519279,53.3645475672754,345.845894880273));
#14702=CARTESIAN_POINT('Ctrl Pts',(-6.60393236959745,69.1532547639601,342.845894880272));
#14703=CARTESIAN_POINT('Ctrl Pts',(-6.60393236959746,69.1532547639601,343.145094180614));
#14704=CARTESIAN_POINT('Ctrl Pts',(-6.47928541264554,68.9225154923719,343.662894634804));
#14705=CARTESIAN_POINT('Ctrl Pts',(-6.21922174726843,68.4411006052131,343.845894880272));
#14706=CARTESIAN_POINT('Ctrl Pts',(-6.10791591517821,68.2350576560063,343.845894880272));
#14707=CARTESIAN_POINT('Ctrl Pts',(-6.53143705933058,69.225750074227,342.845894880272));
#14708=CARTESIAN_POINT('Ctrl Pts',(-6.53143705933059,69.225750074227,343.163535633611));
#14709=CARTESIAN_POINT('Ctrl Pts',(-6.40992458648059,68.9431331793602,343.690742092435));
#14710=CARTESIAN_POINT('Ctrl Pts',(-6.19797613757442,68.4464610024987,343.845894880272));
#14711=CARTESIAN_POINT('Ctrl Pts',(-6.10791591517821,68.2350576560063,343.845894880272));
#14712=CARTESIAN_POINT('Ctrl Pts',(-6.36454532055231,69.3119637367134,342.845894880272));
#14713=CARTESIAN_POINT('Ctrl Pts',(-6.36454532055232,69.3119637367134,343.178282029743));
#14714=CARTESIAN_POINT('Ctrl Pts',(-6.28533410166017,68.9764188647161,343.71194796814));
#14715=CARTESIAN_POINT('Ctrl Pts',(-6.1607963206099,68.4558416977485,343.845894880272));
#14716=CARTESIAN_POINT('Ctrl Pts',(-6.1079159151782,68.2350576560063,343.845894880272));
#14717=CARTESIAN_POINT('Ctrl Pts',(-6.18053268878533,69.3007343183961,342.845894880272));
#14718=CARTESIAN_POINT('Ctrl Pts',(-6.18053268878534,69.3007343183961,343.158842034213));
#14719=CARTESIAN_POINT('Ctrl Pts',(-6.1602955778421,69.0054792127173,343.683757831879));
#14720=CARTESIAN_POINT('Ctrl Pts',(-6.12361650364538,68.4652223929982,343.845894880272));
#14721=CARTESIAN_POINT('Ctrl Pts',(-6.1079159151782,68.2350576560063,343.845894880272));
#14722=CARTESIAN_POINT('Ctrl Pts',(-6.10687483073235,69.2786654215258,342.845894880272));
#14723=CARTESIAN_POINT('Ctrl Pts',(-6.10687483073237,69.2786654215258,343.145094180614));
#14724=CARTESIAN_POINT('Ctrl Pts',(-6.10713645110195,69.0164109518113,343.662894634804));
#14725=CARTESIAN_POINT('Ctrl Pts',(-6.10768229637487,68.4692426909624,343.845894880272));
#14726=CARTESIAN_POINT('Ctrl Pts',(-6.10791591517819,68.2350576560063,343.845894880272));
#14727=CARTESIAN_POINT('',(-6.60393236959745,69.1532547639601,342.845894880272));
#14728=CARTESIAN_POINT('Origin',(-6.10791591517819,68.2350576560063,342.845894880272));
#14729=CARTESIAN_POINT('',(-6.10687483073235,69.2786654215258,342.845894880272));
#14730=CARTESIAN_POINT('Origin',(-6.10791591517819,68.2350576560063,342.845894880272));
#14731=CARTESIAN_POINT('Origin',(-6.25037897900414,68.7997013733668,342.845894880272));
#14732=CARTESIAN_POINT('Origin',(16.489557891712,61.4645469168047,342.845894880272));
#14733=CARTESIAN_POINT('',(-1.21231067845661,67.8121873788965,342.845894880272));
#14734=CARTESIAN_POINT('Origin',(-1.49931897500017,66.8542592825787,342.845894880272));
#14735=CARTESIAN_POINT('',(16.7765661882556,62.4224750131225,342.845894880272));
#14736=CARTESIAN_POINT('Ctrl Pts',(-0.620207687532874,67.4377208882413,
342.845894880272));
#14737=CARTESIAN_POINT('Ctrl Pts',(-0.863870862324365,67.7077900671771,
342.845894880272));
#14738=CARTESIAN_POINT('Ctrl Pts',(-1.21231067845661,67.8121873788965,342.845894880272));
#14739=CARTESIAN_POINT('Ctrl Pts',(-0.620207687532452,67.4377208882417,
343.845894880273));
#14740=CARTESIAN_POINT('Ctrl Pts',(-0.863870862324053,67.7077900671777,
343.845894880273));
#14741=CARTESIAN_POINT('Ctrl Pts',(-1.21231067845646,67.8121873788971,343.845894880273));
#14742=CARTESIAN_POINT('Ctrl Pts',(-1.36267982324853,66.7678439385813,343.845894880273));
#14743=CARTESIAN_POINT('Ctrl Pts',(-1.41890978666197,66.8301675952588,343.845894880273));
#14744=CARTESIAN_POINT('Ctrl Pts',(-1.49931897500021,66.8542592825787,343.845894880273));
#14745=CARTESIAN_POINT('',(-0.620207687532894,67.4377208882414,342.845894880273));
#14746=CARTESIAN_POINT('Origin',(-1.36267982324853,66.7678439385813,342.845894880273));
#14747=CARTESIAN_POINT('Origin',(-1.58542146396331,66.5668808536832,342.845894880273));
#14748=CARTESIAN_POINT('Origin',(3.13931688400495,70.829658081583,342.845894880273));
#14749=CARTESIAN_POINT('',(5.4097035046804,66.303665646743,342.845894880273));
#14750=CARTESIAN_POINT('Ctrl Pts',(5.40970350468021,66.3036656467429,342.845894880273));
#14751=CARTESIAN_POINT('Ctrl Pts',(5.40970350468022,66.3036656467429,342.86356475616));
#14752=CARTESIAN_POINT('Ctrl Pts',(5.4074314794719,66.3020018123759,342.880992970338));
#14753=CARTESIAN_POINT('Ctrl Pts',(5.39656831995783,66.2940421450841,342.924183462232));
#14754=CARTESIAN_POINT('Ctrl Pts',(5.38565118932578,66.2860400116415,342.948576195594));
#14755=CARTESIAN_POINT('Ctrl Pts',(5.35387189669729,66.2627138217667,343.003701621709));
#14756=CARTESIAN_POINT('Ctrl Pts',(5.32600540294998,66.2422494494593,343.040412944097));
#14757=CARTESIAN_POINT('Ctrl Pts',(5.19926802671201,66.1487491030647,343.169402742989));
#14758=CARTESIAN_POINT('Ctrl Pts',(5.08013036957699,66.0601693376066,343.254351427146));
#14759=CARTESIAN_POINT('Ctrl Pts',(4.78486463816404,65.8384838350505,343.445217344616));
#14760=CARTESIAN_POINT('Ctrl Pts',(4.50620675106495,65.6264206856791,343.594183000364));
#14761=CARTESIAN_POINT('Ctrl Pts',(3.95204157072244,65.191083589478,343.788689981292));
#14762=CARTESIAN_POINT('Ctrl Pts',(3.6912086413117,64.9817089572876,343.845894880273));
#14763=CARTESIAN_POINT('Ctrl Pts',(3.43769974122317,64.7734813870894,343.845894880273));
#14764=CARTESIAN_POINT('Origin',(3.13931688400495,70.829658081583,342.845894880273));
#14765=CARTESIAN_POINT('Ctrl Pts',(-9.12723637110829,66.2449005699612,342.845894880272));
#14766=CARTESIAN_POINT('Ctrl Pts',(-9.12723637110826,66.2449005699612,343.145094180614));
#14767=CARTESIAN_POINT('Ctrl Pts',(-8.86448300746983,66.2490292829059,343.662894634804));
#14768=CARTESIAN_POINT('Ctrl Pts',(-8.31627385331977,66.2576434380202,343.845894880272));
#14769=CARTESIAN_POINT('Ctrl Pts',(-8.081643321701,66.2613302494836,343.845894880272));
#14770=CARTESIAN_POINT('Ctrl Pts',(-9.15938433677332,66.3443989157342,342.845894880272));
#14771=CARTESIAN_POINT('Ctrl Pts',(-9.15938433677328,66.3443989157342,343.164368241047));
#14772=CARTESIAN_POINT('Ctrl Pts',(-8.85013445270705,66.321253117343,343.69178738841));
#14773=CARTESIAN_POINT('Ctrl Pts',(-8.31104946600786,66.2793259322162,343.845894880272));
#14774=CARTESIAN_POINT('Ctrl Pts',(-8.081643321701,66.2613302494836,343.845894880272));
#14775=CARTESIAN_POINT('Ctrl Pts',(-9.1589550671383,66.5363220105706,342.845894880272));
#14776=CARTESIAN_POINT('Ctrl Pts',(-9.15895506713826,66.5363220105706,343.179819969735));
#14777=CARTESIAN_POINT('Ctrl Pts',(-8.82104749565284,66.449270817325,343.713797845326));
#14778=CARTESIAN_POINT('Ctrl Pts',(-8.30190678821201,66.3172702970593,343.845894880272));
#14779=CARTESIAN_POINT('Ctrl Pts',(-8.08164332170099,66.2613302494836,343.845894880272));
#14780=CARTESIAN_POINT('Ctrl Pts',(-9.06046065582092,66.6967264777367,342.845894880272));
#14781=CARTESIAN_POINT('Ctrl Pts',(-9.06046065582089,66.6967264777367,343.159459133241));
#14782=CARTESIAN_POINT('Ctrl Pts',(-8.78820513101805,66.5757463275535,343.684540476476));
#14783=CARTESIAN_POINT('Ctrl Pts',(-8.29276411041617,66.3552146619024,343.845894880272));
#14784=CARTESIAN_POINT('Ctrl Pts',(-8.08164332170099,66.2613302494836,343.845894880272));
#14785=CARTESIAN_POINT('Ctrl Pts',(-9.00500777250668,66.7521793610509,342.845894880272));
#14786=CARTESIAN_POINT('Ctrl Pts',(-9.00500777250666,66.7521793610509,343.145094180614));
#14787=CARTESIAN_POINT('Ctrl Pts',(-8.7729699682664,66.6288309367511,343.662894634804));
#14788=CARTESIAN_POINT('Ctrl Pts',(-8.28884581993223,66.3714765325494,343.845894880272));
#14789=CARTESIAN_POINT('Ctrl Pts',(-8.08164332170099,66.2613302494837,343.845894880272));
#14790=CARTESIAN_POINT('',(-9.12723637110829,66.2449005699612,342.845894880272));
#14791=CARTESIAN_POINT('Origin',(-8.08164332170087,66.2613302494836,342.845894880272));
#14792=CARTESIAN_POINT('',(-9.00500777250667,66.7521793610509,342.845894880272));
#14793=CARTESIAN_POINT('Origin',(-8.08164332170087,66.2613302494836,342.845894880272));
#14794=CARTESIAN_POINT('Origin',(-8.65145438191336,66.3986259704576,342.845894880272));
#14795=CARTESIAN_POINT('Origin',(-7.23469365748949,67.108279913695,342.845894880272));
#14796=CARTESIAN_POINT('',(-7.94180043867603,67.8153866948816,342.845894880272));
#14797=CARTESIAN_POINT('Origin',(-10.2886279147452,56.6771799973292,342.845894880273));
#14798=CARTESIAN_POINT('Origin',(-6.45159843861525,61.3722319974374,342.845894880273));
#14799=CARTESIAN_POINT('Ctrl Pts',(-4.22513811670803,56.6971788349926,343.845894880273));
#14800=CARTESIAN_POINT('Ctrl Pts',(-4.45454337892177,56.3859010925653,343.845894880273));
#14801=CARTESIAN_POINT('Ctrl Pts',(-4.68950534766146,56.058076976066,343.765756935746));
#14802=CARTESIAN_POINT('Ctrl Pts',(-5.10729170676835,55.4592347276742,343.532648526754));
#14803=CARTESIAN_POINT('Ctrl Pts',(-5.29119816297165,55.1876828021,343.385904140842));
#14804=CARTESIAN_POINT('Ctrl Pts',(-5.48797753590352,54.8931114688293,343.18609099066));
#14805=CARTESIAN_POINT('Ctrl Pts',(-5.55677991846558,54.789002659088,343.105086541813));
#14806=CARTESIAN_POINT('Ctrl Pts',(-5.61791585508344,54.6960194681327,342.990060539005));
#14807=CARTESIAN_POINT('Ctrl Pts',(-5.63013569223003,54.6773799971254,342.959551482346));
#14808=CARTESIAN_POINT('Ctrl Pts',(-5.64419226969138,54.6559303059517,342.907824802714));
#14809=CARTESIAN_POINT('Ctrl Pts',(-5.64841510660092,54.6494792961642,342.883725063587));
#14810=CARTESIAN_POINT('Ctrl Pts',(-5.64959571545735,54.6476759285426,342.853911663046));
#14811=CARTESIAN_POINT('Ctrl Pts',(-5.6496748650257,54.6475550245648,342.849898990115));
#14812=CARTESIAN_POINT('Ctrl Pts',(-5.6496748650257,54.6475550245648,342.845894880273));
#14813=CARTESIAN_POINT('Ctrl Pts',(-7.49879001432375,61.2048392370503,342.845894880273));
#14814=CARTESIAN_POINT('Ctrl Pts',(-7.3810160335686,60.8403273303768,342.845894880273));
#14815=CARTESIAN_POINT('Ctrl Pts',(-7.08440375927574,60.5979210610922,342.845894880273));
#14816=CARTESIAN_POINT('Ctrl Pts',(-7.49879001432377,61.2048392370503,343.845894880273));
#14817=CARTESIAN_POINT('Ctrl Pts',(-7.38101603356862,60.8403273303768,343.845894880273));
#14818=CARTESIAN_POINT('Ctrl Pts',(-7.08440375927576,60.5979210610922,343.845894880273));
#14819=CARTESIAN_POINT('Ctrl Pts',(-6.54722603593404,61.5122900380431,343.845894880273));
#14820=CARTESIAN_POINT('Ctrl Pts',(-6.52004742499054,61.4281719057338,343.845894880273));
#14821=CARTESIAN_POINT('Ctrl Pts',(-6.45159843861527,61.3722319974374,343.845894880273));
#14822=CARTESIAN_POINT('',(-7.49879001432375,61.2048392370503,342.845894880273));
#14823=CARTESIAN_POINT('Origin',(-6.54722603593401,61.5122900380431,342.845894880273));
#14824=CARTESIAN_POINT('Origin',(-6.26175684241713,61.6045252783409,342.845894880273));
#14825=CARTESIAN_POINT('Origin',(-0.115764908351574,41.606839417457,342.845894880272));
#14826=CARTESIAN_POINT('',(-1.06732888674131,41.2993886164642,342.845894880272));
#14827=CARTESIAN_POINT('Origin',(3.13931688400495,70.829658081583,345.845894880273));
#14828=CARTESIAN_POINT('',(-0.620207687532894,67.4377208882414,345.845894880273));
#14829=CARTESIAN_POINT('',(5.4097035046804,66.303665646743,345.845894880273));
#14830=CARTESIAN_POINT('Ctrl Pts',(8.84600029288359,78.8396818968182,343.845894880272));
#14831=CARTESIAN_POINT('Ctrl Pts',(8.69672130334838,79.0207367565427,343.845894880272));
#14832=CARTESIAN_POINT('Ctrl Pts',(8.347935240294,79.4437662258389,343.66289271923));
#14833=CARTESIAN_POINT('Ctrl Pts',(8.1807625985235,79.6465236219049,343.145094180614));
#14834=CARTESIAN_POINT('Ctrl Pts',(8.18076259852352,79.6465236219049,342.845894880272));
#14835=CARTESIAN_POINT('Ctrl Pts',(8.84600029288358,78.8396818968182,343.845894880272));
#14836=CARTESIAN_POINT('Ctrl Pts',(8.6835970675398,79.0027040304097,343.845894880272));
#14837=CARTESIAN_POINT('Ctrl Pts',(8.30223929304679,79.3860252526815,343.691785036));
#14838=CARTESIAN_POINT('Ctrl Pts',(8.08415902034482,79.6065091096495,343.164368241047));
#14839=CARTESIAN_POINT('Ctrl Pts',(8.08415902034485,79.6065091096495,342.845894880272));
#14840=CARTESIAN_POINT('Ctrl Pts',(8.84600029288358,78.8396818968182,343.845894880272));
#14841=CARTESIAN_POINT('Ctrl Pts',(8.66062965487478,78.9711467596769,343.845894880272));
#14842=CARTESIAN_POINT('Ctrl Pts',(8.2236106234781,79.2808965325155,343.713794551215));
#14843=CARTESIAN_POINT('Ctrl Pts',(7.93829290949214,79.4817785158521,343.179819969735));
#14844=CARTESIAN_POINT('Ctrl Pts',(7.93829290949216,79.4817785158521,342.845894880272));
#14845=CARTESIAN_POINT('Ctrl Pts',(8.84600029288357,78.8396818968182,343.845894880272));
#14846=CARTESIAN_POINT('Ctrl Pts',(8.63766224220977,78.9395894889441,343.845894880272));
#14847=CARTESIAN_POINT('Ctrl Pts',(8.14859171076103,79.1739069433727,343.684538089369));
#14848=CARTESIAN_POINT('Ctrl Pts',(7.87999254978662,79.302804223453,343.159459133242));
#14849=CARTESIAN_POINT('Ctrl Pts',(7.87999254978664,79.302804223453,342.845894880272));
#14850=CARTESIAN_POINT('Ctrl Pts',(8.84600029288357,78.8396818968182,343.845894880272));
#14851=CARTESIAN_POINT('Ctrl Pts',(8.62781906535333,78.9260649443443,343.845894880272));
#14852=CARTESIAN_POINT('Ctrl Pts',(8.11804490611258,79.1278964489326,343.66289271923));
#14853=CARTESIAN_POINT('Ctrl Pts',(7.87371090904768,79.224633989186,343.145094180614));
#14854=CARTESIAN_POINT('Ctrl Pts',(7.8737109090477,79.224633989186,342.845894880272));
#14855=CARTESIAN_POINT('',(8.18076259852351,79.6465236219049,342.845894880272));
#14856=CARTESIAN_POINT('',(7.87371090904773,79.224633989186,342.845894880272));
#14857=CARTESIAN_POINT('Origin',(8.3721043147061,79.1845838556491,342.845894880272));
#14858=CARTESIAN_POINT('Origin',(8.8460002928836,78.8396818968182,342.845894880272));
#14859=CARTESIAN_POINT('Origin',(8.8460002928836,78.8396818968182,342.845894880272));
#14860=CARTESIAN_POINT('Origin',(6.77064714263681,53.0134927395971,342.845894880272));
#14861=CARTESIAN_POINT('',(7.44945119766462,73.9450450398714,342.845894880272));
#14862=CARTESIAN_POINT('',(5.77386033132021,53.0935930066708,342.845894880272));
#14863=CARTESIAN_POINT('Origin',(8.44623800898122,73.8649447727977,342.845894880272));
#14864=CARTESIAN_POINT('Ctrl Pts',(7.44945119766462,73.9450450398714,342.845894880272));
#14865=CARTESIAN_POINT('Ctrl Pts',(7.41876750036291,73.5632097987404,342.845894880272));
#14866=CARTESIAN_POINT('Ctrl Pts',(7.60003664651704,73.2257470047879,342.845894880272));
#14867=CARTESIAN_POINT('Ctrl Pts',(7.44945119766421,73.9450450398715,343.845894880273));
#14868=CARTESIAN_POINT('Ctrl Pts',(7.41876750036249,73.5632097987403,343.845894880273));
#14869=CARTESIAN_POINT('Ctrl Pts',(7.60003664651669,73.2257470047877,343.845894880273));
#14870=CARTESIAN_POINT('Ctrl Pts',(8.44623800898121,73.8649447727977,343.845894880273));
#14871=CARTESIAN_POINT('Ctrl Pts',(8.43915715575774,73.7768289479213,343.845894880273));
#14872=CARTESIAN_POINT('Ctrl Pts',(8.48098849717793,73.6989529185476,343.845894880273));
#14873=CARTESIAN_POINT('Origin',(8.48098849717793,73.6989529185476,342.845894880273));
#14874=CARTESIAN_POINT('Origin',(8.74527405237616,73.8409146926755,342.845894880273));
#14875=CARTESIAN_POINT('Origin',(3.13931688400495,70.829658081583,342.845894880273));
#14876=CARTESIAN_POINT('Ctrl Pts',(8.74890422784285,68.5277375103506,343.845894880273));
#14877=CARTESIAN_POINT('Ctrl Pts',(8.41784056656303,68.3279439683548,343.845894880273));
#14878=CARTESIAN_POINT('Ctrl Pts',(8.07531115461111,68.1149900295304,343.765756935754));
#14879=CARTESIAN_POINT('Ctrl Pts',(7.46015988140871,67.7216118509356,343.532648526761));
#14880=CARTESIAN_POINT('Ctrl Pts',(7.18633404767511,67.5411085387737,343.38590414085));
#14881=CARTESIAN_POINT('Ctrl Pts',(6.89180604370509,67.3442643189489,343.186090990665));
#14882=CARTESIAN_POINT('Ctrl Pts',(6.78840021401427,67.2744098523869,343.105086541819));
#14883=CARTESIAN_POINT('Ctrl Pts',(6.69633484683253,67.2119002954801,342.990060539044));
#14884=CARTESIAN_POINT('Ctrl Pts',(6.67791217264333,67.1993559989308,342.959551482383));
#14885=CARTESIAN_POINT('Ctrl Pts',(6.65671714697359,67.184918287577,342.907824802716));
#14886=CARTESIAN_POINT('Ctrl Pts',(6.65034705981538,67.1805743413928,342.883725063588));
#14887=CARTESIAN_POINT('Ctrl Pts',(6.64856620054566,67.179360046407,342.853911663046));
#14888=CARTESIAN_POINT('Ctrl Pts',(6.64844680793023,67.179278634925,342.849898990115));
#14889=CARTESIAN_POINT('Ctrl Pts',(6.64844680793023,67.179278634925,342.845894880273));
#14890=CARTESIAN_POINT('Ctrl Pts',(11.4247994250076,79.90785547198,343.845894880272));
#14891=CARTESIAN_POINT('Ctrl Pts',(11.5146339936239,80.1241248305508,343.845894880272));
#14892=CARTESIAN_POINT('Ctrl Pts',(11.7245296666188,80.6294314543211,343.662892085957));
#14893=CARTESIAN_POINT('Ctrl Pts',(11.8251326633706,80.8716249207442,343.145094180614));
#14894=CARTESIAN_POINT('Ctrl Pts',(11.8251326633706,80.8716249207442,342.845894880272));
#14895=CARTESIAN_POINT('Ctrl Pts',(11.4247994250076,79.90785547198,343.845894880272));
#14896=CARTESIAN_POINT('Ctrl Pts',(11.4929542744398,80.1273028120529,343.845894880272));
#14897=CARTESIAN_POINT('Ctrl Pts',(11.6534356686022,80.6429083018442,343.690739002681));
#14898=CARTESIAN_POINT('Ctrl Pts',(11.7456585483561,80.9363937794961,343.163535633611));
#14899=CARTESIAN_POINT('Ctrl Pts',(11.7456585483561,80.9363937794961,342.845894880272));
#14900=CARTESIAN_POINT('Ctrl Pts',(11.4247994250076,79.90785547198,343.845894880272));
#14901=CARTESIAN_POINT('Ctrl Pts',(11.4550147658676,80.1328642796817,343.845894880272));
#14902=CARTESIAN_POINT('Ctrl Pts',(11.5261122229748,80.6633871232119,343.711943719907));
#14903=CARTESIAN_POINT('Ctrl Pts',(11.5708834029948,81.0052361978626,343.178282029743));
#14904=CARTESIAN_POINT('Ctrl Pts',(11.5708834029948,81.0052361978626,342.845894880272));
#14905=CARTESIAN_POINT('Ctrl Pts',(11.4247994250076,79.90785547198,343.845894880272));
#14906=CARTESIAN_POINT('Ctrl Pts',(11.4170752572954,80.1384257473104,343.845894880272));
#14907=CARTESIAN_POINT('Ctrl Pts',(11.3987713242666,80.6796151132038,343.68375469999));
#14908=CARTESIAN_POINT('Ctrl Pts',(11.3889585614817,80.9754019005128,343.158842034213));
#14909=CARTESIAN_POINT('Ctrl Pts',(11.3889585614817,80.9754019005128,342.845894880272));
#14910=CARTESIAN_POINT('Ctrl Pts',(11.4247994250076,79.90785547198,343.845894880272));
#14911=CARTESIAN_POINT('Ctrl Pts',(11.4008154679073,80.140809233437,343.845894880272));
#14912=CARTESIAN_POINT('Ctrl Pts',(11.3447776987706,80.6850984451601,343.662892085957));
#14913=CARTESIAN_POINT('Ctrl Pts',(11.3179187958403,80.9459762661163,343.145094180614));
#14914=CARTESIAN_POINT('Ctrl Pts',(11.3179187958403,80.9459762661163,342.845894880272));
#14915=CARTESIAN_POINT('',(11.8251326633706,80.8716249207442,342.845894880272));
#14916=CARTESIAN_POINT('',(11.3179187958403,80.9459762661163,342.845894880272));
#14917=CARTESIAN_POINT('Origin',(11.5092605120229,80.4840364998606,342.845894880272));
#14918=CARTESIAN_POINT('Origin',(11.4247994250076,79.90785547198,342.845894880272));
#14919=CARTESIAN_POINT('Origin',(11.4247994250076,79.90785547198,342.845894880272));
#14920=CARTESIAN_POINT('Origin',(9.95259335725578,79.2980477521092,342.845894880272));
#14921=CARTESIAN_POINT('',(9.56990992489068,80.2219272846205,342.845894880272));
#14922=CARTESIAN_POINT('Origin',(20.9610391370156,78.7661909127449,342.845894880273));
#14923=CARTESIAN_POINT('',(16.1896531658837,77.0711573313498,342.845894880273));
#14924=CARTESIAN_POINT('Origin',(15.247347545878,76.7364035135889,342.845894880273));
#14925=CARTESIAN_POINT('',(21.326580546922,73.7158797930994,342.845894880273));
#14926=CARTESIAN_POINT('Ctrl Pts',(21.3265805469218,73.7158797930994,342.845894880273));
#14927=CARTESIAN_POINT('Ctrl Pts',(21.3265805469218,73.7158797930994,342.863564756161));
#14928=CARTESIAN_POINT('Ctrl Pts',(21.3238447474878,73.7152120769874,342.880992970339));
#14929=CARTESIAN_POINT('Ctrl Pts',(21.3107624639545,73.71201545446,342.924183462233));
#14930=CARTESIAN_POINT('Ctrl Pts',(21.2976140665175,73.7088002521778,342.948576195595));
#14931=CARTESIAN_POINT('Ctrl Pts',(21.2593272821132,73.6994110715666,343.003701621684));
#14932=CARTESIAN_POINT('Ctrl Pts',(21.2257506226773,73.6911685023253,343.040412944069));
#14933=CARTESIAN_POINT('Ctrl Pts',(21.0728795212427,73.6532857401468,343.169402742993));
#14934=CARTESIAN_POINT('Ctrl Pts',(20.92891266958,73.6170407154014,343.254351427149));
#14935=CARTESIAN_POINT('Ctrl Pts',(20.5712873346488,73.5252233204915,343.445217344621));
#14936=CARTESIAN_POINT('Ctrl Pts',(20.2326879622985,73.4359402738759,343.594183000369));
#14937=CARTESIAN_POINT('Ctrl Pts',(19.5541098003558,73.2458110742681,343.788689981292));
#14938=CARTESIAN_POINT('Ctrl Pts',(19.2330073925712,73.152190577661,343.845894880273));
#14939=CARTESIAN_POINT('Ctrl Pts',(18.9191104671933,73.0568270434712,343.845894880273));
#14940=CARTESIAN_POINT('Origin',(20.9610391370156,78.7661909127449,342.845894880273));
#14941=CARTESIAN_POINT('Ctrl Pts',(16.1896531658837,77.0711573313498,342.845894880273));
#14942=CARTESIAN_POINT('Ctrl Pts',(16.0678887462383,77.4139145782009,342.845894880273));
#14943=CARTESIAN_POINT('Ctrl Pts',(15.7859234533802,77.6437072625578,342.845894880273));
#14944=CARTESIAN_POINT('Ctrl Pts',(16.1896531658838,77.0711573313499,343.845894880273));
#14945=CARTESIAN_POINT('Ctrl Pts',(16.0678887462384,77.4139145782009,343.845894880273));
#14946=CARTESIAN_POINT('Ctrl Pts',(15.7859234533803,77.6437072625579,343.845894880273));
#14947=CARTESIAN_POINT('Ctrl Pts',(15.247347545878,76.7364035135889,343.845894880273));
#14948=CARTESIAN_POINT('Ctrl Pts',(15.2192480644213,76.8155013397853,343.845894880273));
#14949=CARTESIAN_POINT('Ctrl Pts',(15.1541791506848,76.8685304207908,343.845894880273));
#14950=CARTESIAN_POINT('',(15.7859234533802,77.6437072625578,342.845894880273));
#14951=CARTESIAN_POINT('Origin',(15.1541791506848,76.8685304207908,342.845894880273));
#14952=CARTESIAN_POINT('Origin',(14.9646558598761,76.6359773682606,342.845894880273));
#14953=CARTESIAN_POINT('Origin',(29.7111806731114,65.0050403361824,342.845894880273));
#14954=CARTESIAN_POINT('',(30.3429249758068,65.7802171779495,342.845894880273));
#14955=CARTESIAN_POINT('Origin',(8.74527405237616,73.8409146926755,345.845894880273));
#14956=CARTESIAN_POINT('',(7.44945119766462,73.9450450398714,345.845894880273));
#14957=CARTESIAN_POINT('Origin',(7.44945119766462,73.9450450398714,345.845894880273));
#14958=CARTESIAN_POINT('',(7.87371090904773,79.2246339891861,345.845894880273));
#14959=CARTESIAN_POINT('Origin',(8.3721043147061,79.1845838556492,345.845894880273));
#14960=CARTESIAN_POINT('',(8.18076259852351,79.6465236219049,345.845894880273));
#14961=CARTESIAN_POINT('Origin',(8.18076259852352,79.6465236219049,345.845894880273));
#14962=CARTESIAN_POINT('',(11.3179187958404,80.9459762661163,345.845894880273));
#14963=CARTESIAN_POINT('Origin',(11.5092605120229,80.4840364998606,345.845894880273));
#14964=CARTESIAN_POINT('',(11.8251326633706,80.8716249207442,345.845894880273));
#14965=CARTESIAN_POINT('Origin',(11.8251326633706,80.8716249207442,345.845894880273));
#14966=CARTESIAN_POINT('',(15.7859234533802,77.6437072625578,345.845894880273));
#14967=CARTESIAN_POINT('Origin',(14.9646558598761,76.6359773682606,345.845894880273));
#14968=CARTESIAN_POINT('',(16.1896531658837,77.0711573313498,345.845894880273));
#14969=CARTESIAN_POINT('Origin',(20.9610391370156,78.7661909127449,345.845894880273));
#14970=CARTESIAN_POINT('',(21.326580546922,73.7158797930994,345.845894880273));
#14971=CARTESIAN_POINT('Origin',(32.0000004768372,30.0000004470347,345.845894880273));
#14972=CARTESIAN_POINT('Origin',(32.0000004768372,30.0000004470347,345.845894880273));
#14973=CARTESIAN_POINT('Origin',(32.0000004768372,30.0000004470347,345.845894880273));
#14974=CARTESIAN_POINT('Origin',(32.0000004768372,30.0000004470347,345.845894880273));
#14975=CARTESIAN_POINT('Origin',(32.0000004768372,30.0000004470347,345.845894880273));
#14976=CARTESIAN_POINT('Origin',(32.0000004768372,30.0000004470347,345.845894880273));
#14977=CARTESIAN_POINT('Origin',(32.0000004768372,30.0000004470347,345.845894880273));
#14978=CARTESIAN_POINT('Origin',(32.0000004768372,30.0000004470347,345.845894880273));
#14979=CARTESIAN_POINT('Origin',(32.0000004768372,30.0000004470347,345.845894880273));
#14980=CARTESIAN_POINT('Origin',(32.0000004768372,30.0000004470347,345.845894880273));
#14981=CARTESIAN_POINT('Origin',(32.0000004768372,30.0000004470347,345.845894880273));
#14982=CARTESIAN_POINT('Origin',(32.0000004768372,30.0000004470347,345.845894880273));
#14983=CARTESIAN_POINT('Origin',(32.0000004768372,30.0000004470347,345.845894880273));
#14984=CARTESIAN_POINT('Origin',(32.0000004768372,30.0000004470347,345.845894880273));
#14985=CARTESIAN_POINT('Origin',(32.0000004768372,30.0000004470347,345.845894880273));
#14986=CARTESIAN_POINT('Origin',(32.0000004768372,30.0000004470347,345.845894880273));
#14987=CARTESIAN_POINT('Origin',(-1.58542146396331,66.5668808536832,345.845894880273));
#14988=CARTESIAN_POINT('',(-1.21231067845661,67.8121873788965,345.845894880273));
#14989=CARTESIAN_POINT('Origin',(-6.10687483073237,69.2786654215258,345.845894880273));
#14990=CARTESIAN_POINT('',(-6.10687483073237,69.2786654215258,345.845894880273));
#14991=CARTESIAN_POINT('Origin',(-6.25037897900414,68.7997013733668,345.845894880273));
#14992=CARTESIAN_POINT('',(-6.60393236959743,69.1532547639601,345.845894880273));
#14993=CARTESIAN_POINT('Origin',(-9.00500777250669,66.7521793610509,345.845894880273));
#14994=CARTESIAN_POINT('',(-9.00500777250668,66.7521793610509,345.845894880273));
#14995=CARTESIAN_POINT('Origin',(-8.65145438191335,66.3986259704576,345.845894880273));
#14996=CARTESIAN_POINT('',(-9.12723637110828,66.2449005699612,345.845894880273));
#14997=CARTESIAN_POINT('Origin',(-7.49879001432375,61.2048392370503,345.845894880273));
#14998=CARTESIAN_POINT('',(-7.49879001432375,61.2048392370503,345.845894880273));
#14999=CARTESIAN_POINT('Origin',(-6.26175684241713,61.6045252783409,345.845894880273));
#15000=CARTESIAN_POINT('Origin',(-14.6359764443887,12.9646558300737,345.845894880273));
#15001=CARTESIAN_POINT('',(-15.6437063386859,13.7859234235778,345.845894880273));
#15002=CARTESIAN_POINT('Origin',(-18.8716239968723,9.82513263356818,345.845894880273));
#15003=CARTESIAN_POINT('',(-18.8716239968723,9.82513263356818,345.845894880273));
#15004=CARTESIAN_POINT('Origin',(-18.4840355759887,9.50926048222047,345.845894880273));
#15005=CARTESIAN_POINT('',(-18.9459753422445,9.31791876603794,345.845894880273));
#15006=CARTESIAN_POINT('Origin',(-17.646522698033,6.18076256872109,345.845894880273));
#15007=CARTESIAN_POINT('',(-17.646522698033,6.18076256872109,345.845894880273));
#15008=CARTESIAN_POINT('Origin',(-17.1845829317773,6.37210428490368,345.845894880273));
#15009=CARTESIAN_POINT('',(-17.2246330653142,5.87371087924533,345.845894880273));
#15010=CARTESIAN_POINT('Origin',(-11.9450441159995,5.4494511678622,345.845894880273));
#15011=CARTESIAN_POINT('',(-11.9450441159995,5.4494511678622,345.845894880273));
#15012=CARTESIAN_POINT('Origin',(-11.8409137688036,6.74527402257374,345.845894880273));
#15013=CARTESIAN_POINT('Origin',(-4.56687992981133,-3.58542149376571,345.845894880273));
#15014=CARTESIAN_POINT('',(-5.81218645502466,-3.21231070825902,345.845894880273));
#15015=CARTESIAN_POINT('Origin',(-7.27866449765393,-8.10687486053477,345.845894880273));
#15016=CARTESIAN_POINT('',(-7.27866449765393,-8.10687486053477,345.845894880273));
#15017=CARTESIAN_POINT('Origin',(-6.79970044949493,-8.25037900880654,345.845894880273));
#15018=CARTESIAN_POINT('',(-7.15325384008827,-8.60393239939983,345.845894880273));
#15019=CARTESIAN_POINT('Origin',(-4.75217843717901,-11.0050078023091,345.845894880273));
#15020=CARTESIAN_POINT('',(-4.75217843717902,-11.0050078023091,345.845894880273));
#15021=CARTESIAN_POINT('Origin',(-4.39862504658573,-10.6514544117157,345.845894880273));
#15022=CARTESIAN_POINT('',(-4.24489964608938,-11.1272364009107,345.845894880273));
#15023=CARTESIAN_POINT('Origin',(0.795161686821578,-9.49879004412615,345.845894880273));
#15024=CARTESIAN_POINT('',(0.795161686821579,-9.49879004412615,345.845894880273));
#15025=CARTESIAN_POINT('Origin',(0.395475645531,-8.26175687221953,345.845894880273));
#15026=CARTESIAN_POINT('Origin',(68.5668808834856,63.5854223878352,345.845894880273));
#15027=CARTESIAN_POINT('',(69.8121874086989,63.2123116023285,345.845894880273));
#15028=CARTESIAN_POINT('Origin',(71.2786654513282,68.1068757546042,345.845894880273));
#15029=CARTESIAN_POINT('',(71.2786654513282,68.1068757546042,345.845894880273));
#15030=CARTESIAN_POINT('Origin',(70.7997014031692,68.250379902876,345.845894880273));
#15031=CARTESIAN_POINT('',(71.1532547937626,68.6039332934693,345.845894880273));
#15032=CARTESIAN_POINT('Origin',(68.7521793908533,71.0050086963785,345.845894880273));
#15033=CARTESIAN_POINT('',(68.7521793908533,71.0050086963786,345.845894880273));
#15034=CARTESIAN_POINT('Origin',(68.39862600026,70.6514553057852,345.845894880273));
#15035=CARTESIAN_POINT('',(68.2449005997637,71.1272372949801,345.845894880273));
#15036=CARTESIAN_POINT('Origin',(63.2048392668527,69.4987909381956,345.845894880273));
#15037=CARTESIAN_POINT('',(63.2048392668527,69.4987909381956,345.845894880273));
#15038=CARTESIAN_POINT('Origin',(63.6045253081433,68.261757766289,345.845894880273));
#15039=UNCERTAINTY_MEASURE_WITH_UNIT(LENGTH_MEASURE(0.01),#15043,
'DISTANCE_ACCURACY_VALUE',
'Maximum model space distance between geometric entities at asserted c
onnectivities');
#15040=UNCERTAINTY_MEASURE_WITH_UNIT(LENGTH_MEASURE(0.01),#15043,
'DISTANCE_ACCURACY_VALUE',
'Maximum model space distance between geometric entities at asserted c
onnectivities');
#15041=(
GEOMETRIC_REPRESENTATION_CONTEXT(3)
GLOBAL_UNCERTAINTY_ASSIGNED_CONTEXT((#15039))
GLOBAL_UNIT_ASSIGNED_CONTEXT((#15043,#15045,#15046))
REPRESENTATION_CONTEXT('','3D')
);
#15042=(
GEOMETRIC_REPRESENTATION_CONTEXT(3)
GLOBAL_UNCERTAINTY_ASSIGNED_CONTEXT((#15040))
GLOBAL_UNIT_ASSIGNED_CONTEXT((#15043,#15045,#15046))
REPRESENTATION_CONTEXT('','3D')
);
#15043=(
LENGTH_UNIT()
NAMED_UNIT(*)
SI_UNIT(.MILLI.,.METRE.)
);
#15044=(
LENGTH_UNIT()
NAMED_UNIT(*)
SI_UNIT($,.METRE.)
);
#15045=(
NAMED_UNIT(*)
PLANE_ANGLE_UNIT()
SI_UNIT($,.RADIAN.)
);
#15046=(
NAMED_UNIT(*)
SI_UNIT($,.STERADIAN.)
SOLID_ANGLE_UNIT()
);
#15047=SHAPE_DEFINITION_REPRESENTATION(#15048,#15049);
#15048=PRODUCT_DEFINITION_SHAPE('',$,#15051);
#15049=SHAPE_REPRESENTATION('',(#6911),#15041);
#15050=PRODUCT_DEFINITION_CONTEXT('part definition',#15055,'design');
#15051=PRODUCT_DEFINITION('2025-11-27-15-36-47-728',
'Bearing_Sprocket_V1',#15052,#15050);
#15052=PRODUCT_DEFINITION_FORMATION('',$,#15057);
#15053=PRODUCT_RELATED_PRODUCT_CATEGORY('Bearing_Sprocket_V1',
'Bearing_Sprocket_V1',(#15057));
#15054=APPLICATION_PROTOCOL_DEFINITION('international standard',
'automotive_design',2009,#15055);
#15055=APPLICATION_CONTEXT(
'Core Data for Automotive Mechanical Design Process');
#15056=PRODUCT_CONTEXT('part definition',#15055,'mechanical');
#15057=PRODUCT('2025-11-27-15-36-47-728','Bearing_Sprocket_V1',$,(#15056));
#15058=PRESENTATION_STYLE_ASSIGNMENT((#15059));
#15059=SURFACE_STYLE_USAGE(.BOTH.,#15060);
#15060=SURFACE_SIDE_STYLE('',(#15061));
#15061=SURFACE_STYLE_FILL_AREA(#15062);
#15062=FILL_AREA_STYLE('Steel - Satin',(#15063));
#15063=FILL_AREA_STYLE_COLOUR('Steel - Satin',#15064);
#15064=COLOUR_RGB('Steel - Satin',0.627450980392157,0.627450980392157,0.627450980392157);
ENDSEC;
END-ISO-10303-21;
