ISO-10303-21;
HEADER;
/* Generated by software containing ST-Developer
 * from STEP Tools, Inc. (www.steptools.com) 
 */

FILE_DESCRIPTION(
/* description */ (''),
/* implementation_level */ '2;1');

FILE_NAME(
/* name */ 'Drive_sprocket_V2_NewCoupler.step',
/* time_stamp */ '2026-08-27T11:18:27-05:00',
/* author */ (''),
/* organization */ (''),
/* preprocessor_version */ 'ST-DEVELOPER v20.1',
/* originating_system */ 'Autodesk Translation Framework v15.8.0.0',
/* authorisation */ '');

FILE_SCHEMA (('AUTOMOTIVE_DESIGN { 1 0 10303 214 3 1 1 }'));
ENDSEC;

DATA;
#10=MECHANICAL_DESIGN_GEOMETRIC_PRESENTATION_REPRESENTATION('',(#13),#2408);
#11=SHAPE_REPRESENTATION_RELATIONSHIP('SRR','None',#2415,#12);
#12=ADVANCED_BREP_SHAPE_REPRESENTATION('',(#14),#2407);
#13=STYLED_ITEM('',(#2425),#14);
#14=MANIFOLD_SOLID_BREP('Body1',#1364);
#15=B_SPLINE_CURVE_WITH_KNOTS('',3,(#1970,#1971,#1972,#1973,#1974,#1975,
#1976,#1977),.UNSPECIFIED.,.F.,.F.,(4,2,2,4),(0.440964665495941,0.441564972900447,
0.479336012379349,0.525877655942734),.UNSPECIFIED.);
#16=B_SPLINE_CURVE_WITH_KNOTS('',3,(#1981,#1982,#1983,#1984,#1985,#1986,
#1987,#1988,#1989,#1990,#1991,#1992),.UNSPECIFIED.,.F.,.F.,(4,2,2,2,2,4),
(1.23433106922953,1.28212570366905,1.32066954869263,1.35902409569125,1.40748992039886,
1.40770270501969),.UNSPECIFIED.);
#17=B_SPLINE_CURVE_WITH_KNOTS('',3,(#1996,#1997,#1998,#1999,#2000,#2001,
#2002,#2003,#2004,#2005,#2006,#2007),.UNSPECIFIED.,.F.,.F.,(4,2,2,2,2,4),
(1.23433106923069,1.28212570367013,1.32066954869361,1.35902409569216,1.4074899203997,
1.40770270502053),.UNSPECIFIED.);
#18=B_SPLINE_CURVE_WITH_KNOTS('',3,(#2011,#2012,#2013,#2014,#2015,#2016,
#2017,#2018),.UNSPECIFIED.,.F.,.F.,(4,2,2,4),(1.23433106923001,1.28212570366939,
1.32066954869294,1.32116974321204),.UNSPECIFIED.);
#19=B_SPLINE_CURVE_WITH_KNOTS('',3,(#2020,#2021,#2022,#2023,#2024,#2025,
#2026,#2027),.UNSPECIFIED.,.F.,.F.,(4,2,2,4),(1.32116974321204,1.35902409569159,
1.40748992039917,1.40770270501999),.UNSPECIFIED.);
#20=B_SPLINE_CURVE_WITH_KNOTS('',3,(#2030,#2031,#2032,#2033,#2034,#2035,
#2036,#2037),.UNSPECIFIED.,.F.,.F.,(4,2,2,4),(0.355752696406723,0.356136510703544,
0.403880903016146,0.440964665495941),.UNSPECIFIED.);
#21=FACE_BOUND('',#397,.T.);
#22=FACE_BOUND('',#400,.T.);
#23=FACE_BOUND('',#408,.T.);
#24=FACE_BOUND('',#409,.T.);
#25=FACE_BOUND('',#410,.T.);
#26=FACE_BOUND('',#411,.T.);
#27=FACE_BOUND('',#412,.T.);
#28=FACE_BOUND('',#468,.T.);
#29=FACE_BOUND('',#471,.T.);
#30=PLANE('',#1386);
#31=PLANE('',#1394);
#32=PLANE('',#1416);
#33=PLANE('',#1420);
#34=PLANE('',#1424);
#35=PLANE('',#1428);
#36=PLANE('',#1432);
#37=PLANE('',#1436);
#38=PLANE('',#1440);
#39=PLANE('',#1444);
#40=PLANE('',#1448);
#41=PLANE('',#1452);
#42=PLANE('',#1456);
#43=PLANE('',#1460);
#44=PLANE('',#1464);
#45=PLANE('',#1468);
#46=PLANE('',#1472);
#47=PLANE('',#1476);
#48=PLANE('',#1480);
#49=PLANE('',#1484);
#50=PLANE('',#1488);
#51=PLANE('',#1492);
#52=PLANE('',#1496);
#53=PLANE('',#1500);
#54=PLANE('',#1504);
#55=PLANE('',#1508);
#56=PLANE('',#1512);
#57=PLANE('',#1516);
#58=PLANE('',#1520);
#59=PLANE('',#1521);
#60=PLANE('',#1525);
#61=PLANE('',#1528);
#62=PLANE('',#1529);
#63=LINE('',#1960,#176);
#64=LINE('',#2055,#177);
#65=LINE('',#2059,#178);
#66=LINE('',#2063,#179);
#67=LINE('',#2067,#180);
#68=LINE('',#2071,#181);
#69=LINE('',#2076,#182);
#70=LINE('',#2084,#183);
#71=LINE('',#2087,#184);
#72=LINE('',#2090,#185);
#73=LINE('',#2092,#186);
#74=LINE('',#2093,#187);
#75=LINE('',#2098,#188);
#76=LINE('',#2102,#189);
#77=LINE('',#2104,#190);
#78=LINE('',#2105,#191);
#79=LINE('',#2110,#192);
#80=LINE('',#2114,#193);
#81=LINE('',#2116,#194);
#82=LINE('',#2117,#195);
#83=LINE('',#2122,#196);
#84=LINE('',#2126,#197);
#85=LINE('',#2128,#198);
#86=LINE('',#2129,#199);
#87=LINE('',#2134,#200);
#88=LINE('',#2138,#201);
#89=LINE('',#2140,#202);
#90=LINE('',#2141,#203);
#91=LINE('',#2146,#204);
#92=LINE('',#2150,#205);
#93=LINE('',#2152,#206);
#94=LINE('',#2153,#207);
#95=LINE('',#2158,#208);
#96=LINE('',#2162,#209);
#97=LINE('',#2164,#210);
#98=LINE('',#2165,#211);
#99=LINE('',#2170,#212);
#100=LINE('',#2174,#213);
#101=LINE('',#2176,#214);
#102=LINE('',#2177,#215);
#103=LINE('',#2182,#216);
#104=LINE('',#2186,#217);
#105=LINE('',#2188,#218);
#106=LINE('',#2189,#219);
#107=LINE('',#2194,#220);
#108=LINE('',#2198,#221);
#109=LINE('',#2200,#222);
#110=LINE('',#2201,#223);
#111=LINE('',#2206,#224);
#112=LINE('',#2210,#225);
#113=LINE('',#2212,#226);
#114=LINE('',#2213,#227);
#115=LINE('',#2218,#228);
#116=LINE('',#2222,#229);
#117=LINE('',#2224,#230);
#118=LINE('',#2225,#231);
#119=LINE('',#2230,#232);
#120=LINE('',#2234,#233);
#121=LINE('',#2236,#234);
#122=LINE('',#2237,#235);
#123=LINE('',#2242,#236);
#124=LINE('',#2246,#237);
#125=LINE('',#2248,#238);
#126=LINE('',#2249,#239);
#127=LINE('',#2254,#240);
#128=LINE('',#2258,#241);
#129=LINE('',#2260,#242);
#130=LINE('',#2261,#243);
#131=LINE('',#2266,#244);
#132=LINE('',#2270,#245);
#133=LINE('',#2272,#246);
#134=LINE('',#2273,#247);
#135=LINE('',#2278,#248);
#136=LINE('',#2282,#249);
#137=LINE('',#2284,#250);
#138=LINE('',#2285,#251);
#139=LINE('',#2290,#252);
#140=LINE('',#2294,#253);
#141=LINE('',#2296,#254);
#142=LINE('',#2297,#255);
#143=LINE('',#2302,#256);
#144=LINE('',#2306,#257);
#145=LINE('',#2308,#258);
#146=LINE('',#2309,#259);
#147=LINE('',#2314,#260);
#148=LINE('',#2318,#261);
#149=LINE('',#2320,#262);
#150=LINE('',#2321,#263);
#151=LINE('',#2326,#264);
#152=LINE('',#2330,#265);
#153=LINE('',#2332,#266);
#154=LINE('',#2333,#267);
#155=LINE('',#2338,#268);
#156=LINE('',#2342,#269);
#157=LINE('',#2344,#270);
#158=LINE('',#2345,#271);
#159=LINE('',#2350,#272);
#160=LINE('',#2354,#273);
#161=LINE('',#2356,#274);
#162=LINE('',#2357,#275);
#163=LINE('',#2362,#276);
#164=LINE('',#2366,#277);
#165=LINE('',#2368,#278);
#166=LINE('',#2369,#279);
#167=LINE('',#2374,#280);
#168=LINE('',#2378,#281);
#169=LINE('',#2380,#282);
#170=LINE('',#2381,#283);
#171=LINE('',#2386,#284);
#172=LINE('',#2389,#285);
#173=LINE('',#2390,#286);
#174=LINE('',#2396,#287);
#175=LINE('',#2401,#288);
#176=VECTOR('',#1544,8.00000000000001);
#177=VECTOR('',#1587,2.20000000000001);
#178=VECTOR('',#1592,2.20000000000001);
#179=VECTOR('',#1597,2.20000000000001);
#180=VECTOR('',#1602,2.2);
#181=VECTOR('',#1607,16.);
#182=VECTOR('',#1612,4.2);
#183=VECTOR('',#1621,10.);
#184=VECTOR('',#1624,10.);
#185=VECTOR('',#1627,10.);
#186=VECTOR('',#1628,10.);
#187=VECTOR('',#1629,10.);
#188=VECTOR('',#1634,10.);
#189=VECTOR('',#1639,10.);
#190=VECTOR('',#1640,10.);
#191=VECTOR('',#1641,10.);
#192=VECTOR('',#1646,10.);
#193=VECTOR('',#1651,10.);
#194=VECTOR('',#1652,10.);
#195=VECTOR('',#1653,10.);
#196=VECTOR('',#1658,10.);
#197=VECTOR('',#1663,10.);
#198=VECTOR('',#1664,10.);
#199=VECTOR('',#1665,10.);
#200=VECTOR('',#1670,10.);
#201=VECTOR('',#1675,10.);
#202=VECTOR('',#1676,10.);
#203=VECTOR('',#1677,10.);
#204=VECTOR('',#1682,10.);
#205=VECTOR('',#1687,10.);
#206=VECTOR('',#1688,10.);
#207=VECTOR('',#1689,10.);
#208=VECTOR('',#1694,10.);
#209=VECTOR('',#1699,10.);
#210=VECTOR('',#1700,10.);
#211=VECTOR('',#1701,10.);
#212=VECTOR('',#1706,10.);
#213=VECTOR('',#1711,10.);
#214=VECTOR('',#1712,10.);
#215=VECTOR('',#1713,10.);
#216=VECTOR('',#1718,10.);
#217=VECTOR('',#1723,10.);
#218=VECTOR('',#1724,10.);
#219=VECTOR('',#1725,10.);
#220=VECTOR('',#1730,10.);
#221=VECTOR('',#1735,10.);
#222=VECTOR('',#1736,10.);
#223=VECTOR('',#1737,10.);
#224=VECTOR('',#1742,10.);
#225=VECTOR('',#1747,10.);
#226=VECTOR('',#1748,10.);
#227=VECTOR('',#1749,10.);
#228=VECTOR('',#1754,10.);
#229=VECTOR('',#1759,10.);
#230=VECTOR('',#1760,10.);
#231=VECTOR('',#1761,10.);
#232=VECTOR('',#1766,10.);
#233=VECTOR('',#1771,10.);
#234=VECTOR('',#1772,10.);
#235=VECTOR('',#1773,10.);
#236=VECTOR('',#1778,10.);
#237=VECTOR('',#1783,10.);
#238=VECTOR('',#1784,10.);
#239=VECTOR('',#1785,10.);
#240=VECTOR('',#1790,10.);
#241=VECTOR('',#1795,10.);
#242=VECTOR('',#1796,10.);
#243=VECTOR('',#1797,10.);
#244=VECTOR('',#1802,10.);
#245=VECTOR('',#1807,10.);
#246=VECTOR('',#1808,10.);
#247=VECTOR('',#1809,10.);
#248=VECTOR('',#1814,10.);
#249=VECTOR('',#1819,10.);
#250=VECTOR('',#1820,10.);
#251=VECTOR('',#1821,10.);
#252=VECTOR('',#1826,10.);
#253=VECTOR('',#1831,10.);
#254=VECTOR('',#1832,10.);
#255=VECTOR('',#1833,10.);
#256=VECTOR('',#1838,10.);
#257=VECTOR('',#1843,10.);
#258=VECTOR('',#1844,10.);
#259=VECTOR('',#1845,10.);
#260=VECTOR('',#1850,10.);
#261=VECTOR('',#1855,10.);
#262=VECTOR('',#1856,10.);
#263=VECTOR('',#1857,10.);
#264=VECTOR('',#1862,10.);
#265=VECTOR('',#1867,10.);
#266=VECTOR('',#1868,10.);
#267=VECTOR('',#1869,10.);
#268=VECTOR('',#1874,10.);
#269=VECTOR('',#1879,10.);
#270=VECTOR('',#1880,10.);
#271=VECTOR('',#1881,10.);
#272=VECTOR('',#1886,10.);
#273=VECTOR('',#1891,10.);
#274=VECTOR('',#1892,10.);
#275=VECTOR('',#1893,10.);
#276=VECTOR('',#1898,10.);
#277=VECTOR('',#1903,10.);
#278=VECTOR('',#1904,10.);
#279=VECTOR('',#1905,10.);
#280=VECTOR('',#1910,10.);
#281=VECTOR('',#1915,10.);
#282=VECTOR('',#1916,10.);
#283=VECTOR('',#1917,10.);
#284=VECTOR('',#1922,10.);
#285=VECTOR('',#1927,10.);
#286=VECTOR('',#1928,10.);
#287=VECTOR('',#1935,47.5);
#288=VECTOR('',#1942,47.5);
#289=CYLINDRICAL_SURFACE('',#1383,8.00000000000001);
#290=CYLINDRICAL_SURFACE('',#1403,2.20000000000001);
#291=CYLINDRICAL_SURFACE('',#1405,2.20000000000001);
#292=CYLINDRICAL_SURFACE('',#1407,2.20000000000001);
#293=CYLINDRICAL_SURFACE('',#1409,2.2);
#294=CYLINDRICAL_SURFACE('',#1411,16.);
#295=CYLINDRICAL_SURFACE('',#1413,4.2);
#296=CYLINDRICAL_SURFACE('',#1417,33.);
#297=CYLINDRICAL_SURFACE('',#1421,42.5);
#298=CYLINDRICAL_SURFACE('',#1425,33.);
#299=CYLINDRICAL_SURFACE('',#1429,42.5);
#300=CYLINDRICAL_SURFACE('',#1433,33.);
#301=CYLINDRICAL_SURFACE('',#1437,42.5);
#302=CYLINDRICAL_SURFACE('',#1441,33.);
#303=CYLINDRICAL_SURFACE('',#1445,42.5);
#304=CYLINDRICAL_SURFACE('',#1449,33.);
#305=CYLINDRICAL_SURFACE('',#1453,42.5);
#306=CYLINDRICAL_SURFACE('',#1457,33.);
#307=CYLINDRICAL_SURFACE('',#1461,42.5);
#308=CYLINDRICAL_SURFACE('',#1465,33.);
#309=CYLINDRICAL_SURFACE('',#1469,42.5);
#310=CYLINDRICAL_SURFACE('',#1473,33.);
#311=CYLINDRICAL_SURFACE('',#1477,42.5);
#312=CYLINDRICAL_SURFACE('',#1481,33.);
#313=CYLINDRICAL_SURFACE('',#1485,42.5);
#314=CYLINDRICAL_SURFACE('',#1489,33.);
#315=CYLINDRICAL_SURFACE('',#1493,42.5);
#316=CYLINDRICAL_SURFACE('',#1497,33.);
#317=CYLINDRICAL_SURFACE('',#1501,42.5);
#318=CYLINDRICAL_SURFACE('',#1505,33.);
#319=CYLINDRICAL_SURFACE('',#1509,42.5);
#320=CYLINDRICAL_SURFACE('',#1513,33.);
#321=CYLINDRICAL_SURFACE('',#1517,42.5);
#322=CYLINDRICAL_SURFACE('',#1523,47.5);
#323=CYLINDRICAL_SURFACE('',#1526,47.5);
#324=FACE_OUTER_BOUND('',#394,.T.);
#325=FACE_OUTER_BOUND('',#395,.T.);
#326=FACE_OUTER_BOUND('',#396,.T.);
#327=FACE_OUTER_BOUND('',#398,.T.);
#328=FACE_OUTER_BOUND('',#399,.T.);
#329=FACE_OUTER_BOUND('',#401,.T.);
#330=FACE_OUTER_BOUND('',#402,.T.);
#331=FACE_OUTER_BOUND('',#403,.T.);
#332=FACE_OUTER_BOUND('',#404,.T.);
#333=FACE_OUTER_BOUND('',#405,.T.);
#334=FACE_OUTER_BOUND('',#406,.T.);
#335=FACE_OUTER_BOUND('',#407,.T.);
#336=FACE_OUTER_BOUND('',#413,.T.);
#337=FACE_OUTER_BOUND('',#414,.T.);
#338=FACE_OUTER_BOUND('',#415,.T.);
#339=FACE_OUTER_BOUND('',#416,.T.);
#340=FACE_OUTER_BOUND('',#417,.T.);
#341=FACE_OUTER_BOUND('',#418,.T.);
#342=FACE_OUTER_BOUND('',#419,.T.);
#343=FACE_OUTER_BOUND('',#420,.T.);
#344=FACE_OUTER_BOUND('',#421,.T.);
#345=FACE_OUTER_BOUND('',#422,.T.);
#346=FACE_OUTER_BOUND('',#423,.T.);
#347=FACE_OUTER_BOUND('',#424,.T.);
#348=FACE_OUTER_BOUND('',#425,.T.);
#349=FACE_OUTER_BOUND('',#426,.T.);
#350=FACE_OUTER_BOUND('',#427,.T.);
#351=FACE_OUTER_BOUND('',#428,.T.);
#352=FACE_OUTER_BOUND('',#429,.T.);
#353=FACE_OUTER_BOUND('',#430,.T.);
#354=FACE_OUTER_BOUND('',#431,.T.);
#355=FACE_OUTER_BOUND('',#432,.T.);
#356=FACE_OUTER_BOUND('',#433,.T.);
#357=FACE_OUTER_BOUND('',#434,.T.);
#358=FACE_OUTER_BOUND('',#435,.T.);
#359=FACE_OUTER_BOUND('',#436,.T.);
#360=FACE_OUTER_BOUND('',#437,.T.);
#361=FACE_OUTER_BOUND('',#438,.T.);
#362=FACE_OUTER_BOUND('',#439,.T.);
#363=FACE_OUTER_BOUND('',#440,.T.);
#364=FACE_OUTER_BOUND('',#441,.T.);
#365=FACE_OUTER_BOUND('',#442,.T.);
#366=FACE_OUTER_BOUND('',#443,.T.);
#367=FACE_OUTER_BOUND('',#444,.T.);
#368=FACE_OUTER_BOUND('',#445,.T.);
#369=FACE_OUTER_BOUND('',#446,.T.);
#370=FACE_OUTER_BOUND('',#447,.T.);
#371=FACE_OUTER_BOUND('',#448,.T.);
#372=FACE_OUTER_BOUND('',#449,.T.);
#373=FACE_OUTER_BOUND('',#450,.T.);
#374=FACE_OUTER_BOUND('',#451,.T.);
#375=FACE_OUTER_BOUND('',#452,.T.);
#376=FACE_OUTER_BOUND('',#453,.T.);
#377=FACE_OUTER_BOUND('',#454,.T.);
#378=FACE_OUTER_BOUND('',#455,.T.);
#379=FACE_OUTER_BOUND('',#456,.T.);
#380=FACE_OUTER_BOUND('',#457,.T.);
#381=FACE_OUTER_BOUND('',#458,.T.);
#382=FACE_OUTER_BOUND('',#459,.T.);
#383=FACE_OUTER_BOUND('',#460,.T.);
#384=FACE_OUTER_BOUND('',#461,.T.);
#385=FACE_OUTER_BOUND('',#462,.T.);
#386=FACE_OUTER_BOUND('',#463,.T.);
#387=FACE_OUTER_BOUND('',#464,.T.);
#388=FACE_OUTER_BOUND('',#465,.T.);
#389=FACE_OUTER_BOUND('',#466,.T.);
#390=FACE_OUTER_BOUND('',#467,.T.);
#391=FACE_OUTER_BOUND('',#469,.T.);
#392=FACE_OUTER_BOUND('',#470,.T.);
#393=FACE_OUTER_BOUND('',#472,.T.);
#394=EDGE_LOOP('',(#890,#891,#892,#893,#894));
#395=EDGE_LOOP('',(#895,#896,#897,#898,#899,#900));
#396=EDGE_LOOP('',(#901));
#397=EDGE_LOOP('',(#902));
#398=EDGE_LOOP('',(#903,#904,#905,#906,#907,#908,#909,#910,#911,#912,#913,
#914,#915,#916));
#399=EDGE_LOOP('',(#917));
#400=EDGE_LOOP('',(#918,#919,#920,#921,#922,#923,#924,#925,#926,#927,#928));
#401=EDGE_LOOP('',(#929,#930,#931,#932,#933,#934));
#402=EDGE_LOOP('',(#935,#936,#937,#938,#939,#940,#941));
#403=EDGE_LOOP('',(#942,#943,#944,#945,#946,#947));
#404=EDGE_LOOP('',(#948,#949,#950,#951,#952,#953));
#405=EDGE_LOOP('',(#954,#955,#956,#957));
#406=EDGE_LOOP('',(#958,#959,#960,#961));
#407=EDGE_LOOP('',(#962));
#408=EDGE_LOOP('',(#963));
#409=EDGE_LOOP('',(#964));
#410=EDGE_LOOP('',(#965));
#411=EDGE_LOOP('',(#966));
#412=EDGE_LOOP('',(#967));
#413=EDGE_LOOP('',(#968,#969,#970,#971));
#414=EDGE_LOOP('',(#972,#973,#974,#975));
#415=EDGE_LOOP('',(#976,#977,#978,#979));
#416=EDGE_LOOP('',(#980,#981,#982,#983));
#417=EDGE_LOOP('',(#984,#985,#986,#987));
#418=EDGE_LOOP('',(#988,#989,#990,#991));
#419=EDGE_LOOP('',(#992,#993,#994,#995));
#420=EDGE_LOOP('',(#996,#997,#998,#999));
#421=EDGE_LOOP('',(#1000,#1001,#1002,#1003));
#422=EDGE_LOOP('',(#1004,#1005,#1006,#1007));
#423=EDGE_LOOP('',(#1008,#1009,#1010,#1011));
#424=EDGE_LOOP('',(#1012,#1013,#1014,#1015));
#425=EDGE_LOOP('',(#1016,#1017,#1018,#1019));
#426=EDGE_LOOP('',(#1020,#1021,#1022,#1023));
#427=EDGE_LOOP('',(#1024,#1025,#1026,#1027));
#428=EDGE_LOOP('',(#1028,#1029,#1030,#1031));
#429=EDGE_LOOP('',(#1032,#1033,#1034,#1035));
#430=EDGE_LOOP('',(#1036,#1037,#1038,#1039));
#431=EDGE_LOOP('',(#1040,#1041,#1042,#1043));
#432=EDGE_LOOP('',(#1044,#1045,#1046,#1047));
#433=EDGE_LOOP('',(#1048,#1049,#1050,#1051));
#434=EDGE_LOOP('',(#1052,#1053,#1054,#1055));
#435=EDGE_LOOP('',(#1056,#1057,#1058,#1059));
#436=EDGE_LOOP('',(#1060,#1061,#1062,#1063));
#437=EDGE_LOOP('',(#1064,#1065,#1066,#1067));
#438=EDGE_LOOP('',(#1068,#1069,#1070,#1071));
#439=EDGE_LOOP('',(#1072,#1073,#1074,#1075));
#440=EDGE_LOOP('',(#1076,#1077,#1078,#1079));
#441=EDGE_LOOP('',(#1080,#1081,#1082,#1083));
#442=EDGE_LOOP('',(#1084,#1085,#1086,#1087));
#443=EDGE_LOOP('',(#1088,#1089,#1090,#1091));
#444=EDGE_LOOP('',(#1092,#1093,#1094,#1095));
#445=EDGE_LOOP('',(#1096,#1097,#1098,#1099));
#446=EDGE_LOOP('',(#1100,#1101,#1102,#1103));
#447=EDGE_LOOP('',(#1104,#1105,#1106,#1107));
#448=EDGE_LOOP('',(#1108,#1109,#1110,#1111));
#449=EDGE_LOOP('',(#1112,#1113,#1114,#1115));
#450=EDGE_LOOP('',(#1116,#1117,#1118,#1119));
#451=EDGE_LOOP('',(#1120,#1121,#1122,#1123));
#452=EDGE_LOOP('',(#1124,#1125,#1126,#1127));
#453=EDGE_LOOP('',(#1128,#1129,#1130,#1131));
#454=EDGE_LOOP('',(#1132,#1133,#1134,#1135));
#455=EDGE_LOOP('',(#1136,#1137,#1138,#1139));
#456=EDGE_LOOP('',(#1140,#1141,#1142,#1143));
#457=EDGE_LOOP('',(#1144,#1145,#1146,#1147));
#458=EDGE_LOOP('',(#1148,#1149,#1150,#1151));
#459=EDGE_LOOP('',(#1152,#1153,#1154,#1155));
#460=EDGE_LOOP('',(#1156,#1157,#1158,#1159));
#461=EDGE_LOOP('',(#1160,#1161,#1162,#1163));
#462=EDGE_LOOP('',(#1164,#1165,#1166,#1167));
#463=EDGE_LOOP('',(#1168,#1169,#1170,#1171));
#464=EDGE_LOOP('',(#1172,#1173,#1174,#1175));
#465=EDGE_LOOP('',(#1176));
#466=EDGE_LOOP('',(#1177,#1178,#1179,#1180));
#467=EDGE_LOOP('',(#1181));
#468=EDGE_LOOP('',(#1182,#1183,#1184,#1185,#1186,#1187,#1188,#1189,#1190,
#1191,#1192,#1193,#1194,#1195,#1196,#1197,#1198,#1199,#1200,#1201,#1202,
#1203,#1204,#1205,#1206,#1207,#1208,#1209,#1210,#1211,#1212,#1213,#1214,
#1215,#1216,#1217,#1218,#1219,#1220,#1221,#1222,#1223,#1224,#1225,#1226,
#1227,#1228,#1229,#1230,#1231,#1232,#1233));
#469=EDGE_LOOP('',(#1234,#1235,#1236,#1237));
#470=EDGE_LOOP('',(#1238));
#471=EDGE_LOOP('',(#1239,#1240,#1241,#1242,#1243,#1244,#1245,#1246,#1247,
#1248,#1249,#1250,#1251,#1252,#1253,#1254,#1255,#1256,#1257,#1258,#1259,
#1260,#1261,#1262,#1263,#1264,#1265,#1266,#1267,#1268,#1269,#1270,#1271,
#1272,#1273,#1274,#1275,#1276,#1277,#1278,#1279,#1280,#1281,#1282,#1283,
#1284,#1285,#1286,#1287,#1288,#1289,#1290));
#472=EDGE_LOOP('',(#1291));
#473=CIRCLE('',#1379,8.00000000000001);
#474=CIRCLE('',#1380,2.);
#475=CIRCLE('',#1381,10.);
#476=CIRCLE('',#1382,8.00000000000001);
#477=CIRCLE('',#1384,8.00000000000001);
#478=CIRCLE('',#1385,8.00000000000001);
#479=CIRCLE('',#1387,47.5);
#480=CIRCLE('',#1389,10.);
#481=CIRCLE('',#1390,10.);
#482=CIRCLE('',#1391,10.);
#483=CIRCLE('',#1392,10.);
#484=CIRCLE('',#1393,2.);
#485=CIRCLE('',#1395,16.);
#486=CIRCLE('',#1396,2.2);
#487=CIRCLE('',#1397,2.20000000000001);
#488=CIRCLE('',#1398,2.20000000000001);
#489=CIRCLE('',#1399,2.20000000000001);
#490=CIRCLE('',#1400,2.20000000000001);
#491=CIRCLE('',#1401,2.20000000000001);
#492=CIRCLE('',#1402,2.20000000000001);
#493=CIRCLE('',#1404,2.20000000000001);
#494=CIRCLE('',#1406,2.20000000000001);
#495=CIRCLE('',#1408,2.20000000000001);
#496=CIRCLE('',#1410,2.2);
#497=CIRCLE('',#1412,16.);
#498=CIRCLE('',#1414,4.2);
#499=CIRCLE('',#1415,4.2);
#500=CIRCLE('',#1418,33.);
#501=CIRCLE('',#1419,33.);
#502=CIRCLE('',#1422,42.5);
#503=CIRCLE('',#1423,42.5);
#504=CIRCLE('',#1426,33.);
#505=CIRCLE('',#1427,33.);
#506=CIRCLE('',#1430,42.5);
#507=CIRCLE('',#1431,42.5);
#508=CIRCLE('',#1434,33.);
#509=CIRCLE('',#1435,33.);
#510=CIRCLE('',#1438,42.5);
#511=CIRCLE('',#1439,42.5);
#512=CIRCLE('',#1442,33.);
#513=CIRCLE('',#1443,33.);
#514=CIRCLE('',#1446,42.5);
#515=CIRCLE('',#1447,42.5);
#516=CIRCLE('',#1450,33.);
#517=CIRCLE('',#1451,33.);
#518=CIRCLE('',#1454,42.5);
#519=CIRCLE('',#1455,42.5);
#520=CIRCLE('',#1458,33.);
#521=CIRCLE('',#1459,33.);
#522=CIRCLE('',#1462,42.5);
#523=CIRCLE('',#1463,42.5);
#524=CIRCLE('',#1466,33.);
#525=CIRCLE('',#1467,33.);
#526=CIRCLE('',#1470,42.5);
#527=CIRCLE('',#1471,42.5);
#528=CIRCLE('',#1474,33.);
#529=CIRCLE('',#1475,33.);
#530=CIRCLE('',#1478,42.5);
#531=CIRCLE('',#1479,42.5);
#532=CIRCLE('',#1482,33.);
#533=CIRCLE('',#1483,33.);
#534=CIRCLE('',#1486,42.5);
#535=CIRCLE('',#1487,42.5);
#536=CIRCLE('',#1490,33.);
#537=CIRCLE('',#1491,33.);
#538=CIRCLE('',#1494,42.5);
#539=CIRCLE('',#1495,42.5);
#540=CIRCLE('',#1498,33.);
#541=CIRCLE('',#1499,33.);
#542=CIRCLE('',#1502,42.5);
#543=CIRCLE('',#1503,42.5);
#544=CIRCLE('',#1506,33.);
#545=CIRCLE('',#1507,33.);
#546=CIRCLE('',#1510,42.5);
#547=CIRCLE('',#1511,42.5);
#548=CIRCLE('',#1514,33.);
#549=CIRCLE('',#1515,33.);
#550=CIRCLE('',#1518,42.5);
#551=CIRCLE('',#1519,42.5);
#552=CIRCLE('',#1522,47.5);
#553=CIRCLE('',#1524,47.5);
#554=CIRCLE('',#1527,47.5);
#555=VERTEX_POINT('',#1951);
#556=VERTEX_POINT('',#1952);
#557=VERTEX_POINT('',#1954);
#558=VERTEX_POINT('',#1959);
#559=VERTEX_POINT('',#1961);
#560=VERTEX_POINT('',#1965);
#561=VERTEX_POINT('',#1968);
#562=VERTEX_POINT('',#1969);
#563=VERTEX_POINT('',#1978);
#564=VERTEX_POINT('',#1980);
#565=VERTEX_POINT('',#1993);
#566=VERTEX_POINT('',#1995);
#567=VERTEX_POINT('',#2008);
#568=VERTEX_POINT('',#2010);
#569=VERTEX_POINT('',#2019);
#570=VERTEX_POINT('',#2028);
#571=VERTEX_POINT('',#2040);
#572=VERTEX_POINT('',#2043);
#573=VERTEX_POINT('',#2046);
#574=VERTEX_POINT('',#2049);
#575=VERTEX_POINT('',#2053);
#576=VERTEX_POINT('',#2057);
#577=VERTEX_POINT('',#2061);
#578=VERTEX_POINT('',#2065);
#579=VERTEX_POINT('',#2069);
#580=VERTEX_POINT('',#2073);
#581=VERTEX_POINT('',#2075);
#582=VERTEX_POINT('',#2080);
#583=VERTEX_POINT('',#2081);
#584=VERTEX_POINT('',#2083);
#585=VERTEX_POINT('',#2085);
#586=VERTEX_POINT('',#2089);
#587=VERTEX_POINT('',#2091);
#588=VERTEX_POINT('',#2095);
#589=VERTEX_POINT('',#2097);
#590=VERTEX_POINT('',#2101);
#591=VERTEX_POINT('',#2103);
#592=VERTEX_POINT('',#2107);
#593=VERTEX_POINT('',#2109);
#594=VERTEX_POINT('',#2113);
#595=VERTEX_POINT('',#2115);
#596=VERTEX_POINT('',#2119);
#597=VERTEX_POINT('',#2121);
#598=VERTEX_POINT('',#2125);
#599=VERTEX_POINT('',#2127);
#600=VERTEX_POINT('',#2131);
#601=VERTEX_POINT('',#2133);
#602=VERTEX_POINT('',#2137);
#603=VERTEX_POINT('',#2139);
#604=VERTEX_POINT('',#2143);
#605=VERTEX_POINT('',#2145);
#606=VERTEX_POINT('',#2149);
#607=VERTEX_POINT('',#2151);
#608=VERTEX_POINT('',#2155);
#609=VERTEX_POINT('',#2157);
#610=VERTEX_POINT('',#2161);
#611=VERTEX_POINT('',#2163);
#612=VERTEX_POINT('',#2167);
#613=VERTEX_POINT('',#2169);
#614=VERTEX_POINT('',#2173);
#615=VERTEX_POINT('',#2175);
#616=VERTEX_POINT('',#2179);
#617=VERTEX_POINT('',#2181);
#618=VERTEX_POINT('',#2185);
#619=VERTEX_POINT('',#2187);
#620=VERTEX_POINT('',#2191);
#621=VERTEX_POINT('',#2193);
#622=VERTEX_POINT('',#2197);
#623=VERTEX_POINT('',#2199);
#624=VERTEX_POINT('',#2203);
#625=VERTEX_POINT('',#2205);
#626=VERTEX_POINT('',#2209);
#627=VERTEX_POINT('',#2211);
#628=VERTEX_POINT('',#2215);
#629=VERTEX_POINT('',#2217);
#630=VERTEX_POINT('',#2221);
#631=VERTEX_POINT('',#2223);
#632=VERTEX_POINT('',#2227);
#633=VERTEX_POINT('',#2229);
#634=VERTEX_POINT('',#2233);
#635=VERTEX_POINT('',#2235);
#636=VERTEX_POINT('',#2239);
#637=VERTEX_POINT('',#2241);
#638=VERTEX_POINT('',#2245);
#639=VERTEX_POINT('',#2247);
#640=VERTEX_POINT('',#2251);
#641=VERTEX_POINT('',#2253);
#642=VERTEX_POINT('',#2257);
#643=VERTEX_POINT('',#2259);
#644=VERTEX_POINT('',#2263);
#645=VERTEX_POINT('',#2265);
#646=VERTEX_POINT('',#2269);
#647=VERTEX_POINT('',#2271);
#648=VERTEX_POINT('',#2275);
#649=VERTEX_POINT('',#2277);
#650=VERTEX_POINT('',#2281);
#651=VERTEX_POINT('',#2283);
#652=VERTEX_POINT('',#2287);
#653=VERTEX_POINT('',#2289);
#654=VERTEX_POINT('',#2293);
#655=VERTEX_POINT('',#2295);
#656=VERTEX_POINT('',#2299);
#657=VERTEX_POINT('',#2301);
#658=VERTEX_POINT('',#2305);
#659=VERTEX_POINT('',#2307);
#660=VERTEX_POINT('',#2311);
#661=VERTEX_POINT('',#2313);
#662=VERTEX_POINT('',#2317);
#663=VERTEX_POINT('',#2319);
#664=VERTEX_POINT('',#2323);
#665=VERTEX_POINT('',#2325);
#666=VERTEX_POINT('',#2329);
#667=VERTEX_POINT('',#2331);
#668=VERTEX_POINT('',#2335);
#669=VERTEX_POINT('',#2337);
#670=VERTEX_POINT('',#2341);
#671=VERTEX_POINT('',#2343);
#672=VERTEX_POINT('',#2347);
#673=VERTEX_POINT('',#2349);
#674=VERTEX_POINT('',#2353);
#675=VERTEX_POINT('',#2355);
#676=VERTEX_POINT('',#2359);
#677=VERTEX_POINT('',#2361);
#678=VERTEX_POINT('',#2365);
#679=VERTEX_POINT('',#2367);
#680=VERTEX_POINT('',#2371);
#681=VERTEX_POINT('',#2373);
#682=VERTEX_POINT('',#2377);
#683=VERTEX_POINT('',#2379);
#684=VERTEX_POINT('',#2383);
#685=VERTEX_POINT('',#2385);
#686=VERTEX_POINT('',#2392);
#687=VERTEX_POINT('',#2395);
#688=VERTEX_POINT('',#2400);
#689=EDGE_CURVE('',#555,#556,#473,.T.);
#690=EDGE_CURVE('',#556,#557,#474,.T.);
#691=EDGE_CURVE('',#557,#557,#475,.T.);
#692=EDGE_CURVE('',#556,#555,#476,.T.);
#693=EDGE_CURVE('',#555,#558,#63,.T.);
#694=EDGE_CURVE('',#559,#558,#477,.T.);
#695=EDGE_CURVE('',#558,#559,#478,.T.);
#696=EDGE_CURVE('',#560,#560,#479,.T.);
#697=EDGE_CURVE('',#561,#562,#15,.F.);
#698=EDGE_CURVE('',#561,#563,#480,.T.);
#699=EDGE_CURVE('',#564,#563,#16,.F.);
#700=EDGE_CURVE('',#564,#565,#481,.T.);
#701=EDGE_CURVE('',#566,#565,#17,.F.);
#702=EDGE_CURVE('',#566,#567,#482,.T.);
#703=EDGE_CURVE('',#568,#567,#18,.F.);
#704=EDGE_CURVE('',#569,#568,#19,.F.);
#705=EDGE_CURVE('',#569,#570,#483,.T.);
#706=EDGE_CURVE('',#562,#570,#20,.F.);
#707=EDGE_CURVE('',#562,#559,#484,.T.);
#708=EDGE_CURVE('',#571,#571,#485,.T.);
#709=EDGE_CURVE('',#567,#569,#486,.T.);
#710=EDGE_CURVE('',#572,#566,#487,.T.);
#711=EDGE_CURVE('',#565,#572,#488,.T.);
#712=EDGE_CURVE('',#573,#564,#489,.T.);
#713=EDGE_CURVE('',#563,#573,#490,.T.);
#714=EDGE_CURVE('',#574,#561,#491,.T.);
#715=EDGE_CURVE('',#570,#574,#492,.T.);
#716=EDGE_CURVE('',#575,#575,#493,.T.);
#717=EDGE_CURVE('',#575,#573,#64,.T.);
#718=EDGE_CURVE('',#576,#576,#494,.T.);
#719=EDGE_CURVE('',#576,#574,#65,.T.);
#720=EDGE_CURVE('',#577,#577,#495,.T.);
#721=EDGE_CURVE('',#577,#572,#66,.T.);
#722=EDGE_CURVE('',#578,#578,#496,.T.);
#723=EDGE_CURVE('',#578,#568,#67,.T.);
#724=EDGE_CURVE('',#579,#579,#497,.T.);
#725=EDGE_CURVE('',#579,#571,#68,.T.);
#726=EDGE_CURVE('',#580,#580,#498,.T.);
#727=EDGE_CURVE('',#580,#581,#69,.T.);
#728=EDGE_CURVE('',#581,#581,#499,.T.);
#729=EDGE_CURVE('',#582,#583,#500,.T.);
#730=EDGE_CURVE('',#582,#584,#70,.T.);
#731=EDGE_CURVE('',#585,#584,#501,.T.);
#732=EDGE_CURVE('',#583,#585,#71,.T.);
#733=EDGE_CURVE('',#582,#586,#72,.T.);
#734=EDGE_CURVE('',#586,#587,#73,.T.);
#735=EDGE_CURVE('',#584,#587,#74,.T.);
#736=EDGE_CURVE('',#588,#586,#502,.T.);
#737=EDGE_CURVE('',#588,#589,#75,.T.);
#738=EDGE_CURVE('',#587,#589,#503,.T.);
#739=EDGE_CURVE('',#590,#588,#76,.T.);
#740=EDGE_CURVE('',#590,#591,#77,.T.);
#741=EDGE_CURVE('',#589,#591,#78,.T.);
#742=EDGE_CURVE('',#592,#590,#504,.T.);
#743=EDGE_CURVE('',#592,#593,#79,.T.);
#744=EDGE_CURVE('',#591,#593,#505,.T.);
#745=EDGE_CURVE('',#592,#594,#80,.T.);
#746=EDGE_CURVE('',#594,#595,#81,.T.);
#747=EDGE_CURVE('',#593,#595,#82,.T.);
#748=EDGE_CURVE('',#596,#594,#506,.T.);
#749=EDGE_CURVE('',#596,#597,#83,.T.);
#750=EDGE_CURVE('',#595,#597,#507,.T.);
#751=EDGE_CURVE('',#598,#596,#84,.T.);
#752=EDGE_CURVE('',#598,#599,#85,.T.);
#753=EDGE_CURVE('',#597,#599,#86,.T.);
#754=EDGE_CURVE('',#600,#598,#508,.T.);
#755=EDGE_CURVE('',#600,#601,#87,.T.);
#756=EDGE_CURVE('',#599,#601,#509,.T.);
#757=EDGE_CURVE('',#600,#602,#88,.T.);
#758=EDGE_CURVE('',#602,#603,#89,.T.);
#759=EDGE_CURVE('',#601,#603,#90,.T.);
#760=EDGE_CURVE('',#604,#602,#510,.T.);
#761=EDGE_CURVE('',#604,#605,#91,.T.);
#762=EDGE_CURVE('',#603,#605,#511,.T.);
#763=EDGE_CURVE('',#606,#604,#92,.T.);
#764=EDGE_CURVE('',#606,#607,#93,.T.);
#765=EDGE_CURVE('',#605,#607,#94,.T.);
#766=EDGE_CURVE('',#608,#606,#512,.T.);
#767=EDGE_CURVE('',#608,#609,#95,.T.);
#768=EDGE_CURVE('',#607,#609,#513,.T.);
#769=EDGE_CURVE('',#608,#610,#96,.T.);
#770=EDGE_CURVE('',#610,#611,#97,.T.);
#771=EDGE_CURVE('',#609,#611,#98,.T.);
#772=EDGE_CURVE('',#612,#610,#514,.T.);
#773=EDGE_CURVE('',#612,#613,#99,.T.);
#774=EDGE_CURVE('',#611,#613,#515,.T.);
#775=EDGE_CURVE('',#614,#612,#100,.T.);
#776=EDGE_CURVE('',#614,#615,#101,.T.);
#777=EDGE_CURVE('',#613,#615,#102,.T.);
#778=EDGE_CURVE('',#616,#614,#516,.T.);
#779=EDGE_CURVE('',#616,#617,#103,.T.);
#780=EDGE_CURVE('',#615,#617,#517,.T.);
#781=EDGE_CURVE('',#616,#618,#104,.T.);
#782=EDGE_CURVE('',#618,#619,#105,.T.);
#783=EDGE_CURVE('',#617,#619,#106,.T.);
#784=EDGE_CURVE('',#620,#618,#518,.T.);
#785=EDGE_CURVE('',#620,#621,#107,.T.);
#786=EDGE_CURVE('',#619,#621,#519,.T.);
#787=EDGE_CURVE('',#622,#620,#108,.T.);
#788=EDGE_CURVE('',#622,#623,#109,.T.);
#789=EDGE_CURVE('',#621,#623,#110,.T.);
#790=EDGE_CURVE('',#624,#622,#520,.T.);
#791=EDGE_CURVE('',#624,#625,#111,.T.);
#792=EDGE_CURVE('',#623,#625,#521,.T.);
#793=EDGE_CURVE('',#624,#626,#112,.T.);
#794=EDGE_CURVE('',#626,#627,#113,.T.);
#795=EDGE_CURVE('',#625,#627,#114,.T.);
#796=EDGE_CURVE('',#628,#626,#522,.T.);
#797=EDGE_CURVE('',#628,#629,#115,.T.);
#798=EDGE_CURVE('',#627,#629,#523,.T.);
#799=EDGE_CURVE('',#630,#628,#116,.T.);
#800=EDGE_CURVE('',#630,#631,#117,.T.);
#801=EDGE_CURVE('',#629,#631,#118,.T.);
#802=EDGE_CURVE('',#632,#630,#524,.T.);
#803=EDGE_CURVE('',#632,#633,#119,.T.);
#804=EDGE_CURVE('',#631,#633,#525,.T.);
#805=EDGE_CURVE('',#632,#634,#120,.T.);
#806=EDGE_CURVE('',#634,#635,#121,.T.);
#807=EDGE_CURVE('',#633,#635,#122,.T.);
#808=EDGE_CURVE('',#636,#634,#526,.T.);
#809=EDGE_CURVE('',#636,#637,#123,.T.);
#810=EDGE_CURVE('',#635,#637,#527,.T.);
#811=EDGE_CURVE('',#638,#636,#124,.T.);
#812=EDGE_CURVE('',#638,#639,#125,.T.);
#813=EDGE_CURVE('',#637,#639,#126,.T.);
#814=EDGE_CURVE('',#640,#638,#528,.T.);
#815=EDGE_CURVE('',#640,#641,#127,.T.);
#816=EDGE_CURVE('',#639,#641,#529,.T.);
#817=EDGE_CURVE('',#640,#642,#128,.T.);
#818=EDGE_CURVE('',#642,#643,#129,.T.);
#819=EDGE_CURVE('',#641,#643,#130,.T.);
#820=EDGE_CURVE('',#644,#642,#530,.T.);
#821=EDGE_CURVE('',#644,#645,#131,.T.);
#822=EDGE_CURVE('',#643,#645,#531,.T.);
#823=EDGE_CURVE('',#646,#644,#132,.T.);
#824=EDGE_CURVE('',#646,#647,#133,.T.);
#825=EDGE_CURVE('',#645,#647,#134,.T.);
#826=EDGE_CURVE('',#648,#646,#532,.T.);
#827=EDGE_CURVE('',#648,#649,#135,.T.);
#828=EDGE_CURVE('',#647,#649,#533,.T.);
#829=EDGE_CURVE('',#648,#650,#136,.T.);
#830=EDGE_CURVE('',#650,#651,#137,.T.);
#831=EDGE_CURVE('',#649,#651,#138,.T.);
#832=EDGE_CURVE('',#652,#650,#534,.T.);
#833=EDGE_CURVE('',#652,#653,#139,.T.);
#834=EDGE_CURVE('',#651,#653,#535,.T.);
#835=EDGE_CURVE('',#654,#652,#140,.T.);
#836=EDGE_CURVE('',#654,#655,#141,.T.);
#837=EDGE_CURVE('',#653,#655,#142,.T.);
#838=EDGE_CURVE('',#656,#654,#536,.T.);
#839=EDGE_CURVE('',#656,#657,#143,.T.);
#840=EDGE_CURVE('',#655,#657,#537,.T.);
#841=EDGE_CURVE('',#656,#658,#144,.T.);
#842=EDGE_CURVE('',#658,#659,#145,.T.);
#843=EDGE_CURVE('',#657,#659,#146,.T.);
#844=EDGE_CURVE('',#660,#658,#538,.T.);
#845=EDGE_CURVE('',#660,#661,#147,.T.);
#846=EDGE_CURVE('',#659,#661,#539,.T.);
#847=EDGE_CURVE('',#662,#660,#148,.T.);
#848=EDGE_CURVE('',#662,#663,#149,.T.);
#849=EDGE_CURVE('',#661,#663,#150,.T.);
#850=EDGE_CURVE('',#664,#662,#540,.T.);
#851=EDGE_CURVE('',#664,#665,#151,.T.);
#852=EDGE_CURVE('',#663,#665,#541,.T.);
#853=EDGE_CURVE('',#664,#666,#152,.T.);
#854=EDGE_CURVE('',#666,#667,#153,.T.);
#855=EDGE_CURVE('',#665,#667,#154,.T.);
#856=EDGE_CURVE('',#668,#666,#542,.T.);
#857=EDGE_CURVE('',#668,#669,#155,.T.);
#858=EDGE_CURVE('',#667,#669,#543,.T.);
#859=EDGE_CURVE('',#670,#668,#156,.T.);
#860=EDGE_CURVE('',#670,#671,#157,.T.);
#861=EDGE_CURVE('',#669,#671,#158,.T.);
#862=EDGE_CURVE('',#672,#670,#544,.T.);
#863=EDGE_CURVE('',#672,#673,#159,.T.);
#864=EDGE_CURVE('',#671,#673,#545,.T.);
#865=EDGE_CURVE('',#672,#674,#160,.T.);
#866=EDGE_CURVE('',#674,#675,#161,.T.);
#867=EDGE_CURVE('',#673,#675,#162,.T.);
#868=EDGE_CURVE('',#676,#674,#546,.T.);
#869=EDGE_CURVE('',#676,#677,#163,.T.);
#870=EDGE_CURVE('',#675,#677,#547,.T.);
#871=EDGE_CURVE('',#678,#676,#164,.T.);
#872=EDGE_CURVE('',#678,#679,#165,.T.);
#873=EDGE_CURVE('',#677,#679,#166,.T.);
#874=EDGE_CURVE('',#680,#678,#548,.T.);
#875=EDGE_CURVE('',#680,#681,#167,.T.);
#876=EDGE_CURVE('',#679,#681,#549,.T.);
#877=EDGE_CURVE('',#680,#682,#168,.T.);
#878=EDGE_CURVE('',#682,#683,#169,.T.);
#879=EDGE_CURVE('',#681,#683,#170,.T.);
#880=EDGE_CURVE('',#684,#682,#550,.T.);
#881=EDGE_CURVE('',#684,#685,#171,.T.);
#882=EDGE_CURVE('',#683,#685,#551,.T.);
#883=EDGE_CURVE('',#583,#684,#172,.T.);
#884=EDGE_CURVE('',#685,#585,#173,.T.);
#885=EDGE_CURVE('',#686,#686,#552,.T.);
#886=EDGE_CURVE('',#686,#687,#174,.T.);
#887=EDGE_CURVE('',#687,#687,#553,.T.);
#888=EDGE_CURVE('',#560,#688,#175,.T.);
#889=EDGE_CURVE('',#688,#688,#554,.T.);
#890=ORIENTED_EDGE('',*,*,#689,.T.);
#891=ORIENTED_EDGE('',*,*,#690,.T.);
#892=ORIENTED_EDGE('',*,*,#691,.T.);
#893=ORIENTED_EDGE('',*,*,#690,.F.);
#894=ORIENTED_EDGE('',*,*,#692,.T.);
#895=ORIENTED_EDGE('',*,*,#689,.F.);
#896=ORIENTED_EDGE('',*,*,#693,.T.);
#897=ORIENTED_EDGE('',*,*,#694,.F.);
#898=ORIENTED_EDGE('',*,*,#695,.F.);
#899=ORIENTED_EDGE('',*,*,#693,.F.);
#900=ORIENTED_EDGE('',*,*,#692,.F.);
#901=ORIENTED_EDGE('',*,*,#696,.T.);
#902=ORIENTED_EDGE('',*,*,#691,.F.);
#903=ORIENTED_EDGE('',*,*,#697,.F.);
#904=ORIENTED_EDGE('',*,*,#698,.T.);
#905=ORIENTED_EDGE('',*,*,#699,.F.);
#906=ORIENTED_EDGE('',*,*,#700,.T.);
#907=ORIENTED_EDGE('',*,*,#701,.F.);
#908=ORIENTED_EDGE('',*,*,#702,.T.);
#909=ORIENTED_EDGE('',*,*,#703,.F.);
#910=ORIENTED_EDGE('',*,*,#704,.F.);
#911=ORIENTED_EDGE('',*,*,#705,.T.);
#912=ORIENTED_EDGE('',*,*,#706,.F.);
#913=ORIENTED_EDGE('',*,*,#707,.T.);
#914=ORIENTED_EDGE('',*,*,#694,.T.);
#915=ORIENTED_EDGE('',*,*,#695,.T.);
#916=ORIENTED_EDGE('',*,*,#707,.F.);
#917=ORIENTED_EDGE('',*,*,#708,.F.);
#918=ORIENTED_EDGE('',*,*,#705,.F.);
#919=ORIENTED_EDGE('',*,*,#709,.F.);
#920=ORIENTED_EDGE('',*,*,#702,.F.);
#921=ORIENTED_EDGE('',*,*,#710,.F.);
#922=ORIENTED_EDGE('',*,*,#711,.F.);
#923=ORIENTED_EDGE('',*,*,#700,.F.);
#924=ORIENTED_EDGE('',*,*,#712,.F.);
#925=ORIENTED_EDGE('',*,*,#713,.F.);
#926=ORIENTED_EDGE('',*,*,#698,.F.);
#927=ORIENTED_EDGE('',*,*,#714,.F.);
#928=ORIENTED_EDGE('',*,*,#715,.F.);
#929=ORIENTED_EDGE('',*,*,#716,.F.);
#930=ORIENTED_EDGE('',*,*,#717,.T.);
#931=ORIENTED_EDGE('',*,*,#712,.T.);
#932=ORIENTED_EDGE('',*,*,#699,.T.);
#933=ORIENTED_EDGE('',*,*,#713,.T.);
#934=ORIENTED_EDGE('',*,*,#717,.F.);
#935=ORIENTED_EDGE('',*,*,#718,.F.);
#936=ORIENTED_EDGE('',*,*,#719,.T.);
#937=ORIENTED_EDGE('',*,*,#714,.T.);
#938=ORIENTED_EDGE('',*,*,#697,.T.);
#939=ORIENTED_EDGE('',*,*,#706,.T.);
#940=ORIENTED_EDGE('',*,*,#715,.T.);
#941=ORIENTED_EDGE('',*,*,#719,.F.);
#942=ORIENTED_EDGE('',*,*,#720,.F.);
#943=ORIENTED_EDGE('',*,*,#721,.T.);
#944=ORIENTED_EDGE('',*,*,#710,.T.);
#945=ORIENTED_EDGE('',*,*,#701,.T.);
#946=ORIENTED_EDGE('',*,*,#711,.T.);
#947=ORIENTED_EDGE('',*,*,#721,.F.);
#948=ORIENTED_EDGE('',*,*,#722,.F.);
#949=ORIENTED_EDGE('',*,*,#723,.T.);
#950=ORIENTED_EDGE('',*,*,#703,.T.);
#951=ORIENTED_EDGE('',*,*,#709,.T.);
#952=ORIENTED_EDGE('',*,*,#704,.T.);
#953=ORIENTED_EDGE('',*,*,#723,.F.);
#954=ORIENTED_EDGE('',*,*,#724,.F.);
#955=ORIENTED_EDGE('',*,*,#725,.T.);
#956=ORIENTED_EDGE('',*,*,#708,.T.);
#957=ORIENTED_EDGE('',*,*,#725,.F.);
#958=ORIENTED_EDGE('',*,*,#726,.F.);
#959=ORIENTED_EDGE('',*,*,#727,.T.);
#960=ORIENTED_EDGE('',*,*,#728,.F.);
#961=ORIENTED_EDGE('',*,*,#727,.F.);
#962=ORIENTED_EDGE('',*,*,#724,.T.);
#963=ORIENTED_EDGE('',*,*,#716,.T.);
#964=ORIENTED_EDGE('',*,*,#718,.T.);
#965=ORIENTED_EDGE('',*,*,#720,.T.);
#966=ORIENTED_EDGE('',*,*,#722,.T.);
#967=ORIENTED_EDGE('',*,*,#726,.T.);
#968=ORIENTED_EDGE('',*,*,#729,.F.);
#969=ORIENTED_EDGE('',*,*,#730,.T.);
#970=ORIENTED_EDGE('',*,*,#731,.F.);
#971=ORIENTED_EDGE('',*,*,#732,.F.);
#972=ORIENTED_EDGE('',*,*,#733,.T.);
#973=ORIENTED_EDGE('',*,*,#734,.T.);
#974=ORIENTED_EDGE('',*,*,#735,.F.);
#975=ORIENTED_EDGE('',*,*,#730,.F.);
#976=ORIENTED_EDGE('',*,*,#736,.F.);
#977=ORIENTED_EDGE('',*,*,#737,.T.);
#978=ORIENTED_EDGE('',*,*,#738,.F.);
#979=ORIENTED_EDGE('',*,*,#734,.F.);
#980=ORIENTED_EDGE('',*,*,#739,.F.);
#981=ORIENTED_EDGE('',*,*,#740,.T.);
#982=ORIENTED_EDGE('',*,*,#741,.F.);
#983=ORIENTED_EDGE('',*,*,#737,.F.);
#984=ORIENTED_EDGE('',*,*,#742,.F.);
#985=ORIENTED_EDGE('',*,*,#743,.T.);
#986=ORIENTED_EDGE('',*,*,#744,.F.);
#987=ORIENTED_EDGE('',*,*,#740,.F.);
#988=ORIENTED_EDGE('',*,*,#745,.T.);
#989=ORIENTED_EDGE('',*,*,#746,.T.);
#990=ORIENTED_EDGE('',*,*,#747,.F.);
#991=ORIENTED_EDGE('',*,*,#743,.F.);
#992=ORIENTED_EDGE('',*,*,#748,.F.);
#993=ORIENTED_EDGE('',*,*,#749,.T.);
#994=ORIENTED_EDGE('',*,*,#750,.F.);
#995=ORIENTED_EDGE('',*,*,#746,.F.);
#996=ORIENTED_EDGE('',*,*,#751,.F.);
#997=ORIENTED_EDGE('',*,*,#752,.T.);
#998=ORIENTED_EDGE('',*,*,#753,.F.);
#999=ORIENTED_EDGE('',*,*,#749,.F.);
#1000=ORIENTED_EDGE('',*,*,#754,.F.);
#1001=ORIENTED_EDGE('',*,*,#755,.T.);
#1002=ORIENTED_EDGE('',*,*,#756,.F.);
#1003=ORIENTED_EDGE('',*,*,#752,.F.);
#1004=ORIENTED_EDGE('',*,*,#757,.T.);
#1005=ORIENTED_EDGE('',*,*,#758,.T.);
#1006=ORIENTED_EDGE('',*,*,#759,.F.);
#1007=ORIENTED_EDGE('',*,*,#755,.F.);
#1008=ORIENTED_EDGE('',*,*,#760,.F.);
#1009=ORIENTED_EDGE('',*,*,#761,.T.);
#1010=ORIENTED_EDGE('',*,*,#762,.F.);
#1011=ORIENTED_EDGE('',*,*,#758,.F.);
#1012=ORIENTED_EDGE('',*,*,#763,.F.);
#1013=ORIENTED_EDGE('',*,*,#764,.T.);
#1014=ORIENTED_EDGE('',*,*,#765,.F.);
#1015=ORIENTED_EDGE('',*,*,#761,.F.);
#1016=ORIENTED_EDGE('',*,*,#766,.F.);
#1017=ORIENTED_EDGE('',*,*,#767,.T.);
#1018=ORIENTED_EDGE('',*,*,#768,.F.);
#1019=ORIENTED_EDGE('',*,*,#764,.F.);
#1020=ORIENTED_EDGE('',*,*,#769,.T.);
#1021=ORIENTED_EDGE('',*,*,#770,.T.);
#1022=ORIENTED_EDGE('',*,*,#771,.F.);
#1023=ORIENTED_EDGE('',*,*,#767,.F.);
#1024=ORIENTED_EDGE('',*,*,#772,.F.);
#1025=ORIENTED_EDGE('',*,*,#773,.T.);
#1026=ORIENTED_EDGE('',*,*,#774,.F.);
#1027=ORIENTED_EDGE('',*,*,#770,.F.);
#1028=ORIENTED_EDGE('',*,*,#775,.F.);
#1029=ORIENTED_EDGE('',*,*,#776,.T.);
#1030=ORIENTED_EDGE('',*,*,#777,.F.);
#1031=ORIENTED_EDGE('',*,*,#773,.F.);
#1032=ORIENTED_EDGE('',*,*,#778,.F.);
#1033=ORIENTED_EDGE('',*,*,#779,.T.);
#1034=ORIENTED_EDGE('',*,*,#780,.F.);
#1035=ORIENTED_EDGE('',*,*,#776,.F.);
#1036=ORIENTED_EDGE('',*,*,#781,.T.);
#1037=ORIENTED_EDGE('',*,*,#782,.T.);
#1038=ORIENTED_EDGE('',*,*,#783,.F.);
#1039=ORIENTED_EDGE('',*,*,#779,.F.);
#1040=ORIENTED_EDGE('',*,*,#784,.F.);
#1041=ORIENTED_EDGE('',*,*,#785,.T.);
#1042=ORIENTED_EDGE('',*,*,#786,.F.);
#1043=ORIENTED_EDGE('',*,*,#782,.F.);
#1044=ORIENTED_EDGE('',*,*,#787,.F.);
#1045=ORIENTED_EDGE('',*,*,#788,.T.);
#1046=ORIENTED_EDGE('',*,*,#789,.F.);
#1047=ORIENTED_EDGE('',*,*,#785,.F.);
#1048=ORIENTED_EDGE('',*,*,#790,.F.);
#1049=ORIENTED_EDGE('',*,*,#791,.T.);
#1050=ORIENTED_EDGE('',*,*,#792,.F.);
#1051=ORIENTED_EDGE('',*,*,#788,.F.);
#1052=ORIENTED_EDGE('',*,*,#793,.T.);
#1053=ORIENTED_EDGE('',*,*,#794,.T.);
#1054=ORIENTED_EDGE('',*,*,#795,.F.);
#1055=ORIENTED_EDGE('',*,*,#791,.F.);
#1056=ORIENTED_EDGE('',*,*,#796,.F.);
#1057=ORIENTED_EDGE('',*,*,#797,.T.);
#1058=ORIENTED_EDGE('',*,*,#798,.F.);
#1059=ORIENTED_EDGE('',*,*,#794,.F.);
#1060=ORIENTED_EDGE('',*,*,#799,.F.);
#1061=ORIENTED_EDGE('',*,*,#800,.T.);
#1062=ORIENTED_EDGE('',*,*,#801,.F.);
#1063=ORIENTED_EDGE('',*,*,#797,.F.);
#1064=ORIENTED_EDGE('',*,*,#802,.F.);
#1065=ORIENTED_EDGE('',*,*,#803,.T.);
#1066=ORIENTED_EDGE('',*,*,#804,.F.);
#1067=ORIENTED_EDGE('',*,*,#800,.F.);
#1068=ORIENTED_EDGE('',*,*,#805,.T.);
#1069=ORIENTED_EDGE('',*,*,#806,.T.);
#1070=ORIENTED_EDGE('',*,*,#807,.F.);
#1071=ORIENTED_EDGE('',*,*,#803,.F.);
#1072=ORIENTED_EDGE('',*,*,#808,.F.);
#1073=ORIENTED_EDGE('',*,*,#809,.T.);
#1074=ORIENTED_EDGE('',*,*,#810,.F.);
#1075=ORIENTED_EDGE('',*,*,#806,.F.);
#1076=ORIENTED_EDGE('',*,*,#811,.F.);
#1077=ORIENTED_EDGE('',*,*,#812,.T.);
#1078=ORIENTED_EDGE('',*,*,#813,.F.);
#1079=ORIENTED_EDGE('',*,*,#809,.F.);
#1080=ORIENTED_EDGE('',*,*,#814,.F.);
#1081=ORIENTED_EDGE('',*,*,#815,.T.);
#1082=ORIENTED_EDGE('',*,*,#816,.F.);
#1083=ORIENTED_EDGE('',*,*,#812,.F.);
#1084=ORIENTED_EDGE('',*,*,#817,.T.);
#1085=ORIENTED_EDGE('',*,*,#818,.T.);
#1086=ORIENTED_EDGE('',*,*,#819,.F.);
#1087=ORIENTED_EDGE('',*,*,#815,.F.);
#1088=ORIENTED_EDGE('',*,*,#820,.F.);
#1089=ORIENTED_EDGE('',*,*,#821,.T.);
#1090=ORIENTED_EDGE('',*,*,#822,.F.);
#1091=ORIENTED_EDGE('',*,*,#818,.F.);
#1092=ORIENTED_EDGE('',*,*,#823,.F.);
#1093=ORIENTED_EDGE('',*,*,#824,.T.);
#1094=ORIENTED_EDGE('',*,*,#825,.F.);
#1095=ORIENTED_EDGE('',*,*,#821,.F.);
#1096=ORIENTED_EDGE('',*,*,#826,.F.);
#1097=ORIENTED_EDGE('',*,*,#827,.T.);
#1098=ORIENTED_EDGE('',*,*,#828,.F.);
#1099=ORIENTED_EDGE('',*,*,#824,.F.);
#1100=ORIENTED_EDGE('',*,*,#829,.T.);
#1101=ORIENTED_EDGE('',*,*,#830,.T.);
#1102=ORIENTED_EDGE('',*,*,#831,.F.);
#1103=ORIENTED_EDGE('',*,*,#827,.F.);
#1104=ORIENTED_EDGE('',*,*,#832,.F.);
#1105=ORIENTED_EDGE('',*,*,#833,.T.);
#1106=ORIENTED_EDGE('',*,*,#834,.F.);
#1107=ORIENTED_EDGE('',*,*,#830,.F.);
#1108=ORIENTED_EDGE('',*,*,#835,.F.);
#1109=ORIENTED_EDGE('',*,*,#836,.T.);
#1110=ORIENTED_EDGE('',*,*,#837,.F.);
#1111=ORIENTED_EDGE('',*,*,#833,.F.);
#1112=ORIENTED_EDGE('',*,*,#838,.F.);
#1113=ORIENTED_EDGE('',*,*,#839,.T.);
#1114=ORIENTED_EDGE('',*,*,#840,.F.);
#1115=ORIENTED_EDGE('',*,*,#836,.F.);
#1116=ORIENTED_EDGE('',*,*,#841,.T.);
#1117=ORIENTED_EDGE('',*,*,#842,.T.);
#1118=ORIENTED_EDGE('',*,*,#843,.F.);
#1119=ORIENTED_EDGE('',*,*,#839,.F.);
#1120=ORIENTED_EDGE('',*,*,#844,.F.);
#1121=ORIENTED_EDGE('',*,*,#845,.T.);
#1122=ORIENTED_EDGE('',*,*,#846,.F.);
#1123=ORIENTED_EDGE('',*,*,#842,.F.);
#1124=ORIENTED_EDGE('',*,*,#847,.F.);
#1125=ORIENTED_EDGE('',*,*,#848,.T.);
#1126=ORIENTED_EDGE('',*,*,#849,.F.);
#1127=ORIENTED_EDGE('',*,*,#845,.F.);
#1128=ORIENTED_EDGE('',*,*,#850,.F.);
#1129=ORIENTED_EDGE('',*,*,#851,.T.);
#1130=ORIENTED_EDGE('',*,*,#852,.F.);
#1131=ORIENTED_EDGE('',*,*,#848,.F.);
#1132=ORIENTED_EDGE('',*,*,#853,.T.);
#1133=ORIENTED_EDGE('',*,*,#854,.T.);
#1134=ORIENTED_EDGE('',*,*,#855,.F.);
#1135=ORIENTED_EDGE('',*,*,#851,.F.);
#1136=ORIENTED_EDGE('',*,*,#856,.F.);
#1137=ORIENTED_EDGE('',*,*,#857,.T.);
#1138=ORIENTED_EDGE('',*,*,#858,.F.);
#1139=ORIENTED_EDGE('',*,*,#854,.F.);
#1140=ORIENTED_EDGE('',*,*,#859,.F.);
#1141=ORIENTED_EDGE('',*,*,#860,.T.);
#1142=ORIENTED_EDGE('',*,*,#861,.F.);
#1143=ORIENTED_EDGE('',*,*,#857,.F.);
#1144=ORIENTED_EDGE('',*,*,#862,.F.);
#1145=ORIENTED_EDGE('',*,*,#863,.T.);
#1146=ORIENTED_EDGE('',*,*,#864,.F.);
#1147=ORIENTED_EDGE('',*,*,#860,.F.);
#1148=ORIENTED_EDGE('',*,*,#865,.T.);
#1149=ORIENTED_EDGE('',*,*,#866,.T.);
#1150=ORIENTED_EDGE('',*,*,#867,.F.);
#1151=ORIENTED_EDGE('',*,*,#863,.F.);
#1152=ORIENTED_EDGE('',*,*,#868,.F.);
#1153=ORIENTED_EDGE('',*,*,#869,.T.);
#1154=ORIENTED_EDGE('',*,*,#870,.F.);
#1155=ORIENTED_EDGE('',*,*,#866,.F.);
#1156=ORIENTED_EDGE('',*,*,#871,.F.);
#1157=ORIENTED_EDGE('',*,*,#872,.T.);
#1158=ORIENTED_EDGE('',*,*,#873,.F.);
#1159=ORIENTED_EDGE('',*,*,#869,.F.);
#1160=ORIENTED_EDGE('',*,*,#874,.F.);
#1161=ORIENTED_EDGE('',*,*,#875,.T.);
#1162=ORIENTED_EDGE('',*,*,#876,.F.);
#1163=ORIENTED_EDGE('',*,*,#872,.F.);
#1164=ORIENTED_EDGE('',*,*,#877,.T.);
#1165=ORIENTED_EDGE('',*,*,#878,.T.);
#1166=ORIENTED_EDGE('',*,*,#879,.F.);
#1167=ORIENTED_EDGE('',*,*,#875,.F.);
#1168=ORIENTED_EDGE('',*,*,#880,.F.);
#1169=ORIENTED_EDGE('',*,*,#881,.T.);
#1170=ORIENTED_EDGE('',*,*,#882,.F.);
#1171=ORIENTED_EDGE('',*,*,#878,.F.);
#1172=ORIENTED_EDGE('',*,*,#883,.F.);
#1173=ORIENTED_EDGE('',*,*,#732,.T.);
#1174=ORIENTED_EDGE('',*,*,#884,.F.);
#1175=ORIENTED_EDGE('',*,*,#881,.F.);
#1176=ORIENTED_EDGE('',*,*,#885,.T.);
#1177=ORIENTED_EDGE('',*,*,#885,.F.);
#1178=ORIENTED_EDGE('',*,*,#886,.T.);
#1179=ORIENTED_EDGE('',*,*,#887,.T.);
#1180=ORIENTED_EDGE('',*,*,#886,.F.);
#1181=ORIENTED_EDGE('',*,*,#887,.F.);
#1182=ORIENTED_EDGE('',*,*,#883,.T.);
#1183=ORIENTED_EDGE('',*,*,#880,.T.);
#1184=ORIENTED_EDGE('',*,*,#877,.F.);
#1185=ORIENTED_EDGE('',*,*,#874,.T.);
#1186=ORIENTED_EDGE('',*,*,#871,.T.);
#1187=ORIENTED_EDGE('',*,*,#868,.T.);
#1188=ORIENTED_EDGE('',*,*,#865,.F.);
#1189=ORIENTED_EDGE('',*,*,#862,.T.);
#1190=ORIENTED_EDGE('',*,*,#859,.T.);
#1191=ORIENTED_EDGE('',*,*,#856,.T.);
#1192=ORIENTED_EDGE('',*,*,#853,.F.);
#1193=ORIENTED_EDGE('',*,*,#850,.T.);
#1194=ORIENTED_EDGE('',*,*,#847,.T.);
#1195=ORIENTED_EDGE('',*,*,#844,.T.);
#1196=ORIENTED_EDGE('',*,*,#841,.F.);
#1197=ORIENTED_EDGE('',*,*,#838,.T.);
#1198=ORIENTED_EDGE('',*,*,#835,.T.);
#1199=ORIENTED_EDGE('',*,*,#832,.T.);
#1200=ORIENTED_EDGE('',*,*,#829,.F.);
#1201=ORIENTED_EDGE('',*,*,#826,.T.);
#1202=ORIENTED_EDGE('',*,*,#823,.T.);
#1203=ORIENTED_EDGE('',*,*,#820,.T.);
#1204=ORIENTED_EDGE('',*,*,#817,.F.);
#1205=ORIENTED_EDGE('',*,*,#814,.T.);
#1206=ORIENTED_EDGE('',*,*,#811,.T.);
#1207=ORIENTED_EDGE('',*,*,#808,.T.);
#1208=ORIENTED_EDGE('',*,*,#805,.F.);
#1209=ORIENTED_EDGE('',*,*,#802,.T.);
#1210=ORIENTED_EDGE('',*,*,#799,.T.);
#1211=ORIENTED_EDGE('',*,*,#796,.T.);
#1212=ORIENTED_EDGE('',*,*,#793,.F.);
#1213=ORIENTED_EDGE('',*,*,#790,.T.);
#1214=ORIENTED_EDGE('',*,*,#787,.T.);
#1215=ORIENTED_EDGE('',*,*,#784,.T.);
#1216=ORIENTED_EDGE('',*,*,#781,.F.);
#1217=ORIENTED_EDGE('',*,*,#778,.T.);
#1218=ORIENTED_EDGE('',*,*,#775,.T.);
#1219=ORIENTED_EDGE('',*,*,#772,.T.);
#1220=ORIENTED_EDGE('',*,*,#769,.F.);
#1221=ORIENTED_EDGE('',*,*,#766,.T.);
#1222=ORIENTED_EDGE('',*,*,#763,.T.);
#1223=ORIENTED_EDGE('',*,*,#760,.T.);
#1224=ORIENTED_EDGE('',*,*,#757,.F.);
#1225=ORIENTED_EDGE('',*,*,#754,.T.);
#1226=ORIENTED_EDGE('',*,*,#751,.T.);
#1227=ORIENTED_EDGE('',*,*,#748,.T.);
#1228=ORIENTED_EDGE('',*,*,#745,.F.);
#1229=ORIENTED_EDGE('',*,*,#742,.T.);
#1230=ORIENTED_EDGE('',*,*,#739,.T.);
#1231=ORIENTED_EDGE('',*,*,#736,.T.);
#1232=ORIENTED_EDGE('',*,*,#733,.F.);
#1233=ORIENTED_EDGE('',*,*,#729,.T.);
#1234=ORIENTED_EDGE('',*,*,#696,.F.);
#1235=ORIENTED_EDGE('',*,*,#888,.T.);
#1236=ORIENTED_EDGE('',*,*,#889,.T.);
#1237=ORIENTED_EDGE('',*,*,#888,.F.);
#1238=ORIENTED_EDGE('',*,*,#889,.F.);
#1239=ORIENTED_EDGE('',*,*,#884,.T.);
#1240=ORIENTED_EDGE('',*,*,#731,.T.);
#1241=ORIENTED_EDGE('',*,*,#735,.T.);
#1242=ORIENTED_EDGE('',*,*,#738,.T.);
#1243=ORIENTED_EDGE('',*,*,#741,.T.);
#1244=ORIENTED_EDGE('',*,*,#744,.T.);
#1245=ORIENTED_EDGE('',*,*,#747,.T.);
#1246=ORIENTED_EDGE('',*,*,#750,.T.);
#1247=ORIENTED_EDGE('',*,*,#753,.T.);
#1248=ORIENTED_EDGE('',*,*,#756,.T.);
#1249=ORIENTED_EDGE('',*,*,#759,.T.);
#1250=ORIENTED_EDGE('',*,*,#762,.T.);
#1251=ORIENTED_EDGE('',*,*,#765,.T.);
#1252=ORIENTED_EDGE('',*,*,#768,.T.);
#1253=ORIENTED_EDGE('',*,*,#771,.T.);
#1254=ORIENTED_EDGE('',*,*,#774,.T.);
#1255=ORIENTED_EDGE('',*,*,#777,.T.);
#1256=ORIENTED_EDGE('',*,*,#780,.T.);
#1257=ORIENTED_EDGE('',*,*,#783,.T.);
#1258=ORIENTED_EDGE('',*,*,#786,.T.);
#1259=ORIENTED_EDGE('',*,*,#789,.T.);
#1260=ORIENTED_EDGE('',*,*,#792,.T.);
#1261=ORIENTED_EDGE('',*,*,#795,.T.);
#1262=ORIENTED_EDGE('',*,*,#798,.T.);
#1263=ORIENTED_EDGE('',*,*,#801,.T.);
#1264=ORIENTED_EDGE('',*,*,#804,.T.);
#1265=ORIENTED_EDGE('',*,*,#807,.T.);
#1266=ORIENTED_EDGE('',*,*,#810,.T.);
#1267=ORIENTED_EDGE('',*,*,#813,.T.);
#1268=ORIENTED_EDGE('',*,*,#816,.T.);
#1269=ORIENTED_EDGE('',*,*,#819,.T.);
#1270=ORIENTED_EDGE('',*,*,#822,.T.);
#1271=ORIENTED_EDGE('',*,*,#825,.T.);
#1272=ORIENTED_EDGE('',*,*,#828,.T.);
#1273=ORIENTED_EDGE('',*,*,#831,.T.);
#1274=ORIENTED_EDGE('',*,*,#834,.T.);
#1275=ORIENTED_EDGE('',*,*,#837,.T.);
#1276=ORIENTED_EDGE('',*,*,#840,.T.);
#1277=ORIENTED_EDGE('',*,*,#843,.T.);
#1278=ORIENTED_EDGE('',*,*,#846,.T.);
#1279=ORIENTED_EDGE('',*,*,#849,.T.);
#1280=ORIENTED_EDGE('',*,*,#852,.T.);
#1281=ORIENTED_EDGE('',*,*,#855,.T.);
#1282=ORIENTED_EDGE('',*,*,#858,.T.);
#1283=ORIENTED_EDGE('',*,*,#861,.T.);
#1284=ORIENTED_EDGE('',*,*,#864,.T.);
#1285=ORIENTED_EDGE('',*,*,#867,.T.);
#1286=ORIENTED_EDGE('',*,*,#870,.T.);
#1287=ORIENTED_EDGE('',*,*,#873,.T.);
#1288=ORIENTED_EDGE('',*,*,#876,.T.);
#1289=ORIENTED_EDGE('',*,*,#879,.T.);
#1290=ORIENTED_EDGE('',*,*,#882,.T.);
#1291=ORIENTED_EDGE('',*,*,#728,.T.);
#1292=TOROIDAL_SURFACE('',#1378,10.,2.);
#1293=TOROIDAL_SURFACE('',#1388,10.,2.);
#1294=ADVANCED_FACE('',(#324),#1292,.F.);
#1295=ADVANCED_FACE('',(#325),#289,.T.);
#1296=ADVANCED_FACE('',(#326,#21),#30,.T.);
#1297=ADVANCED_FACE('',(#327),#1293,.F.);
#1298=ADVANCED_FACE('',(#328,#22),#31,.F.);
#1299=ADVANCED_FACE('',(#329),#290,.F.);
#1300=ADVANCED_FACE('',(#330),#291,.F.);
#1301=ADVANCED_FACE('',(#331),#292,.F.);
#1302=ADVANCED_FACE('',(#332),#293,.F.);
#1303=ADVANCED_FACE('',(#333),#294,.T.);
#1304=ADVANCED_FACE('',(#334),#295,.F.);
#1305=ADVANCED_FACE('',(#335,#23,#24,#25,#26,#27),#32,.T.);
#1306=ADVANCED_FACE('',(#336),#296,.T.);
#1307=ADVANCED_FACE('',(#337),#33,.T.);
#1308=ADVANCED_FACE('',(#338),#297,.T.);
#1309=ADVANCED_FACE('',(#339),#34,.T.);
#1310=ADVANCED_FACE('',(#340),#298,.T.);
#1311=ADVANCED_FACE('',(#341),#35,.T.);
#1312=ADVANCED_FACE('',(#342),#299,.T.);
#1313=ADVANCED_FACE('',(#343),#36,.T.);
#1314=ADVANCED_FACE('',(#344),#300,.T.);
#1315=ADVANCED_FACE('',(#345),#37,.T.);
#1316=ADVANCED_FACE('',(#346),#301,.T.);
#1317=ADVANCED_FACE('',(#347),#38,.T.);
#1318=ADVANCED_FACE('',(#348),#302,.T.);
#1319=ADVANCED_FACE('',(#349),#39,.T.);
#1320=ADVANCED_FACE('',(#350),#303,.T.);
#1321=ADVANCED_FACE('',(#351),#40,.T.);
#1322=ADVANCED_FACE('',(#352),#304,.T.);
#1323=ADVANCED_FACE('',(#353),#41,.T.);
#1324=ADVANCED_FACE('',(#354),#305,.T.);
#1325=ADVANCED_FACE('',(#355),#42,.T.);
#1326=ADVANCED_FACE('',(#356),#306,.T.);
#1327=ADVANCED_FACE('',(#357),#43,.T.);
#1328=ADVANCED_FACE('',(#358),#307,.T.);
#1329=ADVANCED_FACE('',(#359),#44,.T.);
#1330=ADVANCED_FACE('',(#360),#308,.T.);
#1331=ADVANCED_FACE('',(#361),#45,.T.);
#1332=ADVANCED_FACE('',(#362),#309,.T.);
#1333=ADVANCED_FACE('',(#363),#46,.T.);
#1334=ADVANCED_FACE('',(#364),#310,.T.);
#1335=ADVANCED_FACE('',(#365),#47,.T.);
#1336=ADVANCED_FACE('',(#366),#311,.T.);
#1337=ADVANCED_FACE('',(#367),#48,.T.);
#1338=ADVANCED_FACE('',(#368),#312,.T.);
#1339=ADVANCED_FACE('',(#369),#49,.T.);
#1340=ADVANCED_FACE('',(#370),#313,.T.);
#1341=ADVANCED_FACE('',(#371),#50,.T.);
#1342=ADVANCED_FACE('',(#372),#314,.T.);
#1343=ADVANCED_FACE('',(#373),#51,.T.);
#1344=ADVANCED_FACE('',(#374),#315,.T.);
#1345=ADVANCED_FACE('',(#375),#52,.T.);
#1346=ADVANCED_FACE('',(#376),#316,.T.);
#1347=ADVANCED_FACE('',(#377),#53,.T.);
#1348=ADVANCED_FACE('',(#378),#317,.T.);
#1349=ADVANCED_FACE('',(#379),#54,.T.);
#1350=ADVANCED_FACE('',(#380),#318,.T.);
#1351=ADVANCED_FACE('',(#381),#55,.T.);
#1352=ADVANCED_FACE('',(#382),#319,.T.);
#1353=ADVANCED_FACE('',(#383),#56,.T.);
#1354=ADVANCED_FACE('',(#384),#320,.T.);
#1355=ADVANCED_FACE('',(#385),#57,.T.);
#1356=ADVANCED_FACE('',(#386),#321,.T.);
#1357=ADVANCED_FACE('',(#387),#58,.T.);
#1358=ADVANCED_FACE('',(#388),#59,.T.);
#1359=ADVANCED_FACE('',(#389),#322,.T.);
#1360=ADVANCED_FACE('',(#390,#28),#60,.F.);
#1361=ADVANCED_FACE('',(#391),#323,.T.);
#1362=ADVANCED_FACE('',(#392,#29),#61,.F.);
#1363=ADVANCED_FACE('',(#393),#62,.T.);
#1364=CLOSED_SHELL('',(#1294,#1295,#1296,#1297,#1298,#1299,#1300,#1301,
#1302,#1303,#1304,#1305,#1306,#1307,#1308,#1309,#1310,#1311,#1312,#1313,
#1314,#1315,#1316,#1317,#1318,#1319,#1320,#1321,#1322,#1323,#1324,#1325,
#1326,#1327,#1328,#1329,#1330,#1331,#1332,#1333,#1334,#1335,#1336,#1337,
#1338,#1339,#1340,#1341,#1342,#1343,#1344,#1345,#1346,#1347,#1348,#1349,
#1350,#1351,#1352,#1353,#1354,#1355,#1356,#1357,#1358,#1359,#1360,#1361,
#1362,#1363));
#1365=DERIVED_UNIT_ELEMENT(#1367,1.);
#1366=DERIVED_UNIT_ELEMENT(#2410,-3.);
#1367=(
MASS_UNIT()
NAMED_UNIT(*)
SI_UNIT(.KILO.,.GRAM.)
);
#1368=DERIVED_UNIT((#1365,#1366));
#1369=MEASURE_REPRESENTATION_ITEM('density measure',
POSITIVE_RATIO_MEASURE(7850.),#1368);
#1370=PROPERTY_DEFINITION_REPRESENTATION(#1375,#1372);
#1371=PROPERTY_DEFINITION_REPRESENTATION(#1376,#1373);
#1372=REPRESENTATION('material name',(#1374),#2407);
#1373=REPRESENTATION('density',(#1369),#2407);
#1374=DESCRIPTIVE_REPRESENTATION_ITEM('Steel','Steel');
#1375=PROPERTY_DEFINITION('material property','material name',#2417);
#1376=PROPERTY_DEFINITION('material property','density of part',#2417);
#1377=AXIS2_PLACEMENT_3D('',#1949,#1530,#1531);
#1378=AXIS2_PLACEMENT_3D('',#1950,#1532,#1533);
#1379=AXIS2_PLACEMENT_3D('',#1953,#1534,#1535);
#1380=AXIS2_PLACEMENT_3D('',#1955,#1536,#1537);
#1381=AXIS2_PLACEMENT_3D('',#1956,#1538,#1539);
#1382=AXIS2_PLACEMENT_3D('',#1957,#1540,#1541);
#1383=AXIS2_PLACEMENT_3D('',#1958,#1542,#1543);
#1384=AXIS2_PLACEMENT_3D('',#1962,#1545,#1546);
#1385=AXIS2_PLACEMENT_3D('',#1963,#1547,#1548);
#1386=AXIS2_PLACEMENT_3D('',#1964,#1549,#1550);
#1387=AXIS2_PLACEMENT_3D('',#1966,#1551,#1552);
#1388=AXIS2_PLACEMENT_3D('',#1967,#1553,#1554);
#1389=AXIS2_PLACEMENT_3D('',#1979,#1555,#1556);
#1390=AXIS2_PLACEMENT_3D('',#1994,#1557,#1558);
#1391=AXIS2_PLACEMENT_3D('',#2009,#1559,#1560);
#1392=AXIS2_PLACEMENT_3D('',#2029,#1561,#1562);
#1393=AXIS2_PLACEMENT_3D('',#2038,#1563,#1564);
#1394=AXIS2_PLACEMENT_3D('',#2039,#1565,#1566);
#1395=AXIS2_PLACEMENT_3D('',#2041,#1567,#1568);
#1396=AXIS2_PLACEMENT_3D('',#2042,#1569,#1570);
#1397=AXIS2_PLACEMENT_3D('',#2044,#1571,#1572);
#1398=AXIS2_PLACEMENT_3D('',#2045,#1573,#1574);
#1399=AXIS2_PLACEMENT_3D('',#2047,#1575,#1576);
#1400=AXIS2_PLACEMENT_3D('',#2048,#1577,#1578);
#1401=AXIS2_PLACEMENT_3D('',#2050,#1579,#1580);
#1402=AXIS2_PLACEMENT_3D('',#2051,#1581,#1582);
#1403=AXIS2_PLACEMENT_3D('',#2052,#1583,#1584);
#1404=AXIS2_PLACEMENT_3D('',#2054,#1585,#1586);
#1405=AXIS2_PLACEMENT_3D('',#2056,#1588,#1589);
#1406=AXIS2_PLACEMENT_3D('',#2058,#1590,#1591);
#1407=AXIS2_PLACEMENT_3D('',#2060,#1593,#1594);
#1408=AXIS2_PLACEMENT_3D('',#2062,#1595,#1596);
#1409=AXIS2_PLACEMENT_3D('',#2064,#1598,#1599);
#1410=AXIS2_PLACEMENT_3D('',#2066,#1600,#1601);
#1411=AXIS2_PLACEMENT_3D('',#2068,#1603,#1604);
#1412=AXIS2_PLACEMENT_3D('',#2070,#1605,#1606);
#1413=AXIS2_PLACEMENT_3D('',#2072,#1608,#1609);
#1414=AXIS2_PLACEMENT_3D('',#2074,#1610,#1611);
#1415=AXIS2_PLACEMENT_3D('',#2077,#1613,#1614);
#1416=AXIS2_PLACEMENT_3D('',#2078,#1615,#1616);
#1417=AXIS2_PLACEMENT_3D('',#2079,#1617,#1618);
#1418=AXIS2_PLACEMENT_3D('',#2082,#1619,#1620);
#1419=AXIS2_PLACEMENT_3D('',#2086,#1622,#1623);
#1420=AXIS2_PLACEMENT_3D('',#2088,#1625,#1626);
#1421=AXIS2_PLACEMENT_3D('',#2094,#1630,#1631);
#1422=AXIS2_PLACEMENT_3D('',#2096,#1632,#1633);
#1423=AXIS2_PLACEMENT_3D('',#2099,#1635,#1636);
#1424=AXIS2_PLACEMENT_3D('',#2100,#1637,#1638);
#1425=AXIS2_PLACEMENT_3D('',#2106,#1642,#1643);
#1426=AXIS2_PLACEMENT_3D('',#2108,#1644,#1645);
#1427=AXIS2_PLACEMENT_3D('',#2111,#1647,#1648);
#1428=AXIS2_PLACEMENT_3D('',#2112,#1649,#1650);
#1429=AXIS2_PLACEMENT_3D('',#2118,#1654,#1655);
#1430=AXIS2_PLACEMENT_3D('',#2120,#1656,#1657);
#1431=AXIS2_PLACEMENT_3D('',#2123,#1659,#1660);
#1432=AXIS2_PLACEMENT_3D('',#2124,#1661,#1662);
#1433=AXIS2_PLACEMENT_3D('',#2130,#1666,#1667);
#1434=AXIS2_PLACEMENT_3D('',#2132,#1668,#1669);
#1435=AXIS2_PLACEMENT_3D('',#2135,#1671,#1672);
#1436=AXIS2_PLACEMENT_3D('',#2136,#1673,#1674);
#1437=AXIS2_PLACEMENT_3D('',#2142,#1678,#1679);
#1438=AXIS2_PLACEMENT_3D('',#2144,#1680,#1681);
#1439=AXIS2_PLACEMENT_3D('',#2147,#1683,#1684);
#1440=AXIS2_PLACEMENT_3D('',#2148,#1685,#1686);
#1441=AXIS2_PLACEMENT_3D('',#2154,#1690,#1691);
#1442=AXIS2_PLACEMENT_3D('',#2156,#1692,#1693);
#1443=AXIS2_PLACEMENT_3D('',#2159,#1695,#1696);
#1444=AXIS2_PLACEMENT_3D('',#2160,#1697,#1698);
#1445=AXIS2_PLACEMENT_3D('',#2166,#1702,#1703);
#1446=AXIS2_PLACEMENT_3D('',#2168,#1704,#1705);
#1447=AXIS2_PLACEMENT_3D('',#2171,#1707,#1708);
#1448=AXIS2_PLACEMENT_3D('',#2172,#1709,#1710);
#1449=AXIS2_PLACEMENT_3D('',#2178,#1714,#1715);
#1450=AXIS2_PLACEMENT_3D('',#2180,#1716,#1717);
#1451=AXIS2_PLACEMENT_3D('',#2183,#1719,#1720);
#1452=AXIS2_PLACEMENT_3D('',#2184,#1721,#1722);
#1453=AXIS2_PLACEMENT_3D('',#2190,#1726,#1727);
#1454=AXIS2_PLACEMENT_3D('',#2192,#1728,#1729);
#1455=AXIS2_PLACEMENT_3D('',#2195,#1731,#1732);
#1456=AXIS2_PLACEMENT_3D('',#2196,#1733,#1734);
#1457=AXIS2_PLACEMENT_3D('',#2202,#1738,#1739);
#1458=AXIS2_PLACEMENT_3D('',#2204,#1740,#1741);
#1459=AXIS2_PLACEMENT_3D('',#2207,#1743,#1744);
#1460=AXIS2_PLACEMENT_3D('',#2208,#1745,#1746);
#1461=AXIS2_PLACEMENT_3D('',#2214,#1750,#1751);
#1462=AXIS2_PLACEMENT_3D('',#2216,#1752,#1753);
#1463=AXIS2_PLACEMENT_3D('',#2219,#1755,#1756);
#1464=AXIS2_PLACEMENT_3D('',#2220,#1757,#1758);
#1465=AXIS2_PLACEMENT_3D('',#2226,#1762,#1763);
#1466=AXIS2_PLACEMENT_3D('',#2228,#1764,#1765);
#1467=AXIS2_PLACEMENT_3D('',#2231,#1767,#1768);
#1468=AXIS2_PLACEMENT_3D('',#2232,#1769,#1770);
#1469=AXIS2_PLACEMENT_3D('',#2238,#1774,#1775);
#1470=AXIS2_PLACEMENT_3D('',#2240,#1776,#1777);
#1471=AXIS2_PLACEMENT_3D('',#2243,#1779,#1780);
#1472=AXIS2_PLACEMENT_3D('',#2244,#1781,#1782);
#1473=AXIS2_PLACEMENT_3D('',#2250,#1786,#1787);
#1474=AXIS2_PLACEMENT_3D('',#2252,#1788,#1789);
#1475=AXIS2_PLACEMENT_3D('',#2255,#1791,#1792);
#1476=AXIS2_PLACEMENT_3D('',#2256,#1793,#1794);
#1477=AXIS2_PLACEMENT_3D('',#2262,#1798,#1799);
#1478=AXIS2_PLACEMENT_3D('',#2264,#1800,#1801);
#1479=AXIS2_PLACEMENT_3D('',#2267,#1803,#1804);
#1480=AXIS2_PLACEMENT_3D('',#2268,#1805,#1806);
#1481=AXIS2_PLACEMENT_3D('',#2274,#1810,#1811);
#1482=AXIS2_PLACEMENT_3D('',#2276,#1812,#1813);
#1483=AXIS2_PLACEMENT_3D('',#2279,#1815,#1816);
#1484=AXIS2_PLACEMENT_3D('',#2280,#1817,#1818);
#1485=AXIS2_PLACEMENT_3D('',#2286,#1822,#1823);
#1486=AXIS2_PLACEMENT_3D('',#2288,#1824,#1825);
#1487=AXIS2_PLACEMENT_3D('',#2291,#1827,#1828);
#1488=AXIS2_PLACEMENT_3D('',#2292,#1829,#1830);
#1489=AXIS2_PLACEMENT_3D('',#2298,#1834,#1835);
#1490=AXIS2_PLACEMENT_3D('',#2300,#1836,#1837);
#1491=AXIS2_PLACEMENT_3D('',#2303,#1839,#1840);
#1492=AXIS2_PLACEMENT_3D('',#2304,#1841,#1842);
#1493=AXIS2_PLACEMENT_3D('',#2310,#1846,#1847);
#1494=AXIS2_PLACEMENT_3D('',#2312,#1848,#1849);
#1495=AXIS2_PLACEMENT_3D('',#2315,#1851,#1852);
#1496=AXIS2_PLACEMENT_3D('',#2316,#1853,#1854);
#1497=AXIS2_PLACEMENT_3D('',#2322,#1858,#1859);
#1498=AXIS2_PLACEMENT_3D('',#2324,#1860,#1861);
#1499=AXIS2_PLACEMENT_3D('',#2327,#1863,#1864);
#1500=AXIS2_PLACEMENT_3D('',#2328,#1865,#1866);
#1501=AXIS2_PLACEMENT_3D('',#2334,#1870,#1871);
#1502=AXIS2_PLACEMENT_3D('',#2336,#1872,#1873);
#1503=AXIS2_PLACEMENT_3D('',#2339,#1875,#1876);
#1504=AXIS2_PLACEMENT_3D('',#2340,#1877,#1878);
#1505=AXIS2_PLACEMENT_3D('',#2346,#1882,#1883);
#1506=AXIS2_PLACEMENT_3D('',#2348,#1884,#1885);
#1507=AXIS2_PLACEMENT_3D('',#2351,#1887,#1888);
#1508=AXIS2_PLACEMENT_3D('',#2352,#1889,#1890);
#1509=AXIS2_PLACEMENT_3D('',#2358,#1894,#1895);
#1510=AXIS2_PLACEMENT_3D('',#2360,#1896,#1897);
#1511=AXIS2_PLACEMENT_3D('',#2363,#1899,#1900);
#1512=AXIS2_PLACEMENT_3D('',#2364,#1901,#1902);
#1513=AXIS2_PLACEMENT_3D('',#2370,#1906,#1907);
#1514=AXIS2_PLACEMENT_3D('',#2372,#1908,#1909);
#1515=AXIS2_PLACEMENT_3D('',#2375,#1911,#1912);
#1516=AXIS2_PLACEMENT_3D('',#2376,#1913,#1914);
#1517=AXIS2_PLACEMENT_3D('',#2382,#1918,#1919);
#1518=AXIS2_PLACEMENT_3D('',#2384,#1920,#1921);
#1519=AXIS2_PLACEMENT_3D('',#2387,#1923,#1924);
#1520=AXIS2_PLACEMENT_3D('',#2388,#1925,#1926);
#1521=AXIS2_PLACEMENT_3D('',#2391,#1929,#1930);
#1522=AXIS2_PLACEMENT_3D('',#2393,#1931,#1932);
#1523=AXIS2_PLACEMENT_3D('',#2394,#1933,#1934);
#1524=AXIS2_PLACEMENT_3D('',#2397,#1936,#1937);
#1525=AXIS2_PLACEMENT_3D('',#2398,#1938,#1939);
#1526=AXIS2_PLACEMENT_3D('',#2399,#1940,#1941);
#1527=AXIS2_PLACEMENT_3D('',#2402,#1943,#1944);
#1528=AXIS2_PLACEMENT_3D('',#2403,#1945,#1946);
#1529=AXIS2_PLACEMENT_3D('',#2404,#1947,#1948);
#1530=DIRECTION('axis',(0.,0.,1.));
#1531=DIRECTION('refdir',(1.,0.,0.));
#1532=DIRECTION('center_axis',(0.,1.,0.));
#1533=DIRECTION('ref_axis',(0.,0.,1.));
#1534=DIRECTION('center_axis',(0.,1.,0.));
#1535=DIRECTION('ref_axis',(1.,0.,0.));
#1536=DIRECTION('center_axis',(-1.,0.,0.));
#1537=DIRECTION('ref_axis',(0.,0.,-1.));
#1538=DIRECTION('center_axis',(0.,-1.,0.));
#1539=DIRECTION('ref_axis',(1.,0.,0.));
#1540=DIRECTION('center_axis',(0.,1.,0.));
#1541=DIRECTION('ref_axis',(1.,0.,0.));
#1542=DIRECTION('center_axis',(0.,-1.,0.));
#1543=DIRECTION('ref_axis',(1.,0.,0.));
#1544=DIRECTION('',(0.,-1.,0.));
#1545=DIRECTION('center_axis',(0.,-1.,0.));
#1546=DIRECTION('ref_axis',(1.,0.,0.));
#1547=DIRECTION('center_axis',(0.,-1.,0.));
#1548=DIRECTION('ref_axis',(1.,0.,0.));
#1549=DIRECTION('center_axis',(0.,-1.,0.));
#1550=DIRECTION('ref_axis',(0.,0.,-1.));
#1551=DIRECTION('center_axis',(0.,-1.,0.));
#1552=DIRECTION('ref_axis',(1.,0.,0.));
#1553=DIRECTION('center_axis',(0.,1.,0.));
#1554=DIRECTION('ref_axis',(0.,0.,1.));
#1555=DIRECTION('center_axis',(0.,1.,0.));
#1556=DIRECTION('ref_axis',(1.,0.,0.));
#1557=DIRECTION('center_axis',(0.,1.,0.));
#1558=DIRECTION('ref_axis',(1.,0.,0.));
#1559=DIRECTION('center_axis',(0.,1.,0.));
#1560=DIRECTION('ref_axis',(1.,0.,0.));
#1561=DIRECTION('center_axis',(0.,1.,0.));
#1562=DIRECTION('ref_axis',(1.,0.,0.));
#1563=DIRECTION('center_axis',(-1.,0.,0.));
#1564=DIRECTION('ref_axis',(0.,0.,-1.));
#1565=DIRECTION('center_axis',(0.,-1.,0.));
#1566=DIRECTION('ref_axis',(1.,0.,0.));
#1567=DIRECTION('center_axis',(0.,-1.,0.));
#1568=DIRECTION('ref_axis',(1.,0.,0.));
#1569=DIRECTION('center_axis',(0.,1.,0.));
#1570=DIRECTION('ref_axis',(1.,0.,0.));
#1571=DIRECTION('center_axis',(0.,1.,0.));
#1572=DIRECTION('ref_axis',(1.,0.,0.));
#1573=DIRECTION('center_axis',(0.,1.,0.));
#1574=DIRECTION('ref_axis',(1.,0.,0.));
#1575=DIRECTION('center_axis',(0.,1.,0.));
#1576=DIRECTION('ref_axis',(1.,0.,0.));
#1577=DIRECTION('center_axis',(0.,1.,0.));
#1578=DIRECTION('ref_axis',(1.,0.,0.));
#1579=DIRECTION('center_axis',(0.,1.,0.));
#1580=DIRECTION('ref_axis',(1.,0.,0.));
#1581=DIRECTION('center_axis',(0.,1.,0.));
#1582=DIRECTION('ref_axis',(1.,0.,0.));
#1583=DIRECTION('center_axis',(0.,-1.,0.));
#1584=DIRECTION('ref_axis',(1.,0.,0.));
#1585=DIRECTION('center_axis',(0.,1.,0.));
#1586=DIRECTION('ref_axis',(1.,0.,0.));
#1587=DIRECTION('',(0.,1.,0.));
#1588=DIRECTION('center_axis',(0.,-1.,0.));
#1589=DIRECTION('ref_axis',(1.,0.,0.));
#1590=DIRECTION('center_axis',(0.,1.,0.));
#1591=DIRECTION('ref_axis',(1.,0.,0.));
#1592=DIRECTION('',(0.,1.,0.));
#1593=DIRECTION('center_axis',(0.,-1.,0.));
#1594=DIRECTION('ref_axis',(1.,0.,0.));
#1595=DIRECTION('center_axis',(0.,1.,0.));
#1596=DIRECTION('ref_axis',(1.,0.,0.));
#1597=DIRECTION('',(0.,1.,0.));
#1598=DIRECTION('center_axis',(0.,-1.,0.));
#1599=DIRECTION('ref_axis',(1.,0.,0.));
#1600=DIRECTION('center_axis',(0.,1.,0.));
#1601=DIRECTION('ref_axis',(1.,0.,0.));
#1602=DIRECTION('',(0.,1.,0.));
#1603=DIRECTION('center_axis',(0.,-1.,0.));
#1604=DIRECTION('ref_axis',(1.,0.,0.));
#1605=DIRECTION('center_axis',(0.,-1.,0.));
#1606=DIRECTION('ref_axis',(1.,0.,0.));
#1607=DIRECTION('',(0.,1.,0.));
#1608=DIRECTION('center_axis',(0.,-1.,0.));
#1609=DIRECTION('ref_axis',(1.,0.,0.));
#1610=DIRECTION('center_axis',(0.,1.,0.));
#1611=DIRECTION('ref_axis',(1.,0.,0.));
#1612=DIRECTION('',(0.,1.,0.));
#1613=DIRECTION('center_axis',(0.,-1.,0.));
#1614=DIRECTION('ref_axis',(1.,0.,0.));
#1615=DIRECTION('center_axis',(0.,-1.,0.));
#1616=DIRECTION('ref_axis',(1.,0.,0.));
#1617=DIRECTION('center_axis',(0.,-1.,0.));
#1618=DIRECTION('ref_axis',(0.0523359562429435,0.,0.998629534754574));
#1619=DIRECTION('center_axis',(0.,1.,0.));
#1620=DIRECTION('ref_axis',(0.0523359562429435,0.,0.998629534754574));
#1621=DIRECTION('',(0.,-1.,0.));
#1622=DIRECTION('center_axis',(0.,-1.,0.));
#1623=DIRECTION('ref_axis',(0.0523359562429435,0.,0.998629534754574));
#1624=DIRECTION('',(0.,-1.,0.));
#1625=DIRECTION('center_axis',(0.172325857121011,0.,0.985039998663764));
#1626=DIRECTION('ref_axis',(-0.985039998663764,0.,0.172325857121011));
#1627=DIRECTION('',(-0.985039998663764,0.,0.172325857121011));
#1628=DIRECTION('',(0.,-1.,0.));
#1629=DIRECTION('',(-0.985039998663764,0.,0.172325857121011));
#1630=DIRECTION('center_axis',(0.,-1.,0.));
#1631=DIRECTION('ref_axis',(-0.997656803510789,0.,0.0684171207274556));
#1632=DIRECTION('center_axis',(0.,1.,0.));
#1633=DIRECTION('ref_axis',(-0.997656803510789,0.,0.0684171207274556));
#1634=DIRECTION('',(0.,-1.,0.));
#1635=DIRECTION('center_axis',(0.,-1.,0.));
#1636=DIRECTION('ref_axis',(-0.997656803510789,0.,0.0684171207274556));
#1637=DIRECTION('center_axis',(-0.0684171207274556,0.,-0.997656803510789));
#1638=DIRECTION('ref_axis',(0.997656803510789,0.,-0.0684171207274556));
#1639=DIRECTION('',(-0.997656803510789,0.,0.0684171207274556));
#1640=DIRECTION('',(0.,-1.,0.));
#1641=DIRECTION('',(0.997656803510789,0.,-0.0684171207274556));
#1642=DIRECTION('center_axis',(0.,-1.,0.));
#1643=DIRECTION('ref_axis',(0.0523359562429435,0.,0.998629534754574));
#1644=DIRECTION('center_axis',(0.,1.,0.));
#1645=DIRECTION('ref_axis',(0.0523359562429435,0.,0.998629534754574));
#1646=DIRECTION('',(0.,-1.,0.));
#1647=DIRECTION('center_axis',(0.,-1.,0.));
#1648=DIRECTION('ref_axis',(0.0523359562429435,0.,0.998629534754574));
#1649=DIRECTION('center_axis',(-0.305183944205361,0.,0.952293421272698));
#1650=DIRECTION('ref_axis',(-0.952293421272697,0.,-0.305183944205361));
#1651=DIRECTION('',(-0.952293421272697,0.,-0.305183944205361));
#1652=DIRECTION('',(0.,-1.,0.));
#1653=DIRECTION('',(-0.952293421272697,0.,-0.305183944205361));
#1654=DIRECTION('center_axis',(0.,-1.,0.));
#1655=DIRECTION('ref_axis',(-0.915176249569113,0.,-0.403053882532611));
#1656=DIRECTION('center_axis',(0.,1.,0.));
#1657=DIRECTION('ref_axis',(-0.915176249569113,0.,-0.403053882532611));
#1658=DIRECTION('',(0.,-1.,0.));
#1659=DIRECTION('center_axis',(0.,-1.,0.));
#1660=DIRECTION('ref_axis',(-0.915176249569113,0.,-0.403053882532611));
#1661=DIRECTION('center_axis',(0.403053882532611,0.,-0.915176249569113));
#1662=DIRECTION('ref_axis',(0.915176249569113,0.,0.403053882532611));
#1663=DIRECTION('',(-0.915176249569113,0.,-0.403053882532611));
#1664=DIRECTION('',(0.,-1.,0.));
#1665=DIRECTION('',(0.915176249569113,0.,0.403053882532611));
#1666=DIRECTION('center_axis',(0.,-1.,0.));
#1667=DIRECTION('ref_axis',(0.0523359562429435,0.,0.998629534754574));
#1668=DIRECTION('center_axis',(0.,1.,0.));
#1669=DIRECTION('ref_axis',(0.0523359562429435,0.,0.998629534754574));
#1670=DIRECTION('',(0.,-1.,0.));
#1671=DIRECTION('center_axis',(0.,-1.,0.));
#1672=DIRECTION('ref_axis',(0.0523359562429435,0.,0.998629534754574));
#1673=DIRECTION('center_axis',(-0.71277978177951,0.,0.701387897447877));
#1674=DIRECTION('ref_axis',(-0.701387897447877,0.,-0.71277978177951));
#1675=DIRECTION('',(-0.701387897447877,0.,-0.71277978177951));
#1676=DIRECTION('',(0.,-1.,0.));
#1677=DIRECTION('',(-0.701387897447877,0.,-0.71277978177951));
#1678=DIRECTION('center_axis',(0.,-1.,0.));
#1679=DIRECTION('ref_axis',(-0.623039845920566,0.,-0.7821900986303));
#1680=DIRECTION('center_axis',(0.,1.,0.));
#1681=DIRECTION('ref_axis',(-0.623039845920566,0.,-0.7821900986303));
#1682=DIRECTION('',(0.,-1.,0.));
#1683=DIRECTION('center_axis',(0.,-1.,0.));
#1684=DIRECTION('ref_axis',(-0.623039845920566,0.,-0.7821900986303));
#1685=DIRECTION('center_axis',(0.7821900986303,0.,-0.623039845920566));
#1686=DIRECTION('ref_axis',(0.623039845920566,0.,0.7821900986303));
#1687=DIRECTION('',(-0.623039845920566,0.,-0.7821900986303));
#1688=DIRECTION('',(0.,-1.,0.));
#1689=DIRECTION('',(0.623039845920566,0.,0.7821900986303));
#1690=DIRECTION('center_axis',(0.,-1.,0.));
#1691=DIRECTION('ref_axis',(0.0523359562429435,0.,0.998629534754574));
#1692=DIRECTION('center_axis',(0.,1.,0.));
#1693=DIRECTION('ref_axis',(0.0523359562429435,0.,0.998629534754574));
#1694=DIRECTION('',(0.,-1.,0.));
#1695=DIRECTION('center_axis',(0.,-1.,0.));
#1696=DIRECTION('ref_axis',(0.0523359562429435,0.,0.998629534754574));
#1697=DIRECTION('center_axis',(-0.957086361275534,0.,0.289802858958219));
#1698=DIRECTION('ref_axis',(-0.289802858958219,0.,-0.957086361275534));
#1699=DIRECTION('',(-0.289802858958219,0.,-0.957086361275534));
#1700=DIRECTION('',(0.,-1.,0.));
#1701=DIRECTION('',(-0.289802858958219,0.,-0.957086361275534));
#1702=DIRECTION('center_axis',(0.,-1.,0.));
#1703=DIRECTION('ref_axis',(-0.188172522015711,0.,-0.982135989544343));
#1704=DIRECTION('center_axis',(0.,1.,0.));
#1705=DIRECTION('ref_axis',(-0.188172522015711,0.,-0.982135989544343));
#1706=DIRECTION('',(0.,-1.,0.));
#1707=DIRECTION('center_axis',(0.,-1.,0.));
#1708=DIRECTION('ref_axis',(-0.188172522015711,0.,-0.982135989544343));
#1709=DIRECTION('center_axis',(0.982135989544343,0.,-0.188172522015711));
#1710=DIRECTION('ref_axis',(0.188172522015711,0.,0.982135989544344));
#1711=DIRECTION('',(-0.188172522015711,0.,-0.982135989544343));
#1712=DIRECTION('',(0.,-1.,0.));
#1713=DIRECTION('',(0.188172522015711,0.,0.982135989544343));
#1714=DIRECTION('center_axis',(0.,-1.,0.));
#1715=DIRECTION('ref_axis',(5.38289951333409E-16,0.,-1.));
#1716=DIRECTION('center_axis',(0.,1.,0.));
#1717=DIRECTION('ref_axis',(0.0523359562429435,0.,0.998629534754574));
#1718=DIRECTION('',(0.,-1.,0.));
#1719=DIRECTION('center_axis',(0.,-1.,0.));
#1720=DIRECTION('ref_axis',(0.0523359562429435,0.,0.998629534754574));
#1721=DIRECTION('center_axis',(-0.982135989544343,0.,-0.188172522015712));
#1722=DIRECTION('ref_axis',(0.188172522015712,0.,-0.982135989544343));
#1723=DIRECTION('',(0.188172522015712,0.,-0.982135989544343));
#1724=DIRECTION('',(0.,-1.,0.));
#1725=DIRECTION('',(0.188172522015712,0.,-0.982135989544343));
#1726=DIRECTION('center_axis',(0.,-1.,0.));
#1727=DIRECTION('ref_axis',(0.28980285895822,0.,-0.957086361275534));
#1728=DIRECTION('center_axis',(0.,1.,0.));
#1729=DIRECTION('ref_axis',(0.28980285895822,0.,-0.957086361275534));
#1730=DIRECTION('',(0.,-1.,0.));
#1731=DIRECTION('center_axis',(0.,-1.,0.));
#1732=DIRECTION('ref_axis',(0.28980285895822,0.,-0.957086361275534));
#1733=DIRECTION('center_axis',(0.957086361275534,0.,0.28980285895822));
#1734=DIRECTION('ref_axis',(-0.28980285895822,0.,0.957086361275534));
#1735=DIRECTION('',(0.28980285895822,0.,-0.957086361275534));
#1736=DIRECTION('',(0.,-1.,0.));
#1737=DIRECTION('',(-0.28980285895822,0.,0.957086361275534));
#1738=DIRECTION('center_axis',(0.,-1.,0.));
#1739=DIRECTION('ref_axis',(0.0523359562429435,0.,0.998629534754574));
#1740=DIRECTION('center_axis',(0.,1.,0.));
#1741=DIRECTION('ref_axis',(0.0523359562429435,0.,0.998629534754574));
#1742=DIRECTION('',(0.,-1.,0.));
#1743=DIRECTION('center_axis',(0.,-1.,0.));
#1744=DIRECTION('ref_axis',(0.0523359562429435,0.,0.998629534754574));
#1745=DIRECTION('center_axis',(-0.782190098630299,0.,-0.623039845920566));
#1746=DIRECTION('ref_axis',(0.623039845920566,0.,-0.782190098630299));
#1747=DIRECTION('',(0.623039845920566,0.,-0.782190098630299));
#1748=DIRECTION('',(0.,-1.,0.));
#1749=DIRECTION('',(0.623039845920566,0.,-0.782190098630299));
#1750=DIRECTION('center_axis',(0.,-1.,0.));
#1751=DIRECTION('ref_axis',(0.701387897447878,0.,-0.71277978177951));
#1752=DIRECTION('center_axis',(0.,1.,0.));
#1753=DIRECTION('ref_axis',(0.701387897447878,0.,-0.71277978177951));
#1754=DIRECTION('',(0.,-1.,0.));
#1755=DIRECTION('center_axis',(0.,-1.,0.));
#1756=DIRECTION('ref_axis',(0.701387897447878,0.,-0.71277978177951));
#1757=DIRECTION('center_axis',(0.71277978177951,0.,0.701387897447878));
#1758=DIRECTION('ref_axis',(-0.701387897447878,0.,0.71277978177951));
#1759=DIRECTION('',(0.701387897447878,0.,-0.71277978177951));
#1760=DIRECTION('',(0.,-1.,0.));
#1761=DIRECTION('',(-0.701387897447878,0.,0.71277978177951));
#1762=DIRECTION('center_axis',(0.,-1.,0.));
#1763=DIRECTION('ref_axis',(0.0523359562429435,0.,0.998629534754574));
#1764=DIRECTION('center_axis',(0.,1.,0.));
#1765=DIRECTION('ref_axis',(0.0523359562429435,0.,0.998629534754574));
#1766=DIRECTION('',(0.,-1.,0.));
#1767=DIRECTION('center_axis',(0.,-1.,0.));
#1768=DIRECTION('ref_axis',(0.0523359562429435,0.,0.998629534754574));
#1769=DIRECTION('center_axis',(-0.403053882532611,0.,-0.915176249569113));
#1770=DIRECTION('ref_axis',(0.915176249569113,0.,-0.403053882532611));
#1771=DIRECTION('',(0.915176249569114,0.,-0.403053882532611));
#1772=DIRECTION('',(0.,-1.,0.));
#1773=DIRECTION('',(0.915176249569113,0.,-0.403053882532611));
#1774=DIRECTION('center_axis',(0.,-1.,0.));
#1775=DIRECTION('ref_axis',(0.952293421272698,0.,-0.30518394420536));
#1776=DIRECTION('center_axis',(0.,1.,0.));
#1777=DIRECTION('ref_axis',(0.952293421272698,0.,-0.30518394420536));
#1778=DIRECTION('',(0.,-1.,0.));
#1779=DIRECTION('center_axis',(0.,-1.,0.));
#1780=DIRECTION('ref_axis',(0.952293421272698,0.,-0.30518394420536));
#1781=DIRECTION('center_axis',(0.30518394420536,0.,0.952293421272698));
#1782=DIRECTION('ref_axis',(-0.952293421272698,0.,0.30518394420536));
#1783=DIRECTION('',(0.952293421272698,0.,-0.30518394420536));
#1784=DIRECTION('',(0.,-1.,0.));
#1785=DIRECTION('',(-0.952293421272698,0.,0.30518394420536));
#1786=DIRECTION('center_axis',(0.,-1.,0.));
#1787=DIRECTION('ref_axis',(0.0523359562429435,0.,0.998629534754574));
#1788=DIRECTION('center_axis',(0.,1.,0.));
#1789=DIRECTION('ref_axis',(0.0523359562429435,0.,0.998629534754574));
#1790=DIRECTION('',(0.,-1.,0.));
#1791=DIRECTION('center_axis',(0.,-1.,0.));
#1792=DIRECTION('ref_axis',(0.0523359562429435,0.,0.998629534754574));
#1793=DIRECTION('center_axis',(0.0684171207274569,0.,-0.997656803510789));
#1794=DIRECTION('ref_axis',(0.997656803510789,0.,0.0684171207274569));
#1795=DIRECTION('',(0.997656803510789,0.,0.0684171207274569));
#1796=DIRECTION('',(0.,-1.,0.));
#1797=DIRECTION('',(0.997656803510789,0.,0.0684171207274569));
#1798=DIRECTION('center_axis',(0.,-1.,0.));
#1799=DIRECTION('ref_axis',(0.985039998663764,0.,0.172325857121012));
#1800=DIRECTION('center_axis',(0.,1.,0.));
#1801=DIRECTION('ref_axis',(0.985039998663764,0.,0.172325857121012));
#1802=DIRECTION('',(0.,-1.,0.));
#1803=DIRECTION('center_axis',(0.,-1.,0.));
#1804=DIRECTION('ref_axis',(0.985039998663764,0.,0.172325857121012));
#1805=DIRECTION('center_axis',(-0.172325857121012,0.,0.985039998663764));
#1806=DIRECTION('ref_axis',(-0.985039998663764,0.,-0.172325857121012));
#1807=DIRECTION('',(0.985039998663764,0.,0.172325857121012));
#1808=DIRECTION('',(0.,-1.,0.));
#1809=DIRECTION('',(-0.985039998663764,0.,-0.172325857121012));
#1810=DIRECTION('center_axis',(0.,-1.,0.));
#1811=DIRECTION('ref_axis',(0.0523359562429435,0.,0.998629534754574));
#1812=DIRECTION('center_axis',(0.,1.,0.));
#1813=DIRECTION('ref_axis',(0.0523359562429435,0.,0.998629534754574));
#1814=DIRECTION('',(0.,-1.,0.));
#1815=DIRECTION('center_axis',(0.,-1.,0.));
#1816=DIRECTION('ref_axis',(0.0523359562429435,0.,0.998629534754574));
#1817=DIRECTION('center_axis',(0.52421458614455,0.,-0.851586206835983));
#1818=DIRECTION('ref_axis',(0.851586206835983,0.,0.52421458614455));
#1819=DIRECTION('',(0.851586206835983,0.,0.52421458614455));
#1820=DIRECTION('',(0.,-1.,0.));
#1821=DIRECTION('',(0.851586206835983,0.,0.52421458614455));
#1822=DIRECTION('center_axis',(0.,-1.,0.));
#1823=DIRECTION('ref_axis',(0.792125783379822,0.,0.610357881332668));
#1824=DIRECTION('center_axis',(0.,1.,0.));
#1825=DIRECTION('ref_axis',(0.792125783379822,0.,0.610357881332668));
#1826=DIRECTION('',(0.,-1.,0.));
#1827=DIRECTION('center_axis',(0.,-1.,0.));
#1828=DIRECTION('ref_axis',(0.792125783379822,0.,0.610357881332668));
#1829=DIRECTION('center_axis',(-0.610357881332668,0.,0.792125783379822));
#1830=DIRECTION('ref_axis',(-0.792125783379822,0.,-0.610357881332668));
#1831=DIRECTION('',(0.792125783379822,0.,0.610357881332668));
#1832=DIRECTION('',(0.,-1.,0.));
#1833=DIRECTION('',(-0.792125783379822,0.,-0.610357881332668));
#1834=DIRECTION('center_axis',(0.,-1.,0.));
#1835=DIRECTION('ref_axis',(0.0523359562429435,0.,0.998629534754574));
#1836=DIRECTION('center_axis',(0.,1.,0.));
#1837=DIRECTION('ref_axis',(0.0523359562429435,0.,0.998629534754574));
#1838=DIRECTION('',(0.,-1.,0.));
#1839=DIRECTION('center_axis',(0.,-1.,0.));
#1840=DIRECTION('ref_axis',(0.0523359562429435,0.,0.998629534754574));
#1841=DIRECTION('center_axis',(0.859920807346535,0.,-0.510427472901375));
#1842=DIRECTION('ref_axis',(0.510427472901375,0.,0.859920807346535));
#1843=DIRECTION('',(0.510427472901375,0.,0.859920807346535));
#1844=DIRECTION('',(0.,-1.,0.));
#1845=DIRECTION('',(0.510427472901375,0.,0.859920807346535));
#1846=DIRECTION('center_axis',(0.,-1.,0.));
#1847=DIRECTION('ref_axis',(0.417745097274101,0.,0.908564270540864));
#1848=DIRECTION('center_axis',(0.,1.,0.));
#1849=DIRECTION('ref_axis',(0.417745097274101,0.,0.908564270540864));
#1850=DIRECTION('',(0.,-1.,0.));
#1851=DIRECTION('center_axis',(0.,-1.,0.));
#1852=DIRECTION('ref_axis',(0.417745097274101,0.,0.908564270540864));
#1853=DIRECTION('center_axis',(-0.908564270540864,0.,0.417745097274101));
#1854=DIRECTION('ref_axis',(-0.417745097274101,0.,-0.908564270540864));
#1855=DIRECTION('',(0.417745097274101,0.,0.908564270540864));
#1856=DIRECTION('',(0.,-1.,0.));
#1857=DIRECTION('',(-0.417745097274101,0.,-0.908564270540864));
#1858=DIRECTION('center_axis',(0.,-1.,0.));
#1859=DIRECTION('ref_axis',(0.0523359562429435,0.,0.998629534754574));
#1860=DIRECTION('center_axis',(0.,1.,0.));
#1861=DIRECTION('ref_axis',(0.0523359562429435,0.,0.998629534754574));
#1862=DIRECTION('',(0.,-1.,0.));
#1863=DIRECTION('center_axis',(0.,-1.,0.));
#1864=DIRECTION('ref_axis',(0.0523359562429435,0.,0.998629534754574));
#1865=DIRECTION('center_axis',(0.998629534754574,0.,-0.0523359562429436));
#1866=DIRECTION('ref_axis',(0.0523359562429436,0.,0.998629534754574));
#1867=DIRECTION('',(0.0523359562429436,0.,0.998629534754574));
#1868=DIRECTION('',(0.,-1.,0.));
#1869=DIRECTION('',(0.0523359562429436,0.,0.998629534754574));
#1870=DIRECTION('center_axis',(0.,-1.,0.));
#1871=DIRECTION('ref_axis',(-0.0523359562429436,0.,0.998629534754574));
#1872=DIRECTION('center_axis',(0.,1.,0.));
#1873=DIRECTION('ref_axis',(-0.0523359562429436,0.,0.998629534754574));
#1874=DIRECTION('',(0.,-1.,0.));
#1875=DIRECTION('center_axis',(0.,-1.,0.));
#1876=DIRECTION('ref_axis',(-0.0523359562429436,0.,0.998629534754574));
#1877=DIRECTION('center_axis',(-0.998629534754574,0.,-0.0523359562429436));
#1878=DIRECTION('ref_axis',(0.0523359562429436,0.,-0.998629534754574));
#1879=DIRECTION('',(-0.0523359562429436,0.,0.998629534754574));
#1880=DIRECTION('',(0.,-1.,0.));
#1881=DIRECTION('',(0.0523359562429436,0.,-0.998629534754574));
#1882=DIRECTION('center_axis',(0.,-1.,0.));
#1883=DIRECTION('ref_axis',(0.0523359562429435,0.,0.998629534754574));
#1884=DIRECTION('center_axis',(0.,1.,0.));
#1885=DIRECTION('ref_axis',(0.0523359562429435,0.,0.998629534754574));
#1886=DIRECTION('',(0.,-1.,0.));
#1887=DIRECTION('center_axis',(0.,-1.,0.));
#1888=DIRECTION('ref_axis',(0.0523359562429435,0.,0.998629534754574));
#1889=DIRECTION('center_axis',(0.908564270540863,0.,0.417745097274102));
#1890=DIRECTION('ref_axis',(-0.417745097274102,0.,0.908564270540863));
#1891=DIRECTION('',(-0.417745097274102,0.,0.908564270540863));
#1892=DIRECTION('',(0.,-1.,0.));
#1893=DIRECTION('',(-0.417745097274102,0.,0.908564270540863));
#1894=DIRECTION('center_axis',(0.,-1.,0.));
#1895=DIRECTION('ref_axis',(-0.510427472901376,0.,0.859920807346534));
#1896=DIRECTION('center_axis',(0.,1.,0.));
#1897=DIRECTION('ref_axis',(-0.510427472901376,0.,0.859920807346534));
#1898=DIRECTION('',(0.,-1.,0.));
#1899=DIRECTION('center_axis',(0.,-1.,0.));
#1900=DIRECTION('ref_axis',(-0.510427472901376,0.,0.859920807346534));
#1901=DIRECTION('center_axis',(-0.859920807346534,0.,-0.510427472901376));
#1902=DIRECTION('ref_axis',(0.510427472901376,0.,-0.859920807346534));
#1903=DIRECTION('',(-0.510427472901376,0.,0.859920807346534));
#1904=DIRECTION('',(0.,-1.,0.));
#1905=DIRECTION('',(0.510427472901376,0.,-0.859920807346534));
#1906=DIRECTION('center_axis',(0.,-1.,0.));
#1907=DIRECTION('ref_axis',(0.0523359562429435,0.,0.998629534754574));
#1908=DIRECTION('center_axis',(0.,1.,0.));
#1909=DIRECTION('ref_axis',(0.0523359562429435,0.,0.998629534754574));
#1910=DIRECTION('',(0.,-1.,0.));
#1911=DIRECTION('center_axis',(0.,-1.,0.));
#1912=DIRECTION('ref_axis',(0.0523359562429435,0.,0.998629534754574));
#1913=DIRECTION('center_axis',(0.610357881332668,0.,0.792125783379822));
#1914=DIRECTION('ref_axis',(-0.792125783379822,0.,0.610357881332668));
#1915=DIRECTION('',(-0.792125783379822,0.,0.610357881332668));
#1916=DIRECTION('',(0.,-1.,0.));
#1917=DIRECTION('',(-0.792125783379822,0.,0.610357881332668));
#1918=DIRECTION('center_axis',(0.,-1.,0.));
#1919=DIRECTION('ref_axis',(-0.851586206835984,0.,0.52421458614455));
#1920=DIRECTION('center_axis',(0.,1.,0.));
#1921=DIRECTION('ref_axis',(-0.851586206835984,0.,0.52421458614455));
#1922=DIRECTION('',(0.,-1.,0.));
#1923=DIRECTION('center_axis',(0.,-1.,0.));
#1924=DIRECTION('ref_axis',(-0.851586206835984,0.,0.52421458614455));
#1925=DIRECTION('center_axis',(-0.52421458614455,0.,-0.851586206835984));
#1926=DIRECTION('ref_axis',(0.851586206835984,0.,-0.52421458614455));
#1927=DIRECTION('',(-0.851586206835983,0.,0.52421458614455));
#1928=DIRECTION('',(0.851586206835983,0.,-0.52421458614455));
#1929=DIRECTION('center_axis',(0.,1.,0.));
#1930=DIRECTION('ref_axis',(-1.,0.,0.));
#1931=DIRECTION('center_axis',(0.,1.,0.));
#1932=DIRECTION('ref_axis',(-1.,0.,0.));
#1933=DIRECTION('center_axis',(0.,1.,0.));
#1934=DIRECTION('ref_axis',(-1.,0.,0.));
#1935=DIRECTION('',(0.,-1.,0.));
#1936=DIRECTION('center_axis',(0.,1.,0.));
#1937=DIRECTION('ref_axis',(-1.,0.,0.));
#1938=DIRECTION('center_axis',(0.,1.,0.));
#1939=DIRECTION('ref_axis',(-1.,0.,0.));
#1940=DIRECTION('center_axis',(0.,-1.,0.));
#1941=DIRECTION('ref_axis',(1.,0.,0.));
#1942=DIRECTION('',(0.,1.,0.));
#1943=DIRECTION('center_axis',(0.,-1.,0.));
#1944=DIRECTION('ref_axis',(1.,0.,0.));
#1945=DIRECTION('center_axis',(0.,-1.,0.));
#1946=DIRECTION('ref_axis',(1.,0.,0.));
#1947=DIRECTION('center_axis',(0.,-1.,0.));
#1948=DIRECTION('ref_axis',(0.,0.,-1.));
#1949=CARTESIAN_POINT('',(0.,0.,0.));
#1950=CARTESIAN_POINT('Origin',(-90.,-41.,0.));
#1951=CARTESIAN_POINT('',(-98.,-41.,9.79717439317884E-16));
#1952=CARTESIAN_POINT('',(-90.,-41.,-8.00000000000001));
#1953=CARTESIAN_POINT('Origin',(-90.,-41.,0.));
#1954=CARTESIAN_POINT('',(-90.,-39.,-10.));
#1955=CARTESIAN_POINT('Origin',(-90.,-41.,-10.));
#1956=CARTESIAN_POINT('Origin',(-90.,-39.,0.));
#1957=CARTESIAN_POINT('Origin',(-90.,-41.,0.));
#1958=CARTESIAN_POINT('Origin',(-90.,-39.,0.));
#1959=CARTESIAN_POINT('',(-98.,-47.,-9.79717439317884E-16));
#1960=CARTESIAN_POINT('',(-98.,-39.,-9.79717439317884E-16));
#1961=CARTESIAN_POINT('',(-90.,-47.,-8.00000000000001));
#1962=CARTESIAN_POINT('Origin',(-90.,-47.,0.));
#1963=CARTESIAN_POINT('Origin',(-90.,-47.,0.));
#1964=CARTESIAN_POINT('Origin',(-90.,-39.,0.));
#1965=CARTESIAN_POINT('',(-137.5,-39.,-5.81707229594993E-15));
#1966=CARTESIAN_POINT('Origin',(-90.,-39.,0.));
#1967=CARTESIAN_POINT('Origin',(-90.,-47.,0.));
#1968=CARTESIAN_POINT('',(-90.8359276284464,-49.,-9.96500000000001));
#1969=CARTESIAN_POINT('',(-90.,-48.9899748742132,-9.8));
#1970=CARTESIAN_POINT('Ctrl Pts',(-90.,-48.9899748742132,-9.8));
#1971=CARTESIAN_POINT('Ctrl Pts',(-90.0020217214777,-48.9899748742132,-9.8));
#1972=CARTESIAN_POINT('Ctrl Pts',(-90.0040435555963,-48.9899752171863,-9.80000278683296));
#1973=CARTESIAN_POINT('Ctrl Pts',(-90.1332850395196,-48.990019066416,-9.80035911266411));
#1974=CARTESIAN_POINT('Ctrl Pts',(-90.2602354902847,-48.9915566744105,-9.81173852767106));
#1975=CARTESIAN_POINT('Ctrl Pts',(-90.5400440200058,-48.9963818549536,-9.8615506230624));
#1976=CARTESIAN_POINT('Ctrl Pts',(-90.690968724108,-49.,-9.90545447020846));
#1977=CARTESIAN_POINT('Ctrl Pts',(-90.8359276284464,-49.,-9.965));
#1978=CARTESIAN_POINT('',(-99.965,-49.,-0.835927628446426));
#1979=CARTESIAN_POINT('Origin',(-90.,-49.,0.));
#1980=CARTESIAN_POINT('',(-99.965,-49.,0.835927628446428));
#1981=CARTESIAN_POINT('Ctrl Pts',(-99.965,-49.,-0.835927628446425));
#1982=CARTESIAN_POINT('Ctrl Pts',(-99.9053918797082,-49.,-0.690816352462885));
#1983=CARTESIAN_POINT('Ctrl Pts',(-99.8613619182331,-48.9963681413619,-0.539492014067666));
#1984=CARTESIAN_POINT('Ctrl Pts',(-99.81163657119,-48.9915430831971,-0.259249445932776));
#1985=CARTESIAN_POINT('Ctrl Pts',(-99.8002927404032,-48.9900108993029,-0.132344191802124));
#1986=CARTESIAN_POINT('Ctrl Pts',(-99.7997198489102,-48.9899403984079,0.121800130036516));
#1987=CARTESIAN_POINT('Ctrl Pts',(-99.8103836823036,-48.9913885604155,0.248345913383526));
#1988=CARTESIAN_POINT('Ctrl Pts',(-99.859122438334,-48.9961892877934,0.531360036545418));
#1989=CARTESIAN_POINT('Ctrl Pts',(-99.9034802910682,-48.9999647616343,0.685755848405254));
#1990=CARTESIAN_POINT('Ctrl Pts',(-99.9644659330058,-48.9999999229017,0.834626597133165));
#1991=CARTESIAN_POINT('Ctrl Pts',(-99.9647328158249,-49.,0.835277189607187));
#1992=CARTESIAN_POINT('Ctrl Pts',(-99.965,-49.,0.835927628446426));
#1993=CARTESIAN_POINT('',(-90.8359276284464,-49.,9.96500000000001));
#1994=CARTESIAN_POINT('Origin',(-90.,-49.,0.));
#1995=CARTESIAN_POINT('',(-89.1640723715536,-49.,9.96500000000001));
#1996=CARTESIAN_POINT('Ctrl Pts',(-90.8359276284464,-49.,9.96500000000001));
#1997=CARTESIAN_POINT('Ctrl Pts',(-90.6908163524629,-49.,9.90539187970824));
#1998=CARTESIAN_POINT('Ctrl Pts',(-90.5394920140677,-48.9963681413619,9.8613619182331));
#1999=CARTESIAN_POINT('Ctrl Pts',(-90.2592494459329,-48.9915430831971,9.81163657118998));
#2000=CARTESIAN_POINT('Ctrl Pts',(-90.1323441918022,-48.9900108993029,9.80029274040315));
#2001=CARTESIAN_POINT('Ctrl Pts',(-89.8781998699634,-48.9899403984079,9.79971984891019));
#2002=CARTESIAN_POINT('Ctrl Pts',(-89.7516540866163,-48.9913885604155,9.81038368230362));
#2003=CARTESIAN_POINT('Ctrl Pts',(-89.4686399634548,-48.9961892877934,9.85912243833402));
#2004=CARTESIAN_POINT('Ctrl Pts',(-89.3142441515948,-48.9999647616343,9.90348029106819));
#2005=CARTESIAN_POINT('Ctrl Pts',(-89.1653734028669,-48.9999999229017,9.96446593300583));
#2006=CARTESIAN_POINT('Ctrl Pts',(-89.1647228103928,-49.,9.96473281582489));
#2007=CARTESIAN_POINT('Ctrl Pts',(-89.1640723715536,-49.,9.965));
#2008=CARTESIAN_POINT('',(-80.035,-49.,0.83592762844639));
#2009=CARTESIAN_POINT('Origin',(-90.,-49.,0.));
#2010=CARTESIAN_POINT('',(-80.2,-48.9899748742132,-8.459477730567E-16));
#2011=CARTESIAN_POINT('Ctrl Pts',(-80.035,-49.,0.83592762844639));
#2012=CARTESIAN_POINT('Ctrl Pts',(-80.0946081202917,-49.,0.690816352462897));
#2013=CARTESIAN_POINT('Ctrl Pts',(-80.1386380817669,-48.9963681413619,0.539492014067724));
#2014=CARTESIAN_POINT('Ctrl Pts',(-80.1883634288101,-48.9915430831971,0.259249445932397));
#2015=CARTESIAN_POINT('Ctrl Pts',(-80.1997072595968,-48.9900108993029,0.132344191801918));
#2016=CARTESIAN_POINT('Ctrl Pts',(-80.1999981369158,-48.9899751034994,0.00330611063456082));
#2017=CARTESIAN_POINT('Ctrl Pts',(-80.2,-48.9899748742132,0.00165303570782778));
#2018=CARTESIAN_POINT('Ctrl Pts',(-80.2,-48.9899748742132,-1.09336986638181E-15));
#2019=CARTESIAN_POINT('',(-80.035,-49.,-0.83592762844639));
#2020=CARTESIAN_POINT('Ctrl Pts',(-80.2,-48.9899748742132,-1.07552855510562E-15));
#2021=CARTESIAN_POINT('Ctrl Pts',(-80.2,-48.9899748742132,-0.125100523808244));
#2022=CARTESIAN_POINT('Ctrl Pts',(-80.1893355211719,-48.9914162186422,-0.249976430627921));
#2023=CARTESIAN_POINT('Ctrl Pts',(-80.140877561666,-48.9961892877934,-0.531360036545244));
#2024=CARTESIAN_POINT('Ctrl Pts',(-80.0965197089318,-48.9999647616343,-0.685755848405193));
#2025=CARTESIAN_POINT('Ctrl Pts',(-80.0355340669941,-48.9999999229017,-0.834626597133169));
#2026=CARTESIAN_POINT('Ctrl Pts',(-80.0352671841751,-49.,-0.835277189607173));
#2027=CARTESIAN_POINT('Ctrl Pts',(-80.035,-49.,-0.835927628446395));
#2028=CARTESIAN_POINT('',(-89.1640723715536,-49.,-9.96500000000001));
#2029=CARTESIAN_POINT('Origin',(-90.,-49.,0.));
#2030=CARTESIAN_POINT('Ctrl Pts',(-89.1640723715536,-49.,-9.965));
#2031=CARTESIAN_POINT('Ctrl Pts',(-89.1652600314647,-49.,-9.9645121387062));
#2032=CARTESIAN_POINT('Ctrl Pts',(-89.1664482037168,-48.9999997429512,-9.96402528209893));
#2033=CARTESIAN_POINT('Ctrl Pts',(-89.3155025744943,-48.9999356588331,-9.90310224633979));
#2034=CARTESIAN_POINT('Ctrl Pts',(-89.4697481647215,-48.9961658247417,-9.85884024508749));
#2035=CARTESIAN_POINT('Ctrl Pts',(-89.7506476889259,-48.9914092871004,-9.81062857671809));
#2036=CARTESIAN_POINT('Ctrl Pts',(-89.8751089216713,-48.9899748742132,-9.79999999999999));
#2037=CARTESIAN_POINT('Ctrl Pts',(-90.,-48.9899748742132,-9.8));
#2038=CARTESIAN_POINT('Origin',(-90.,-47.,-10.));
#2039=CARTESIAN_POINT('Origin',(-90.,-49.,0.));
#2040=CARTESIAN_POINT('',(-106.,-49.,-2.22044604925031E-15));
#2041=CARTESIAN_POINT('Origin',(-90.,-49.,0.));
#2042=CARTESIAN_POINT('Origin',(-78.,-49.,0.));
#2043=CARTESIAN_POINT('',(-92.2,-49.,12.));
#2044=CARTESIAN_POINT('Origin',(-90.,-49.,12.));
#2045=CARTESIAN_POINT('Origin',(-90.,-49.,12.));
#2046=CARTESIAN_POINT('',(-104.2,-49.,1.20015386316441E-15));
#2047=CARTESIAN_POINT('Origin',(-102.,-49.,1.46957615897682E-15));
#2048=CARTESIAN_POINT('Origin',(-102.,-49.,1.46957615897682E-15));
#2049=CARTESIAN_POINT('',(-92.2,-49.,-12.));
#2050=CARTESIAN_POINT('Origin',(-90.,-49.,-12.));
#2051=CARTESIAN_POINT('Origin',(-90.,-49.,-12.));
#2052=CARTESIAN_POINT('Origin',(-102.,-39.,1.46957615897682E-15));
#2053=CARTESIAN_POINT('',(-104.2,-52.,1.20015386316441E-15));
#2054=CARTESIAN_POINT('Origin',(-102.,-52.,1.46957615897682E-15));
#2055=CARTESIAN_POINT('',(-104.2,-39.,1.20015386316441E-15));
#2056=CARTESIAN_POINT('Origin',(-90.,-39.,-12.));
#2057=CARTESIAN_POINT('',(-92.2,-52.,-12.));
#2058=CARTESIAN_POINT('Origin',(-90.,-52.,-12.));
#2059=CARTESIAN_POINT('',(-92.2,-39.,-12.));
#2060=CARTESIAN_POINT('Origin',(-90.,-39.,12.));
#2061=CARTESIAN_POINT('',(-92.2,-52.,12.));
#2062=CARTESIAN_POINT('Origin',(-90.,-52.,12.));
#2063=CARTESIAN_POINT('',(-92.2,-39.,12.));
#2064=CARTESIAN_POINT('Origin',(-78.,-39.,0.));
#2065=CARTESIAN_POINT('',(-80.2,-52.,-2.69422295812417E-16));
#2066=CARTESIAN_POINT('Origin',(-78.,-52.,0.));
#2067=CARTESIAN_POINT('',(-80.2,-39.,-2.69422295812417E-16));
#2068=CARTESIAN_POINT('Origin',(-90.,-39.,0.));
#2069=CARTESIAN_POINT('',(-106.,-52.,-1.95943487863577E-15));
#2070=CARTESIAN_POINT('Origin',(-90.,-52.,0.));
#2071=CARTESIAN_POINT('',(-106.,-39.,-1.95943487863577E-15));
#2072=CARTESIAN_POINT('Origin',(-90.,-39.,0.));
#2073=CARTESIAN_POINT('',(-94.2,-52.,-5.14351655641888E-16));
#2074=CARTESIAN_POINT('Origin',(-90.,-52.,0.));
#2075=CARTESIAN_POINT('',(-94.2,-39.,-5.14351655641888E-16));
#2076=CARTESIAN_POINT('',(-94.2,-39.,-5.14351655641888E-16));
#2077=CARTESIAN_POINT('Origin',(-90.,-39.,0.));
#2078=CARTESIAN_POINT('Origin',(-90.,-52.,0.));
#2079=CARTESIAN_POINT('Origin',(-90.,0.,0.));
#2080=CARTESIAN_POINT('',(-122.506319955904,0.,5.68675328499336));
#2081=CARTESIAN_POINT('',(-118.102344825587,0.,17.2990813427701));
#2082=CARTESIAN_POINT('Origin',(-90.,0.,0.));
#2083=CARTESIAN_POINT('',(-122.506319955904,-37.,5.68675328499336));
#2084=CARTESIAN_POINT('',(-122.506319955904,0.,5.68675328499336));
#2085=CARTESIAN_POINT('',(-118.102344825587,-37.,17.2990813427701));
#2086=CARTESIAN_POINT('Origin',(-90.,-37.,0.));
#2087=CARTESIAN_POINT('',(-118.102344825587,0.,17.2990813427701));
#2088=CARTESIAN_POINT('Origin',(-122.506319955904,0.,5.68675328499336));
#2089=CARTESIAN_POINT('',(-131.86419994321,0.,7.32384892764295));
#2090=CARTESIAN_POINT('',(-90.,0.,0.));
#2091=CARTESIAN_POINT('',(-131.86419994321,-37.,7.32384892764295));
#2092=CARTESIAN_POINT('',(-131.86419994321,0.,7.32384892764295));
#2093=CARTESIAN_POINT('',(-90.,-37.,0.));
#2094=CARTESIAN_POINT('Origin',(-90.,0.,0.));
#2095=CARTESIAN_POINT('',(-132.400414149209,0.,2.90772763091686));
#2096=CARTESIAN_POINT('Origin',(-90.,0.,0.));
#2097=CARTESIAN_POINT('',(-132.400414149209,-37.,2.90772763091686));
#2098=CARTESIAN_POINT('',(-132.400414149209,0.,2.90772763091686));
#2099=CARTESIAN_POINT('Origin',(-90.,-37.,0.));
#2100=CARTESIAN_POINT('Origin',(-132.400414149209,0.,2.90772763091686));
#2101=CARTESIAN_POINT('',(-122.922674515856,0.,2.25776498400604));
#2102=CARTESIAN_POINT('',(-90.,0.,0.));
#2103=CARTESIAN_POINT('',(-122.922674515856,-37.,2.25776498400604));
#2104=CARTESIAN_POINT('',(-122.922674515856,0.,2.25776498400604));
#2105=CARTESIAN_POINT('',(-90.,-37.,0.));
#2106=CARTESIAN_POINT('Origin',(-90.,0.,0.));
#2107=CARTESIAN_POINT('',(-121.425682901999,0.,-10.0710701587769));
#2108=CARTESIAN_POINT('Origin',(-90.,0.,0.));
#2109=CARTESIAN_POINT('',(-121.425682901999,-37.,-10.0710701587769));
#2110=CARTESIAN_POINT('',(-121.425682901999,0.,-10.0710701587769));
#2111=CARTESIAN_POINT('Origin',(-90.,-37.,0.));
#2112=CARTESIAN_POINT('Origin',(-121.425682901999,0.,-10.0710701587769));
#2113=CARTESIAN_POINT('',(-130.47247040409,0.,-12.9703176287278));
#2114=CARTESIAN_POINT('',(-90.,0.,0.));
#2115=CARTESIAN_POINT('',(-130.47247040409,-37.,-12.9703176287278));
#2116=CARTESIAN_POINT('',(-130.47247040409,0.,-12.9703176287278));
#2117=CARTESIAN_POINT('',(-90.,-37.,0.));
#2118=CARTESIAN_POINT('Origin',(-90.,0.,0.));
#2119=CARTESIAN_POINT('',(-128.894990606687,0.,-17.129790007636));
#2120=CARTESIAN_POINT('Origin',(-90.,0.,0.));
#2121=CARTESIAN_POINT('',(-128.894990606687,-37.,-17.129790007636));
#2122=CARTESIAN_POINT('',(-128.894990606687,0.,-17.129790007636));
#2123=CARTESIAN_POINT('Origin',(-90.,-37.,0.));
#2124=CARTESIAN_POINT('Origin',(-128.894990606687,0.,-17.129790007636));
#2125=CARTESIAN_POINT('',(-120.200816235781,0.,-13.3007781235762));
#2126=CARTESIAN_POINT('',(-90.,0.,0.));
#2127=CARTESIAN_POINT('',(-120.200816235781,-37.,-13.3007781235762));
#2128=CARTESIAN_POINT('',(-120.200816235781,0.,-13.3007781235762));
#2129=CARTESIAN_POINT('',(-90.,-37.,0.));
#2130=CARTESIAN_POINT('Origin',(-90.,0.,0.));
#2131=CARTESIAN_POINT('',(-113.14580061578,0.,-23.5217327987238));
#2132=CARTESIAN_POINT('Origin',(-90.,0.,0.));
#2133=CARTESIAN_POINT('',(-113.14580061578,-37.,-23.5217327987238));
#2134=CARTESIAN_POINT('',(-113.14580061578,0.,-23.5217327987238));
#2135=CARTESIAN_POINT('Origin',(-90.,-37.,0.));
#2136=CARTESIAN_POINT('Origin',(-113.14580061578,0.,-23.5217327987238));
#2137=CARTESIAN_POINT('',(-119.808985641535,0.,-30.2931407256292));
#2138=CARTESIAN_POINT('',(-90.,0.,0.));
#2139=CARTESIAN_POINT('',(-119.808985641535,-37.,-30.2931407256292));
#2140=CARTESIAN_POINT('',(-119.808985641535,0.,-30.2931407256292));
#2141=CARTESIAN_POINT('',(-90.,-37.,0.));
#2142=CARTESIAN_POINT('Origin',(-90.,0.,0.));
#2143=CARTESIAN_POINT('',(-116.479193451624,0.,-33.2430791917877));
#2144=CARTESIAN_POINT('Origin',(-90.,0.,0.));
#2145=CARTESIAN_POINT('',(-116.479193451624,-37.,-33.2430791917877));
#2146=CARTESIAN_POINT('',(-116.479193451624,0.,-33.2430791917877));
#2147=CARTESIAN_POINT('Origin',(-90.,-37.,0.));
#2148=CARTESIAN_POINT('Origin',(-116.479193451624,0.,-33.2430791917877));
#2149=CARTESIAN_POINT('',(-110.560314915379,0.,-25.8122732547999));
#2150=CARTESIAN_POINT('',(-90.,0.,0.));
#2151=CARTESIAN_POINT('',(-110.560314915379,-37.,-25.8122732547999));
#2152=CARTESIAN_POINT('',(-110.560314915379,0.,-25.8122732547999));
#2153=CARTESIAN_POINT('',(-90.,-37.,0.));
#2154=CARTESIAN_POINT('Origin',(-90.,0.,0.));
#2155=CARTESIAN_POINT('',(-99.5634943456212,0.,-31.5838499220926));
#2156=CARTESIAN_POINT('Origin',(-90.,0.,0.));
#2157=CARTESIAN_POINT('',(-99.5634943456212,-37.,-31.5838499220926));
#2158=CARTESIAN_POINT('',(-99.5634943456212,0.,-31.5838499220926));
#2159=CARTESIAN_POINT('Origin',(-90.,-37.,0.));
#2160=CARTESIAN_POINT('Origin',(-99.5634943456212,0.,-31.5838499220926));
#2161=CARTESIAN_POINT('',(-102.316621505724,0.,-40.6761703542102));
#2162=CARTESIAN_POINT('',(-90.,0.,0.));
#2163=CARTESIAN_POINT('',(-102.316621505724,-37.,-40.6761703542102));
#2164=CARTESIAN_POINT('',(-102.316621505724,0.,-40.6761703542102));
#2165=CARTESIAN_POINT('',(-90.,-37.,0.));
#2166=CARTESIAN_POINT('Origin',(-90.,0.,0.));
#2167=CARTESIAN_POINT('',(-97.9973321856677,0.,-41.7407795556346));
#2168=CARTESIAN_POINT('Origin',(-90.,0.,0.));
#2169=CARTESIAN_POINT('',(-97.9973321856677,-37.,-41.7407795556346));
#2170=CARTESIAN_POINT('',(-97.9973321856677,0.,-41.7407795556346));
#2171=CARTESIAN_POINT('Origin',(-90.,-37.,0.));
#2172=CARTESIAN_POINT('Origin',(-97.9973321856677,0.,-41.7407795556346));
#2173=CARTESIAN_POINT('',(-96.2096932265185,0.,-32.4104876549633));
#2174=CARTESIAN_POINT('',(-90.,0.,0.));
#2175=CARTESIAN_POINT('',(-96.2096932265185,-37.,-32.4104876549633));
#2176=CARTESIAN_POINT('',(-96.2096932265185,0.,-32.4104876549633));
#2177=CARTESIAN_POINT('',(-90.,-37.,0.));
#2178=CARTESIAN_POINT('Origin',(-90.,0.,0.));
#2179=CARTESIAN_POINT('',(-83.7903067734815,0.,-32.4104876549633));
#2180=CARTESIAN_POINT('Origin',(-90.,0.,0.));
#2181=CARTESIAN_POINT('',(-83.7903067734815,-37.,-32.4104876549633));
#2182=CARTESIAN_POINT('',(-83.7903067734815,0.,-32.4104876549633));
#2183=CARTESIAN_POINT('Origin',(-90.,-37.,0.));
#2184=CARTESIAN_POINT('Origin',(-83.7903067734815,0.,-32.4104876549633));
#2185=CARTESIAN_POINT('',(-82.0026678143323,0.,-41.7407795556346));
#2186=CARTESIAN_POINT('',(-90.,0.,0.));
#2187=CARTESIAN_POINT('',(-82.0026678143323,-37.,-41.7407795556346));
#2188=CARTESIAN_POINT('',(-82.0026678143323,0.,-41.7407795556346));
#2189=CARTESIAN_POINT('',(-90.,-37.,0.));
#2190=CARTESIAN_POINT('Origin',(-90.,0.,0.));
#2191=CARTESIAN_POINT('',(-77.6833784942757,0.,-40.6761703542102));
#2192=CARTESIAN_POINT('Origin',(-90.,0.,0.));
#2193=CARTESIAN_POINT('',(-77.6833784942757,-37.,-40.6761703542102));
#2194=CARTESIAN_POINT('',(-77.6833784942757,0.,-40.6761703542102));
#2195=CARTESIAN_POINT('Origin',(-90.,-37.,0.));
#2196=CARTESIAN_POINT('Origin',(-77.6833784942757,0.,-40.6761703542102));
#2197=CARTESIAN_POINT('',(-80.4365056543787,0.,-31.5838499220926));
#2198=CARTESIAN_POINT('',(-90.,0.,0.));
#2199=CARTESIAN_POINT('',(-80.4365056543787,-37.,-31.5838499220926));
#2200=CARTESIAN_POINT('',(-80.4365056543787,0.,-31.5838499220926));
#2201=CARTESIAN_POINT('',(-90.,-37.,0.));
#2202=CARTESIAN_POINT('Origin',(-90.,0.,0.));
#2203=CARTESIAN_POINT('',(-69.4396850846213,0.,-25.8122732547999));
#2204=CARTESIAN_POINT('Origin',(-90.,0.,0.));
#2205=CARTESIAN_POINT('',(-69.4396850846213,-37.,-25.8122732547999));
#2206=CARTESIAN_POINT('',(-69.4396850846213,0.,-25.8122732547999));
#2207=CARTESIAN_POINT('Origin',(-90.,-37.,0.));
#2208=CARTESIAN_POINT('Origin',(-69.4396850846213,0.,-25.8122732547999));
#2209=CARTESIAN_POINT('',(-63.5208065483759,0.,-33.2430791917877));
#2210=CARTESIAN_POINT('',(-90.,0.,0.));
#2211=CARTESIAN_POINT('',(-63.5208065483759,-37.,-33.2430791917877));
#2212=CARTESIAN_POINT('',(-63.5208065483759,0.,-33.2430791917877));
#2213=CARTESIAN_POINT('',(-90.,-37.,0.));
#2214=CARTESIAN_POINT('Origin',(-90.,0.,0.));
#2215=CARTESIAN_POINT('',(-60.1910143584652,0.,-30.2931407256292));
#2216=CARTESIAN_POINT('Origin',(-90.,0.,0.));
#2217=CARTESIAN_POINT('',(-60.1910143584652,-37.,-30.2931407256292));
#2218=CARTESIAN_POINT('',(-60.1910143584652,0.,-30.2931407256292));
#2219=CARTESIAN_POINT('Origin',(-90.,-37.,0.));
#2220=CARTESIAN_POINT('Origin',(-60.1910143584652,0.,-30.2931407256292));
#2221=CARTESIAN_POINT('',(-66.85419938422,0.,-23.5217327987238));
#2222=CARTESIAN_POINT('',(-90.,0.,0.));
#2223=CARTESIAN_POINT('',(-66.85419938422,-37.,-23.5217327987238));
#2224=CARTESIAN_POINT('',(-66.85419938422,0.,-23.5217327987238));
#2225=CARTESIAN_POINT('',(-90.,-37.,0.));
#2226=CARTESIAN_POINT('Origin',(-90.,0.,0.));
#2227=CARTESIAN_POINT('',(-59.7991837642193,0.,-13.3007781235762));
#2228=CARTESIAN_POINT('Origin',(-90.,0.,0.));
#2229=CARTESIAN_POINT('',(-59.7991837642193,-37.,-13.3007781235762));
#2230=CARTESIAN_POINT('',(-59.7991837642193,0.,-13.3007781235762));
#2231=CARTESIAN_POINT('Origin',(-90.,-37.,0.));
#2232=CARTESIAN_POINT('Origin',(-59.7991837642193,0.,-13.3007781235762));
#2233=CARTESIAN_POINT('',(-51.1050093933127,0.,-17.129790007636));
#2234=CARTESIAN_POINT('',(-90.,0.,0.));
#2235=CARTESIAN_POINT('',(-51.1050093933127,-37.,-17.129790007636));
#2236=CARTESIAN_POINT('',(-51.1050093933127,0.,-17.129790007636));
#2237=CARTESIAN_POINT('',(-90.,-37.,0.));
#2238=CARTESIAN_POINT('Origin',(-90.,0.,0.));
#2239=CARTESIAN_POINT('',(-49.5275295959104,0.,-12.9703176287278));
#2240=CARTESIAN_POINT('Origin',(-90.,0.,0.));
#2241=CARTESIAN_POINT('',(-49.5275295959104,-37.,-12.9703176287278));
#2242=CARTESIAN_POINT('',(-49.5275295959104,0.,-12.9703176287278));
#2243=CARTESIAN_POINT('Origin',(-90.,-37.,0.));
#2244=CARTESIAN_POINT('Origin',(-49.5275295959104,0.,-12.9703176287278));
#2245=CARTESIAN_POINT('',(-58.574317098001,0.,-10.0710701587769));
#2246=CARTESIAN_POINT('',(-90.,0.,0.));
#2247=CARTESIAN_POINT('',(-58.574317098001,-37.,-10.0710701587769));
#2248=CARTESIAN_POINT('',(-58.574317098001,0.,-10.0710701587769));
#2249=CARTESIAN_POINT('',(-90.,-37.,0.));
#2250=CARTESIAN_POINT('Origin',(-90.,0.,0.));
#2251=CARTESIAN_POINT('',(-57.077325484144,0.,2.25776498400608));
#2252=CARTESIAN_POINT('Origin',(-90.,0.,0.));
#2253=CARTESIAN_POINT('',(-57.077325484144,-37.,2.25776498400608));
#2254=CARTESIAN_POINT('',(-57.077325484144,0.,2.25776498400608));
#2255=CARTESIAN_POINT('Origin',(-90.,-37.,0.));
#2256=CARTESIAN_POINT('Origin',(-57.077325484144,0.,2.25776498400608));
#2257=CARTESIAN_POINT('',(-47.5995858507915,0.,2.90772763091693));
#2258=CARTESIAN_POINT('',(-90.,0.,0.));
#2259=CARTESIAN_POINT('',(-47.5995858507915,-37.,2.90772763091693));
#2260=CARTESIAN_POINT('',(-47.5995858507915,0.,2.90772763091693));
#2261=CARTESIAN_POINT('',(-90.,-37.,0.));
#2262=CARTESIAN_POINT('Origin',(-90.,0.,0.));
#2263=CARTESIAN_POINT('',(-48.13580005679,0.,7.32384892764301));
#2264=CARTESIAN_POINT('Origin',(-90.,0.,0.));
#2265=CARTESIAN_POINT('',(-48.13580005679,-37.,7.32384892764301));
#2266=CARTESIAN_POINT('',(-48.13580005679,0.,7.32384892764301));
#2267=CARTESIAN_POINT('Origin',(-90.,-37.,0.));
#2268=CARTESIAN_POINT('Origin',(-48.13580005679,0.,7.32384892764301));
#2269=CARTESIAN_POINT('',(-57.4936800440958,0.,5.6867532849934));
#2270=CARTESIAN_POINT('',(-90.,0.,0.));
#2271=CARTESIAN_POINT('',(-57.4936800440958,-37.,5.6867532849934));
#2272=CARTESIAN_POINT('',(-57.4936800440958,0.,5.6867532849934));
#2273=CARTESIAN_POINT('',(-90.,-37.,0.));
#2274=CARTESIAN_POINT('Origin',(-90.,0.,0.));
#2275=CARTESIAN_POINT('',(-61.8976551744126,0.,17.2990813427702));
#2276=CARTESIAN_POINT('Origin',(-90.,0.,0.));
#2277=CARTESIAN_POINT('',(-61.8976551744126,-37.,17.2990813427702));
#2278=CARTESIAN_POINT('',(-61.8976551744126,0.,17.2990813427702));
#2279=CARTESIAN_POINT('Origin',(-90.,-37.,0.));
#2280=CARTESIAN_POINT('Origin',(-61.8976551744126,0.,17.2990813427702));
#2281=CARTESIAN_POINT('',(-53.8075862094707,0.,22.2791199111433));
#2282=CARTESIAN_POINT('',(-90.,0.,0.));
#2283=CARTESIAN_POINT('',(-53.8075862094707,-37.,22.2791199111433));
#2284=CARTESIAN_POINT('',(-53.8075862094707,0.,22.2791199111433));
#2285=CARTESIAN_POINT('',(-90.,-37.,0.));
#2286=CARTESIAN_POINT('Origin',(-90.,0.,0.));
#2287=CARTESIAN_POINT('',(-56.3346542063576,0.,25.9402099566384));
#2288=CARTESIAN_POINT('Origin',(-90.,0.,0.));
#2289=CARTESIAN_POINT('',(-56.3346542063576,-37.,25.9402099566384));
#2290=CARTESIAN_POINT('',(-56.3346542063576,0.,25.9402099566384));
#2291=CARTESIAN_POINT('Origin',(-90.,-37.,0.));
#2292=CARTESIAN_POINT('Origin',(-56.3346542063576,0.,25.9402099566384));
#2293=CARTESIAN_POINT('',(-63.8598491484659,0.,20.1418100839781));
#2294=CARTESIAN_POINT('',(-90.,0.,0.));
#2295=CARTESIAN_POINT('',(-63.8598491484659,-37.,20.1418100839781));
#2296=CARTESIAN_POINT('',(-63.8598491484659,0.,20.1418100839781));
#2297=CARTESIAN_POINT('',(-90.,-37.,0.));
#2298=CARTESIAN_POINT('Origin',(-90.,0.,0.));
#2299=CARTESIAN_POINT('',(-73.1558933942546,0.,28.3773866424356));
#2300=CARTESIAN_POINT('Origin',(-90.,0.,0.));
#2301=CARTESIAN_POINT('',(-73.1558933942546,-37.,28.3773866424356));
#2302=CARTESIAN_POINT('',(-73.1558933942546,0.,28.3773866424356));
#2303=CARTESIAN_POINT('Origin',(-90.,-37.,0.));
#2304=CARTESIAN_POINT('Origin',(-73.1558933942546,0.,28.3773866424356));
#2305=CARTESIAN_POINT('',(-68.3068324016916,0.,36.5466343122277));
#2306=CARTESIAN_POINT('',(-90.,0.,0.));
#2307=CARTESIAN_POINT('',(-68.3068324016916,-37.,36.5466343122277));
#2308=CARTESIAN_POINT('',(-68.3068324016916,0.,36.5466343122277));
#2309=CARTESIAN_POINT('',(-90.,-37.,0.));
#2310=CARTESIAN_POINT('Origin',(-90.,0.,0.));
#2311=CARTESIAN_POINT('',(-72.2458333658507,0.,38.6139814979867));
#2312=CARTESIAN_POINT('Origin',(-90.,0.,0.));
#2313=CARTESIAN_POINT('',(-72.2458333658507,-37.,38.6139814979867));
#2314=CARTESIAN_POINT('',(-72.2458333658507,0.,38.6139814979867));
#2315=CARTESIAN_POINT('Origin',(-90.,-37.,0.));
#2316=CARTESIAN_POINT('Origin',(-72.2458333658507,0.,38.6139814979867));
#2317=CARTESIAN_POINT('',(-76.2144117899547,0.,29.9826209278485));
#2318=CARTESIAN_POINT('',(-90.,0.,0.));
#2319=CARTESIAN_POINT('',(-76.2144117899547,-37.,29.9826209278485));
#2320=CARTESIAN_POINT('',(-76.2144117899547,0.,29.9826209278485));
#2321=CARTESIAN_POINT('',(-90.,-37.,0.));
#2322=CARTESIAN_POINT('Origin',(-90.,0.,0.));
#2323=CARTESIAN_POINT('',(-88.2729134439829,0.,32.9547746469009));
#2324=CARTESIAN_POINT('Origin',(-90.,0.,0.));
#2325=CARTESIAN_POINT('',(-88.2729134439829,-37.,32.9547746469009));
#2326=CARTESIAN_POINT('',(-88.2729134439829,0.,32.9547746469009));
#2327=CARTESIAN_POINT('Origin',(-90.,-37.,0.));
#2328=CARTESIAN_POINT('Origin',(-88.2729134439829,0.,32.9547746469009));
#2329=CARTESIAN_POINT('',(-87.7757218596749,0.,42.4417552270694));
#2330=CARTESIAN_POINT('',(-90.,0.,0.));
#2331=CARTESIAN_POINT('',(-87.7757218596749,-37.,42.4417552270694));
#2332=CARTESIAN_POINT('',(-87.7757218596749,0.,42.4417552270694));
#2333=CARTESIAN_POINT('',(-90.,-37.,0.));
#2334=CARTESIAN_POINT('Origin',(-90.,0.,0.));
#2335=CARTESIAN_POINT('',(-92.2242781403251,0.,42.4417552270694));
#2336=CARTESIAN_POINT('Origin',(-90.,0.,0.));
#2337=CARTESIAN_POINT('',(-92.2242781403251,-37.,42.4417552270694));
#2338=CARTESIAN_POINT('',(-92.2242781403251,0.,42.4417552270694));
#2339=CARTESIAN_POINT('Origin',(-90.,-37.,0.));
#2340=CARTESIAN_POINT('Origin',(-92.2242781403251,0.,42.4417552270694));
#2341=CARTESIAN_POINT('',(-91.7270865560172,0.,32.9547746469009));
#2342=CARTESIAN_POINT('',(-90.,0.,0.));
#2343=CARTESIAN_POINT('',(-91.7270865560172,-37.,32.9547746469009));
#2344=CARTESIAN_POINT('',(-91.7270865560172,0.,32.9547746469009));
#2345=CARTESIAN_POINT('',(-90.,-37.,0.));
#2346=CARTESIAN_POINT('Origin',(-90.,0.,0.));
#2347=CARTESIAN_POINT('',(-103.785588210045,0.,29.9826209278485));
#2348=CARTESIAN_POINT('Origin',(-90.,0.,0.));
#2349=CARTESIAN_POINT('',(-103.785588210045,-37.,29.9826209278485));
#2350=CARTESIAN_POINT('',(-103.785588210045,0.,29.9826209278485));
#2351=CARTESIAN_POINT('Origin',(-90.,-37.,0.));
#2352=CARTESIAN_POINT('Origin',(-103.785588210045,0.,29.9826209278485));
#2353=CARTESIAN_POINT('',(-107.754166634149,0.,38.6139814979867));
#2354=CARTESIAN_POINT('',(-90.,0.,0.));
#2355=CARTESIAN_POINT('',(-107.754166634149,-37.,38.6139814979867));
#2356=CARTESIAN_POINT('',(-107.754166634149,0.,38.6139814979867));
#2357=CARTESIAN_POINT('',(-90.,-37.,0.));
#2358=CARTESIAN_POINT('Origin',(-90.,0.,0.));
#2359=CARTESIAN_POINT('',(-111.693167598308,0.,36.5466343122277));
#2360=CARTESIAN_POINT('Origin',(-90.,0.,0.));
#2361=CARTESIAN_POINT('',(-111.693167598308,-37.,36.5466343122277));
#2362=CARTESIAN_POINT('',(-111.693167598308,0.,36.5466343122277));
#2363=CARTESIAN_POINT('Origin',(-90.,-37.,0.));
#2364=CARTESIAN_POINT('Origin',(-111.693167598308,0.,36.5466343122277));
#2365=CARTESIAN_POINT('',(-106.844106605745,0.,28.3773866424356));
#2366=CARTESIAN_POINT('',(-90.,0.,0.));
#2367=CARTESIAN_POINT('',(-106.844106605745,-37.,28.3773866424356));
#2368=CARTESIAN_POINT('',(-106.844106605745,0.,28.3773866424356));
#2369=CARTESIAN_POINT('',(-90.,-37.,0.));
#2370=CARTESIAN_POINT('Origin',(-90.,0.,0.));
#2371=CARTESIAN_POINT('',(-116.140150851534,0.,20.141810083978));
#2372=CARTESIAN_POINT('Origin',(-90.,0.,0.));
#2373=CARTESIAN_POINT('',(-116.140150851534,-37.,20.141810083978));
#2374=CARTESIAN_POINT('',(-116.140150851534,0.,20.141810083978));
#2375=CARTESIAN_POINT('Origin',(-90.,-37.,0.));
#2376=CARTESIAN_POINT('Origin',(-116.140150851534,0.,20.141810083978));
#2377=CARTESIAN_POINT('',(-123.665345793642,0.,25.9402099566385));
#2378=CARTESIAN_POINT('',(-90.,0.,0.));
#2379=CARTESIAN_POINT('',(-123.665345793642,-37.,25.9402099566385));
#2380=CARTESIAN_POINT('',(-123.665345793642,0.,25.9402099566385));
#2381=CARTESIAN_POINT('',(-90.,-37.,0.));
#2382=CARTESIAN_POINT('Origin',(-90.,0.,0.));
#2383=CARTESIAN_POINT('',(-126.192413790529,0.,22.2791199111434));
#2384=CARTESIAN_POINT('Origin',(-90.,0.,0.));
#2385=CARTESIAN_POINT('',(-126.192413790529,-37.,22.2791199111434));
#2386=CARTESIAN_POINT('',(-126.192413790529,0.,22.2791199111434));
#2387=CARTESIAN_POINT('Origin',(-90.,-37.,0.));
#2388=CARTESIAN_POINT('Origin',(-126.192413790529,0.,22.2791199111434));
#2389=CARTESIAN_POINT('',(-90.,0.,0.));
#2390=CARTESIAN_POINT('',(-90.,-37.,0.));
#2391=CARTESIAN_POINT('Origin',(-90.,2.,0.));
#2392=CARTESIAN_POINT('',(-42.5,2.,-5.81707229594993E-15));
#2393=CARTESIAN_POINT('Origin',(-90.,2.,0.));
#2394=CARTESIAN_POINT('Origin',(-90.,0.,0.));
#2395=CARTESIAN_POINT('',(-42.5,0.,-5.81707229594993E-15));
#2396=CARTESIAN_POINT('',(-42.5,0.,-5.81707229594993E-15));
#2397=CARTESIAN_POINT('Origin',(-90.,0.,0.));
#2398=CARTESIAN_POINT('Origin',(-90.,0.,0.));
#2399=CARTESIAN_POINT('Origin',(-90.,-37.,0.));
#2400=CARTESIAN_POINT('',(-137.5,-37.,-5.81707229594993E-15));
#2401=CARTESIAN_POINT('',(-137.5,-37.,-5.81707229594993E-15));
#2402=CARTESIAN_POINT('Origin',(-90.,-37.,0.));
#2403=CARTESIAN_POINT('Origin',(-90.,-37.,0.));
#2404=CARTESIAN_POINT('Origin',(-90.,-39.,0.));
#2405=UNCERTAINTY_MEASURE_WITH_UNIT(LENGTH_MEASURE(0.01),#2409,
'DISTANCE_ACCURACY_VALUE',
'Maximum model space distance between geometric entities at asserted c
onnectivities');
#2406=UNCERTAINTY_MEASURE_WITH_UNIT(LENGTH_MEASURE(0.01),#2409,
'DISTANCE_ACCURACY_VALUE',
'Maximum model space distance between geometric entities at asserted c
onnectivities');
#2407=(
GEOMETRIC_REPRESENTATION_CONTEXT(3)
GLOBAL_UNCERTAINTY_ASSIGNED_CONTEXT((#2405))
GLOBAL_UNIT_ASSIGNED_CONTEXT((#2409,#2411,#2412))
REPRESENTATION_CONTEXT('','3D')
);
#2408=(
GEOMETRIC_REPRESENTATION_CONTEXT(3)
GLOBAL_UNCERTAINTY_ASSIGNED_CONTEXT((#2406))
GLOBAL_UNIT_ASSIGNED_CONTEXT((#2409,#2411,#2412))
REPRESENTATION_CONTEXT('','3D')
);
#2409=(
LENGTH_UNIT()
NAMED_UNIT(*)
SI_UNIT(.MILLI.,.METRE.)
);
#2410=(
LENGTH_UNIT()
NAMED_UNIT(*)
SI_UNIT($,.METRE.)
);
#2411=(
NAMED_UNIT(*)
PLANE_ANGLE_UNIT()
SI_UNIT($,.RADIAN.)
);
#2412=(
NAMED_UNIT(*)
SI_UNIT($,.STERADIAN.)
SOLID_ANGLE_UNIT()
);
#2413=SHAPE_DEFINITION_REPRESENTATION(#2414,#2415);
#2414=PRODUCT_DEFINITION_SHAPE('',$,#2417);
#2415=SHAPE_REPRESENTATION('',(#1377),#2407);
#2416=PRODUCT_DEFINITION_CONTEXT('part definition',#2421,'design');
#2417=PRODUCT_DEFINITION('2026-08-27-15-00-16-594',
'Drive_sprocket_V2_NewCoupler',#2418,#2416);
#2418=PRODUCT_DEFINITION_FORMATION('',$,#2423);
#2419=PRODUCT_RELATED_PRODUCT_CATEGORY('Drive_sprocket_V2_NewCoupler',
'Drive_sprocket_V2_NewCoupler',(#2423));
#2420=APPLICATION_PROTOCOL_DEFINITION('international standard',
'automotive_design',2009,#2421);
#2421=APPLICATION_CONTEXT(
'Core Data for Automotive Mechanical Design Process');
#2422=PRODUCT_CONTEXT('part definition',#2421,'mechanical');
#2423=PRODUCT('2026-08-27-15-00-16-594','Drive_sprocket_V2_NewCoupler',
$,(#2422));
#2424=PRESENTATION_STYLE_ASSIGNMENT((#2426));
#2425=PRESENTATION_STYLE_ASSIGNMENT((#2427));
#2426=SURFACE_STYLE_USAGE(.BOTH.,#2428);
#2427=SURFACE_STYLE_USAGE(.BOTH.,#2429);
#2428=SURFACE_SIDE_STYLE('',(#2430));
#2429=SURFACE_SIDE_STYLE('',(#2431));
#2430=SURFACE_STYLE_FILL_AREA(#2432);
#2431=SURFACE_STYLE_FILL_AREA(#2433);
#2432=FILL_AREA_STYLE('Steel - Satin',(#2434));
#2433=FILL_AREA_STYLE('Opaque(153,153,153)',(#2435));
#2434=FILL_AREA_STYLE_COLOUR('Steel - Satin',#2436);
#2435=FILL_AREA_STYLE_COLOUR('Opaque(153,153,153)',#2437);
#2436=COLOUR_RGB('Steel - Satin',0.627450980392157,0.627450980392157,0.627450980392157);
#2437=COLOUR_RGB('Opaque(153,153,153)',0.6,0.6,0.6);
ENDSEC;
END-ISO-10303-21;
