ISO-10303-21;
HEADER;
/* Generated by software containing ST-Developer
 * from STEP Tools, Inc. (www.steptools.com) 
 */

FILE_DESCRIPTION(
/* description */ (''),
/* implementation_level */ '2;1');

FILE_NAME(
/* name */ 'Drive_sprocket.step',
/* time_stamp */ '2026-08-27T11:18:08-05:00',
/* author */ (''),
/* organization */ (''),
/* preprocessor_version */ 'ST-DEVELOPER v20.1',
/* originating_system */ 'Autodesk Translation Framework v15.8.0.0',
/* authorisation */ '');

FILE_SCHEMA (('AUTOMOTIVE_DESIGN { 1 0 10303 214 3 1 1 }'));
ENDSEC;

DATA;
#10=MECHANICAL_DESIGN_GEOMETRIC_PRESENTATION_REPRESENTATION('',(#13),#2649);
#11=SHAPE_REPRESENTATION_RELATIONSHIP('SRR','None',#2656,#12);
#12=ADVANCED_BREP_SHAPE_REPRESENTATION('',(#14),#2648);
#13=STYLED_ITEM('',(#2665),#14);
#14=MANIFOLD_SOLID_BREP('Body1',#1485);
#15=TOROIDAL_SURFACE('',#1528,15.,5.);
#16=CYLINDRICAL_SURFACE('',#1508,1.7);
#17=CYLINDRICAL_SURFACE('',#1510,3.);
#18=CYLINDRICAL_SURFACE('',#1521,3.);
#19=CYLINDRICAL_SURFACE('',#1525,1.7);
#20=CYLINDRICAL_SURFACE('',#1530,10.);
#21=CYLINDRICAL_SURFACE('',#1531,3.17500000000001);
#22=CYLINDRICAL_SURFACE('',#1533,0.250000000000004);
#23=CYLINDRICAL_SURFACE('',#1535,0.24999999999999);
#24=CYLINDRICAL_SURFACE('',#1537,3.17500000000001);
#25=CYLINDRICAL_SURFACE('',#1566,47.5);
#26=CYLINDRICAL_SURFACE('',#1595,47.5);
#27=CYLINDRICAL_SURFACE('',#1599,42.5);
#28=CYLINDRICAL_SURFACE('',#1601,33.);
#29=CYLINDRICAL_SURFACE('',#1603,42.5);
#30=CYLINDRICAL_SURFACE('',#1605,33.);
#31=CYLINDRICAL_SURFACE('',#1607,42.5);
#32=CYLINDRICAL_SURFACE('',#1609,33.);
#33=CYLINDRICAL_SURFACE('',#1611,42.5);
#34=CYLINDRICAL_SURFACE('',#1613,33.);
#35=CYLINDRICAL_SURFACE('',#1615,42.5);
#36=CYLINDRICAL_SURFACE('',#1617,33.);
#37=CYLINDRICAL_SURFACE('',#1619,42.5);
#38=CYLINDRICAL_SURFACE('',#1621,33.);
#39=CYLINDRICAL_SURFACE('',#1623,42.5);
#40=CYLINDRICAL_SURFACE('',#1625,33.);
#41=CYLINDRICAL_SURFACE('',#1627,42.5);
#42=CYLINDRICAL_SURFACE('',#1629,33.);
#43=CYLINDRICAL_SURFACE('',#1631,42.5);
#44=CYLINDRICAL_SURFACE('',#1633,33.);
#45=CYLINDRICAL_SURFACE('',#1635,42.5);
#46=CYLINDRICAL_SURFACE('',#1637,33.);
#47=CYLINDRICAL_SURFACE('',#1639,42.5);
#48=CYLINDRICAL_SURFACE('',#1641,33.);
#49=CYLINDRICAL_SURFACE('',#1643,42.5);
#50=CYLINDRICAL_SURFACE('',#1645,33.);
#51=CYLINDRICAL_SURFACE('',#1647,42.5);
#52=CYLINDRICAL_SURFACE('',#1649,33.);
#53=FACE_BOUND('',#222,.T.);
#54=FACE_BOUND('',#226,.T.);
#55=FACE_BOUND('',#229,.T.);
#56=FACE_BOUND('',#232,.T.);
#57=FACE_BOUND('',#235,.T.);
#58=FACE_BOUND('',#238,.T.);
#59=FACE_BOUND('',#239,.T.);
#60=FACE_BOUND('',#248,.T.);
#61=FACE_BOUND('',#251,.T.);
#62=B_SPLINE_CURVE_WITH_KNOTS('',3,(#2126,#2127,#2128,#2129,#2130,#2131,
#2132,#2133,#2134,#2135,#2136,#2137,#2138,#2139,#2140,#2141,#2142,#2143),
 .UNSPECIFIED.,.F.,.F.,(4,2,2,2,2,2,2,2,4),(1.48141227745206,1.57394279894059,
1.66647332042911,1.75906110315732,1.85164888588552,1.94427855024838,2.03690821461125,
2.12954535402827,2.2221824934453),.UNSPECIFIED.);
#63=B_SPLINE_CURVE_WITH_KNOTS('',3,(#2154,#2155,#2156,#2157,#2158,#2159,
#2160,#2161,#2162,#2163,#2164,#2165,#2166,#2167,#2168,#2169,#2170,#2171,
#2172,#2173,#2174,#2175,#2176,#2177),.UNSPECIFIED.,.F.,.F.,(4,2,2,2,2,2,
2,2,2,2,2,4),(0.,0.0935411750961892,0.187082350192378,0.290720195240748,
0.394358040289117,0.509951263955315,0.625544487621512,0.758981050240607,
0.892417612859702,0.975368281552909,1.01684361589951,1.05831895024612),
 .UNSPECIFIED.);
#64=B_SPLINE_CURVE_WITH_KNOTS('',3,(#2178,#2179,#2180,#2181,#2182,#2183,
#2184,#2185,#2186,#2187,#2188,#2189,#2190,#2191,#2192,#2193,#2194,#2195,
#2196,#2197,#2198,#2199,#2200,#2201),.UNSPECIFIED.,.F.,.F.,(4,2,2,2,2,2,
2,2,2,2,2,4),(1.05831895024612,1.09979428459272,1.14126961893932,1.22422028763253,
1.35765685025162,1.49109341287072,1.60668663653692,1.72227986020311,1.82591770525148,
1.92955555029985,2.02309672539604,2.11663790049223),.UNSPECIFIED.);
#65=B_SPLINE_CURVE_WITH_KNOTS('',3,(#2234,#2235,#2236,#2237,#2238,#2239,
#2240,#2241,#2242,#2243,#2244,#2245,#2246,#2247,#2248,#2249,#2250,#2251,
#2252,#2253),.UNSPECIFIED.,.F.,.F.,(4,2,2,2,2,2,2,2,2,4),(0.,0.111604330105278,
0.223208660210556,0.354243013541099,0.485277366871642,0.65402200920611,
0.822766651540577,0.947094813654921,1.00925889471209,1.07142297576927),
 .UNSPECIFIED.);
#66=B_SPLINE_CURVE_WITH_KNOTS('',3,(#2254,#2255,#2256,#2257,#2258,#2259,
#2260,#2261,#2262,#2263,#2264,#2265,#2266,#2267,#2268,#2269,#2270,#2271,
#2272,#2273),.UNSPECIFIED.,.F.,.F.,(4,2,2,2,2,2,2,2,2,4),(1.07142297576927,
1.13358705682644,1.19575113788361,1.32007929999795,1.48882394233242,1.65756858466689,
1.78860293799743,1.91963729132797,2.03124162143325,2.14284595153853),
 .UNSPECIFIED.);
#67=B_SPLINE_CURVE_WITH_KNOTS('',3,(#2287,#2288,#2289,#2290,#2291,#2292,
#2293,#2294,#2295,#2296,#2297,#2298,#2299,#2300,#2301,#2302,#2303,#2304),
 .UNSPECIFIED.,.F.,.F.,(4,2,2,2,2,2,2,2,4),(0.740642061458828,0.833279200875853,
0.925916340292878,1.01854600465574,1.1111756690186,1.20376345174681,1.29635123447501,
1.38888175596354,1.48141227745206),.UNSPECIFIED.);
#68=CIRCLE('',#1501,10.);
#69=CIRCLE('',#1502,3.17500000000001);
#70=CIRCLE('',#1503,0.24999999999999);
#71=CIRCLE('',#1504,0.250000000000004);
#72=CIRCLE('',#1505,3.17500000000001);
#73=CIRCLE('',#1507,1.7);
#74=CIRCLE('',#1509,1.7);
#75=CIRCLE('',#1511,3.);
#76=CIRCLE('',#1515,47.5);
#77=CIRCLE('',#1516,3.17500000000001);
#78=CIRCLE('',#1517,0.250000000000004);
#79=CIRCLE('',#1518,0.24999999999999);
#80=CIRCLE('',#1519,3.17500000000001);
#81=CIRCLE('',#1520,15.);
#82=CIRCLE('',#1522,3.);
#83=CIRCLE('',#1524,1.7);
#84=CIRCLE('',#1526,1.7);
#85=CIRCLE('',#1529,10.);
#86=CIRCLE('',#1539,47.5);
#87=CIRCLE('',#1540,33.);
#88=CIRCLE('',#1541,42.5);
#89=CIRCLE('',#1542,33.);
#90=CIRCLE('',#1543,42.5);
#91=CIRCLE('',#1544,33.);
#92=CIRCLE('',#1545,42.5);
#93=CIRCLE('',#1546,33.);
#94=CIRCLE('',#1547,42.5);
#95=CIRCLE('',#1548,33.);
#96=CIRCLE('',#1549,42.5);
#97=CIRCLE('',#1550,33.);
#98=CIRCLE('',#1551,42.5);
#99=CIRCLE('',#1552,33.);
#100=CIRCLE('',#1553,42.5);
#101=CIRCLE('',#1554,33.);
#102=CIRCLE('',#1555,42.5);
#103=CIRCLE('',#1556,33.);
#104=CIRCLE('',#1557,42.5);
#105=CIRCLE('',#1558,33.);
#106=CIRCLE('',#1559,42.5);
#107=CIRCLE('',#1560,33.);
#108=CIRCLE('',#1561,42.5);
#109=CIRCLE('',#1562,33.);
#110=CIRCLE('',#1563,42.5);
#111=CIRCLE('',#1564,33.);
#112=CIRCLE('',#1565,42.5);
#113=CIRCLE('',#1568,47.5);
#114=CIRCLE('',#1569,42.5);
#115=CIRCLE('',#1570,33.);
#116=CIRCLE('',#1571,42.5);
#117=CIRCLE('',#1572,33.);
#118=CIRCLE('',#1573,42.5);
#119=CIRCLE('',#1574,33.);
#120=CIRCLE('',#1575,42.5);
#121=CIRCLE('',#1576,33.);
#122=CIRCLE('',#1577,42.5);
#123=CIRCLE('',#1578,33.);
#124=CIRCLE('',#1579,42.5);
#125=CIRCLE('',#1580,33.);
#126=CIRCLE('',#1581,42.5);
#127=CIRCLE('',#1582,33.);
#128=CIRCLE('',#1583,42.5);
#129=CIRCLE('',#1584,33.);
#130=CIRCLE('',#1585,42.5);
#131=CIRCLE('',#1586,33.);
#132=CIRCLE('',#1587,42.5);
#133=CIRCLE('',#1588,33.);
#134=CIRCLE('',#1589,42.5);
#135=CIRCLE('',#1590,33.);
#136=CIRCLE('',#1591,42.5);
#137=CIRCLE('',#1592,33.);
#138=CIRCLE('',#1593,42.5);
#139=CIRCLE('',#1594,33.);
#140=CIRCLE('',#1596,47.5);
#141=FACE_OUTER_BOUND('',#219,.T.);
#142=FACE_OUTER_BOUND('',#220,.T.);
#143=FACE_OUTER_BOUND('',#221,.T.);
#144=FACE_OUTER_BOUND('',#223,.T.);
#145=FACE_OUTER_BOUND('',#224,.T.);
#146=FACE_OUTER_BOUND('',#225,.T.);
#147=FACE_OUTER_BOUND('',#227,.T.);
#148=FACE_OUTER_BOUND('',#228,.T.);
#149=FACE_OUTER_BOUND('',#230,.T.);
#150=FACE_OUTER_BOUND('',#231,.T.);
#151=FACE_OUTER_BOUND('',#233,.T.);
#152=FACE_OUTER_BOUND('',#234,.T.);
#153=FACE_OUTER_BOUND('',#236,.T.);
#154=FACE_OUTER_BOUND('',#237,.T.);
#155=FACE_OUTER_BOUND('',#240,.T.);
#156=FACE_OUTER_BOUND('',#241,.T.);
#157=FACE_OUTER_BOUND('',#242,.T.);
#158=FACE_OUTER_BOUND('',#243,.T.);
#159=FACE_OUTER_BOUND('',#244,.T.);
#160=FACE_OUTER_BOUND('',#245,.T.);
#161=FACE_OUTER_BOUND('',#246,.T.);
#162=FACE_OUTER_BOUND('',#247,.T.);
#163=FACE_OUTER_BOUND('',#249,.T.);
#164=FACE_OUTER_BOUND('',#250,.T.);
#165=FACE_OUTER_BOUND('',#252,.T.);
#166=FACE_OUTER_BOUND('',#253,.T.);
#167=FACE_OUTER_BOUND('',#254,.T.);
#168=FACE_OUTER_BOUND('',#255,.T.);
#169=FACE_OUTER_BOUND('',#256,.T.);
#170=FACE_OUTER_BOUND('',#257,.T.);
#171=FACE_OUTER_BOUND('',#258,.T.);
#172=FACE_OUTER_BOUND('',#259,.T.);
#173=FACE_OUTER_BOUND('',#260,.T.);
#174=FACE_OUTER_BOUND('',#261,.T.);
#175=FACE_OUTER_BOUND('',#262,.T.);
#176=FACE_OUTER_BOUND('',#263,.T.);
#177=FACE_OUTER_BOUND('',#264,.T.);
#178=FACE_OUTER_BOUND('',#265,.T.);
#179=FACE_OUTER_BOUND('',#266,.T.);
#180=FACE_OUTER_BOUND('',#267,.T.);
#181=FACE_OUTER_BOUND('',#268,.T.);
#182=FACE_OUTER_BOUND('',#269,.T.);
#183=FACE_OUTER_BOUND('',#270,.T.);
#184=FACE_OUTER_BOUND('',#271,.T.);
#185=FACE_OUTER_BOUND('',#272,.T.);
#186=FACE_OUTER_BOUND('',#273,.T.);
#187=FACE_OUTER_BOUND('',#274,.T.);
#188=FACE_OUTER_BOUND('',#275,.T.);
#189=FACE_OUTER_BOUND('',#276,.T.);
#190=FACE_OUTER_BOUND('',#277,.T.);
#191=FACE_OUTER_BOUND('',#278,.T.);
#192=FACE_OUTER_BOUND('',#279,.T.);
#193=FACE_OUTER_BOUND('',#280,.T.);
#194=FACE_OUTER_BOUND('',#281,.T.);
#195=FACE_OUTER_BOUND('',#282,.T.);
#196=FACE_OUTER_BOUND('',#283,.T.);
#197=FACE_OUTER_BOUND('',#284,.T.);
#198=FACE_OUTER_BOUND('',#285,.T.);
#199=FACE_OUTER_BOUND('',#286,.T.);
#200=FACE_OUTER_BOUND('',#287,.T.);
#201=FACE_OUTER_BOUND('',#288,.T.);
#202=FACE_OUTER_BOUND('',#289,.T.);
#203=FACE_OUTER_BOUND('',#290,.T.);
#204=FACE_OUTER_BOUND('',#291,.T.);
#205=FACE_OUTER_BOUND('',#292,.T.);
#206=FACE_OUTER_BOUND('',#293,.T.);
#207=FACE_OUTER_BOUND('',#294,.T.);
#208=FACE_OUTER_BOUND('',#295,.T.);
#209=FACE_OUTER_BOUND('',#296,.T.);
#210=FACE_OUTER_BOUND('',#297,.T.);
#211=FACE_OUTER_BOUND('',#298,.T.);
#212=FACE_OUTER_BOUND('',#299,.T.);
#213=FACE_OUTER_BOUND('',#300,.T.);
#214=FACE_OUTER_BOUND('',#301,.T.);
#215=FACE_OUTER_BOUND('',#302,.T.);
#216=FACE_OUTER_BOUND('',#303,.T.);
#217=FACE_OUTER_BOUND('',#304,.T.);
#218=FACE_OUTER_BOUND('',#305,.T.);
#219=EDGE_LOOP('',(#937,#938,#939,#940));
#220=EDGE_LOOP('',(#941,#942,#943,#944,#945,#946,#947,#948,#949,#950,#951,
#952));
#221=EDGE_LOOP('',(#953,#954,#955,#956,#957));
#222=EDGE_LOOP('',(#958));
#223=EDGE_LOOP('',(#959,#960,#961,#962));
#224=EDGE_LOOP('',(#963,#964,#965,#966,#967));
#225=EDGE_LOOP('',(#968));
#226=EDGE_LOOP('',(#969));
#227=EDGE_LOOP('',(#970,#971,#972,#973));
#228=EDGE_LOOP('',(#974));
#229=EDGE_LOOP('',(#975,#976,#977,#978,#979,#980,#981,#982,#983,#984,#985,
#986));
#230=EDGE_LOOP('',(#987,#988,#989,#990,#991));
#231=EDGE_LOOP('',(#992));
#232=EDGE_LOOP('',(#993));
#233=EDGE_LOOP('',(#994,#995,#996,#997));
#234=EDGE_LOOP('',(#998,#999,#1000,#1001,#1002));
#235=EDGE_LOOP('',(#1003));
#236=EDGE_LOOP('',(#1004,#1005,#1006,#1007));
#237=EDGE_LOOP('',(#1008,#1009,#1010,#1011));
#238=EDGE_LOOP('',(#1012,#1013));
#239=EDGE_LOOP('',(#1014,#1015));
#240=EDGE_LOOP('',(#1016,#1017,#1018,#1019));
#241=EDGE_LOOP('',(#1020,#1021,#1022,#1023));
#242=EDGE_LOOP('',(#1024,#1025,#1026,#1027));
#243=EDGE_LOOP('',(#1028,#1029,#1030,#1031));
#244=EDGE_LOOP('',(#1032,#1033,#1034,#1035));
#245=EDGE_LOOP('',(#1036,#1037,#1038,#1039));
#246=EDGE_LOOP('',(#1040,#1041,#1042,#1043));
#247=EDGE_LOOP('',(#1044));
#248=EDGE_LOOP('',(#1045,#1046,#1047,#1048,#1049,#1050,#1051,#1052,#1053,
#1054,#1055,#1056,#1057,#1058,#1059,#1060,#1061,#1062,#1063,#1064,#1065,
#1066,#1067,#1068,#1069,#1070,#1071,#1072,#1073,#1074,#1075,#1076,#1077,
#1078,#1079,#1080,#1081,#1082,#1083,#1084,#1085,#1086,#1087,#1088,#1089,
#1090,#1091,#1092,#1093,#1094,#1095,#1096));
#249=EDGE_LOOP('',(#1097,#1098,#1099,#1100));
#250=EDGE_LOOP('',(#1101));
#251=EDGE_LOOP('',(#1102,#1103,#1104,#1105,#1106,#1107,#1108,#1109,#1110,
#1111,#1112,#1113,#1114,#1115,#1116,#1117,#1118,#1119,#1120,#1121,#1122,
#1123,#1124,#1125,#1126,#1127,#1128,#1129,#1130,#1131,#1132,#1133,#1134,
#1135,#1136,#1137,#1138,#1139,#1140,#1141,#1142,#1143,#1144,#1145,#1146,
#1147,#1148,#1149,#1150,#1151,#1152,#1153));
#252=EDGE_LOOP('',(#1154,#1155,#1156,#1157));
#253=EDGE_LOOP('',(#1158));
#254=EDGE_LOOP('',(#1159,#1160,#1161,#1162));
#255=EDGE_LOOP('',(#1163,#1164,#1165,#1166));
#256=EDGE_LOOP('',(#1167,#1168,#1169,#1170));
#257=EDGE_LOOP('',(#1171,#1172,#1173,#1174));
#258=EDGE_LOOP('',(#1175,#1176,#1177,#1178));
#259=EDGE_LOOP('',(#1179,#1180,#1181,#1182));
#260=EDGE_LOOP('',(#1183,#1184,#1185,#1186));
#261=EDGE_LOOP('',(#1187,#1188,#1189,#1190));
#262=EDGE_LOOP('',(#1191,#1192,#1193,#1194));
#263=EDGE_LOOP('',(#1195,#1196,#1197,#1198));
#264=EDGE_LOOP('',(#1199,#1200,#1201,#1202));
#265=EDGE_LOOP('',(#1203,#1204,#1205,#1206));
#266=EDGE_LOOP('',(#1207,#1208,#1209,#1210));
#267=EDGE_LOOP('',(#1211,#1212,#1213,#1214));
#268=EDGE_LOOP('',(#1215,#1216,#1217,#1218));
#269=EDGE_LOOP('',(#1219,#1220,#1221,#1222));
#270=EDGE_LOOP('',(#1223,#1224,#1225,#1226));
#271=EDGE_LOOP('',(#1227,#1228,#1229,#1230));
#272=EDGE_LOOP('',(#1231,#1232,#1233,#1234));
#273=EDGE_LOOP('',(#1235,#1236,#1237,#1238));
#274=EDGE_LOOP('',(#1239,#1240,#1241,#1242));
#275=EDGE_LOOP('',(#1243,#1244,#1245,#1246));
#276=EDGE_LOOP('',(#1247,#1248,#1249,#1250));
#277=EDGE_LOOP('',(#1251,#1252,#1253,#1254));
#278=EDGE_LOOP('',(#1255,#1256,#1257,#1258));
#279=EDGE_LOOP('',(#1259,#1260,#1261,#1262));
#280=EDGE_LOOP('',(#1263,#1264,#1265,#1266));
#281=EDGE_LOOP('',(#1267,#1268,#1269,#1270));
#282=EDGE_LOOP('',(#1271,#1272,#1273,#1274));
#283=EDGE_LOOP('',(#1275,#1276,#1277,#1278));
#284=EDGE_LOOP('',(#1279,#1280,#1281,#1282));
#285=EDGE_LOOP('',(#1283,#1284,#1285,#1286));
#286=EDGE_LOOP('',(#1287,#1288,#1289,#1290));
#287=EDGE_LOOP('',(#1291,#1292,#1293,#1294));
#288=EDGE_LOOP('',(#1295,#1296,#1297,#1298));
#289=EDGE_LOOP('',(#1299,#1300,#1301,#1302));
#290=EDGE_LOOP('',(#1303,#1304,#1305,#1306));
#291=EDGE_LOOP('',(#1307,#1308,#1309,#1310));
#292=EDGE_LOOP('',(#1311,#1312,#1313,#1314));
#293=EDGE_LOOP('',(#1315,#1316,#1317,#1318));
#294=EDGE_LOOP('',(#1319,#1320,#1321,#1322));
#295=EDGE_LOOP('',(#1323,#1324,#1325,#1326));
#296=EDGE_LOOP('',(#1327,#1328,#1329,#1330));
#297=EDGE_LOOP('',(#1331,#1332,#1333,#1334));
#298=EDGE_LOOP('',(#1335,#1336,#1337,#1338));
#299=EDGE_LOOP('',(#1339,#1340,#1341,#1342));
#300=EDGE_LOOP('',(#1343,#1344,#1345,#1346));
#301=EDGE_LOOP('',(#1347,#1348,#1349,#1350));
#302=EDGE_LOOP('',(#1351,#1352,#1353,#1354));
#303=EDGE_LOOP('',(#1355,#1356,#1357,#1358));
#304=EDGE_LOOP('',(#1359,#1360,#1361,#1362));
#305=EDGE_LOOP('',(#1363,#1364,#1365,#1366));
#306=LINE('',#2094,#442);
#307=LINE('',#2096,#443);
#308=LINE('',#2098,#444);
#309=LINE('',#2099,#445);
#310=LINE('',#2102,#446);
#311=LINE('',#2106,#447);
#312=LINE('',#2108,#448);
#313=LINE('',#2112,#449);
#314=LINE('',#2116,#450);
#315=LINE('',#2120,#451);
#316=LINE('',#2124,#452);
#317=LINE('',#2144,#453);
#318=LINE('',#2150,#454);
#319=LINE('',#2203,#455);
#320=LINE('',#2208,#456);
#321=LINE('',#2210,#457);
#322=LINE('',#2211,#458);
#323=LINE('',#2218,#459);
#324=LINE('',#2222,#460);
#325=LINE('',#2226,#461);
#326=LINE('',#2229,#462);
#327=LINE('',#2275,#463);
#328=LINE('',#2283,#464);
#329=LINE('',#2286,#465);
#330=LINE('',#2309,#466);
#331=LINE('',#2311,#467);
#332=LINE('',#2313,#468);
#333=LINE('',#2315,#469);
#334=LINE('',#2317,#470);
#335=LINE('',#2319,#471);
#336=LINE('',#2326,#472);
#337=LINE('',#2330,#473);
#338=LINE('',#2334,#474);
#339=LINE('',#2338,#475);
#340=LINE('',#2342,#476);
#341=LINE('',#2346,#477);
#342=LINE('',#2350,#478);
#343=LINE('',#2354,#479);
#344=LINE('',#2358,#480);
#345=LINE('',#2362,#481);
#346=LINE('',#2366,#482);
#347=LINE('',#2370,#483);
#348=LINE('',#2374,#484);
#349=LINE('',#2378,#485);
#350=LINE('',#2382,#486);
#351=LINE('',#2386,#487);
#352=LINE('',#2390,#488);
#353=LINE('',#2394,#489);
#354=LINE('',#2398,#490);
#355=LINE('',#2402,#491);
#356=LINE('',#2406,#492);
#357=LINE('',#2410,#493);
#358=LINE('',#2414,#494);
#359=LINE('',#2418,#495);
#360=LINE('',#2422,#496);
#361=LINE('',#2426,#497);
#362=LINE('',#2429,#498);
#363=LINE('',#2435,#499);
#364=LINE('',#2439,#500);
#365=LINE('',#2443,#501);
#366=LINE('',#2447,#502);
#367=LINE('',#2451,#503);
#368=LINE('',#2455,#504);
#369=LINE('',#2459,#505);
#370=LINE('',#2463,#506);
#371=LINE('',#2467,#507);
#372=LINE('',#2471,#508);
#373=LINE('',#2475,#509);
#374=LINE('',#2479,#510);
#375=LINE('',#2483,#511);
#376=LINE('',#2487,#512);
#377=LINE('',#2491,#513);
#378=LINE('',#2495,#514);
#379=LINE('',#2499,#515);
#380=LINE('',#2503,#516);
#381=LINE('',#2507,#517);
#382=LINE('',#2511,#518);
#383=LINE('',#2515,#519);
#384=LINE('',#2519,#520);
#385=LINE('',#2523,#521);
#386=LINE('',#2527,#522);
#387=LINE('',#2531,#523);
#388=LINE('',#2535,#524);
#389=LINE('',#2540,#525);
#390=LINE('',#2543,#526);
#391=LINE('',#2544,#527);
#392=LINE('',#2546,#528);
#393=LINE('',#2548,#529);
#394=LINE('',#2550,#530);
#395=LINE('',#2552,#531);
#396=LINE('',#2554,#532);
#397=LINE('',#2556,#533);
#398=LINE('',#2558,#534);
#399=LINE('',#2560,#535);
#400=LINE('',#2562,#536);
#401=LINE('',#2564,#537);
#402=LINE('',#2566,#538);
#403=LINE('',#2568,#539);
#404=LINE('',#2570,#540);
#405=LINE('',#2572,#541);
#406=LINE('',#2574,#542);
#407=LINE('',#2576,#543);
#408=LINE('',#2578,#544);
#409=LINE('',#2580,#545);
#410=LINE('',#2582,#546);
#411=LINE('',#2584,#547);
#412=LINE('',#2586,#548);
#413=LINE('',#2588,#549);
#414=LINE('',#2590,#550);
#415=LINE('',#2592,#551);
#416=LINE('',#2594,#552);
#417=LINE('',#2596,#553);
#418=LINE('',#2598,#554);
#419=LINE('',#2600,#555);
#420=LINE('',#2602,#556);
#421=LINE('',#2604,#557);
#422=LINE('',#2606,#558);
#423=LINE('',#2608,#559);
#424=LINE('',#2610,#560);
#425=LINE('',#2612,#561);
#426=LINE('',#2614,#562);
#427=LINE('',#2616,#563);
#428=LINE('',#2618,#564);
#429=LINE('',#2620,#565);
#430=LINE('',#2622,#566);
#431=LINE('',#2624,#567);
#432=LINE('',#2626,#568);
#433=LINE('',#2628,#569);
#434=LINE('',#2630,#570);
#435=LINE('',#2632,#571);
#436=LINE('',#2634,#572);
#437=LINE('',#2636,#573);
#438=LINE('',#2638,#574);
#439=LINE('',#2640,#575);
#440=LINE('',#2642,#576);
#441=LINE('',#2644,#577);
#442=VECTOR('',#1654,10.);
#443=VECTOR('',#1655,10.);
#444=VECTOR('',#1656,10.);
#445=VECTOR('',#1657,10.);
#446=VECTOR('',#1660,10.);
#447=VECTOR('',#1663,10.);
#448=VECTOR('',#1664,10.);
#449=VECTOR('',#1667,10.);
#450=VECTOR('',#1670,10.);
#451=VECTOR('',#1673,10.);
#452=VECTOR('',#1678,10.);
#453=VECTOR('',#1679,10.);
#454=VECTOR('',#1686,1.7);
#455=VECTOR('',#1689,3.);
#456=VECTOR('',#1696,10.);
#457=VECTOR('',#1697,10.);
#458=VECTOR('',#1698,10.);
#459=VECTOR('',#1705,10.);
#460=VECTOR('',#1708,10.);
#461=VECTOR('',#1711,10.);
#462=VECTOR('',#1714,10.);
#463=VECTOR('',#1719,3.);
#464=VECTOR('',#1730,1.7);
#465=VECTOR('',#1733,10.);
#466=VECTOR('',#1742,10.);
#467=VECTOR('',#1745,10.);
#468=VECTOR('',#1748,10.);
#469=VECTOR('',#1751,10.);
#470=VECTOR('',#1754,10.);
#471=VECTOR('',#1757,10.);
#472=VECTOR('',#1764,10.);
#473=VECTOR('',#1767,10.);
#474=VECTOR('',#1770,10.);
#475=VECTOR('',#1773,10.);
#476=VECTOR('',#1776,10.);
#477=VECTOR('',#1779,10.);
#478=VECTOR('',#1782,10.);
#479=VECTOR('',#1785,10.);
#480=VECTOR('',#1788,10.);
#481=VECTOR('',#1791,10.);
#482=VECTOR('',#1794,10.);
#483=VECTOR('',#1797,10.);
#484=VECTOR('',#1800,10.);
#485=VECTOR('',#1803,10.);
#486=VECTOR('',#1806,10.);
#487=VECTOR('',#1809,10.);
#488=VECTOR('',#1812,10.);
#489=VECTOR('',#1815,10.);
#490=VECTOR('',#1818,10.);
#491=VECTOR('',#1821,10.);
#492=VECTOR('',#1824,10.);
#493=VECTOR('',#1827,10.);
#494=VECTOR('',#1830,10.);
#495=VECTOR('',#1833,10.);
#496=VECTOR('',#1836,10.);
#497=VECTOR('',#1839,10.);
#498=VECTOR('',#1844,47.5);
#499=VECTOR('',#1849,10.);
#500=VECTOR('',#1852,10.);
#501=VECTOR('',#1855,10.);
#502=VECTOR('',#1858,10.);
#503=VECTOR('',#1861,10.);
#504=VECTOR('',#1864,10.);
#505=VECTOR('',#1867,10.);
#506=VECTOR('',#1870,10.);
#507=VECTOR('',#1873,10.);
#508=VECTOR('',#1876,10.);
#509=VECTOR('',#1879,10.);
#510=VECTOR('',#1882,10.);
#511=VECTOR('',#1885,10.);
#512=VECTOR('',#1888,10.);
#513=VECTOR('',#1891,10.);
#514=VECTOR('',#1894,10.);
#515=VECTOR('',#1897,10.);
#516=VECTOR('',#1900,10.);
#517=VECTOR('',#1903,10.);
#518=VECTOR('',#1906,10.);
#519=VECTOR('',#1909,10.);
#520=VECTOR('',#1912,10.);
#521=VECTOR('',#1915,10.);
#522=VECTOR('',#1918,10.);
#523=VECTOR('',#1921,10.);
#524=VECTOR('',#1924,10.);
#525=VECTOR('',#1931,47.5);
#526=VECTOR('',#1936,10.);
#527=VECTOR('',#1937,10.);
#528=VECTOR('',#1940,10.);
#529=VECTOR('',#1943,10.);
#530=VECTOR('',#1946,10.);
#531=VECTOR('',#1949,10.);
#532=VECTOR('',#1952,10.);
#533=VECTOR('',#1955,10.);
#534=VECTOR('',#1958,10.);
#535=VECTOR('',#1961,10.);
#536=VECTOR('',#1964,10.);
#537=VECTOR('',#1967,10.);
#538=VECTOR('',#1970,10.);
#539=VECTOR('',#1973,10.);
#540=VECTOR('',#1976,10.);
#541=VECTOR('',#1979,10.);
#542=VECTOR('',#1982,10.);
#543=VECTOR('',#1985,10.);
#544=VECTOR('',#1988,10.);
#545=VECTOR('',#1991,10.);
#546=VECTOR('',#1994,10.);
#547=VECTOR('',#1997,10.);
#548=VECTOR('',#2000,10.);
#549=VECTOR('',#2003,10.);
#550=VECTOR('',#2006,10.);
#551=VECTOR('',#2009,10.);
#552=VECTOR('',#2012,10.);
#553=VECTOR('',#2015,10.);
#554=VECTOR('',#2018,10.);
#555=VECTOR('',#2021,10.);
#556=VECTOR('',#2024,10.);
#557=VECTOR('',#2027,10.);
#558=VECTOR('',#2030,10.);
#559=VECTOR('',#2033,10.);
#560=VECTOR('',#2036,10.);
#561=VECTOR('',#2039,10.);
#562=VECTOR('',#2042,10.);
#563=VECTOR('',#2045,10.);
#564=VECTOR('',#2048,10.);
#565=VECTOR('',#2051,10.);
#566=VECTOR('',#2054,10.);
#567=VECTOR('',#2057,10.);
#568=VECTOR('',#2060,10.);
#569=VECTOR('',#2063,10.);
#570=VECTOR('',#2066,10.);
#571=VECTOR('',#2069,10.);
#572=VECTOR('',#2072,10.);
#573=VECTOR('',#2075,10.);
#574=VECTOR('',#2078,10.);
#575=VECTOR('',#2081,10.);
#576=VECTOR('',#2084,10.);
#577=VECTOR('',#2087,10.);
#578=VERTEX_POINT('',#2092);
#579=VERTEX_POINT('',#2093);
#580=VERTEX_POINT('',#2095);
#581=VERTEX_POINT('',#2097);
#582=VERTEX_POINT('',#2101);
#583=VERTEX_POINT('',#2103);
#584=VERTEX_POINT('',#2105);
#585=VERTEX_POINT('',#2107);
#586=VERTEX_POINT('',#2109);
#587=VERTEX_POINT('',#2111);
#588=VERTEX_POINT('',#2113);
#589=VERTEX_POINT('',#2115);
#590=VERTEX_POINT('',#2117);
#591=VERTEX_POINT('',#2119);
#592=VERTEX_POINT('',#2123);
#593=VERTEX_POINT('',#2125);
#594=VERTEX_POINT('',#2145);
#595=VERTEX_POINT('',#2148);
#596=VERTEX_POINT('',#2152);
#597=VERTEX_POINT('',#2153);
#598=VERTEX_POINT('',#2202);
#599=VERTEX_POINT('',#2207);
#600=VERTEX_POINT('',#2209);
#601=VERTEX_POINT('',#2213);
#602=VERTEX_POINT('',#2215);
#603=VERTEX_POINT('',#2217);
#604=VERTEX_POINT('',#2219);
#605=VERTEX_POINT('',#2221);
#606=VERTEX_POINT('',#2223);
#607=VERTEX_POINT('',#2225);
#608=VERTEX_POINT('',#2228);
#609=VERTEX_POINT('',#2232);
#610=VERTEX_POINT('',#2233);
#611=VERTEX_POINT('',#2274);
#612=VERTEX_POINT('',#2278);
#613=VERTEX_POINT('',#2281);
#614=VERTEX_POINT('',#2285);
#615=VERTEX_POINT('',#2322);
#616=VERTEX_POINT('',#2324);
#617=VERTEX_POINT('',#2325);
#618=VERTEX_POINT('',#2327);
#619=VERTEX_POINT('',#2329);
#620=VERTEX_POINT('',#2331);
#621=VERTEX_POINT('',#2333);
#622=VERTEX_POINT('',#2335);
#623=VERTEX_POINT('',#2337);
#624=VERTEX_POINT('',#2339);
#625=VERTEX_POINT('',#2341);
#626=VERTEX_POINT('',#2343);
#627=VERTEX_POINT('',#2345);
#628=VERTEX_POINT('',#2347);
#629=VERTEX_POINT('',#2349);
#630=VERTEX_POINT('',#2351);
#631=VERTEX_POINT('',#2353);
#632=VERTEX_POINT('',#2355);
#633=VERTEX_POINT('',#2357);
#634=VERTEX_POINT('',#2359);
#635=VERTEX_POINT('',#2361);
#636=VERTEX_POINT('',#2363);
#637=VERTEX_POINT('',#2365);
#638=VERTEX_POINT('',#2367);
#639=VERTEX_POINT('',#2369);
#640=VERTEX_POINT('',#2371);
#641=VERTEX_POINT('',#2373);
#642=VERTEX_POINT('',#2375);
#643=VERTEX_POINT('',#2377);
#644=VERTEX_POINT('',#2379);
#645=VERTEX_POINT('',#2381);
#646=VERTEX_POINT('',#2383);
#647=VERTEX_POINT('',#2385);
#648=VERTEX_POINT('',#2387);
#649=VERTEX_POINT('',#2389);
#650=VERTEX_POINT('',#2391);
#651=VERTEX_POINT('',#2393);
#652=VERTEX_POINT('',#2395);
#653=VERTEX_POINT('',#2397);
#654=VERTEX_POINT('',#2399);
#655=VERTEX_POINT('',#2401);
#656=VERTEX_POINT('',#2403);
#657=VERTEX_POINT('',#2405);
#658=VERTEX_POINT('',#2407);
#659=VERTEX_POINT('',#2409);
#660=VERTEX_POINT('',#2411);
#661=VERTEX_POINT('',#2413);
#662=VERTEX_POINT('',#2415);
#663=VERTEX_POINT('',#2417);
#664=VERTEX_POINT('',#2419);
#665=VERTEX_POINT('',#2421);
#666=VERTEX_POINT('',#2423);
#667=VERTEX_POINT('',#2425);
#668=VERTEX_POINT('',#2431);
#669=VERTEX_POINT('',#2433);
#670=VERTEX_POINT('',#2434);
#671=VERTEX_POINT('',#2436);
#672=VERTEX_POINT('',#2438);
#673=VERTEX_POINT('',#2440);
#674=VERTEX_POINT('',#2442);
#675=VERTEX_POINT('',#2444);
#676=VERTEX_POINT('',#2446);
#677=VERTEX_POINT('',#2448);
#678=VERTEX_POINT('',#2450);
#679=VERTEX_POINT('',#2452);
#680=VERTEX_POINT('',#2454);
#681=VERTEX_POINT('',#2456);
#682=VERTEX_POINT('',#2458);
#683=VERTEX_POINT('',#2460);
#684=VERTEX_POINT('',#2462);
#685=VERTEX_POINT('',#2464);
#686=VERTEX_POINT('',#2466);
#687=VERTEX_POINT('',#2468);
#688=VERTEX_POINT('',#2470);
#689=VERTEX_POINT('',#2472);
#690=VERTEX_POINT('',#2474);
#691=VERTEX_POINT('',#2476);
#692=VERTEX_POINT('',#2478);
#693=VERTEX_POINT('',#2480);
#694=VERTEX_POINT('',#2482);
#695=VERTEX_POINT('',#2484);
#696=VERTEX_POINT('',#2486);
#697=VERTEX_POINT('',#2488);
#698=VERTEX_POINT('',#2490);
#699=VERTEX_POINT('',#2492);
#700=VERTEX_POINT('',#2494);
#701=VERTEX_POINT('',#2496);
#702=VERTEX_POINT('',#2498);
#703=VERTEX_POINT('',#2500);
#704=VERTEX_POINT('',#2502);
#705=VERTEX_POINT('',#2504);
#706=VERTEX_POINT('',#2506);
#707=VERTEX_POINT('',#2508);
#708=VERTEX_POINT('',#2510);
#709=VERTEX_POINT('',#2512);
#710=VERTEX_POINT('',#2514);
#711=VERTEX_POINT('',#2516);
#712=VERTEX_POINT('',#2518);
#713=VERTEX_POINT('',#2520);
#714=VERTEX_POINT('',#2522);
#715=VERTEX_POINT('',#2524);
#716=VERTEX_POINT('',#2526);
#717=VERTEX_POINT('',#2528);
#718=VERTEX_POINT('',#2530);
#719=VERTEX_POINT('',#2532);
#720=VERTEX_POINT('',#2534);
#721=VERTEX_POINT('',#2538);
#722=EDGE_CURVE('',#578,#579,#306,.T.);
#723=EDGE_CURVE('',#580,#578,#307,.T.);
#724=EDGE_CURVE('',#580,#581,#308,.T.);
#725=EDGE_CURVE('',#579,#581,#309,.T.);
#726=EDGE_CURVE('',#581,#582,#310,.T.);
#727=EDGE_CURVE('',#582,#583,#68,.T.);
#728=EDGE_CURVE('',#583,#584,#311,.T.);
#729=EDGE_CURVE('',#585,#584,#312,.T.);
#730=EDGE_CURVE('',#585,#586,#69,.T.);
#731=EDGE_CURVE('',#586,#587,#313,.T.);
#732=EDGE_CURVE('',#587,#588,#70,.T.);
#733=EDGE_CURVE('',#588,#589,#314,.T.);
#734=EDGE_CURVE('',#589,#590,#71,.T.);
#735=EDGE_CURVE('',#590,#591,#315,.T.);
#736=EDGE_CURVE('',#591,#579,#72,.T.);
#737=EDGE_CURVE('',#592,#580,#316,.T.);
#738=EDGE_CURVE('',#593,#592,#62,.T.);
#739=EDGE_CURVE('',#593,#582,#317,.T.);
#740=EDGE_CURVE('',#594,#594,#73,.T.);
#741=EDGE_CURVE('',#595,#595,#74,.T.);
#742=EDGE_CURVE('',#595,#594,#318,.T.);
#743=EDGE_CURVE('',#596,#597,#63,.T.);
#744=EDGE_CURVE('',#597,#596,#64,.T.);
#745=EDGE_CURVE('',#597,#598,#319,.T.);
#746=EDGE_CURVE('',#598,#598,#75,.T.);
#747=EDGE_CURVE('',#599,#585,#320,.T.);
#748=EDGE_CURVE('',#600,#584,#321,.T.);
#749=EDGE_CURVE('',#599,#600,#322,.T.);
#750=EDGE_CURVE('',#601,#601,#76,.T.);
#751=EDGE_CURVE('',#578,#602,#77,.T.);
#752=EDGE_CURVE('',#602,#603,#323,.T.);
#753=EDGE_CURVE('',#603,#604,#78,.T.);
#754=EDGE_CURVE('',#604,#605,#324,.T.);
#755=EDGE_CURVE('',#605,#606,#79,.T.);
#756=EDGE_CURVE('',#606,#607,#325,.T.);
#757=EDGE_CURVE('',#607,#599,#80,.T.);
#758=EDGE_CURVE('',#600,#608,#326,.T.);
#759=EDGE_CURVE('',#592,#608,#81,.T.);
#760=EDGE_CURVE('',#609,#610,#65,.T.);
#761=EDGE_CURVE('',#610,#609,#66,.T.);
#762=EDGE_CURVE('',#610,#611,#327,.T.);
#763=EDGE_CURVE('',#611,#611,#82,.T.);
#764=EDGE_CURVE('',#612,#612,#83,.T.);
#765=EDGE_CURVE('',#613,#613,#84,.T.);
#766=EDGE_CURVE('',#613,#612,#328,.T.);
#767=EDGE_CURVE('',#614,#583,#329,.T.);
#768=EDGE_CURVE('',#608,#614,#67,.T.);
#769=EDGE_CURVE('',#614,#593,#85,.T.);
#770=EDGE_CURVE('',#602,#591,#330,.T.);
#771=EDGE_CURVE('',#603,#590,#331,.T.);
#772=EDGE_CURVE('',#604,#589,#332,.T.);
#773=EDGE_CURVE('',#605,#588,#333,.T.);
#774=EDGE_CURVE('',#606,#587,#334,.T.);
#775=EDGE_CURVE('',#607,#586,#335,.T.);
#776=EDGE_CURVE('',#615,#615,#86,.T.);
#777=EDGE_CURVE('',#616,#617,#336,.T.);
#778=EDGE_CURVE('',#617,#618,#87,.T.);
#779=EDGE_CURVE('',#618,#619,#337,.T.);
#780=EDGE_CURVE('',#619,#620,#88,.T.);
#781=EDGE_CURVE('',#620,#621,#338,.T.);
#782=EDGE_CURVE('',#621,#622,#89,.T.);
#783=EDGE_CURVE('',#622,#623,#339,.T.);
#784=EDGE_CURVE('',#623,#624,#90,.T.);
#785=EDGE_CURVE('',#624,#625,#340,.T.);
#786=EDGE_CURVE('',#625,#626,#91,.T.);
#787=EDGE_CURVE('',#626,#627,#341,.T.);
#788=EDGE_CURVE('',#627,#628,#92,.T.);
#789=EDGE_CURVE('',#628,#629,#342,.T.);
#790=EDGE_CURVE('',#629,#630,#93,.T.);
#791=EDGE_CURVE('',#630,#631,#343,.T.);
#792=EDGE_CURVE('',#631,#632,#94,.T.);
#793=EDGE_CURVE('',#632,#633,#344,.T.);
#794=EDGE_CURVE('',#633,#634,#95,.T.);
#795=EDGE_CURVE('',#634,#635,#345,.T.);
#796=EDGE_CURVE('',#635,#636,#96,.T.);
#797=EDGE_CURVE('',#636,#637,#346,.T.);
#798=EDGE_CURVE('',#637,#638,#97,.T.);
#799=EDGE_CURVE('',#638,#639,#347,.T.);
#800=EDGE_CURVE('',#639,#640,#98,.T.);
#801=EDGE_CURVE('',#640,#641,#348,.T.);
#802=EDGE_CURVE('',#641,#642,#99,.T.);
#803=EDGE_CURVE('',#642,#643,#349,.T.);
#804=EDGE_CURVE('',#643,#644,#100,.T.);
#805=EDGE_CURVE('',#644,#645,#350,.T.);
#806=EDGE_CURVE('',#645,#646,#101,.T.);
#807=EDGE_CURVE('',#646,#647,#351,.T.);
#808=EDGE_CURVE('',#647,#648,#102,.T.);
#809=EDGE_CURVE('',#648,#649,#352,.T.);
#810=EDGE_CURVE('',#649,#650,#103,.T.);
#811=EDGE_CURVE('',#650,#651,#353,.T.);
#812=EDGE_CURVE('',#651,#652,#104,.T.);
#813=EDGE_CURVE('',#652,#653,#354,.T.);
#814=EDGE_CURVE('',#653,#654,#105,.T.);
#815=EDGE_CURVE('',#654,#655,#355,.T.);
#816=EDGE_CURVE('',#655,#656,#106,.T.);
#817=EDGE_CURVE('',#656,#657,#356,.T.);
#818=EDGE_CURVE('',#657,#658,#107,.T.);
#819=EDGE_CURVE('',#658,#659,#357,.T.);
#820=EDGE_CURVE('',#659,#660,#108,.T.);
#821=EDGE_CURVE('',#660,#661,#358,.T.);
#822=EDGE_CURVE('',#661,#662,#109,.T.);
#823=EDGE_CURVE('',#662,#663,#359,.T.);
#824=EDGE_CURVE('',#663,#664,#110,.T.);
#825=EDGE_CURVE('',#664,#665,#360,.T.);
#826=EDGE_CURVE('',#665,#666,#111,.T.);
#827=EDGE_CURVE('',#666,#667,#361,.T.);
#828=EDGE_CURVE('',#667,#616,#112,.T.);
#829=EDGE_CURVE('',#601,#615,#362,.T.);
#830=EDGE_CURVE('',#668,#668,#113,.T.);
#831=EDGE_CURVE('',#669,#670,#363,.T.);
#832=EDGE_CURVE('',#670,#671,#114,.T.);
#833=EDGE_CURVE('',#672,#671,#364,.T.);
#834=EDGE_CURVE('',#672,#673,#115,.T.);
#835=EDGE_CURVE('',#673,#674,#365,.T.);
#836=EDGE_CURVE('',#674,#675,#116,.T.);
#837=EDGE_CURVE('',#676,#675,#366,.T.);
#838=EDGE_CURVE('',#676,#677,#117,.T.);
#839=EDGE_CURVE('',#677,#678,#367,.T.);
#840=EDGE_CURVE('',#678,#679,#118,.T.);
#841=EDGE_CURVE('',#680,#679,#368,.T.);
#842=EDGE_CURVE('',#680,#681,#119,.T.);
#843=EDGE_CURVE('',#681,#682,#369,.T.);
#844=EDGE_CURVE('',#682,#683,#120,.T.);
#845=EDGE_CURVE('',#684,#683,#370,.T.);
#846=EDGE_CURVE('',#684,#685,#121,.T.);
#847=EDGE_CURVE('',#685,#686,#371,.T.);
#848=EDGE_CURVE('',#686,#687,#122,.T.);
#849=EDGE_CURVE('',#688,#687,#372,.T.);
#850=EDGE_CURVE('',#688,#689,#123,.T.);
#851=EDGE_CURVE('',#689,#690,#373,.T.);
#852=EDGE_CURVE('',#690,#691,#124,.T.);
#853=EDGE_CURVE('',#692,#691,#374,.T.);
#854=EDGE_CURVE('',#692,#693,#125,.T.);
#855=EDGE_CURVE('',#693,#694,#375,.T.);
#856=EDGE_CURVE('',#694,#695,#126,.T.);
#857=EDGE_CURVE('',#696,#695,#376,.T.);
#858=EDGE_CURVE('',#696,#697,#127,.T.);
#859=EDGE_CURVE('',#697,#698,#377,.T.);
#860=EDGE_CURVE('',#698,#699,#128,.T.);
#861=EDGE_CURVE('',#700,#699,#378,.T.);
#862=EDGE_CURVE('',#700,#701,#129,.T.);
#863=EDGE_CURVE('',#701,#702,#379,.T.);
#864=EDGE_CURVE('',#702,#703,#130,.T.);
#865=EDGE_CURVE('',#704,#703,#380,.T.);
#866=EDGE_CURVE('',#704,#705,#131,.T.);
#867=EDGE_CURVE('',#705,#706,#381,.T.);
#868=EDGE_CURVE('',#706,#707,#132,.T.);
#869=EDGE_CURVE('',#708,#707,#382,.T.);
#870=EDGE_CURVE('',#708,#709,#133,.T.);
#871=EDGE_CURVE('',#709,#710,#383,.T.);
#872=EDGE_CURVE('',#710,#711,#134,.T.);
#873=EDGE_CURVE('',#712,#711,#384,.T.);
#874=EDGE_CURVE('',#712,#713,#135,.T.);
#875=EDGE_CURVE('',#713,#714,#385,.T.);
#876=EDGE_CURVE('',#714,#715,#136,.T.);
#877=EDGE_CURVE('',#716,#715,#386,.T.);
#878=EDGE_CURVE('',#716,#717,#137,.T.);
#879=EDGE_CURVE('',#717,#718,#387,.T.);
#880=EDGE_CURVE('',#718,#719,#138,.T.);
#881=EDGE_CURVE('',#720,#719,#388,.T.);
#882=EDGE_CURVE('',#720,#669,#139,.T.);
#883=EDGE_CURVE('',#721,#721,#140,.T.);
#884=EDGE_CURVE('',#721,#668,#389,.T.);
#885=EDGE_CURVE('',#669,#617,#390,.T.);
#886=EDGE_CURVE('',#670,#616,#391,.T.);
#887=EDGE_CURVE('',#671,#667,#392,.T.);
#888=EDGE_CURVE('',#672,#666,#393,.T.);
#889=EDGE_CURVE('',#673,#665,#394,.T.);
#890=EDGE_CURVE('',#674,#664,#395,.T.);
#891=EDGE_CURVE('',#675,#663,#396,.T.);
#892=EDGE_CURVE('',#676,#662,#397,.T.);
#893=EDGE_CURVE('',#677,#661,#398,.T.);
#894=EDGE_CURVE('',#678,#660,#399,.T.);
#895=EDGE_CURVE('',#679,#659,#400,.T.);
#896=EDGE_CURVE('',#680,#658,#401,.T.);
#897=EDGE_CURVE('',#681,#657,#402,.T.);
#898=EDGE_CURVE('',#682,#656,#403,.T.);
#899=EDGE_CURVE('',#683,#655,#404,.T.);
#900=EDGE_CURVE('',#684,#654,#405,.T.);
#901=EDGE_CURVE('',#685,#653,#406,.T.);
#902=EDGE_CURVE('',#686,#652,#407,.T.);
#903=EDGE_CURVE('',#687,#651,#408,.T.);
#904=EDGE_CURVE('',#688,#650,#409,.T.);
#905=EDGE_CURVE('',#689,#649,#410,.T.);
#906=EDGE_CURVE('',#690,#648,#411,.T.);
#907=EDGE_CURVE('',#691,#647,#412,.T.);
#908=EDGE_CURVE('',#692,#646,#413,.T.);
#909=EDGE_CURVE('',#693,#645,#414,.T.);
#910=EDGE_CURVE('',#694,#644,#415,.T.);
#911=EDGE_CURVE('',#695,#643,#416,.T.);
#912=EDGE_CURVE('',#696,#642,#417,.T.);
#913=EDGE_CURVE('',#697,#641,#418,.T.);
#914=EDGE_CURVE('',#698,#640,#419,.T.);
#915=EDGE_CURVE('',#699,#639,#420,.T.);
#916=EDGE_CURVE('',#700,#638,#421,.T.);
#917=EDGE_CURVE('',#701,#637,#422,.T.);
#918=EDGE_CURVE('',#702,#636,#423,.T.);
#919=EDGE_CURVE('',#703,#635,#424,.T.);
#920=EDGE_CURVE('',#704,#634,#425,.T.);
#921=EDGE_CURVE('',#705,#633,#426,.T.);
#922=EDGE_CURVE('',#706,#632,#427,.T.);
#923=EDGE_CURVE('',#707,#631,#428,.T.);
#924=EDGE_CURVE('',#708,#630,#429,.T.);
#925=EDGE_CURVE('',#709,#629,#430,.T.);
#926=EDGE_CURVE('',#710,#628,#431,.T.);
#927=EDGE_CURVE('',#711,#627,#432,.T.);
#928=EDGE_CURVE('',#712,#626,#433,.T.);
#929=EDGE_CURVE('',#713,#625,#434,.T.);
#930=EDGE_CURVE('',#714,#624,#435,.T.);
#931=EDGE_CURVE('',#715,#623,#436,.T.);
#932=EDGE_CURVE('',#716,#622,#437,.T.);
#933=EDGE_CURVE('',#717,#621,#438,.T.);
#934=EDGE_CURVE('',#718,#620,#439,.T.);
#935=EDGE_CURVE('',#719,#619,#440,.T.);
#936=EDGE_CURVE('',#720,#618,#441,.T.);
#937=ORIENTED_EDGE('',*,*,#722,.F.);
#938=ORIENTED_EDGE('',*,*,#723,.F.);
#939=ORIENTED_EDGE('',*,*,#724,.T.);
#940=ORIENTED_EDGE('',*,*,#725,.F.);
#941=ORIENTED_EDGE('',*,*,#726,.T.);
#942=ORIENTED_EDGE('',*,*,#727,.T.);
#943=ORIENTED_EDGE('',*,*,#728,.T.);
#944=ORIENTED_EDGE('',*,*,#729,.F.);
#945=ORIENTED_EDGE('',*,*,#730,.T.);
#946=ORIENTED_EDGE('',*,*,#731,.T.);
#947=ORIENTED_EDGE('',*,*,#732,.T.);
#948=ORIENTED_EDGE('',*,*,#733,.T.);
#949=ORIENTED_EDGE('',*,*,#734,.T.);
#950=ORIENTED_EDGE('',*,*,#735,.T.);
#951=ORIENTED_EDGE('',*,*,#736,.T.);
#952=ORIENTED_EDGE('',*,*,#725,.T.);
#953=ORIENTED_EDGE('',*,*,#726,.F.);
#954=ORIENTED_EDGE('',*,*,#724,.F.);
#955=ORIENTED_EDGE('',*,*,#737,.F.);
#956=ORIENTED_EDGE('',*,*,#738,.F.);
#957=ORIENTED_EDGE('',*,*,#739,.T.);
#958=ORIENTED_EDGE('',*,*,#740,.T.);
#959=ORIENTED_EDGE('',*,*,#741,.T.);
#960=ORIENTED_EDGE('',*,*,#742,.T.);
#961=ORIENTED_EDGE('',*,*,#740,.F.);
#962=ORIENTED_EDGE('',*,*,#742,.F.);
#963=ORIENTED_EDGE('',*,*,#743,.F.);
#964=ORIENTED_EDGE('',*,*,#744,.F.);
#965=ORIENTED_EDGE('',*,*,#745,.T.);
#966=ORIENTED_EDGE('',*,*,#746,.F.);
#967=ORIENTED_EDGE('',*,*,#745,.F.);
#968=ORIENTED_EDGE('',*,*,#746,.T.);
#969=ORIENTED_EDGE('',*,*,#741,.F.);
#970=ORIENTED_EDGE('',*,*,#747,.T.);
#971=ORIENTED_EDGE('',*,*,#729,.T.);
#972=ORIENTED_EDGE('',*,*,#748,.F.);
#973=ORIENTED_EDGE('',*,*,#749,.F.);
#974=ORIENTED_EDGE('',*,*,#750,.T.);
#975=ORIENTED_EDGE('',*,*,#723,.T.);
#976=ORIENTED_EDGE('',*,*,#751,.T.);
#977=ORIENTED_EDGE('',*,*,#752,.T.);
#978=ORIENTED_EDGE('',*,*,#753,.T.);
#979=ORIENTED_EDGE('',*,*,#754,.T.);
#980=ORIENTED_EDGE('',*,*,#755,.T.);
#981=ORIENTED_EDGE('',*,*,#756,.T.);
#982=ORIENTED_EDGE('',*,*,#757,.T.);
#983=ORIENTED_EDGE('',*,*,#749,.T.);
#984=ORIENTED_EDGE('',*,*,#758,.T.);
#985=ORIENTED_EDGE('',*,*,#759,.F.);
#986=ORIENTED_EDGE('',*,*,#737,.T.);
#987=ORIENTED_EDGE('',*,*,#760,.F.);
#988=ORIENTED_EDGE('',*,*,#761,.F.);
#989=ORIENTED_EDGE('',*,*,#762,.T.);
#990=ORIENTED_EDGE('',*,*,#763,.T.);
#991=ORIENTED_EDGE('',*,*,#762,.F.);
#992=ORIENTED_EDGE('',*,*,#763,.F.);
#993=ORIENTED_EDGE('',*,*,#764,.F.);
#994=ORIENTED_EDGE('',*,*,#765,.F.);
#995=ORIENTED_EDGE('',*,*,#766,.T.);
#996=ORIENTED_EDGE('',*,*,#764,.T.);
#997=ORIENTED_EDGE('',*,*,#766,.F.);
#998=ORIENTED_EDGE('',*,*,#728,.F.);
#999=ORIENTED_EDGE('',*,*,#767,.F.);
#1000=ORIENTED_EDGE('',*,*,#768,.F.);
#1001=ORIENTED_EDGE('',*,*,#758,.F.);
#1002=ORIENTED_EDGE('',*,*,#748,.T.);
#1003=ORIENTED_EDGE('',*,*,#765,.T.);
#1004=ORIENTED_EDGE('',*,*,#768,.T.);
#1005=ORIENTED_EDGE('',*,*,#769,.T.);
#1006=ORIENTED_EDGE('',*,*,#738,.T.);
#1007=ORIENTED_EDGE('',*,*,#759,.T.);
#1008=ORIENTED_EDGE('',*,*,#769,.F.);
#1009=ORIENTED_EDGE('',*,*,#767,.T.);
#1010=ORIENTED_EDGE('',*,*,#727,.F.);
#1011=ORIENTED_EDGE('',*,*,#739,.F.);
#1012=ORIENTED_EDGE('',*,*,#743,.T.);
#1013=ORIENTED_EDGE('',*,*,#744,.T.);
#1014=ORIENTED_EDGE('',*,*,#760,.T.);
#1015=ORIENTED_EDGE('',*,*,#761,.T.);
#1016=ORIENTED_EDGE('',*,*,#722,.T.);
#1017=ORIENTED_EDGE('',*,*,#736,.F.);
#1018=ORIENTED_EDGE('',*,*,#770,.F.);
#1019=ORIENTED_EDGE('',*,*,#751,.F.);
#1020=ORIENTED_EDGE('',*,*,#752,.F.);
#1021=ORIENTED_EDGE('',*,*,#770,.T.);
#1022=ORIENTED_EDGE('',*,*,#735,.F.);
#1023=ORIENTED_EDGE('',*,*,#771,.F.);
#1024=ORIENTED_EDGE('',*,*,#753,.F.);
#1025=ORIENTED_EDGE('',*,*,#771,.T.);
#1026=ORIENTED_EDGE('',*,*,#734,.F.);
#1027=ORIENTED_EDGE('',*,*,#772,.F.);
#1028=ORIENTED_EDGE('',*,*,#754,.F.);
#1029=ORIENTED_EDGE('',*,*,#772,.T.);
#1030=ORIENTED_EDGE('',*,*,#733,.F.);
#1031=ORIENTED_EDGE('',*,*,#773,.F.);
#1032=ORIENTED_EDGE('',*,*,#755,.F.);
#1033=ORIENTED_EDGE('',*,*,#773,.T.);
#1034=ORIENTED_EDGE('',*,*,#732,.F.);
#1035=ORIENTED_EDGE('',*,*,#774,.F.);
#1036=ORIENTED_EDGE('',*,*,#756,.F.);
#1037=ORIENTED_EDGE('',*,*,#774,.T.);
#1038=ORIENTED_EDGE('',*,*,#731,.F.);
#1039=ORIENTED_EDGE('',*,*,#775,.F.);
#1040=ORIENTED_EDGE('',*,*,#757,.F.);
#1041=ORIENTED_EDGE('',*,*,#775,.T.);
#1042=ORIENTED_EDGE('',*,*,#730,.F.);
#1043=ORIENTED_EDGE('',*,*,#747,.F.);
#1044=ORIENTED_EDGE('',*,*,#776,.F.);
#1045=ORIENTED_EDGE('',*,*,#777,.T.);
#1046=ORIENTED_EDGE('',*,*,#778,.T.);
#1047=ORIENTED_EDGE('',*,*,#779,.T.);
#1048=ORIENTED_EDGE('',*,*,#780,.T.);
#1049=ORIENTED_EDGE('',*,*,#781,.T.);
#1050=ORIENTED_EDGE('',*,*,#782,.T.);
#1051=ORIENTED_EDGE('',*,*,#783,.T.);
#1052=ORIENTED_EDGE('',*,*,#784,.T.);
#1053=ORIENTED_EDGE('',*,*,#785,.T.);
#1054=ORIENTED_EDGE('',*,*,#786,.T.);
#1055=ORIENTED_EDGE('',*,*,#787,.T.);
#1056=ORIENTED_EDGE('',*,*,#788,.T.);
#1057=ORIENTED_EDGE('',*,*,#789,.T.);
#1058=ORIENTED_EDGE('',*,*,#790,.T.);
#1059=ORIENTED_EDGE('',*,*,#791,.T.);
#1060=ORIENTED_EDGE('',*,*,#792,.T.);
#1061=ORIENTED_EDGE('',*,*,#793,.T.);
#1062=ORIENTED_EDGE('',*,*,#794,.T.);
#1063=ORIENTED_EDGE('',*,*,#795,.T.);
#1064=ORIENTED_EDGE('',*,*,#796,.T.);
#1065=ORIENTED_EDGE('',*,*,#797,.T.);
#1066=ORIENTED_EDGE('',*,*,#798,.T.);
#1067=ORIENTED_EDGE('',*,*,#799,.T.);
#1068=ORIENTED_EDGE('',*,*,#800,.T.);
#1069=ORIENTED_EDGE('',*,*,#801,.T.);
#1070=ORIENTED_EDGE('',*,*,#802,.T.);
#1071=ORIENTED_EDGE('',*,*,#803,.T.);
#1072=ORIENTED_EDGE('',*,*,#804,.T.);
#1073=ORIENTED_EDGE('',*,*,#805,.T.);
#1074=ORIENTED_EDGE('',*,*,#806,.T.);
#1075=ORIENTED_EDGE('',*,*,#807,.T.);
#1076=ORIENTED_EDGE('',*,*,#808,.T.);
#1077=ORIENTED_EDGE('',*,*,#809,.T.);
#1078=ORIENTED_EDGE('',*,*,#810,.T.);
#1079=ORIENTED_EDGE('',*,*,#811,.T.);
#1080=ORIENTED_EDGE('',*,*,#812,.T.);
#1081=ORIENTED_EDGE('',*,*,#813,.T.);
#1082=ORIENTED_EDGE('',*,*,#814,.T.);
#1083=ORIENTED_EDGE('',*,*,#815,.T.);
#1084=ORIENTED_EDGE('',*,*,#816,.T.);
#1085=ORIENTED_EDGE('',*,*,#817,.T.);
#1086=ORIENTED_EDGE('',*,*,#818,.T.);
#1087=ORIENTED_EDGE('',*,*,#819,.T.);
#1088=ORIENTED_EDGE('',*,*,#820,.T.);
#1089=ORIENTED_EDGE('',*,*,#821,.T.);
#1090=ORIENTED_EDGE('',*,*,#822,.T.);
#1091=ORIENTED_EDGE('',*,*,#823,.T.);
#1092=ORIENTED_EDGE('',*,*,#824,.T.);
#1093=ORIENTED_EDGE('',*,*,#825,.T.);
#1094=ORIENTED_EDGE('',*,*,#826,.T.);
#1095=ORIENTED_EDGE('',*,*,#827,.T.);
#1096=ORIENTED_EDGE('',*,*,#828,.T.);
#1097=ORIENTED_EDGE('',*,*,#750,.F.);
#1098=ORIENTED_EDGE('',*,*,#829,.T.);
#1099=ORIENTED_EDGE('',*,*,#776,.T.);
#1100=ORIENTED_EDGE('',*,*,#829,.F.);
#1101=ORIENTED_EDGE('',*,*,#830,.F.);
#1102=ORIENTED_EDGE('',*,*,#831,.T.);
#1103=ORIENTED_EDGE('',*,*,#832,.T.);
#1104=ORIENTED_EDGE('',*,*,#833,.F.);
#1105=ORIENTED_EDGE('',*,*,#834,.T.);
#1106=ORIENTED_EDGE('',*,*,#835,.T.);
#1107=ORIENTED_EDGE('',*,*,#836,.T.);
#1108=ORIENTED_EDGE('',*,*,#837,.F.);
#1109=ORIENTED_EDGE('',*,*,#838,.T.);
#1110=ORIENTED_EDGE('',*,*,#839,.T.);
#1111=ORIENTED_EDGE('',*,*,#840,.T.);
#1112=ORIENTED_EDGE('',*,*,#841,.F.);
#1113=ORIENTED_EDGE('',*,*,#842,.T.);
#1114=ORIENTED_EDGE('',*,*,#843,.T.);
#1115=ORIENTED_EDGE('',*,*,#844,.T.);
#1116=ORIENTED_EDGE('',*,*,#845,.F.);
#1117=ORIENTED_EDGE('',*,*,#846,.T.);
#1118=ORIENTED_EDGE('',*,*,#847,.T.);
#1119=ORIENTED_EDGE('',*,*,#848,.T.);
#1120=ORIENTED_EDGE('',*,*,#849,.F.);
#1121=ORIENTED_EDGE('',*,*,#850,.T.);
#1122=ORIENTED_EDGE('',*,*,#851,.T.);
#1123=ORIENTED_EDGE('',*,*,#852,.T.);
#1124=ORIENTED_EDGE('',*,*,#853,.F.);
#1125=ORIENTED_EDGE('',*,*,#854,.T.);
#1126=ORIENTED_EDGE('',*,*,#855,.T.);
#1127=ORIENTED_EDGE('',*,*,#856,.T.);
#1128=ORIENTED_EDGE('',*,*,#857,.F.);
#1129=ORIENTED_EDGE('',*,*,#858,.T.);
#1130=ORIENTED_EDGE('',*,*,#859,.T.);
#1131=ORIENTED_EDGE('',*,*,#860,.T.);
#1132=ORIENTED_EDGE('',*,*,#861,.F.);
#1133=ORIENTED_EDGE('',*,*,#862,.T.);
#1134=ORIENTED_EDGE('',*,*,#863,.T.);
#1135=ORIENTED_EDGE('',*,*,#864,.T.);
#1136=ORIENTED_EDGE('',*,*,#865,.F.);
#1137=ORIENTED_EDGE('',*,*,#866,.T.);
#1138=ORIENTED_EDGE('',*,*,#867,.T.);
#1139=ORIENTED_EDGE('',*,*,#868,.T.);
#1140=ORIENTED_EDGE('',*,*,#869,.F.);
#1141=ORIENTED_EDGE('',*,*,#870,.T.);
#1142=ORIENTED_EDGE('',*,*,#871,.T.);
#1143=ORIENTED_EDGE('',*,*,#872,.T.);
#1144=ORIENTED_EDGE('',*,*,#873,.F.);
#1145=ORIENTED_EDGE('',*,*,#874,.T.);
#1146=ORIENTED_EDGE('',*,*,#875,.T.);
#1147=ORIENTED_EDGE('',*,*,#876,.T.);
#1148=ORIENTED_EDGE('',*,*,#877,.F.);
#1149=ORIENTED_EDGE('',*,*,#878,.T.);
#1150=ORIENTED_EDGE('',*,*,#879,.T.);
#1151=ORIENTED_EDGE('',*,*,#880,.T.);
#1152=ORIENTED_EDGE('',*,*,#881,.F.);
#1153=ORIENTED_EDGE('',*,*,#882,.T.);
#1154=ORIENTED_EDGE('',*,*,#883,.F.);
#1155=ORIENTED_EDGE('',*,*,#884,.T.);
#1156=ORIENTED_EDGE('',*,*,#830,.T.);
#1157=ORIENTED_EDGE('',*,*,#884,.F.);
#1158=ORIENTED_EDGE('',*,*,#883,.T.);
#1159=ORIENTED_EDGE('',*,*,#831,.F.);
#1160=ORIENTED_EDGE('',*,*,#885,.T.);
#1161=ORIENTED_EDGE('',*,*,#777,.F.);
#1162=ORIENTED_EDGE('',*,*,#886,.F.);
#1163=ORIENTED_EDGE('',*,*,#832,.F.);
#1164=ORIENTED_EDGE('',*,*,#886,.T.);
#1165=ORIENTED_EDGE('',*,*,#828,.F.);
#1166=ORIENTED_EDGE('',*,*,#887,.F.);
#1167=ORIENTED_EDGE('',*,*,#833,.T.);
#1168=ORIENTED_EDGE('',*,*,#887,.T.);
#1169=ORIENTED_EDGE('',*,*,#827,.F.);
#1170=ORIENTED_EDGE('',*,*,#888,.F.);
#1171=ORIENTED_EDGE('',*,*,#834,.F.);
#1172=ORIENTED_EDGE('',*,*,#888,.T.);
#1173=ORIENTED_EDGE('',*,*,#826,.F.);
#1174=ORIENTED_EDGE('',*,*,#889,.F.);
#1175=ORIENTED_EDGE('',*,*,#835,.F.);
#1176=ORIENTED_EDGE('',*,*,#889,.T.);
#1177=ORIENTED_EDGE('',*,*,#825,.F.);
#1178=ORIENTED_EDGE('',*,*,#890,.F.);
#1179=ORIENTED_EDGE('',*,*,#836,.F.);
#1180=ORIENTED_EDGE('',*,*,#890,.T.);
#1181=ORIENTED_EDGE('',*,*,#824,.F.);
#1182=ORIENTED_EDGE('',*,*,#891,.F.);
#1183=ORIENTED_EDGE('',*,*,#837,.T.);
#1184=ORIENTED_EDGE('',*,*,#891,.T.);
#1185=ORIENTED_EDGE('',*,*,#823,.F.);
#1186=ORIENTED_EDGE('',*,*,#892,.F.);
#1187=ORIENTED_EDGE('',*,*,#838,.F.);
#1188=ORIENTED_EDGE('',*,*,#892,.T.);
#1189=ORIENTED_EDGE('',*,*,#822,.F.);
#1190=ORIENTED_EDGE('',*,*,#893,.F.);
#1191=ORIENTED_EDGE('',*,*,#839,.F.);
#1192=ORIENTED_EDGE('',*,*,#893,.T.);
#1193=ORIENTED_EDGE('',*,*,#821,.F.);
#1194=ORIENTED_EDGE('',*,*,#894,.F.);
#1195=ORIENTED_EDGE('',*,*,#840,.F.);
#1196=ORIENTED_EDGE('',*,*,#894,.T.);
#1197=ORIENTED_EDGE('',*,*,#820,.F.);
#1198=ORIENTED_EDGE('',*,*,#895,.F.);
#1199=ORIENTED_EDGE('',*,*,#841,.T.);
#1200=ORIENTED_EDGE('',*,*,#895,.T.);
#1201=ORIENTED_EDGE('',*,*,#819,.F.);
#1202=ORIENTED_EDGE('',*,*,#896,.F.);
#1203=ORIENTED_EDGE('',*,*,#842,.F.);
#1204=ORIENTED_EDGE('',*,*,#896,.T.);
#1205=ORIENTED_EDGE('',*,*,#818,.F.);
#1206=ORIENTED_EDGE('',*,*,#897,.F.);
#1207=ORIENTED_EDGE('',*,*,#843,.F.);
#1208=ORIENTED_EDGE('',*,*,#897,.T.);
#1209=ORIENTED_EDGE('',*,*,#817,.F.);
#1210=ORIENTED_EDGE('',*,*,#898,.F.);
#1211=ORIENTED_EDGE('',*,*,#844,.F.);
#1212=ORIENTED_EDGE('',*,*,#898,.T.);
#1213=ORIENTED_EDGE('',*,*,#816,.F.);
#1214=ORIENTED_EDGE('',*,*,#899,.F.);
#1215=ORIENTED_EDGE('',*,*,#845,.T.);
#1216=ORIENTED_EDGE('',*,*,#899,.T.);
#1217=ORIENTED_EDGE('',*,*,#815,.F.);
#1218=ORIENTED_EDGE('',*,*,#900,.F.);
#1219=ORIENTED_EDGE('',*,*,#846,.F.);
#1220=ORIENTED_EDGE('',*,*,#900,.T.);
#1221=ORIENTED_EDGE('',*,*,#814,.F.);
#1222=ORIENTED_EDGE('',*,*,#901,.F.);
#1223=ORIENTED_EDGE('',*,*,#847,.F.);
#1224=ORIENTED_EDGE('',*,*,#901,.T.);
#1225=ORIENTED_EDGE('',*,*,#813,.F.);
#1226=ORIENTED_EDGE('',*,*,#902,.F.);
#1227=ORIENTED_EDGE('',*,*,#848,.F.);
#1228=ORIENTED_EDGE('',*,*,#902,.T.);
#1229=ORIENTED_EDGE('',*,*,#812,.F.);
#1230=ORIENTED_EDGE('',*,*,#903,.F.);
#1231=ORIENTED_EDGE('',*,*,#849,.T.);
#1232=ORIENTED_EDGE('',*,*,#903,.T.);
#1233=ORIENTED_EDGE('',*,*,#811,.F.);
#1234=ORIENTED_EDGE('',*,*,#904,.F.);
#1235=ORIENTED_EDGE('',*,*,#850,.F.);
#1236=ORIENTED_EDGE('',*,*,#904,.T.);
#1237=ORIENTED_EDGE('',*,*,#810,.F.);
#1238=ORIENTED_EDGE('',*,*,#905,.F.);
#1239=ORIENTED_EDGE('',*,*,#851,.F.);
#1240=ORIENTED_EDGE('',*,*,#905,.T.);
#1241=ORIENTED_EDGE('',*,*,#809,.F.);
#1242=ORIENTED_EDGE('',*,*,#906,.F.);
#1243=ORIENTED_EDGE('',*,*,#852,.F.);
#1244=ORIENTED_EDGE('',*,*,#906,.T.);
#1245=ORIENTED_EDGE('',*,*,#808,.F.);
#1246=ORIENTED_EDGE('',*,*,#907,.F.);
#1247=ORIENTED_EDGE('',*,*,#853,.T.);
#1248=ORIENTED_EDGE('',*,*,#907,.T.);
#1249=ORIENTED_EDGE('',*,*,#807,.F.);
#1250=ORIENTED_EDGE('',*,*,#908,.F.);
#1251=ORIENTED_EDGE('',*,*,#854,.F.);
#1252=ORIENTED_EDGE('',*,*,#908,.T.);
#1253=ORIENTED_EDGE('',*,*,#806,.F.);
#1254=ORIENTED_EDGE('',*,*,#909,.F.);
#1255=ORIENTED_EDGE('',*,*,#855,.F.);
#1256=ORIENTED_EDGE('',*,*,#909,.T.);
#1257=ORIENTED_EDGE('',*,*,#805,.F.);
#1258=ORIENTED_EDGE('',*,*,#910,.F.);
#1259=ORIENTED_EDGE('',*,*,#856,.F.);
#1260=ORIENTED_EDGE('',*,*,#910,.T.);
#1261=ORIENTED_EDGE('',*,*,#804,.F.);
#1262=ORIENTED_EDGE('',*,*,#911,.F.);
#1263=ORIENTED_EDGE('',*,*,#857,.T.);
#1264=ORIENTED_EDGE('',*,*,#911,.T.);
#1265=ORIENTED_EDGE('',*,*,#803,.F.);
#1266=ORIENTED_EDGE('',*,*,#912,.F.);
#1267=ORIENTED_EDGE('',*,*,#858,.F.);
#1268=ORIENTED_EDGE('',*,*,#912,.T.);
#1269=ORIENTED_EDGE('',*,*,#802,.F.);
#1270=ORIENTED_EDGE('',*,*,#913,.F.);
#1271=ORIENTED_EDGE('',*,*,#859,.F.);
#1272=ORIENTED_EDGE('',*,*,#913,.T.);
#1273=ORIENTED_EDGE('',*,*,#801,.F.);
#1274=ORIENTED_EDGE('',*,*,#914,.F.);
#1275=ORIENTED_EDGE('',*,*,#860,.F.);
#1276=ORIENTED_EDGE('',*,*,#914,.T.);
#1277=ORIENTED_EDGE('',*,*,#800,.F.);
#1278=ORIENTED_EDGE('',*,*,#915,.F.);
#1279=ORIENTED_EDGE('',*,*,#861,.T.);
#1280=ORIENTED_EDGE('',*,*,#915,.T.);
#1281=ORIENTED_EDGE('',*,*,#799,.F.);
#1282=ORIENTED_EDGE('',*,*,#916,.F.);
#1283=ORIENTED_EDGE('',*,*,#862,.F.);
#1284=ORIENTED_EDGE('',*,*,#916,.T.);
#1285=ORIENTED_EDGE('',*,*,#798,.F.);
#1286=ORIENTED_EDGE('',*,*,#917,.F.);
#1287=ORIENTED_EDGE('',*,*,#863,.F.);
#1288=ORIENTED_EDGE('',*,*,#917,.T.);
#1289=ORIENTED_EDGE('',*,*,#797,.F.);
#1290=ORIENTED_EDGE('',*,*,#918,.F.);
#1291=ORIENTED_EDGE('',*,*,#864,.F.);
#1292=ORIENTED_EDGE('',*,*,#918,.T.);
#1293=ORIENTED_EDGE('',*,*,#796,.F.);
#1294=ORIENTED_EDGE('',*,*,#919,.F.);
#1295=ORIENTED_EDGE('',*,*,#865,.T.);
#1296=ORIENTED_EDGE('',*,*,#919,.T.);
#1297=ORIENTED_EDGE('',*,*,#795,.F.);
#1298=ORIENTED_EDGE('',*,*,#920,.F.);
#1299=ORIENTED_EDGE('',*,*,#866,.F.);
#1300=ORIENTED_EDGE('',*,*,#920,.T.);
#1301=ORIENTED_EDGE('',*,*,#794,.F.);
#1302=ORIENTED_EDGE('',*,*,#921,.F.);
#1303=ORIENTED_EDGE('',*,*,#867,.F.);
#1304=ORIENTED_EDGE('',*,*,#921,.T.);
#1305=ORIENTED_EDGE('',*,*,#793,.F.);
#1306=ORIENTED_EDGE('',*,*,#922,.F.);
#1307=ORIENTED_EDGE('',*,*,#868,.F.);
#1308=ORIENTED_EDGE('',*,*,#922,.T.);
#1309=ORIENTED_EDGE('',*,*,#792,.F.);
#1310=ORIENTED_EDGE('',*,*,#923,.F.);
#1311=ORIENTED_EDGE('',*,*,#869,.T.);
#1312=ORIENTED_EDGE('',*,*,#923,.T.);
#1313=ORIENTED_EDGE('',*,*,#791,.F.);
#1314=ORIENTED_EDGE('',*,*,#924,.F.);
#1315=ORIENTED_EDGE('',*,*,#870,.F.);
#1316=ORIENTED_EDGE('',*,*,#924,.T.);
#1317=ORIENTED_EDGE('',*,*,#790,.F.);
#1318=ORIENTED_EDGE('',*,*,#925,.F.);
#1319=ORIENTED_EDGE('',*,*,#871,.F.);
#1320=ORIENTED_EDGE('',*,*,#925,.T.);
#1321=ORIENTED_EDGE('',*,*,#789,.F.);
#1322=ORIENTED_EDGE('',*,*,#926,.F.);
#1323=ORIENTED_EDGE('',*,*,#872,.F.);
#1324=ORIENTED_EDGE('',*,*,#926,.T.);
#1325=ORIENTED_EDGE('',*,*,#788,.F.);
#1326=ORIENTED_EDGE('',*,*,#927,.F.);
#1327=ORIENTED_EDGE('',*,*,#873,.T.);
#1328=ORIENTED_EDGE('',*,*,#927,.T.);
#1329=ORIENTED_EDGE('',*,*,#787,.F.);
#1330=ORIENTED_EDGE('',*,*,#928,.F.);
#1331=ORIENTED_EDGE('',*,*,#874,.F.);
#1332=ORIENTED_EDGE('',*,*,#928,.T.);
#1333=ORIENTED_EDGE('',*,*,#786,.F.);
#1334=ORIENTED_EDGE('',*,*,#929,.F.);
#1335=ORIENTED_EDGE('',*,*,#875,.F.);
#1336=ORIENTED_EDGE('',*,*,#929,.T.);
#1337=ORIENTED_EDGE('',*,*,#785,.F.);
#1338=ORIENTED_EDGE('',*,*,#930,.F.);
#1339=ORIENTED_EDGE('',*,*,#876,.F.);
#1340=ORIENTED_EDGE('',*,*,#930,.T.);
#1341=ORIENTED_EDGE('',*,*,#784,.F.);
#1342=ORIENTED_EDGE('',*,*,#931,.F.);
#1343=ORIENTED_EDGE('',*,*,#877,.T.);
#1344=ORIENTED_EDGE('',*,*,#931,.T.);
#1345=ORIENTED_EDGE('',*,*,#783,.F.);
#1346=ORIENTED_EDGE('',*,*,#932,.F.);
#1347=ORIENTED_EDGE('',*,*,#878,.F.);
#1348=ORIENTED_EDGE('',*,*,#932,.T.);
#1349=ORIENTED_EDGE('',*,*,#782,.F.);
#1350=ORIENTED_EDGE('',*,*,#933,.F.);
#1351=ORIENTED_EDGE('',*,*,#879,.F.);
#1352=ORIENTED_EDGE('',*,*,#933,.T.);
#1353=ORIENTED_EDGE('',*,*,#781,.F.);
#1354=ORIENTED_EDGE('',*,*,#934,.F.);
#1355=ORIENTED_EDGE('',*,*,#880,.F.);
#1356=ORIENTED_EDGE('',*,*,#934,.T.);
#1357=ORIENTED_EDGE('',*,*,#780,.F.);
#1358=ORIENTED_EDGE('',*,*,#935,.F.);
#1359=ORIENTED_EDGE('',*,*,#881,.T.);
#1360=ORIENTED_EDGE('',*,*,#935,.T.);
#1361=ORIENTED_EDGE('',*,*,#779,.F.);
#1362=ORIENTED_EDGE('',*,*,#936,.F.);
#1363=ORIENTED_EDGE('',*,*,#882,.F.);
#1364=ORIENTED_EDGE('',*,*,#936,.T.);
#1365=ORIENTED_EDGE('',*,*,#778,.F.);
#1366=ORIENTED_EDGE('',*,*,#885,.F.);
#1367=PLANE('',#1499);
#1368=PLANE('',#1500);
#1369=PLANE('',#1506);
#1370=PLANE('',#1512);
#1371=PLANE('',#1513);
#1372=PLANE('',#1514);
#1373=PLANE('',#1523);
#1374=PLANE('',#1527);
#1375=PLANE('',#1532);
#1376=PLANE('',#1534);
#1377=PLANE('',#1536);
#1378=PLANE('',#1538);
#1379=PLANE('',#1567);
#1380=PLANE('',#1597);
#1381=PLANE('',#1598);
#1382=PLANE('',#1600);
#1383=PLANE('',#1602);
#1384=PLANE('',#1604);
#1385=PLANE('',#1606);
#1386=PLANE('',#1608);
#1387=PLANE('',#1610);
#1388=PLANE('',#1612);
#1389=PLANE('',#1614);
#1390=PLANE('',#1616);
#1391=PLANE('',#1618);
#1392=PLANE('',#1620);
#1393=PLANE('',#1622);
#1394=PLANE('',#1624);
#1395=PLANE('',#1626);
#1396=PLANE('',#1628);
#1397=PLANE('',#1630);
#1398=PLANE('',#1632);
#1399=PLANE('',#1634);
#1400=PLANE('',#1636);
#1401=PLANE('',#1638);
#1402=PLANE('',#1640);
#1403=PLANE('',#1642);
#1404=PLANE('',#1644);
#1405=PLANE('',#1646);
#1406=PLANE('',#1648);
#1407=ADVANCED_FACE('',(#141),#1367,.F.);
#1408=ADVANCED_FACE('',(#142),#1368,.T.);
#1409=ADVANCED_FACE('',(#143,#53),#1369,.T.);
#1410=ADVANCED_FACE('',(#144),#16,.F.);
#1411=ADVANCED_FACE('',(#145),#17,.F.);
#1412=ADVANCED_FACE('',(#146,#54),#1370,.F.);
#1413=ADVANCED_FACE('',(#147),#1371,.T.);
#1414=ADVANCED_FACE('',(#148,#55),#1372,.T.);
#1415=ADVANCED_FACE('',(#149),#18,.F.);
#1416=ADVANCED_FACE('',(#150,#56),#1373,.T.);
#1417=ADVANCED_FACE('',(#151),#19,.F.);
#1418=ADVANCED_FACE('',(#152,#57),#1374,.T.);
#1419=ADVANCED_FACE('',(#153),#15,.F.);
#1420=ADVANCED_FACE('',(#154,#58,#59),#20,.T.);
#1421=ADVANCED_FACE('',(#155),#21,.F.);
#1422=ADVANCED_FACE('',(#156),#1375,.T.);
#1423=ADVANCED_FACE('',(#157),#22,.F.);
#1424=ADVANCED_FACE('',(#158),#1376,.T.);
#1425=ADVANCED_FACE('',(#159),#23,.F.);
#1426=ADVANCED_FACE('',(#160),#1377,.T.);
#1427=ADVANCED_FACE('',(#161),#24,.F.);
#1428=ADVANCED_FACE('',(#162,#60),#1378,.F.);
#1429=ADVANCED_FACE('',(#163),#25,.T.);
#1430=ADVANCED_FACE('',(#164,#61),#1379,.F.);
#1431=ADVANCED_FACE('',(#165),#26,.T.);
#1432=ADVANCED_FACE('',(#166),#1380,.T.);
#1433=ADVANCED_FACE('',(#167),#1381,.T.);
#1434=ADVANCED_FACE('',(#168),#27,.T.);
#1435=ADVANCED_FACE('',(#169),#1382,.T.);
#1436=ADVANCED_FACE('',(#170),#28,.T.);
#1437=ADVANCED_FACE('',(#171),#1383,.T.);
#1438=ADVANCED_FACE('',(#172),#29,.T.);
#1439=ADVANCED_FACE('',(#173),#1384,.T.);
#1440=ADVANCED_FACE('',(#174),#30,.T.);
#1441=ADVANCED_FACE('',(#175),#1385,.T.);
#1442=ADVANCED_FACE('',(#176),#31,.T.);
#1443=ADVANCED_FACE('',(#177),#1386,.T.);
#1444=ADVANCED_FACE('',(#178),#32,.T.);
#1445=ADVANCED_FACE('',(#179),#1387,.T.);
#1446=ADVANCED_FACE('',(#180),#33,.T.);
#1447=ADVANCED_FACE('',(#181),#1388,.T.);
#1448=ADVANCED_FACE('',(#182),#34,.T.);
#1449=ADVANCED_FACE('',(#183),#1389,.T.);
#1450=ADVANCED_FACE('',(#184),#35,.T.);
#1451=ADVANCED_FACE('',(#185),#1390,.T.);
#1452=ADVANCED_FACE('',(#186),#36,.T.);
#1453=ADVANCED_FACE('',(#187),#1391,.T.);
#1454=ADVANCED_FACE('',(#188),#37,.T.);
#1455=ADVANCED_FACE('',(#189),#1392,.T.);
#1456=ADVANCED_FACE('',(#190),#38,.T.);
#1457=ADVANCED_FACE('',(#191),#1393,.T.);
#1458=ADVANCED_FACE('',(#192),#39,.T.);
#1459=ADVANCED_FACE('',(#193),#1394,.T.);
#1460=ADVANCED_FACE('',(#194),#40,.T.);
#1461=ADVANCED_FACE('',(#195),#1395,.T.);
#1462=ADVANCED_FACE('',(#196),#41,.T.);
#1463=ADVANCED_FACE('',(#197),#1396,.T.);
#1464=ADVANCED_FACE('',(#198),#42,.T.);
#1465=ADVANCED_FACE('',(#199),#1397,.T.);
#1466=ADVANCED_FACE('',(#200),#43,.T.);
#1467=ADVANCED_FACE('',(#201),#1398,.T.);
#1468=ADVANCED_FACE('',(#202),#44,.T.);
#1469=ADVANCED_FACE('',(#203),#1399,.T.);
#1470=ADVANCED_FACE('',(#204),#45,.T.);
#1471=ADVANCED_FACE('',(#205),#1400,.T.);
#1472=ADVANCED_FACE('',(#206),#46,.T.);
#1473=ADVANCED_FACE('',(#207),#1401,.T.);
#1474=ADVANCED_FACE('',(#208),#47,.T.);
#1475=ADVANCED_FACE('',(#209),#1402,.T.);
#1476=ADVANCED_FACE('',(#210),#48,.T.);
#1477=ADVANCED_FACE('',(#211),#1403,.T.);
#1478=ADVANCED_FACE('',(#212),#49,.T.);
#1479=ADVANCED_FACE('',(#213),#1404,.T.);
#1480=ADVANCED_FACE('',(#214),#50,.T.);
#1481=ADVANCED_FACE('',(#215),#1405,.T.);
#1482=ADVANCED_FACE('',(#216),#51,.T.);
#1483=ADVANCED_FACE('',(#217),#1406,.T.);
#1484=ADVANCED_FACE('',(#218),#52,.T.);
#1485=CLOSED_SHELL('',(#1407,#1408,#1409,#1410,#1411,#1412,#1413,#1414,
#1415,#1416,#1417,#1418,#1419,#1420,#1421,#1422,#1423,#1424,#1425,#1426,
#1427,#1428,#1429,#1430,#1431,#1432,#1433,#1434,#1435,#1436,#1437,#1438,
#1439,#1440,#1441,#1442,#1443,#1444,#1445,#1446,#1447,#1448,#1449,#1450,
#1451,#1452,#1453,#1454,#1455,#1456,#1457,#1458,#1459,#1460,#1461,#1462,
#1463,#1464,#1465,#1466,#1467,#1468,#1469,#1470,#1471,#1472,#1473,#1474,
#1475,#1476,#1477,#1478,#1479,#1480,#1481,#1482,#1483,#1484));
#1486=DERIVED_UNIT_ELEMENT(#1488,1.);
#1487=DERIVED_UNIT_ELEMENT(#2651,-3.);
#1488=(
MASS_UNIT()
NAMED_UNIT(*)
SI_UNIT(.KILO.,.GRAM.)
);
#1489=DERIVED_UNIT((#1486,#1487));
#1490=MEASURE_REPRESENTATION_ITEM('density measure',
POSITIVE_RATIO_MEASURE(7850.),#1489);
#1491=PROPERTY_DEFINITION_REPRESENTATION(#1496,#1493);
#1492=PROPERTY_DEFINITION_REPRESENTATION(#1497,#1494);
#1493=REPRESENTATION('material name',(#1495),#2648);
#1494=REPRESENTATION('density',(#1490),#2648);
#1495=DESCRIPTIVE_REPRESENTATION_ITEM('Steel','Steel');
#1496=PROPERTY_DEFINITION('material property','material name',#2658);
#1497=PROPERTY_DEFINITION('material property','density of part',#2658);
#1498=AXIS2_PLACEMENT_3D('',#2090,#1650,#1651);
#1499=AXIS2_PLACEMENT_3D('',#2091,#1652,#1653);
#1500=AXIS2_PLACEMENT_3D('',#2100,#1658,#1659);
#1501=AXIS2_PLACEMENT_3D('',#2104,#1661,#1662);
#1502=AXIS2_PLACEMENT_3D('',#2110,#1665,#1666);
#1503=AXIS2_PLACEMENT_3D('',#2114,#1668,#1669);
#1504=AXIS2_PLACEMENT_3D('',#2118,#1671,#1672);
#1505=AXIS2_PLACEMENT_3D('',#2121,#1674,#1675);
#1506=AXIS2_PLACEMENT_3D('',#2122,#1676,#1677);
#1507=AXIS2_PLACEMENT_3D('',#2146,#1680,#1681);
#1508=AXIS2_PLACEMENT_3D('',#2147,#1682,#1683);
#1509=AXIS2_PLACEMENT_3D('',#2149,#1684,#1685);
#1510=AXIS2_PLACEMENT_3D('',#2151,#1687,#1688);
#1511=AXIS2_PLACEMENT_3D('',#2204,#1690,#1691);
#1512=AXIS2_PLACEMENT_3D('',#2205,#1692,#1693);
#1513=AXIS2_PLACEMENT_3D('',#2206,#1694,#1695);
#1514=AXIS2_PLACEMENT_3D('',#2212,#1699,#1700);
#1515=AXIS2_PLACEMENT_3D('',#2214,#1701,#1702);
#1516=AXIS2_PLACEMENT_3D('',#2216,#1703,#1704);
#1517=AXIS2_PLACEMENT_3D('',#2220,#1706,#1707);
#1518=AXIS2_PLACEMENT_3D('',#2224,#1709,#1710);
#1519=AXIS2_PLACEMENT_3D('',#2227,#1712,#1713);
#1520=AXIS2_PLACEMENT_3D('',#2230,#1715,#1716);
#1521=AXIS2_PLACEMENT_3D('',#2231,#1717,#1718);
#1522=AXIS2_PLACEMENT_3D('',#2276,#1720,#1721);
#1523=AXIS2_PLACEMENT_3D('',#2277,#1722,#1723);
#1524=AXIS2_PLACEMENT_3D('',#2279,#1724,#1725);
#1525=AXIS2_PLACEMENT_3D('',#2280,#1726,#1727);
#1526=AXIS2_PLACEMENT_3D('',#2282,#1728,#1729);
#1527=AXIS2_PLACEMENT_3D('',#2284,#1731,#1732);
#1528=AXIS2_PLACEMENT_3D('',#2305,#1734,#1735);
#1529=AXIS2_PLACEMENT_3D('',#2306,#1736,#1737);
#1530=AXIS2_PLACEMENT_3D('',#2307,#1738,#1739);
#1531=AXIS2_PLACEMENT_3D('',#2308,#1740,#1741);
#1532=AXIS2_PLACEMENT_3D('',#2310,#1743,#1744);
#1533=AXIS2_PLACEMENT_3D('',#2312,#1746,#1747);
#1534=AXIS2_PLACEMENT_3D('',#2314,#1749,#1750);
#1535=AXIS2_PLACEMENT_3D('',#2316,#1752,#1753);
#1536=AXIS2_PLACEMENT_3D('',#2318,#1755,#1756);
#1537=AXIS2_PLACEMENT_3D('',#2320,#1758,#1759);
#1538=AXIS2_PLACEMENT_3D('',#2321,#1760,#1761);
#1539=AXIS2_PLACEMENT_3D('',#2323,#1762,#1763);
#1540=AXIS2_PLACEMENT_3D('',#2328,#1765,#1766);
#1541=AXIS2_PLACEMENT_3D('',#2332,#1768,#1769);
#1542=AXIS2_PLACEMENT_3D('',#2336,#1771,#1772);
#1543=AXIS2_PLACEMENT_3D('',#2340,#1774,#1775);
#1544=AXIS2_PLACEMENT_3D('',#2344,#1777,#1778);
#1545=AXIS2_PLACEMENT_3D('',#2348,#1780,#1781);
#1546=AXIS2_PLACEMENT_3D('',#2352,#1783,#1784);
#1547=AXIS2_PLACEMENT_3D('',#2356,#1786,#1787);
#1548=AXIS2_PLACEMENT_3D('',#2360,#1789,#1790);
#1549=AXIS2_PLACEMENT_3D('',#2364,#1792,#1793);
#1550=AXIS2_PLACEMENT_3D('',#2368,#1795,#1796);
#1551=AXIS2_PLACEMENT_3D('',#2372,#1798,#1799);
#1552=AXIS2_PLACEMENT_3D('',#2376,#1801,#1802);
#1553=AXIS2_PLACEMENT_3D('',#2380,#1804,#1805);
#1554=AXIS2_PLACEMENT_3D('',#2384,#1807,#1808);
#1555=AXIS2_PLACEMENT_3D('',#2388,#1810,#1811);
#1556=AXIS2_PLACEMENT_3D('',#2392,#1813,#1814);
#1557=AXIS2_PLACEMENT_3D('',#2396,#1816,#1817);
#1558=AXIS2_PLACEMENT_3D('',#2400,#1819,#1820);
#1559=AXIS2_PLACEMENT_3D('',#2404,#1822,#1823);
#1560=AXIS2_PLACEMENT_3D('',#2408,#1825,#1826);
#1561=AXIS2_PLACEMENT_3D('',#2412,#1828,#1829);
#1562=AXIS2_PLACEMENT_3D('',#2416,#1831,#1832);
#1563=AXIS2_PLACEMENT_3D('',#2420,#1834,#1835);
#1564=AXIS2_PLACEMENT_3D('',#2424,#1837,#1838);
#1565=AXIS2_PLACEMENT_3D('',#2427,#1840,#1841);
#1566=AXIS2_PLACEMENT_3D('',#2428,#1842,#1843);
#1567=AXIS2_PLACEMENT_3D('',#2430,#1845,#1846);
#1568=AXIS2_PLACEMENT_3D('',#2432,#1847,#1848);
#1569=AXIS2_PLACEMENT_3D('',#2437,#1850,#1851);
#1570=AXIS2_PLACEMENT_3D('',#2441,#1853,#1854);
#1571=AXIS2_PLACEMENT_3D('',#2445,#1856,#1857);
#1572=AXIS2_PLACEMENT_3D('',#2449,#1859,#1860);
#1573=AXIS2_PLACEMENT_3D('',#2453,#1862,#1863);
#1574=AXIS2_PLACEMENT_3D('',#2457,#1865,#1866);
#1575=AXIS2_PLACEMENT_3D('',#2461,#1868,#1869);
#1576=AXIS2_PLACEMENT_3D('',#2465,#1871,#1872);
#1577=AXIS2_PLACEMENT_3D('',#2469,#1874,#1875);
#1578=AXIS2_PLACEMENT_3D('',#2473,#1877,#1878);
#1579=AXIS2_PLACEMENT_3D('',#2477,#1880,#1881);
#1580=AXIS2_PLACEMENT_3D('',#2481,#1883,#1884);
#1581=AXIS2_PLACEMENT_3D('',#2485,#1886,#1887);
#1582=AXIS2_PLACEMENT_3D('',#2489,#1889,#1890);
#1583=AXIS2_PLACEMENT_3D('',#2493,#1892,#1893);
#1584=AXIS2_PLACEMENT_3D('',#2497,#1895,#1896);
#1585=AXIS2_PLACEMENT_3D('',#2501,#1898,#1899);
#1586=AXIS2_PLACEMENT_3D('',#2505,#1901,#1902);
#1587=AXIS2_PLACEMENT_3D('',#2509,#1904,#1905);
#1588=AXIS2_PLACEMENT_3D('',#2513,#1907,#1908);
#1589=AXIS2_PLACEMENT_3D('',#2517,#1910,#1911);
#1590=AXIS2_PLACEMENT_3D('',#2521,#1913,#1914);
#1591=AXIS2_PLACEMENT_3D('',#2525,#1916,#1917);
#1592=AXIS2_PLACEMENT_3D('',#2529,#1919,#1920);
#1593=AXIS2_PLACEMENT_3D('',#2533,#1922,#1923);
#1594=AXIS2_PLACEMENT_3D('',#2536,#1925,#1926);
#1595=AXIS2_PLACEMENT_3D('',#2537,#1927,#1928);
#1596=AXIS2_PLACEMENT_3D('',#2539,#1929,#1930);
#1597=AXIS2_PLACEMENT_3D('',#2541,#1932,#1933);
#1598=AXIS2_PLACEMENT_3D('',#2542,#1934,#1935);
#1599=AXIS2_PLACEMENT_3D('',#2545,#1938,#1939);
#1600=AXIS2_PLACEMENT_3D('',#2547,#1941,#1942);
#1601=AXIS2_PLACEMENT_3D('',#2549,#1944,#1945);
#1602=AXIS2_PLACEMENT_3D('',#2551,#1947,#1948);
#1603=AXIS2_PLACEMENT_3D('',#2553,#1950,#1951);
#1604=AXIS2_PLACEMENT_3D('',#2555,#1953,#1954);
#1605=AXIS2_PLACEMENT_3D('',#2557,#1956,#1957);
#1606=AXIS2_PLACEMENT_3D('',#2559,#1959,#1960);
#1607=AXIS2_PLACEMENT_3D('',#2561,#1962,#1963);
#1608=AXIS2_PLACEMENT_3D('',#2563,#1965,#1966);
#1609=AXIS2_PLACEMENT_3D('',#2565,#1968,#1969);
#1610=AXIS2_PLACEMENT_3D('',#2567,#1971,#1972);
#1611=AXIS2_PLACEMENT_3D('',#2569,#1974,#1975);
#1612=AXIS2_PLACEMENT_3D('',#2571,#1977,#1978);
#1613=AXIS2_PLACEMENT_3D('',#2573,#1980,#1981);
#1614=AXIS2_PLACEMENT_3D('',#2575,#1983,#1984);
#1615=AXIS2_PLACEMENT_3D('',#2577,#1986,#1987);
#1616=AXIS2_PLACEMENT_3D('',#2579,#1989,#1990);
#1617=AXIS2_PLACEMENT_3D('',#2581,#1992,#1993);
#1618=AXIS2_PLACEMENT_3D('',#2583,#1995,#1996);
#1619=AXIS2_PLACEMENT_3D('',#2585,#1998,#1999);
#1620=AXIS2_PLACEMENT_3D('',#2587,#2001,#2002);
#1621=AXIS2_PLACEMENT_3D('',#2589,#2004,#2005);
#1622=AXIS2_PLACEMENT_3D('',#2591,#2007,#2008);
#1623=AXIS2_PLACEMENT_3D('',#2593,#2010,#2011);
#1624=AXIS2_PLACEMENT_3D('',#2595,#2013,#2014);
#1625=AXIS2_PLACEMENT_3D('',#2597,#2016,#2017);
#1626=AXIS2_PLACEMENT_3D('',#2599,#2019,#2020);
#1627=AXIS2_PLACEMENT_3D('',#2601,#2022,#2023);
#1628=AXIS2_PLACEMENT_3D('',#2603,#2025,#2026);
#1629=AXIS2_PLACEMENT_3D('',#2605,#2028,#2029);
#1630=AXIS2_PLACEMENT_3D('',#2607,#2031,#2032);
#1631=AXIS2_PLACEMENT_3D('',#2609,#2034,#2035);
#1632=AXIS2_PLACEMENT_3D('',#2611,#2037,#2038);
#1633=AXIS2_PLACEMENT_3D('',#2613,#2040,#2041);
#1634=AXIS2_PLACEMENT_3D('',#2615,#2043,#2044);
#1635=AXIS2_PLACEMENT_3D('',#2617,#2046,#2047);
#1636=AXIS2_PLACEMENT_3D('',#2619,#2049,#2050);
#1637=AXIS2_PLACEMENT_3D('',#2621,#2052,#2053);
#1638=AXIS2_PLACEMENT_3D('',#2623,#2055,#2056);
#1639=AXIS2_PLACEMENT_3D('',#2625,#2058,#2059);
#1640=AXIS2_PLACEMENT_3D('',#2627,#2061,#2062);
#1641=AXIS2_PLACEMENT_3D('',#2629,#2064,#2065);
#1642=AXIS2_PLACEMENT_3D('',#2631,#2067,#2068);
#1643=AXIS2_PLACEMENT_3D('',#2633,#2070,#2071);
#1644=AXIS2_PLACEMENT_3D('',#2635,#2073,#2074);
#1645=AXIS2_PLACEMENT_3D('',#2637,#2076,#2077);
#1646=AXIS2_PLACEMENT_3D('',#2639,#2079,#2080);
#1647=AXIS2_PLACEMENT_3D('',#2641,#2082,#2083);
#1648=AXIS2_PLACEMENT_3D('',#2643,#2085,#2086);
#1649=AXIS2_PLACEMENT_3D('',#2645,#2088,#2089);
#1650=DIRECTION('axis',(0.,0.,1.));
#1651=DIRECTION('refdir',(1.,0.,0.));
#1652=DIRECTION('center_axis',(0.,0.,1.));
#1653=DIRECTION('ref_axis',(0.,-1.,0.));
#1654=DIRECTION('',(0.,-1.,0.));
#1655=DIRECTION('',(-1.,0.,0.));
#1656=DIRECTION('',(0.,-1.,0.));
#1657=DIRECTION('',(1.,0.,0.));
#1658=DIRECTION('center_axis',(0.,-1.,0.));
#1659=DIRECTION('ref_axis',(1.,0.,0.));
#1660=DIRECTION('',(0.,0.,1.));
#1661=DIRECTION('center_axis',(0.,-1.,0.));
#1662=DIRECTION('ref_axis',(1.,0.,0.));
#1663=DIRECTION('',(0.,0.,-1.));
#1664=DIRECTION('',(-1.,0.,0.));
#1665=DIRECTION('center_axis',(0.,1.,0.));
#1666=DIRECTION('ref_axis',(1.,0.,0.));
#1667=DIRECTION('',(0.,0.,-1.));
#1668=DIRECTION('center_axis',(0.,1.,0.));
#1669=DIRECTION('ref_axis',(-7.10542735760128E-14,0.,-1.));
#1670=DIRECTION('',(-1.,0.,-8.88178419700144E-15));
#1671=DIRECTION('center_axis',(0.,1.,0.));
#1672=DIRECTION('ref_axis',(-1.,0.,0.));
#1673=DIRECTION('',(0.,0.,1.));
#1674=DIRECTION('center_axis',(0.,1.,0.));
#1675=DIRECTION('ref_axis',(1.,0.,0.));
#1676=DIRECTION('center_axis',(1.,0.,0.));
#1677=DIRECTION('ref_axis',(0.,0.,1.));
#1678=DIRECTION('',(0.,0.,-1.));
#1679=DIRECTION('',(0.,-1.,0.));
#1680=DIRECTION('center_axis',(-1.,0.,0.));
#1681=DIRECTION('ref_axis',(0.,0.,-1.));
#1682=DIRECTION('center_axis',(1.,0.,0.));
#1683=DIRECTION('ref_axis',(0.,0.,-1.));
#1684=DIRECTION('center_axis',(-1.,0.,0.));
#1685=DIRECTION('ref_axis',(0.,0.,-1.));
#1686=DIRECTION('',(1.,0.,0.));
#1687=DIRECTION('center_axis',(-1.,0.,0.));
#1688=DIRECTION('ref_axis',(0.,0.,-1.));
#1689=DIRECTION('',(1.,0.,0.));
#1690=DIRECTION('center_axis',(-1.,0.,0.));
#1691=DIRECTION('ref_axis',(0.,0.,-1.));
#1692=DIRECTION('center_axis',(1.,0.,0.));
#1693=DIRECTION('ref_axis',(0.,0.,-1.));
#1694=DIRECTION('center_axis',(0.,0.,-1.));
#1695=DIRECTION('ref_axis',(0.,-1.,0.));
#1696=DIRECTION('',(0.,-1.,0.));
#1697=DIRECTION('',(0.,-1.,0.));
#1698=DIRECTION('',(-1.,0.,0.));
#1699=DIRECTION('center_axis',(0.,-1.,0.));
#1700=DIRECTION('ref_axis',(1.,0.,0.));
#1701=DIRECTION('center_axis',(0.,-1.,0.));
#1702=DIRECTION('ref_axis',(1.,0.,0.));
#1703=DIRECTION('center_axis',(0.,-1.,0.));
#1704=DIRECTION('ref_axis',(1.,0.,0.));
#1705=DIRECTION('',(0.,0.,-1.));
#1706=DIRECTION('center_axis',(0.,-1.,0.));
#1707=DIRECTION('ref_axis',(-1.,0.,0.));
#1708=DIRECTION('',(1.,0.,8.88178419700144E-15));
#1709=DIRECTION('center_axis',(0.,-1.,0.));
#1710=DIRECTION('ref_axis',(-7.10542735760128E-14,0.,-1.));
#1711=DIRECTION('',(0.,0.,1.));
#1712=DIRECTION('center_axis',(0.,-1.,0.));
#1713=DIRECTION('ref_axis',(1.,0.,0.));
#1714=DIRECTION('',(0.,0.,1.));
#1715=DIRECTION('center_axis',(0.,-1.,0.));
#1716=DIRECTION('ref_axis',(0.,0.,-1.));
#1717=DIRECTION('center_axis',(-1.,0.,0.));
#1718=DIRECTION('ref_axis',(0.,0.,-1.));
#1719=DIRECTION('',(-1.,0.,0.));
#1720=DIRECTION('center_axis',(-1.,0.,0.));
#1721=DIRECTION('ref_axis',(0.,0.,-1.));
#1722=DIRECTION('center_axis',(1.,0.,0.));
#1723=DIRECTION('ref_axis',(0.,0.,-1.));
#1724=DIRECTION('center_axis',(1.,0.,0.));
#1725=DIRECTION('ref_axis',(0.,0.,-1.));
#1726=DIRECTION('center_axis',(1.,0.,0.));
#1727=DIRECTION('ref_axis',(0.,0.,-1.));
#1728=DIRECTION('center_axis',(1.,0.,0.));
#1729=DIRECTION('ref_axis',(0.,0.,-1.));
#1730=DIRECTION('',(1.,0.,0.));
#1731=DIRECTION('center_axis',(-1.,0.,0.));
#1732=DIRECTION('ref_axis',(0.,0.,-1.));
#1733=DIRECTION('',(0.,-1.,0.));
#1734=DIRECTION('center_axis',(0.,1.,0.));
#1735=DIRECTION('ref_axis',(0.,0.,-1.));
#1736=DIRECTION('center_axis',(0.,1.,0.));
#1737=DIRECTION('ref_axis',(0.,0.,-1.));
#1738=DIRECTION('center_axis',(0.,-1.,0.));
#1739=DIRECTION('ref_axis',(-1.07187543957223E-15,0.,-1.));
#1740=DIRECTION('center_axis',(0.,-1.,0.));
#1741=DIRECTION('ref_axis',(-0.986094556675495,0.,-0.166185213827699));
#1742=DIRECTION('',(0.,-1.,0.));
#1743=DIRECTION('center_axis',(1.,0.,0.));
#1744=DIRECTION('ref_axis',(0.,0.,1.));
#1745=DIRECTION('',(0.,-1.,0.));
#1746=DIRECTION('center_axis',(0.,-1.,0.));
#1747=DIRECTION('ref_axis',(-1.,0.,0.));
#1748=DIRECTION('',(0.,-1.,0.));
#1749=DIRECTION('center_axis',(-8.88178419700144E-15,0.,1.));
#1750=DIRECTION('ref_axis',(-1.,0.,-8.88178419700144E-15));
#1751=DIRECTION('',(0.,-1.,0.));
#1752=DIRECTION('center_axis',(0.,-1.,0.));
#1753=DIRECTION('ref_axis',(-7.10542735760128E-14,0.,-1.));
#1754=DIRECTION('',(0.,-1.,0.));
#1755=DIRECTION('center_axis',(-1.,0.,0.));
#1756=DIRECTION('ref_axis',(0.,0.,-1.));
#1757=DIRECTION('',(0.,-1.,0.));
#1758=DIRECTION('center_axis',(0.,-1.,0.));
#1759=DIRECTION('ref_axis',(1.,0.,0.));
#1760=DIRECTION('center_axis',(0.,-1.,0.));
#1761=DIRECTION('ref_axis',(1.,0.,0.));
#1762=DIRECTION('center_axis',(0.,-1.,0.));
#1763=DIRECTION('ref_axis',(1.,0.,0.));
#1764=DIRECTION('',(0.851586206835983,0.,-0.52421458614455));
#1765=DIRECTION('center_axis',(0.,-1.,0.));
#1766=DIRECTION('ref_axis',(0.0523359562429435,0.,0.998629534754574));
#1767=DIRECTION('',(-0.985039998663764,0.,0.172325857121011));
#1768=DIRECTION('center_axis',(0.,-1.,0.));
#1769=DIRECTION('ref_axis',(-0.997656803510789,0.,0.0684171207274556));
#1770=DIRECTION('',(0.997656803510789,0.,-0.0684171207274556));
#1771=DIRECTION('center_axis',(0.,-1.,0.));
#1772=DIRECTION('ref_axis',(0.0523359562429435,0.,0.998629534754574));
#1773=DIRECTION('',(-0.952293421272697,0.,-0.305183944205361));
#1774=DIRECTION('center_axis',(0.,-1.,0.));
#1775=DIRECTION('ref_axis',(-0.915176249569113,0.,-0.403053882532611));
#1776=DIRECTION('',(0.915176249569113,0.,0.403053882532611));
#1777=DIRECTION('center_axis',(0.,-1.,0.));
#1778=DIRECTION('ref_axis',(0.0523359562429435,0.,0.998629534754574));
#1779=DIRECTION('',(-0.701387897447877,0.,-0.71277978177951));
#1780=DIRECTION('center_axis',(0.,-1.,0.));
#1781=DIRECTION('ref_axis',(-0.623039845920566,0.,-0.7821900986303));
#1782=DIRECTION('',(0.623039845920566,0.,0.7821900986303));
#1783=DIRECTION('center_axis',(0.,-1.,0.));
#1784=DIRECTION('ref_axis',(0.0523359562429435,0.,0.998629534754574));
#1785=DIRECTION('',(-0.289802858958219,0.,-0.957086361275534));
#1786=DIRECTION('center_axis',(0.,-1.,0.));
#1787=DIRECTION('ref_axis',(-0.188172522015711,0.,-0.982135989544343));
#1788=DIRECTION('',(0.188172522015711,0.,0.982135989544343));
#1789=DIRECTION('center_axis',(0.,-1.,0.));
#1790=DIRECTION('ref_axis',(0.0523359562429435,0.,0.998629534754574));
#1791=DIRECTION('',(0.188172522015712,0.,-0.982135989544343));
#1792=DIRECTION('center_axis',(0.,-1.,0.));
#1793=DIRECTION('ref_axis',(0.28980285895822,0.,-0.957086361275534));
#1794=DIRECTION('',(-0.28980285895822,0.,0.957086361275534));
#1795=DIRECTION('center_axis',(0.,-1.,0.));
#1796=DIRECTION('ref_axis',(0.0523359562429435,0.,0.998629534754574));
#1797=DIRECTION('',(0.623039845920566,0.,-0.782190098630299));
#1798=DIRECTION('center_axis',(0.,-1.,0.));
#1799=DIRECTION('ref_axis',(0.701387897447878,0.,-0.71277978177951));
#1800=DIRECTION('',(-0.701387897447878,0.,0.71277978177951));
#1801=DIRECTION('center_axis',(0.,-1.,0.));
#1802=DIRECTION('ref_axis',(0.0523359562429435,0.,0.998629534754574));
#1803=DIRECTION('',(0.915176249569113,0.,-0.403053882532611));
#1804=DIRECTION('center_axis',(0.,-1.,0.));
#1805=DIRECTION('ref_axis',(0.952293421272698,0.,-0.30518394420536));
#1806=DIRECTION('',(-0.952293421272698,0.,0.30518394420536));
#1807=DIRECTION('center_axis',(0.,-1.,0.));
#1808=DIRECTION('ref_axis',(0.0523359562429435,0.,0.998629534754574));
#1809=DIRECTION('',(0.997656803510789,0.,0.0684171207274569));
#1810=DIRECTION('center_axis',(0.,-1.,0.));
#1811=DIRECTION('ref_axis',(0.985039998663764,0.,0.172325857121012));
#1812=DIRECTION('',(-0.985039998663764,0.,-0.172325857121012));
#1813=DIRECTION('center_axis',(0.,-1.,0.));
#1814=DIRECTION('ref_axis',(0.0523359562429435,0.,0.998629534754574));
#1815=DIRECTION('',(0.851586206835983,0.,0.52421458614455));
#1816=DIRECTION('center_axis',(0.,-1.,0.));
#1817=DIRECTION('ref_axis',(0.792125783379822,0.,0.610357881332668));
#1818=DIRECTION('',(-0.792125783379822,0.,-0.610357881332668));
#1819=DIRECTION('center_axis',(0.,-1.,0.));
#1820=DIRECTION('ref_axis',(0.0523359562429435,0.,0.998629534754574));
#1821=DIRECTION('',(0.510427472901375,0.,0.859920807346535));
#1822=DIRECTION('center_axis',(0.,-1.,0.));
#1823=DIRECTION('ref_axis',(0.417745097274101,0.,0.908564270540864));
#1824=DIRECTION('',(-0.417745097274101,0.,-0.908564270540864));
#1825=DIRECTION('center_axis',(0.,-1.,0.));
#1826=DIRECTION('ref_axis',(0.0523359562429435,0.,0.998629534754574));
#1827=DIRECTION('',(0.0523359562429436,0.,0.998629534754574));
#1828=DIRECTION('center_axis',(0.,-1.,0.));
#1829=DIRECTION('ref_axis',(-0.0523359562429436,0.,0.998629534754574));
#1830=DIRECTION('',(0.0523359562429436,0.,-0.998629534754574));
#1831=DIRECTION('center_axis',(0.,-1.,0.));
#1832=DIRECTION('ref_axis',(0.0523359562429435,0.,0.998629534754574));
#1833=DIRECTION('',(-0.417745097274102,0.,0.908564270540863));
#1834=DIRECTION('center_axis',(0.,-1.,0.));
#1835=DIRECTION('ref_axis',(-0.510427472901376,0.,0.859920807346534));
#1836=DIRECTION('',(0.510427472901376,0.,-0.859920807346534));
#1837=DIRECTION('center_axis',(0.,-1.,0.));
#1838=DIRECTION('ref_axis',(0.0523359562429435,0.,0.998629534754574));
#1839=DIRECTION('',(-0.792125783379822,0.,0.610357881332668));
#1840=DIRECTION('center_axis',(0.,-1.,0.));
#1841=DIRECTION('ref_axis',(-0.851586206835984,0.,0.52421458614455));
#1842=DIRECTION('center_axis',(0.,-1.,0.));
#1843=DIRECTION('ref_axis',(1.,0.,0.));
#1844=DIRECTION('',(0.,1.,0.));
#1845=DIRECTION('center_axis',(0.,1.,0.));
#1846=DIRECTION('ref_axis',(-1.,0.,0.));
#1847=DIRECTION('center_axis',(0.,1.,0.));
#1848=DIRECTION('ref_axis',(-1.,0.,0.));
#1849=DIRECTION('',(-0.851586206835983,0.,0.52421458614455));
#1850=DIRECTION('center_axis',(0.,1.,0.));
#1851=DIRECTION('ref_axis',(-0.851586206835984,0.,0.52421458614455));
#1852=DIRECTION('',(-0.792125783379822,0.,0.610357881332668));
#1853=DIRECTION('center_axis',(0.,1.,0.));
#1854=DIRECTION('ref_axis',(0.0523359562429435,0.,0.998629534754574));
#1855=DIRECTION('',(-0.510427472901376,0.,0.859920807346534));
#1856=DIRECTION('center_axis',(0.,1.,0.));
#1857=DIRECTION('ref_axis',(-0.510427472901376,0.,0.859920807346534));
#1858=DIRECTION('',(-0.417745097274102,0.,0.908564270540863));
#1859=DIRECTION('center_axis',(0.,1.,0.));
#1860=DIRECTION('ref_axis',(0.0523359562429435,0.,0.998629534754574));
#1861=DIRECTION('',(-0.0523359562429436,0.,0.998629534754574));
#1862=DIRECTION('center_axis',(0.,1.,0.));
#1863=DIRECTION('ref_axis',(-0.0523359562429436,0.,0.998629534754574));
#1864=DIRECTION('',(0.0523359562429436,0.,0.998629534754574));
#1865=DIRECTION('center_axis',(0.,1.,0.));
#1866=DIRECTION('ref_axis',(0.0523359562429435,0.,0.998629534754574));
#1867=DIRECTION('',(0.417745097274101,0.,0.908564270540864));
#1868=DIRECTION('center_axis',(0.,1.,0.));
#1869=DIRECTION('ref_axis',(0.417745097274101,0.,0.908564270540864));
#1870=DIRECTION('',(0.510427472901375,0.,0.859920807346535));
#1871=DIRECTION('center_axis',(0.,1.,0.));
#1872=DIRECTION('ref_axis',(0.0523359562429435,0.,0.998629534754574));
#1873=DIRECTION('',(0.792125783379822,0.,0.610357881332668));
#1874=DIRECTION('center_axis',(0.,1.,0.));
#1875=DIRECTION('ref_axis',(0.792125783379822,0.,0.610357881332668));
#1876=DIRECTION('',(0.851586206835983,0.,0.52421458614455));
#1877=DIRECTION('center_axis',(0.,1.,0.));
#1878=DIRECTION('ref_axis',(0.0523359562429435,0.,0.998629534754574));
#1879=DIRECTION('',(0.985039998663764,0.,0.172325857121012));
#1880=DIRECTION('center_axis',(0.,1.,0.));
#1881=DIRECTION('ref_axis',(0.985039998663764,0.,0.172325857121012));
#1882=DIRECTION('',(0.997656803510789,0.,0.0684171207274569));
#1883=DIRECTION('center_axis',(0.,1.,0.));
#1884=DIRECTION('ref_axis',(0.0523359562429435,0.,0.998629534754574));
#1885=DIRECTION('',(0.952293421272698,0.,-0.30518394420536));
#1886=DIRECTION('center_axis',(0.,1.,0.));
#1887=DIRECTION('ref_axis',(0.952293421272698,0.,-0.30518394420536));
#1888=DIRECTION('',(0.915176249569114,0.,-0.403053882532611));
#1889=DIRECTION('center_axis',(0.,1.,0.));
#1890=DIRECTION('ref_axis',(0.0523359562429435,0.,0.998629534754574));
#1891=DIRECTION('',(0.701387897447878,0.,-0.71277978177951));
#1892=DIRECTION('center_axis',(0.,1.,0.));
#1893=DIRECTION('ref_axis',(0.701387897447878,0.,-0.71277978177951));
#1894=DIRECTION('',(0.623039845920566,0.,-0.782190098630299));
#1895=DIRECTION('center_axis',(0.,1.,0.));
#1896=DIRECTION('ref_axis',(0.0523359562429435,0.,0.998629534754574));
#1897=DIRECTION('',(0.28980285895822,0.,-0.957086361275534));
#1898=DIRECTION('center_axis',(0.,1.,0.));
#1899=DIRECTION('ref_axis',(0.28980285895822,0.,-0.957086361275534));
#1900=DIRECTION('',(0.188172522015712,0.,-0.982135989544343));
#1901=DIRECTION('center_axis',(0.,1.,0.));
#1902=DIRECTION('ref_axis',(0.0523359562429435,0.,0.998629534754574));
#1903=DIRECTION('',(-0.188172522015711,0.,-0.982135989544343));
#1904=DIRECTION('center_axis',(0.,1.,0.));
#1905=DIRECTION('ref_axis',(-0.188172522015711,0.,-0.982135989544343));
#1906=DIRECTION('',(-0.289802858958219,0.,-0.957086361275534));
#1907=DIRECTION('center_axis',(0.,1.,0.));
#1908=DIRECTION('ref_axis',(0.0523359562429435,0.,0.998629534754574));
#1909=DIRECTION('',(-0.623039845920566,0.,-0.7821900986303));
#1910=DIRECTION('center_axis',(0.,1.,0.));
#1911=DIRECTION('ref_axis',(-0.623039845920566,0.,-0.7821900986303));
#1912=DIRECTION('',(-0.701387897447877,0.,-0.71277978177951));
#1913=DIRECTION('center_axis',(0.,1.,0.));
#1914=DIRECTION('ref_axis',(0.0523359562429435,0.,0.998629534754574));
#1915=DIRECTION('',(-0.915176249569113,0.,-0.403053882532611));
#1916=DIRECTION('center_axis',(0.,1.,0.));
#1917=DIRECTION('ref_axis',(-0.915176249569113,0.,-0.403053882532611));
#1918=DIRECTION('',(-0.952293421272697,0.,-0.305183944205361));
#1919=DIRECTION('center_axis',(0.,1.,0.));
#1920=DIRECTION('ref_axis',(0.0523359562429435,0.,0.998629534754574));
#1921=DIRECTION('',(-0.997656803510789,0.,0.0684171207274556));
#1922=DIRECTION('center_axis',(0.,1.,0.));
#1923=DIRECTION('ref_axis',(-0.997656803510789,0.,0.0684171207274556));
#1924=DIRECTION('',(-0.985039998663764,0.,0.172325857121011));
#1925=DIRECTION('center_axis',(0.,1.,0.));
#1926=DIRECTION('ref_axis',(0.0523359562429435,0.,0.998629534754574));
#1927=DIRECTION('center_axis',(0.,1.,0.));
#1928=DIRECTION('ref_axis',(-1.,0.,0.));
#1929=DIRECTION('center_axis',(0.,1.,0.));
#1930=DIRECTION('ref_axis',(-1.,0.,0.));
#1931=DIRECTION('',(0.,-1.,0.));
#1932=DIRECTION('center_axis',(0.,1.,0.));
#1933=DIRECTION('ref_axis',(-1.,0.,0.));
#1934=DIRECTION('center_axis',(-0.52421458614455,0.,-0.851586206835984));
#1935=DIRECTION('ref_axis',(0.851586206835983,0.,-0.52421458614455));
#1936=DIRECTION('',(0.,-1.,0.));
#1937=DIRECTION('',(0.,-1.,0.));
#1938=DIRECTION('center_axis',(0.,-1.,0.));
#1939=DIRECTION('ref_axis',(-0.851586206835984,0.,0.52421458614455));
#1940=DIRECTION('',(0.,-1.,0.));
#1941=DIRECTION('center_axis',(0.610357881332668,0.,0.792125783379822));
#1942=DIRECTION('ref_axis',(-0.792125783379822,0.,0.610357881332668));
#1943=DIRECTION('',(0.,-1.,0.));
#1944=DIRECTION('center_axis',(0.,-1.,0.));
#1945=DIRECTION('ref_axis',(0.0523359562429435,0.,0.998629534754574));
#1946=DIRECTION('',(0.,-1.,0.));
#1947=DIRECTION('center_axis',(-0.859920807346534,0.,-0.510427472901376));
#1948=DIRECTION('ref_axis',(0.510427472901376,0.,-0.859920807346534));
#1949=DIRECTION('',(0.,-1.,0.));
#1950=DIRECTION('center_axis',(0.,-1.,0.));
#1951=DIRECTION('ref_axis',(-0.510427472901376,0.,0.859920807346534));
#1952=DIRECTION('',(0.,-1.,0.));
#1953=DIRECTION('center_axis',(0.908564270540863,0.,0.417745097274102));
#1954=DIRECTION('ref_axis',(-0.417745097274102,0.,0.908564270540863));
#1955=DIRECTION('',(0.,-1.,0.));
#1956=DIRECTION('center_axis',(0.,-1.,0.));
#1957=DIRECTION('ref_axis',(0.0523359562429435,0.,0.998629534754574));
#1958=DIRECTION('',(0.,-1.,0.));
#1959=DIRECTION('center_axis',(-0.998629534754574,0.,-0.0523359562429436));
#1960=DIRECTION('ref_axis',(0.0523359562429436,0.,-0.998629534754574));
#1961=DIRECTION('',(0.,-1.,0.));
#1962=DIRECTION('center_axis',(0.,-1.,0.));
#1963=DIRECTION('ref_axis',(-0.0523359562429436,0.,0.998629534754574));
#1964=DIRECTION('',(0.,-1.,0.));
#1965=DIRECTION('center_axis',(0.998629534754574,0.,-0.0523359562429436));
#1966=DIRECTION('ref_axis',(0.0523359562429436,0.,0.998629534754574));
#1967=DIRECTION('',(0.,-1.,0.));
#1968=DIRECTION('center_axis',(0.,-1.,0.));
#1969=DIRECTION('ref_axis',(0.0523359562429435,0.,0.998629534754574));
#1970=DIRECTION('',(0.,-1.,0.));
#1971=DIRECTION('center_axis',(-0.908564270540864,0.,0.417745097274101));
#1972=DIRECTION('ref_axis',(-0.417745097274101,0.,-0.908564270540864));
#1973=DIRECTION('',(0.,-1.,0.));
#1974=DIRECTION('center_axis',(0.,-1.,0.));
#1975=DIRECTION('ref_axis',(0.417745097274101,0.,0.908564270540864));
#1976=DIRECTION('',(0.,-1.,0.));
#1977=DIRECTION('center_axis',(0.859920807346534,0.,-0.510427472901375));
#1978=DIRECTION('ref_axis',(0.510427472901375,0.,0.859920807346535));
#1979=DIRECTION('',(0.,-1.,0.));
#1980=DIRECTION('center_axis',(0.,-1.,0.));
#1981=DIRECTION('ref_axis',(0.0523359562429435,0.,0.998629534754574));
#1982=DIRECTION('',(0.,-1.,0.));
#1983=DIRECTION('center_axis',(-0.610357881332668,0.,0.792125783379822));
#1984=DIRECTION('ref_axis',(-0.792125783379822,0.,-0.610357881332668));
#1985=DIRECTION('',(0.,-1.,0.));
#1986=DIRECTION('center_axis',(0.,-1.,0.));
#1987=DIRECTION('ref_axis',(0.792125783379822,0.,0.610357881332668));
#1988=DIRECTION('',(0.,-1.,0.));
#1989=DIRECTION('center_axis',(0.52421458614455,0.,-0.851586206835983));
#1990=DIRECTION('ref_axis',(0.851586206835983,0.,0.52421458614455));
#1991=DIRECTION('',(0.,-1.,0.));
#1992=DIRECTION('center_axis',(0.,-1.,0.));
#1993=DIRECTION('ref_axis',(0.0523359562429435,0.,0.998629534754574));
#1994=DIRECTION('',(0.,-1.,0.));
#1995=DIRECTION('center_axis',(-0.172325857121012,0.,0.985039998663764));
#1996=DIRECTION('ref_axis',(-0.985039998663764,0.,-0.172325857121012));
#1997=DIRECTION('',(0.,-1.,0.));
#1998=DIRECTION('center_axis',(0.,-1.,0.));
#1999=DIRECTION('ref_axis',(0.985039998663764,0.,0.172325857121012));
#2000=DIRECTION('',(0.,-1.,0.));
#2001=DIRECTION('center_axis',(0.0684171207274569,0.,-0.997656803510789));
#2002=DIRECTION('ref_axis',(0.997656803510789,0.,0.0684171207274569));
#2003=DIRECTION('',(0.,-1.,0.));
#2004=DIRECTION('center_axis',(0.,-1.,0.));
#2005=DIRECTION('ref_axis',(0.0523359562429435,0.,0.998629534754574));
#2006=DIRECTION('',(0.,-1.,0.));
#2007=DIRECTION('center_axis',(0.30518394420536,0.,0.952293421272698));
#2008=DIRECTION('ref_axis',(-0.952293421272698,0.,0.30518394420536));
#2009=DIRECTION('',(0.,-1.,0.));
#2010=DIRECTION('center_axis',(0.,-1.,0.));
#2011=DIRECTION('ref_axis',(0.952293421272698,0.,-0.30518394420536));
#2012=DIRECTION('',(0.,-1.,0.));
#2013=DIRECTION('center_axis',(-0.403053882532611,0.,-0.915176249569113));
#2014=DIRECTION('ref_axis',(0.915176249569113,0.,-0.403053882532611));
#2015=DIRECTION('',(0.,-1.,0.));
#2016=DIRECTION('center_axis',(0.,-1.,0.));
#2017=DIRECTION('ref_axis',(0.0523359562429435,0.,0.998629534754574));
#2018=DIRECTION('',(0.,-1.,0.));
#2019=DIRECTION('center_axis',(0.71277978177951,0.,0.701387897447878));
#2020=DIRECTION('ref_axis',(-0.701387897447878,0.,0.71277978177951));
#2021=DIRECTION('',(0.,-1.,0.));
#2022=DIRECTION('center_axis',(0.,-1.,0.));
#2023=DIRECTION('ref_axis',(0.701387897447878,0.,-0.71277978177951));
#2024=DIRECTION('',(0.,-1.,0.));
#2025=DIRECTION('center_axis',(-0.782190098630299,0.,-0.623039845920566));
#2026=DIRECTION('ref_axis',(0.623039845920566,0.,-0.782190098630299));
#2027=DIRECTION('',(0.,-1.,0.));
#2028=DIRECTION('center_axis',(0.,-1.,0.));
#2029=DIRECTION('ref_axis',(0.0523359562429435,0.,0.998629534754574));
#2030=DIRECTION('',(0.,-1.,0.));
#2031=DIRECTION('center_axis',(0.957086361275534,0.,0.28980285895822));
#2032=DIRECTION('ref_axis',(-0.28980285895822,0.,0.957086361275534));
#2033=DIRECTION('',(0.,-1.,0.));
#2034=DIRECTION('center_axis',(0.,-1.,0.));
#2035=DIRECTION('ref_axis',(0.28980285895822,0.,-0.957086361275534));
#2036=DIRECTION('',(0.,-1.,0.));
#2037=DIRECTION('center_axis',(-0.982135989544343,0.,-0.188172522015712));
#2038=DIRECTION('ref_axis',(0.188172522015712,0.,-0.982135989544343));
#2039=DIRECTION('',(0.,-1.,0.));
#2040=DIRECTION('center_axis',(0.,-1.,0.));
#2041=DIRECTION('ref_axis',(5.38289951333409E-16,0.,-1.));
#2042=DIRECTION('',(0.,-1.,0.));
#2043=DIRECTION('center_axis',(0.982135989544343,0.,-0.188172522015711));
#2044=DIRECTION('ref_axis',(0.188172522015711,0.,0.982135989544343));
#2045=DIRECTION('',(0.,-1.,0.));
#2046=DIRECTION('center_axis',(0.,-1.,0.));
#2047=DIRECTION('ref_axis',(-0.188172522015711,0.,-0.982135989544343));
#2048=DIRECTION('',(0.,-1.,0.));
#2049=DIRECTION('center_axis',(-0.957086361275534,0.,0.289802858958219));
#2050=DIRECTION('ref_axis',(-0.289802858958219,0.,-0.957086361275534));
#2051=DIRECTION('',(0.,-1.,0.));
#2052=DIRECTION('center_axis',(0.,-1.,0.));
#2053=DIRECTION('ref_axis',(0.0523359562429435,0.,0.998629534754574));
#2054=DIRECTION('',(0.,-1.,0.));
#2055=DIRECTION('center_axis',(0.7821900986303,0.,-0.623039845920566));
#2056=DIRECTION('ref_axis',(0.623039845920566,0.,0.7821900986303));
#2057=DIRECTION('',(0.,-1.,0.));
#2058=DIRECTION('center_axis',(0.,-1.,0.));
#2059=DIRECTION('ref_axis',(-0.623039845920566,0.,-0.7821900986303));
#2060=DIRECTION('',(0.,-1.,0.));
#2061=DIRECTION('center_axis',(-0.71277978177951,0.,0.701387897447877));
#2062=DIRECTION('ref_axis',(-0.701387897447877,0.,-0.71277978177951));
#2063=DIRECTION('',(0.,-1.,0.));
#2064=DIRECTION('center_axis',(0.,-1.,0.));
#2065=DIRECTION('ref_axis',(0.0523359562429435,0.,0.998629534754574));
#2066=DIRECTION('',(0.,-1.,0.));
#2067=DIRECTION('center_axis',(0.403053882532611,0.,-0.915176249569113));
#2068=DIRECTION('ref_axis',(0.915176249569113,0.,0.403053882532611));
#2069=DIRECTION('',(0.,-1.,0.));
#2070=DIRECTION('center_axis',(0.,-1.,0.));
#2071=DIRECTION('ref_axis',(-0.915176249569113,0.,-0.403053882532611));
#2072=DIRECTION('',(0.,-1.,0.));
#2073=DIRECTION('center_axis',(-0.305183944205361,0.,0.952293421272698));
#2074=DIRECTION('ref_axis',(-0.952293421272697,0.,-0.305183944205361));
#2075=DIRECTION('',(0.,-1.,0.));
#2076=DIRECTION('center_axis',(0.,-1.,0.));
#2077=DIRECTION('ref_axis',(0.0523359562429435,0.,0.998629534754574));
#2078=DIRECTION('',(0.,-1.,0.));
#2079=DIRECTION('center_axis',(-0.0684171207274556,0.,-0.997656803510789));
#2080=DIRECTION('ref_axis',(0.997656803510789,0.,-0.0684171207274556));
#2081=DIRECTION('',(0.,-1.,0.));
#2082=DIRECTION('center_axis',(0.,-1.,0.));
#2083=DIRECTION('ref_axis',(-0.997656803510789,0.,0.0684171207274556));
#2084=DIRECTION('',(0.,-1.,0.));
#2085=DIRECTION('center_axis',(0.172325857121011,0.,0.985039998663764));
#2086=DIRECTION('ref_axis',(-0.985039998663764,0.,0.172325857121011));
#2087=DIRECTION('',(0.,-1.,0.));
#2088=DIRECTION('center_axis',(0.,-1.,0.));
#2089=DIRECTION('ref_axis',(0.0523359562429435,0.,0.998629534754574));
#2090=CARTESIAN_POINT('',(0.,0.,0.));
#2091=CARTESIAN_POINT('Origin',(-91.5,-39.,2.79832539208721));
#2092=CARTESIAN_POINT('',(-91.5,-39.,2.79832539208721));
#2093=CARTESIAN_POINT('',(-91.5,-59.,2.79832539208721));
#2094=CARTESIAN_POINT('',(-91.5,-39.,2.79832539208721));
#2095=CARTESIAN_POINT('',(-90.5,-39.,2.79832539208721));
#2096=CARTESIAN_POINT('',(-90.75,-39.,2.79832539208721));
#2097=CARTESIAN_POINT('',(-90.5,-59.,2.79832539208721));
#2098=CARTESIAN_POINT('',(-90.5,-39.,2.79832539208721));
#2099=CARTESIAN_POINT('',(-91.5,-59.,2.79832539208721));
#2100=CARTESIAN_POINT('Origin',(-90.,-59.,-0.0062539111404547));
#2101=CARTESIAN_POINT('',(-90.5,-59.,9.98749217771909));
#2102=CARTESIAN_POINT('',(-90.5,-59.,0.));
#2103=CARTESIAN_POINT('',(-89.5,-59.,9.98749217771909));
#2104=CARTESIAN_POINT('Origin',(-90.,-59.,0.));
#2105=CARTESIAN_POINT('',(-89.5,-59.,2.79832539208721));
#2106=CARTESIAN_POINT('',(-89.5,-59.,10.));
#2107=CARTESIAN_POINT('',(-88.5,-59.,2.79832539208721));
#2108=CARTESIAN_POINT('',(-88.5,-59.,2.79832539208721));
#2109=CARTESIAN_POINT('',(-89.5,-59.,-3.13538275175457));
#2110=CARTESIAN_POINT('Origin',(-90.,-59.,0.));
#2111=CARTESIAN_POINT('',(-89.5,-59.,-8.58));
#2112=CARTESIAN_POINT('',(-89.5,-59.,-8.58));
#2113=CARTESIAN_POINT('',(-89.75,-59.,-8.83));
#2114=CARTESIAN_POINT('Origin',(-89.75,-59.,-8.58000000000001));
#2115=CARTESIAN_POINT('',(-90.25,-59.,-8.83000000000001));
#2116=CARTESIAN_POINT('',(-90.25,-59.,-8.83000000000001));
#2117=CARTESIAN_POINT('',(-90.5,-59.,-8.58));
#2118=CARTESIAN_POINT('Origin',(-90.25,-59.,-8.58));
#2119=CARTESIAN_POINT('',(-90.5,-59.,-3.13538275175457));
#2120=CARTESIAN_POINT('',(-90.5,-59.,0.));
#2121=CARTESIAN_POINT('Origin',(-90.,-59.,0.));
#2122=CARTESIAN_POINT('Origin',(-90.5,-39.,3.13538275175457));
#2123=CARTESIAN_POINT('',(-90.5,-39.,14.9916643505649));
#2124=CARTESIAN_POINT('',(-90.5,-39.,2.5));
#2125=CARTESIAN_POINT('',(-90.5,-44.,9.98749217771909));
#2126=CARTESIAN_POINT('Ctrl Pts',(-90.5,-44.,9.98749217771909));
#2127=CARTESIAN_POINT('Ctrl Pts',(-90.5,-43.6915649283716,9.98749217771909));
#2128=CARTESIAN_POINT('Ctrl Pts',(-90.5,-43.354718754028,10.0179525453405));
#2129=CARTESIAN_POINT('Ctrl Pts',(-90.5,-42.6950420962645,10.1492851165131));
#2130=CARTESIAN_POINT('Ctrl Pts',(-90.5,-42.3722113167079,10.250155832581));
#2131=CARTESIAN_POINT('Ctrl Pts',(-90.5,-41.8021823771027,10.4864423177638));
#2132=CARTESIAN_POINT('Ctrl Pts',(-90.5,-41.5024867630367,10.643659950724));
#2133=CARTESIAN_POINT('Ctrl Pts',(-90.5,-40.9430004717255,11.0177790003268));
#2134=CARTESIAN_POINT('Ctrl Pts',(-90.5,-40.6832085075759,11.2346784924307));
#2135=CARTESIAN_POINT('Ctrl Pts',(-90.5,-40.246783136816,11.6713764979864));
#2136=CARTESIAN_POINT('Ctrl Pts',(-90.5,-40.0299597974782,11.9314293130912));
#2137=CARTESIAN_POINT('Ctrl Pts',(-90.5,-39.6560126463801,12.491403834176));
#2138=CARTESIAN_POINT('Ctrl Pts',(-90.5,-39.4988881748715,12.7913250995802));
#2139=CARTESIAN_POINT('Ctrl Pts',(-90.5,-39.2626551560735,13.3619119812446));
#2140=CARTESIAN_POINT('Ctrl Pts',(-90.5,-39.1617851502441,13.6851525008152));
#2141=CARTESIAN_POINT('Ctrl Pts',(-90.5,-39.0304573395938,14.3456334068616));
#2142=CARTESIAN_POINT('Ctrl Pts',(-90.5,-39.,14.6828738858415));
#2143=CARTESIAN_POINT('Ctrl Pts',(-90.5,-39.,14.9916643505649));
#2144=CARTESIAN_POINT('',(-90.5,-39.,9.98749217771909));
#2145=CARTESIAN_POINT('',(-90.5,-55.0000008536237,7.70000014901161));
#2146=CARTESIAN_POINT('Origin',(-90.5,-55.0000008536237,6.00000014901161));
#2147=CARTESIAN_POINT('Origin',(-90.,-55.0000008536237,6.00000014901161));
#2148=CARTESIAN_POINT('',(-93.,-55.0000008536237,7.70000014901161));
#2149=CARTESIAN_POINT('Origin',(-93.,-55.0000008536237,6.00000014901161));
#2150=CARTESIAN_POINT('',(-90.,-55.0000008536237,7.70000014901161));
#2151=CARTESIAN_POINT('Origin',(-107.5,-55.0000008536237,6.00000014901161));
#2152=CARTESIAN_POINT('',(-99.5393919673075,-55.0000008536237,3.00000014901161));
#2153=CARTESIAN_POINT('',(-94.3588986358702,-55.0000008536237,9.00000014901161));
#2154=CARTESIAN_POINT('Ctrl Pts',(-99.5393919673075,-55.0000008536237,3.00000014901161));
#2155=CARTESIAN_POINT('Ctrl Pts',(-99.5393919673075,-54.6881969366364,3.00000014901161));
#2156=CARTESIAN_POINT('Ctrl Pts',(-99.523596126969,-54.353004613078,3.0518356609074));
#2157=CARTESIAN_POINT('Ctrl Pts',(-99.4527370991124,-53.7238827535282,3.26471223273863));
#2158=CARTESIAN_POINT('Ctrl Pts',(-99.3969981466706,-53.4299952805383,3.42565211452289));
#2159=CARTESIAN_POINT('Ctrl Pts',(-99.2474031227212,-52.9199129701426,3.81221717120014));
#2160=CARTESIAN_POINT('Ctrl Pts',(-99.1380054447616,-52.6744055995072,4.07412989784704));
#2161=CARTESIAN_POINT('Ctrl Pts',(-98.8598816284259,-52.3000854215077,4.64802929015189));
#2162=CARTESIAN_POINT('Ctrl Pts',(-98.6902257230534,-52.1707290829244,4.95921006998665));
#2163=CARTESIAN_POINT('Ctrl Pts',(-98.3158641774052,-52.0130729538685,5.56668279017635));
#2164=CARTESIAN_POINT('Ctrl Pts',(-98.0771451294866,-51.9836728862742,5.91037411483476));
#2165=CARTESIAN_POINT('Ctrl Pts',(-97.5587540468144,-52.0348214419534,6.56033785155077));
#2166=CARTESIAN_POINT('Ctrl Pts',(-97.2791134129834,-52.1142617216919,6.86672205084843));
#2167=CARTESIAN_POINT('Ctrl Pts',(-96.7100711818079,-52.3412437749603,7.4268424967672));
#2168=CARTESIAN_POINT('Ctrl Pts',(-96.3675478232517,-52.5200811482798,7.72242146049695));
#2169=CARTESIAN_POINT('Ctrl Pts',(-95.6877550010788,-52.9708980140693,8.23595169636621));
#2170=CARTESIAN_POINT('Ctrl Pts',(-95.350304913504,-53.2416648844072,8.45472733666181));
#2171=CARTESIAN_POINT('Ctrl Pts',(-94.8904712679651,-53.7272392705807,8.72496965442797));
#2172=CARTESIAN_POINT('Ctrl Pts',(-94.7102198551732,-53.9511601018992,8.82249600257167));
#2173=CARTESIAN_POINT('Ctrl Pts',(-94.5096905196973,-54.3240980470962,8.92571247773527));
#2174=CARTESIAN_POINT('Ctrl Pts',(-94.4544931585489,-54.4547663016639,8.95316634288812));
#2175=CARTESIAN_POINT('Ctrl Pts',(-94.3790633377978,-54.7235829022632,8.99030830641575));
#2176=CARTESIAN_POINT('Ctrl Pts',(-94.3588986358702,-54.861749739135,9.00000014901161));
#2177=CARTESIAN_POINT('Ctrl Pts',(-94.3588986358702,-55.0000008536237,9.00000014901161));
#2178=CARTESIAN_POINT('Ctrl Pts',(-94.3588986358702,-55.0000008536237,9.00000014901161));
#2179=CARTESIAN_POINT('Ctrl Pts',(-94.3588986358702,-55.1382519681123,9.00000014901161));
#2180=CARTESIAN_POINT('Ctrl Pts',(-94.3790633377978,-55.2764188049841,8.99030830641575));
#2181=CARTESIAN_POINT('Ctrl Pts',(-94.454493158549,-55.5452354055834,8.95316634288812));
#2182=CARTESIAN_POINT('Ctrl Pts',(-94.5096905196973,-55.6759036601511,8.92571247773527));
#2183=CARTESIAN_POINT('Ctrl Pts',(-94.7102198551732,-56.0488416053481,8.82249600257167));
#2184=CARTESIAN_POINT('Ctrl Pts',(-94.8904712679651,-56.2727624366667,8.72496965442798));
#2185=CARTESIAN_POINT('Ctrl Pts',(-95.350304913504,-56.7583368228401,8.45472733666182));
#2186=CARTESIAN_POINT('Ctrl Pts',(-95.6877550010788,-57.029103693178,8.23595169636622));
#2187=CARTESIAN_POINT('Ctrl Pts',(-96.3675478232517,-57.4799205589675,7.72242146049698));
#2188=CARTESIAN_POINT('Ctrl Pts',(-96.7100711818079,-57.658757932287,7.42684249676721));
#2189=CARTESIAN_POINT('Ctrl Pts',(-97.2791134129834,-57.8857399855554,6.86672205084844));
#2190=CARTESIAN_POINT('Ctrl Pts',(-97.5587540468144,-57.965180265294,6.56033785155078));
#2191=CARTESIAN_POINT('Ctrl Pts',(-98.0771451294866,-58.0163288209731,5.91037411483477));
#2192=CARTESIAN_POINT('Ctrl Pts',(-98.3158641774052,-57.9869287533788,5.56668279017636));
#2193=CARTESIAN_POINT('Ctrl Pts',(-98.6902257230534,-57.8292726243229,4.95921006998666));
#2194=CARTESIAN_POINT('Ctrl Pts',(-98.8598816284259,-57.6999162857397,4.64802929015189));
#2195=CARTESIAN_POINT('Ctrl Pts',(-99.1380054447616,-57.3255961077401,4.07412989784703));
#2196=CARTESIAN_POINT('Ctrl Pts',(-99.2474031227212,-57.0800887371048,3.81221717120014));
#2197=CARTESIAN_POINT('Ctrl Pts',(-99.3969981466706,-56.570006426709,3.42565211452289));
#2198=CARTESIAN_POINT('Ctrl Pts',(-99.4527370991124,-56.2761189537191,3.26471223273863));
#2199=CARTESIAN_POINT('Ctrl Pts',(-99.523596126969,-55.6469970941694,3.0518356609074));
#2200=CARTESIAN_POINT('Ctrl Pts',(-99.5393919673075,-55.311804770611,3.00000014901161));
#2201=CARTESIAN_POINT('Ctrl Pts',(-99.5393919673075,-55.0000008536237,3.00000014901161));
#2202=CARTESIAN_POINT('',(-93.,-55.0000008536237,9.00000014901161));
#2203=CARTESIAN_POINT('',(-107.5,-55.0000008536237,9.00000014901161));
#2204=CARTESIAN_POINT('Origin',(-93.,-55.0000008536237,6.00000014901161));
#2205=CARTESIAN_POINT('Origin',(-93.,-55.0000008536237,6.00000014901161));
#2206=CARTESIAN_POINT('Origin',(-88.5,-39.,2.79832539208721));
#2207=CARTESIAN_POINT('',(-88.5,-39.,2.79832539208721));
#2208=CARTESIAN_POINT('',(-88.5,-39.,2.79832539208721));
#2209=CARTESIAN_POINT('',(-89.5,-39.,2.79832539208721));
#2210=CARTESIAN_POINT('',(-89.5,-39.,2.79832539208721));
#2211=CARTESIAN_POINT('',(-89.25,-39.,2.79832539208721));
#2212=CARTESIAN_POINT('Origin',(-90.,-39.,0.));
#2213=CARTESIAN_POINT('',(-137.5,-39.,-5.81707229594993E-15));
#2214=CARTESIAN_POINT('Origin',(-90.,-39.,0.));
#2215=CARTESIAN_POINT('',(-90.5,-39.,-3.13538275175457));
#2216=CARTESIAN_POINT('Origin',(-90.,-39.,0.));
#2217=CARTESIAN_POINT('',(-90.5,-39.,-8.58));
#2218=CARTESIAN_POINT('',(-90.5,-39.,-4.29));
#2219=CARTESIAN_POINT('',(-90.25,-39.,-8.83000000000001));
#2220=CARTESIAN_POINT('Origin',(-90.25,-39.,-8.58));
#2221=CARTESIAN_POINT('',(-89.75,-39.,-8.83));
#2222=CARTESIAN_POINT('',(-89.875,-39.,-8.83));
#2223=CARTESIAN_POINT('',(-89.5,-39.,-8.58));
#2224=CARTESIAN_POINT('Origin',(-89.75,-39.,-8.58000000000001));
#2225=CARTESIAN_POINT('',(-89.5,-39.,-3.13538275175457));
#2226=CARTESIAN_POINT('',(-89.5,-39.,-1.56769137587728));
#2227=CARTESIAN_POINT('Origin',(-90.,-39.,0.));
#2228=CARTESIAN_POINT('',(-89.5,-39.,14.9916643505649));
#2229=CARTESIAN_POINT('',(-89.5,-39.,2.5));
#2230=CARTESIAN_POINT('Origin',(-90.,-39.,0.));
#2231=CARTESIAN_POINT('Origin',(-72.5,-55.0000008536237,6.00000014901161));
#2232=CARTESIAN_POINT('',(-80.4606080326925,-55.0000008536237,3.00000014901161));
#2233=CARTESIAN_POINT('',(-85.6411013641298,-55.0000008536237,9.00000014901161));
#2234=CARTESIAN_POINT('Ctrl Pts',(-80.4606080326925,-55.0000008536237,3.00000014901161));
#2235=CARTESIAN_POINT('Ctrl Pts',(-80.4606080326925,-55.3720152873079,3.00000014901161));
#2236=CARTESIAN_POINT('Ctrl Pts',(-80.4828237034246,-55.7678700319407,3.07368937129144));
#2237=CARTESIAN_POINT('Ctrl Pts',(-80.5830617001597,-56.492348768573,3.36830600668085));
#2238=CARTESIAN_POINT('Ctrl Pts',(-80.6624305766564,-56.8208341704419,3.58911451422643));
#2239=CARTESIAN_POINT('Ctrl Pts',(-80.8861749581775,-57.3812665808747,4.12763499311223));
#2240=CARTESIAN_POINT('Ctrl Pts',(-81.0553159724395,-57.6261402377711,4.49255264462662));
#2241=CARTESIAN_POINT('Ctrl Pts',(-81.4806343934539,-57.9348572566895,5.2545992664429));
#2242=CARTESIAN_POINT('Ctrl Pts',(-81.7379313985891,-58.0000008536237,5.65057521167824));
#2243=CARTESIAN_POINT('Ctrl Pts',(-82.3374894048093,-58.0000008536237,6.4499858556173));
#2244=CARTESIAN_POINT('Ctrl Pts',(-82.7370737925919,-57.8953737580759,6.89774726929761));
#2245=CARTESIAN_POINT('Ctrl Pts',(-83.5734185325567,-57.5212586979986,7.68297217866496));
#2246=CARTESIAN_POINT('Ctrl Pts',(-84.0101399182348,-57.2536461814398,8.02136932421555));
#2247=CARTESIAN_POINT('Ctrl Pts',(-84.6862272470131,-56.7166557105979,8.47842406121998));
#2248=CARTESIAN_POINT('Ctrl Pts',(-84.9899200353947,-56.4333569631069,8.65868076993115));
#2249=CARTESIAN_POINT('Ctrl Pts',(-85.347672837808,-55.9442460629905,8.852924047177));
#2250=CARTESIAN_POINT('Ctrl Pts',(-85.4501720731676,-55.7706670242651,8.90538793652549));
#2251=CARTESIAN_POINT('Ctrl Pts',(-85.5969812665909,-55.4021770643294,8.97886600878778));
#2252=CARTESIAN_POINT('Ctrl Pts',(-85.6411013641298,-55.2072144571476,9.00000014901161));
#2253=CARTESIAN_POINT('Ctrl Pts',(-85.6411013641298,-55.0000008536237,9.00000014901161));
#2254=CARTESIAN_POINT('Ctrl Pts',(-85.6411013641298,-55.0000008536237,9.00000014901161));
#2255=CARTESIAN_POINT('Ctrl Pts',(-85.6411013641298,-54.7927872500998,9.00000014901161));
#2256=CARTESIAN_POINT('Ctrl Pts',(-85.5969812665909,-54.5978246429179,8.97886600878778));
#2257=CARTESIAN_POINT('Ctrl Pts',(-85.4501720731676,-54.2293346829822,8.90538793652549));
#2258=CARTESIAN_POINT('Ctrl Pts',(-85.347672837808,-54.0557556442568,8.852924047177));
#2259=CARTESIAN_POINT('Ctrl Pts',(-84.9899200353947,-53.5666447441404,8.65868076993115));
#2260=CARTESIAN_POINT('Ctrl Pts',(-84.6862272470131,-53.2833459966494,8.47842406121998));
#2261=CARTESIAN_POINT('Ctrl Pts',(-84.0101399182348,-52.7463555258075,8.02136932421555));
#2262=CARTESIAN_POINT('Ctrl Pts',(-83.5734185325567,-52.4787430092487,7.68297217866496));
#2263=CARTESIAN_POINT('Ctrl Pts',(-82.7370737925919,-52.1046279491714,6.89774726929761));
#2264=CARTESIAN_POINT('Ctrl Pts',(-82.3374894048093,-52.0000008536237,6.4499858556173));
#2265=CARTESIAN_POINT('Ctrl Pts',(-81.7379313985891,-52.0000008536237,5.65057521167824));
#2266=CARTESIAN_POINT('Ctrl Pts',(-81.4806343934539,-52.0651444505578,5.2545992664429));
#2267=CARTESIAN_POINT('Ctrl Pts',(-81.0553159724395,-52.3738614694763,4.49255264462662));
#2268=CARTESIAN_POINT('Ctrl Pts',(-80.8861749581775,-52.6187351263726,4.12763499311223));
#2269=CARTESIAN_POINT('Ctrl Pts',(-80.6624305766564,-53.1791675368055,3.58911451422643));
#2270=CARTESIAN_POINT('Ctrl Pts',(-80.5830617001597,-53.5076529386744,3.36830600668085));
#2271=CARTESIAN_POINT('Ctrl Pts',(-80.4828237034246,-54.2321316753067,3.07368937129144));
#2272=CARTESIAN_POINT('Ctrl Pts',(-80.4606080326925,-54.6279864199394,3.00000014901161));
#2273=CARTESIAN_POINT('Ctrl Pts',(-80.4606080326925,-55.0000008536237,3.00000014901161));
#2274=CARTESIAN_POINT('',(-87.,-55.0000008536237,9.00000014901161));
#2275=CARTESIAN_POINT('',(-72.5,-55.0000008536237,9.00000014901161));
#2276=CARTESIAN_POINT('Origin',(-87.,-55.0000008536237,6.00000014901161));
#2277=CARTESIAN_POINT('Origin',(-87.,-55.0000008536237,6.00000014901161));
#2278=CARTESIAN_POINT('',(-87.,-55.0000008536237,7.70000014901161));
#2279=CARTESIAN_POINT('Origin',(-87.,-55.0000008536237,6.00000014901161));
#2280=CARTESIAN_POINT('Origin',(-90.,-55.0000008536237,6.00000014901161));
#2281=CARTESIAN_POINT('',(-89.5,-55.0000008536237,7.70000014901161));
#2282=CARTESIAN_POINT('Origin',(-89.5,-55.0000008536237,6.00000014901161));
#2283=CARTESIAN_POINT('',(-90.,-55.0000008536237,7.70000014901161));
#2284=CARTESIAN_POINT('Origin',(-89.5,-39.,9.98749217771909));
#2285=CARTESIAN_POINT('',(-89.5,-44.,9.98749217771909));
#2286=CARTESIAN_POINT('',(-89.5,-39.,9.98749217771909));
#2287=CARTESIAN_POINT('Ctrl Pts',(-89.5,-39.,14.9916643505649));
#2288=CARTESIAN_POINT('Ctrl Pts',(-89.5,-39.,14.6828738858415));
#2289=CARTESIAN_POINT('Ctrl Pts',(-89.5,-39.0304573395938,14.3456334068616));
#2290=CARTESIAN_POINT('Ctrl Pts',(-89.5,-39.1617851502441,13.6851525008152));
#2291=CARTESIAN_POINT('Ctrl Pts',(-89.5,-39.2626551560735,13.3619119812446));
#2292=CARTESIAN_POINT('Ctrl Pts',(-89.5,-39.4988881748715,12.7913250995802));
#2293=CARTESIAN_POINT('Ctrl Pts',(-89.5,-39.6560126463801,12.491403834176));
#2294=CARTESIAN_POINT('Ctrl Pts',(-89.5,-40.0299597974782,11.9314293130912));
#2295=CARTESIAN_POINT('Ctrl Pts',(-89.5,-40.246783136816,11.6713764979864));
#2296=CARTESIAN_POINT('Ctrl Pts',(-89.5,-40.6832085075759,11.2346784924307));
#2297=CARTESIAN_POINT('Ctrl Pts',(-89.5,-40.9430004717255,11.0177790003268));
#2298=CARTESIAN_POINT('Ctrl Pts',(-89.5,-41.5024867630367,10.643659950724));
#2299=CARTESIAN_POINT('Ctrl Pts',(-89.5,-41.8021823771027,10.4864423177638));
#2300=CARTESIAN_POINT('Ctrl Pts',(-89.5,-42.3722113167079,10.250155832581));
#2301=CARTESIAN_POINT('Ctrl Pts',(-89.5,-42.6950420962645,10.1492851165131));
#2302=CARTESIAN_POINT('Ctrl Pts',(-89.5,-43.354718754028,10.0179525453405));
#2303=CARTESIAN_POINT('Ctrl Pts',(-89.5,-43.6915649283716,9.98749217771909));
#2304=CARTESIAN_POINT('Ctrl Pts',(-89.5,-44.,9.98749217771909));
#2305=CARTESIAN_POINT('Origin',(-90.,-44.,0.));
#2306=CARTESIAN_POINT('Origin',(-90.,-44.,0.));
#2307=CARTESIAN_POINT('Origin',(-90.,-39.,0.));
#2308=CARTESIAN_POINT('Origin',(-90.,-39.,0.));
#2309=CARTESIAN_POINT('',(-90.5,-39.,-3.13538275175457));
#2310=CARTESIAN_POINT('Origin',(-90.5,-39.,-8.58));
#2311=CARTESIAN_POINT('',(-90.5,-39.,-8.58));
#2312=CARTESIAN_POINT('Origin',(-90.25,-39.,-8.58));
#2313=CARTESIAN_POINT('',(-90.25,-39.,-8.83000000000001));
#2314=CARTESIAN_POINT('Origin',(-89.75,-39.,-8.83));
#2315=CARTESIAN_POINT('',(-89.75,-39.,-8.83));
#2316=CARTESIAN_POINT('Origin',(-89.75,-39.,-8.58000000000001));
#2317=CARTESIAN_POINT('',(-89.5,-39.,-8.58));
#2318=CARTESIAN_POINT('Origin',(-89.5,-39.,-3.13538275175457));
#2319=CARTESIAN_POINT('',(-89.5,-39.,-3.13538275175457));
#2320=CARTESIAN_POINT('Origin',(-90.,-39.,0.));
#2321=CARTESIAN_POINT('Origin',(-90.,-37.,0.));
#2322=CARTESIAN_POINT('',(-137.5,-37.,-5.81707229594993E-15));
#2323=CARTESIAN_POINT('Origin',(-90.,-37.,0.));
#2324=CARTESIAN_POINT('',(-126.192413790529,-37.,22.2791199111434));
#2325=CARTESIAN_POINT('',(-118.102344825587,-37.,17.2990813427701));
#2326=CARTESIAN_POINT('',(-90.,-37.,0.));
#2327=CARTESIAN_POINT('',(-122.506319955904,-37.,5.68675328499336));
#2328=CARTESIAN_POINT('Origin',(-90.,-37.,0.));
#2329=CARTESIAN_POINT('',(-131.86419994321,-37.,7.32384892764295));
#2330=CARTESIAN_POINT('',(-90.,-37.,0.));
#2331=CARTESIAN_POINT('',(-132.400414149209,-37.,2.90772763091686));
#2332=CARTESIAN_POINT('Origin',(-90.,-37.,0.));
#2333=CARTESIAN_POINT('',(-122.922674515856,-37.,2.25776498400604));
#2334=CARTESIAN_POINT('',(-90.,-37.,0.));
#2335=CARTESIAN_POINT('',(-121.425682901999,-37.,-10.0710701587769));
#2336=CARTESIAN_POINT('Origin',(-90.,-37.,0.));
#2337=CARTESIAN_POINT('',(-130.47247040409,-37.,-12.9703176287278));
#2338=CARTESIAN_POINT('',(-90.,-37.,0.));
#2339=CARTESIAN_POINT('',(-128.894990606687,-37.,-17.129790007636));
#2340=CARTESIAN_POINT('Origin',(-90.,-37.,0.));
#2341=CARTESIAN_POINT('',(-120.200816235781,-37.,-13.3007781235762));
#2342=CARTESIAN_POINT('',(-90.,-37.,0.));
#2343=CARTESIAN_POINT('',(-113.14580061578,-37.,-23.5217327987238));
#2344=CARTESIAN_POINT('Origin',(-90.,-37.,0.));
#2345=CARTESIAN_POINT('',(-119.808985641535,-37.,-30.2931407256292));
#2346=CARTESIAN_POINT('',(-90.,-37.,0.));
#2347=CARTESIAN_POINT('',(-116.479193451624,-37.,-33.2430791917877));
#2348=CARTESIAN_POINT('Origin',(-90.,-37.,0.));
#2349=CARTESIAN_POINT('',(-110.560314915379,-37.,-25.8122732547999));
#2350=CARTESIAN_POINT('',(-90.,-37.,0.));
#2351=CARTESIAN_POINT('',(-99.5634943456212,-37.,-31.5838499220926));
#2352=CARTESIAN_POINT('Origin',(-90.,-37.,0.));
#2353=CARTESIAN_POINT('',(-102.316621505724,-37.,-40.6761703542102));
#2354=CARTESIAN_POINT('',(-90.,-37.,0.));
#2355=CARTESIAN_POINT('',(-97.9973321856677,-37.,-41.7407795556346));
#2356=CARTESIAN_POINT('Origin',(-90.,-37.,0.));
#2357=CARTESIAN_POINT('',(-96.2096932265185,-37.,-32.4104876549633));
#2358=CARTESIAN_POINT('',(-90.,-37.,0.));
#2359=CARTESIAN_POINT('',(-83.7903067734815,-37.,-32.4104876549633));
#2360=CARTESIAN_POINT('Origin',(-90.,-37.,0.));
#2361=CARTESIAN_POINT('',(-82.0026678143323,-37.,-41.7407795556346));
#2362=CARTESIAN_POINT('',(-90.,-37.,0.));
#2363=CARTESIAN_POINT('',(-77.6833784942757,-37.,-40.6761703542102));
#2364=CARTESIAN_POINT('Origin',(-90.,-37.,0.));
#2365=CARTESIAN_POINT('',(-80.4365056543787,-37.,-31.5838499220926));
#2366=CARTESIAN_POINT('',(-90.,-37.,0.));
#2367=CARTESIAN_POINT('',(-69.4396850846213,-37.,-25.8122732547999));
#2368=CARTESIAN_POINT('Origin',(-90.,-37.,0.));
#2369=CARTESIAN_POINT('',(-63.5208065483759,-37.,-33.2430791917877));
#2370=CARTESIAN_POINT('',(-90.,-37.,0.));
#2371=CARTESIAN_POINT('',(-60.1910143584652,-37.,-30.2931407256292));
#2372=CARTESIAN_POINT('Origin',(-90.,-37.,0.));
#2373=CARTESIAN_POINT('',(-66.85419938422,-37.,-23.5217327987238));
#2374=CARTESIAN_POINT('',(-90.,-37.,0.));
#2375=CARTESIAN_POINT('',(-59.7991837642193,-37.,-13.3007781235762));
#2376=CARTESIAN_POINT('Origin',(-90.,-37.,0.));
#2377=CARTESIAN_POINT('',(-51.1050093933127,-37.,-17.129790007636));
#2378=CARTESIAN_POINT('',(-90.,-37.,0.));
#2379=CARTESIAN_POINT('',(-49.5275295959104,-37.,-12.9703176287278));
#2380=CARTESIAN_POINT('Origin',(-90.,-37.,0.));
#2381=CARTESIAN_POINT('',(-58.574317098001,-37.,-10.0710701587769));
#2382=CARTESIAN_POINT('',(-90.,-37.,0.));
#2383=CARTESIAN_POINT('',(-57.077325484144,-37.,2.25776498400608));
#2384=CARTESIAN_POINT('Origin',(-90.,-37.,0.));
#2385=CARTESIAN_POINT('',(-47.5995858507915,-37.,2.90772763091693));
#2386=CARTESIAN_POINT('',(-90.,-37.,0.));
#2387=CARTESIAN_POINT('',(-48.13580005679,-37.,7.32384892764301));
#2388=CARTESIAN_POINT('Origin',(-90.,-37.,0.));
#2389=CARTESIAN_POINT('',(-57.4936800440958,-37.,5.6867532849934));
#2390=CARTESIAN_POINT('',(-90.,-37.,0.));
#2391=CARTESIAN_POINT('',(-61.8976551744126,-37.,17.2990813427702));
#2392=CARTESIAN_POINT('Origin',(-90.,-37.,0.));
#2393=CARTESIAN_POINT('',(-53.8075862094707,-37.,22.2791199111433));
#2394=CARTESIAN_POINT('',(-90.,-37.,0.));
#2395=CARTESIAN_POINT('',(-56.3346542063576,-37.,25.9402099566384));
#2396=CARTESIAN_POINT('Origin',(-90.,-37.,0.));
#2397=CARTESIAN_POINT('',(-63.8598491484659,-37.,20.1418100839781));
#2398=CARTESIAN_POINT('',(-90.,-37.,0.));
#2399=CARTESIAN_POINT('',(-73.1558933942546,-37.,28.3773866424356));
#2400=CARTESIAN_POINT('Origin',(-90.,-37.,0.));
#2401=CARTESIAN_POINT('',(-68.3068324016916,-37.,36.5466343122277));
#2402=CARTESIAN_POINT('',(-90.,-37.,0.));
#2403=CARTESIAN_POINT('',(-72.2458333658507,-37.,38.6139814979867));
#2404=CARTESIAN_POINT('Origin',(-90.,-37.,0.));
#2405=CARTESIAN_POINT('',(-76.2144117899547,-37.,29.9826209278485));
#2406=CARTESIAN_POINT('',(-90.,-37.,0.));
#2407=CARTESIAN_POINT('',(-88.2729134439829,-37.,32.9547746469009));
#2408=CARTESIAN_POINT('Origin',(-90.,-37.,0.));
#2409=CARTESIAN_POINT('',(-87.7757218596749,-37.,42.4417552270694));
#2410=CARTESIAN_POINT('',(-90.,-37.,0.));
#2411=CARTESIAN_POINT('',(-92.2242781403251,-37.,42.4417552270694));
#2412=CARTESIAN_POINT('Origin',(-90.,-37.,0.));
#2413=CARTESIAN_POINT('',(-91.7270865560172,-37.,32.9547746469009));
#2414=CARTESIAN_POINT('',(-90.,-37.,0.));
#2415=CARTESIAN_POINT('',(-103.785588210045,-37.,29.9826209278485));
#2416=CARTESIAN_POINT('Origin',(-90.,-37.,0.));
#2417=CARTESIAN_POINT('',(-107.754166634149,-37.,38.6139814979867));
#2418=CARTESIAN_POINT('',(-90.,-37.,0.));
#2419=CARTESIAN_POINT('',(-111.693167598308,-37.,36.5466343122277));
#2420=CARTESIAN_POINT('Origin',(-90.,-37.,0.));
#2421=CARTESIAN_POINT('',(-106.844106605745,-37.,28.3773866424356));
#2422=CARTESIAN_POINT('',(-90.,-37.,0.));
#2423=CARTESIAN_POINT('',(-116.140150851534,-37.,20.141810083978));
#2424=CARTESIAN_POINT('Origin',(-90.,-37.,0.));
#2425=CARTESIAN_POINT('',(-123.665345793642,-37.,25.9402099566385));
#2426=CARTESIAN_POINT('',(-90.,-37.,0.));
#2427=CARTESIAN_POINT('Origin',(-90.,-37.,0.));
#2428=CARTESIAN_POINT('Origin',(-90.,-37.,0.));
#2429=CARTESIAN_POINT('',(-137.5,-37.,-5.81707229594993E-15));
#2430=CARTESIAN_POINT('Origin',(-90.,0.,0.));
#2431=CARTESIAN_POINT('',(-42.5,0.,-5.81707229594993E-15));
#2432=CARTESIAN_POINT('Origin',(-90.,0.,0.));
#2433=CARTESIAN_POINT('',(-118.102344825587,0.,17.2990813427701));
#2434=CARTESIAN_POINT('',(-126.192413790529,0.,22.2791199111434));
#2435=CARTESIAN_POINT('',(-90.,0.,0.));
#2436=CARTESIAN_POINT('',(-123.665345793642,0.,25.9402099566385));
#2437=CARTESIAN_POINT('Origin',(-90.,0.,0.));
#2438=CARTESIAN_POINT('',(-116.140150851534,0.,20.141810083978));
#2439=CARTESIAN_POINT('',(-90.,0.,0.));
#2440=CARTESIAN_POINT('',(-106.844106605745,0.,28.3773866424356));
#2441=CARTESIAN_POINT('Origin',(-90.,0.,0.));
#2442=CARTESIAN_POINT('',(-111.693167598308,0.,36.5466343122277));
#2443=CARTESIAN_POINT('',(-90.,0.,0.));
#2444=CARTESIAN_POINT('',(-107.754166634149,0.,38.6139814979867));
#2445=CARTESIAN_POINT('Origin',(-90.,0.,0.));
#2446=CARTESIAN_POINT('',(-103.785588210045,0.,29.9826209278485));
#2447=CARTESIAN_POINT('',(-90.,0.,0.));
#2448=CARTESIAN_POINT('',(-91.7270865560172,0.,32.9547746469009));
#2449=CARTESIAN_POINT('Origin',(-90.,0.,0.));
#2450=CARTESIAN_POINT('',(-92.2242781403251,0.,42.4417552270694));
#2451=CARTESIAN_POINT('',(-90.,0.,0.));
#2452=CARTESIAN_POINT('',(-87.7757218596749,0.,42.4417552270694));
#2453=CARTESIAN_POINT('Origin',(-90.,0.,0.));
#2454=CARTESIAN_POINT('',(-88.2729134439829,0.,32.9547746469009));
#2455=CARTESIAN_POINT('',(-90.,0.,0.));
#2456=CARTESIAN_POINT('',(-76.2144117899547,0.,29.9826209278485));
#2457=CARTESIAN_POINT('Origin',(-90.,0.,0.));
#2458=CARTESIAN_POINT('',(-72.2458333658507,0.,38.6139814979867));
#2459=CARTESIAN_POINT('',(-90.,0.,0.));
#2460=CARTESIAN_POINT('',(-68.3068324016916,0.,36.5466343122277));
#2461=CARTESIAN_POINT('Origin',(-90.,0.,0.));
#2462=CARTESIAN_POINT('',(-73.1558933942546,0.,28.3773866424356));
#2463=CARTESIAN_POINT('',(-90.,0.,0.));
#2464=CARTESIAN_POINT('',(-63.8598491484659,0.,20.1418100839781));
#2465=CARTESIAN_POINT('Origin',(-90.,0.,0.));
#2466=CARTESIAN_POINT('',(-56.3346542063576,0.,25.9402099566384));
#2467=CARTESIAN_POINT('',(-90.,0.,0.));
#2468=CARTESIAN_POINT('',(-53.8075862094707,0.,22.2791199111433));
#2469=CARTESIAN_POINT('Origin',(-90.,0.,0.));
#2470=CARTESIAN_POINT('',(-61.8976551744126,0.,17.2990813427702));
#2471=CARTESIAN_POINT('',(-90.,0.,0.));
#2472=CARTESIAN_POINT('',(-57.4936800440958,0.,5.6867532849934));
#2473=CARTESIAN_POINT('Origin',(-90.,0.,0.));
#2474=CARTESIAN_POINT('',(-48.13580005679,0.,7.32384892764301));
#2475=CARTESIAN_POINT('',(-90.,0.,0.));
#2476=CARTESIAN_POINT('',(-47.5995858507915,0.,2.90772763091693));
#2477=CARTESIAN_POINT('Origin',(-90.,0.,0.));
#2478=CARTESIAN_POINT('',(-57.077325484144,0.,2.25776498400608));
#2479=CARTESIAN_POINT('',(-90.,0.,0.));
#2480=CARTESIAN_POINT('',(-58.574317098001,0.,-10.0710701587769));
#2481=CARTESIAN_POINT('Origin',(-90.,0.,0.));
#2482=CARTESIAN_POINT('',(-49.5275295959104,0.,-12.9703176287278));
#2483=CARTESIAN_POINT('',(-90.,0.,0.));
#2484=CARTESIAN_POINT('',(-51.1050093933127,0.,-17.129790007636));
#2485=CARTESIAN_POINT('Origin',(-90.,0.,0.));
#2486=CARTESIAN_POINT('',(-59.7991837642193,0.,-13.3007781235762));
#2487=CARTESIAN_POINT('',(-90.,0.,0.));
#2488=CARTESIAN_POINT('',(-66.85419938422,0.,-23.5217327987238));
#2489=CARTESIAN_POINT('Origin',(-90.,0.,0.));
#2490=CARTESIAN_POINT('',(-60.1910143584652,0.,-30.2931407256292));
#2491=CARTESIAN_POINT('',(-90.,0.,0.));
#2492=CARTESIAN_POINT('',(-63.5208065483759,0.,-33.2430791917877));
#2493=CARTESIAN_POINT('Origin',(-90.,0.,0.));
#2494=CARTESIAN_POINT('',(-69.4396850846213,0.,-25.8122732547999));
#2495=CARTESIAN_POINT('',(-90.,0.,0.));
#2496=CARTESIAN_POINT('',(-80.4365056543787,0.,-31.5838499220926));
#2497=CARTESIAN_POINT('Origin',(-90.,0.,0.));
#2498=CARTESIAN_POINT('',(-77.6833784942757,0.,-40.6761703542102));
#2499=CARTESIAN_POINT('',(-90.,0.,0.));
#2500=CARTESIAN_POINT('',(-82.0026678143323,0.,-41.7407795556346));
#2501=CARTESIAN_POINT('Origin',(-90.,0.,0.));
#2502=CARTESIAN_POINT('',(-83.7903067734815,0.,-32.4104876549633));
#2503=CARTESIAN_POINT('',(-90.,0.,0.));
#2504=CARTESIAN_POINT('',(-96.2096932265185,0.,-32.4104876549633));
#2505=CARTESIAN_POINT('Origin',(-90.,0.,0.));
#2506=CARTESIAN_POINT('',(-97.9973321856677,0.,-41.7407795556346));
#2507=CARTESIAN_POINT('',(-90.,0.,0.));
#2508=CARTESIAN_POINT('',(-102.316621505724,0.,-40.6761703542102));
#2509=CARTESIAN_POINT('Origin',(-90.,0.,0.));
#2510=CARTESIAN_POINT('',(-99.5634943456212,0.,-31.5838499220926));
#2511=CARTESIAN_POINT('',(-90.,0.,0.));
#2512=CARTESIAN_POINT('',(-110.560314915379,0.,-25.8122732547999));
#2513=CARTESIAN_POINT('Origin',(-90.,0.,0.));
#2514=CARTESIAN_POINT('',(-116.479193451624,0.,-33.2430791917877));
#2515=CARTESIAN_POINT('',(-90.,0.,0.));
#2516=CARTESIAN_POINT('',(-119.808985641535,0.,-30.2931407256292));
#2517=CARTESIAN_POINT('Origin',(-90.,0.,0.));
#2518=CARTESIAN_POINT('',(-113.14580061578,0.,-23.5217327987238));
#2519=CARTESIAN_POINT('',(-90.,0.,0.));
#2520=CARTESIAN_POINT('',(-120.200816235781,0.,-13.3007781235762));
#2521=CARTESIAN_POINT('Origin',(-90.,0.,0.));
#2522=CARTESIAN_POINT('',(-128.894990606687,0.,-17.129790007636));
#2523=CARTESIAN_POINT('',(-90.,0.,0.));
#2524=CARTESIAN_POINT('',(-130.47247040409,0.,-12.9703176287278));
#2525=CARTESIAN_POINT('Origin',(-90.,0.,0.));
#2526=CARTESIAN_POINT('',(-121.425682901999,0.,-10.0710701587769));
#2527=CARTESIAN_POINT('',(-90.,0.,0.));
#2528=CARTESIAN_POINT('',(-122.922674515856,0.,2.25776498400604));
#2529=CARTESIAN_POINT('Origin',(-90.,0.,0.));
#2530=CARTESIAN_POINT('',(-132.400414149209,0.,2.90772763091686));
#2531=CARTESIAN_POINT('',(-90.,0.,0.));
#2532=CARTESIAN_POINT('',(-131.86419994321,0.,7.32384892764295));
#2533=CARTESIAN_POINT('Origin',(-90.,0.,0.));
#2534=CARTESIAN_POINT('',(-122.506319955904,0.,5.68675328499336));
#2535=CARTESIAN_POINT('',(-90.,0.,0.));
#2536=CARTESIAN_POINT('Origin',(-90.,0.,0.));
#2537=CARTESIAN_POINT('Origin',(-90.,0.,0.));
#2538=CARTESIAN_POINT('',(-42.5,2.,-5.81707229594993E-15));
#2539=CARTESIAN_POINT('Origin',(-90.,2.,0.));
#2540=CARTESIAN_POINT('',(-42.5,0.,-5.81707229594993E-15));
#2541=CARTESIAN_POINT('Origin',(-90.,2.,0.));
#2542=CARTESIAN_POINT('Origin',(-126.192413790529,0.,22.2791199111434));
#2543=CARTESIAN_POINT('',(-118.102344825587,0.,17.2990813427701));
#2544=CARTESIAN_POINT('',(-126.192413790529,0.,22.2791199111434));
#2545=CARTESIAN_POINT('Origin',(-90.,0.,0.));
#2546=CARTESIAN_POINT('',(-123.665345793642,0.,25.9402099566385));
#2547=CARTESIAN_POINT('Origin',(-116.140150851534,0.,20.141810083978));
#2548=CARTESIAN_POINT('',(-116.140150851534,0.,20.141810083978));
#2549=CARTESIAN_POINT('Origin',(-90.,0.,0.));
#2550=CARTESIAN_POINT('',(-106.844106605745,0.,28.3773866424356));
#2551=CARTESIAN_POINT('Origin',(-111.693167598308,0.,36.5466343122277));
#2552=CARTESIAN_POINT('',(-111.693167598308,0.,36.5466343122277));
#2553=CARTESIAN_POINT('Origin',(-90.,0.,0.));
#2554=CARTESIAN_POINT('',(-107.754166634149,0.,38.6139814979867));
#2555=CARTESIAN_POINT('Origin',(-103.785588210045,0.,29.9826209278485));
#2556=CARTESIAN_POINT('',(-103.785588210045,0.,29.9826209278485));
#2557=CARTESIAN_POINT('Origin',(-90.,0.,0.));
#2558=CARTESIAN_POINT('',(-91.7270865560172,0.,32.9547746469009));
#2559=CARTESIAN_POINT('Origin',(-92.2242781403251,0.,42.4417552270694));
#2560=CARTESIAN_POINT('',(-92.2242781403251,0.,42.4417552270694));
#2561=CARTESIAN_POINT('Origin',(-90.,0.,0.));
#2562=CARTESIAN_POINT('',(-87.7757218596749,0.,42.4417552270694));
#2563=CARTESIAN_POINT('Origin',(-88.2729134439829,0.,32.9547746469009));
#2564=CARTESIAN_POINT('',(-88.2729134439829,0.,32.9547746469009));
#2565=CARTESIAN_POINT('Origin',(-90.,0.,0.));
#2566=CARTESIAN_POINT('',(-76.2144117899547,0.,29.9826209278485));
#2567=CARTESIAN_POINT('Origin',(-72.2458333658507,0.,38.6139814979867));
#2568=CARTESIAN_POINT('',(-72.2458333658507,0.,38.6139814979867));
#2569=CARTESIAN_POINT('Origin',(-90.,0.,0.));
#2570=CARTESIAN_POINT('',(-68.3068324016916,0.,36.5466343122277));
#2571=CARTESIAN_POINT('Origin',(-73.1558933942546,0.,28.3773866424356));
#2572=CARTESIAN_POINT('',(-73.1558933942546,0.,28.3773866424356));
#2573=CARTESIAN_POINT('Origin',(-90.,0.,0.));
#2574=CARTESIAN_POINT('',(-63.8598491484659,0.,20.1418100839781));
#2575=CARTESIAN_POINT('Origin',(-56.3346542063576,0.,25.9402099566384));
#2576=CARTESIAN_POINT('',(-56.3346542063576,0.,25.9402099566384));
#2577=CARTESIAN_POINT('Origin',(-90.,0.,0.));
#2578=CARTESIAN_POINT('',(-53.8075862094707,0.,22.2791199111433));
#2579=CARTESIAN_POINT('Origin',(-61.8976551744126,0.,17.2990813427702));
#2580=CARTESIAN_POINT('',(-61.8976551744126,0.,17.2990813427702));
#2581=CARTESIAN_POINT('Origin',(-90.,0.,0.));
#2582=CARTESIAN_POINT('',(-57.4936800440958,0.,5.6867532849934));
#2583=CARTESIAN_POINT('Origin',(-48.13580005679,0.,7.32384892764301));
#2584=CARTESIAN_POINT('',(-48.13580005679,0.,7.32384892764301));
#2585=CARTESIAN_POINT('Origin',(-90.,0.,0.));
#2586=CARTESIAN_POINT('',(-47.5995858507915,0.,2.90772763091693));
#2587=CARTESIAN_POINT('Origin',(-57.077325484144,0.,2.25776498400608));
#2588=CARTESIAN_POINT('',(-57.077325484144,0.,2.25776498400608));
#2589=CARTESIAN_POINT('Origin',(-90.,0.,0.));
#2590=CARTESIAN_POINT('',(-58.574317098001,0.,-10.0710701587769));
#2591=CARTESIAN_POINT('Origin',(-49.5275295959104,0.,-12.9703176287278));
#2592=CARTESIAN_POINT('',(-49.5275295959104,0.,-12.9703176287278));
#2593=CARTESIAN_POINT('Origin',(-90.,0.,0.));
#2594=CARTESIAN_POINT('',(-51.1050093933127,0.,-17.129790007636));
#2595=CARTESIAN_POINT('Origin',(-59.7991837642193,0.,-13.3007781235762));
#2596=CARTESIAN_POINT('',(-59.7991837642193,0.,-13.3007781235762));
#2597=CARTESIAN_POINT('Origin',(-90.,0.,0.));
#2598=CARTESIAN_POINT('',(-66.85419938422,0.,-23.5217327987238));
#2599=CARTESIAN_POINT('Origin',(-60.1910143584652,0.,-30.2931407256292));
#2600=CARTESIAN_POINT('',(-60.1910143584652,0.,-30.2931407256292));
#2601=CARTESIAN_POINT('Origin',(-90.,0.,0.));
#2602=CARTESIAN_POINT('',(-63.5208065483759,0.,-33.2430791917877));
#2603=CARTESIAN_POINT('Origin',(-69.4396850846213,0.,-25.8122732547999));
#2604=CARTESIAN_POINT('',(-69.4396850846213,0.,-25.8122732547999));
#2605=CARTESIAN_POINT('Origin',(-90.,0.,0.));
#2606=CARTESIAN_POINT('',(-80.4365056543787,0.,-31.5838499220926));
#2607=CARTESIAN_POINT('Origin',(-77.6833784942757,0.,-40.6761703542102));
#2608=CARTESIAN_POINT('',(-77.6833784942757,0.,-40.6761703542102));
#2609=CARTESIAN_POINT('Origin',(-90.,0.,0.));
#2610=CARTESIAN_POINT('',(-82.0026678143323,0.,-41.7407795556346));
#2611=CARTESIAN_POINT('Origin',(-83.7903067734815,0.,-32.4104876549633));
#2612=CARTESIAN_POINT('',(-83.7903067734815,0.,-32.4104876549633));
#2613=CARTESIAN_POINT('Origin',(-90.,0.,0.));
#2614=CARTESIAN_POINT('',(-96.2096932265185,0.,-32.4104876549633));
#2615=CARTESIAN_POINT('Origin',(-97.9973321856677,0.,-41.7407795556346));
#2616=CARTESIAN_POINT('',(-97.9973321856677,0.,-41.7407795556346));
#2617=CARTESIAN_POINT('Origin',(-90.,0.,0.));
#2618=CARTESIAN_POINT('',(-102.316621505724,0.,-40.6761703542102));
#2619=CARTESIAN_POINT('Origin',(-99.5634943456212,0.,-31.5838499220926));
#2620=CARTESIAN_POINT('',(-99.5634943456212,0.,-31.5838499220926));
#2621=CARTESIAN_POINT('Origin',(-90.,0.,0.));
#2622=CARTESIAN_POINT('',(-110.560314915379,0.,-25.8122732547999));
#2623=CARTESIAN_POINT('Origin',(-116.479193451624,0.,-33.2430791917877));
#2624=CARTESIAN_POINT('',(-116.479193451624,0.,-33.2430791917877));
#2625=CARTESIAN_POINT('Origin',(-90.,0.,0.));
#2626=CARTESIAN_POINT('',(-119.808985641535,0.,-30.2931407256292));
#2627=CARTESIAN_POINT('Origin',(-113.14580061578,0.,-23.5217327987238));
#2628=CARTESIAN_POINT('',(-113.14580061578,0.,-23.5217327987238));
#2629=CARTESIAN_POINT('Origin',(-90.,0.,0.));
#2630=CARTESIAN_POINT('',(-120.200816235781,0.,-13.3007781235762));
#2631=CARTESIAN_POINT('Origin',(-128.894990606687,0.,-17.129790007636));
#2632=CARTESIAN_POINT('',(-128.894990606687,0.,-17.129790007636));
#2633=CARTESIAN_POINT('Origin',(-90.,0.,0.));
#2634=CARTESIAN_POINT('',(-130.47247040409,0.,-12.9703176287278));
#2635=CARTESIAN_POINT('Origin',(-121.425682901999,0.,-10.0710701587769));
#2636=CARTESIAN_POINT('',(-121.425682901999,0.,-10.0710701587769));
#2637=CARTESIAN_POINT('Origin',(-90.,0.,0.));
#2638=CARTESIAN_POINT('',(-122.922674515856,0.,2.25776498400604));
#2639=CARTESIAN_POINT('Origin',(-132.400414149209,0.,2.90772763091686));
#2640=CARTESIAN_POINT('',(-132.400414149209,0.,2.90772763091686));
#2641=CARTESIAN_POINT('Origin',(-90.,0.,0.));
#2642=CARTESIAN_POINT('',(-131.86419994321,0.,7.32384892764295));
#2643=CARTESIAN_POINT('Origin',(-122.506319955904,0.,5.68675328499336));
#2644=CARTESIAN_POINT('',(-122.506319955904,0.,5.68675328499336));
#2645=CARTESIAN_POINT('Origin',(-90.,0.,0.));
#2646=UNCERTAINTY_MEASURE_WITH_UNIT(LENGTH_MEASURE(0.01),#2650,
'DISTANCE_ACCURACY_VALUE',
'Maximum model space distance between geometric entities at asserted c
onnectivities');
#2647=UNCERTAINTY_MEASURE_WITH_UNIT(LENGTH_MEASURE(0.01),#2650,
'DISTANCE_ACCURACY_VALUE',
'Maximum model space distance between geometric entities at asserted c
onnectivities');
#2648=(
GEOMETRIC_REPRESENTATION_CONTEXT(3)
GLOBAL_UNCERTAINTY_ASSIGNED_CONTEXT((#2646))
GLOBAL_UNIT_ASSIGNED_CONTEXT((#2650,#2652,#2653))
REPRESENTATION_CONTEXT('','3D')
);
#2649=(
GEOMETRIC_REPRESENTATION_CONTEXT(3)
GLOBAL_UNCERTAINTY_ASSIGNED_CONTEXT((#2647))
GLOBAL_UNIT_ASSIGNED_CONTEXT((#2650,#2652,#2653))
REPRESENTATION_CONTEXT('','3D')
);
#2650=(
LENGTH_UNIT()
NAMED_UNIT(*)
SI_UNIT(.MILLI.,.METRE.)
);
#2651=(
LENGTH_UNIT()
NAMED_UNIT(*)
SI_UNIT($,.METRE.)
);
#2652=(
NAMED_UNIT(*)
PLANE_ANGLE_UNIT()
SI_UNIT($,.RADIAN.)
);
#2653=(
NAMED_UNIT(*)
SI_UNIT($,.STERADIAN.)
SOLID_ANGLE_UNIT()
);
#2654=SHAPE_DEFINITION_REPRESENTATION(#2655,#2656);
#2655=PRODUCT_DEFINITION_SHAPE('',$,#2658);
#2656=SHAPE_REPRESENTATION('',(#1498),#2648);
#2657=PRODUCT_DEFINITION_CONTEXT('part definition',#2662,'design');
#2658=PRODUCT_DEFINITION('2025-12-04-20-06-30-581','Drive_sprocket',#2659,
#2657);
#2659=PRODUCT_DEFINITION_FORMATION('',$,#2664);
#2660=PRODUCT_RELATED_PRODUCT_CATEGORY('Drive_sprocket',
'Drive_sprocket',(#2664));
#2661=APPLICATION_PROTOCOL_DEFINITION('international standard',
'automotive_design',2009,#2662);
#2662=APPLICATION_CONTEXT(
'Core Data for Automotive Mechanical Design Process');
#2663=PRODUCT_CONTEXT('part definition',#2662,'mechanical');
#2664=PRODUCT('2025-12-04-20-06-30-581','Drive_sprocket',$,(#2663));
#2665=PRESENTATION_STYLE_ASSIGNMENT((#2666));
#2666=SURFACE_STYLE_USAGE(.BOTH.,#2667);
#2667=SURFACE_SIDE_STYLE('',(#2668));
#2668=SURFACE_STYLE_FILL_AREA(#2669);
#2669=FILL_AREA_STYLE('Plate',(#2670));
#2670=FILL_AREA_STYLE_COLOUR('Plate',#2671);
#2671=COLOUR_RGB('Plate',0.6,0.6,0.6);
ENDSEC;
END-ISO-10303-21;
