ISO-10303-21;
HEADER;
/* Generated by software containing ST-Developer
 * from STEP Tools, Inc. (www.steptools.com) 
 */

FILE_DESCRIPTION(
/* description */ (''),
/* implementation_level */ '2;1');

FILE_NAME(
/* name */ 'Flipper_sprocket.step',
/* time_stamp */ '2026-08-27T11:17:26-05:00',
/* author */ (''),
/* organization */ (''),
/* preprocessor_version */ 'ST-DEVELOPER v20.1',
/* originating_system */ 'Autodesk Translation Framework v15.8.0.0',
/* authorisation */ '');

FILE_SCHEMA (('AUTOMOTIVE_DESIGN { 1 0 10303 214 3 1 1 }'));
ENDSEC;

DATA;
#10=MECHANICAL_DESIGN_GEOMETRIC_PRESENTATION_REPRESENTATION('',(#13),#3861);
#11=SHAPE_REPRESENTATION_RELATIONSHIP('SRR','None',#3868,#12);
#12=ADVANCED_BREP_SHAPE_REPRESENTATION('',(#14),#3860);
#13=STYLED_ITEM('',(#3877),#14);
#14=MANIFOLD_SOLID_BREP('Body1',#2257);
#15=FACE_BOUND('',#204,.T.);
#16=FACE_BOUND('',#206,.T.);
#17=FACE_BOUND('',#209,.T.);
#18=FACE_BOUND('',#264,.T.);
#19=FACE_BOUND('',#266,.T.);
#20=FACE_BOUND('',#269,.T.);
#21=FACE_BOUND('',#271,.T.);
#22=FACE_BOUND('',#274,.T.);
#23=PLANE('',#2277);
#24=PLANE('',#2278);
#25=PLANE('',#2308);
#26=PLANE('',#2309);
#27=PLANE('',#2312);
#28=PLANE('',#2315);
#29=PLANE('',#2318);
#30=PLANE('',#2321);
#31=PLANE('',#2324);
#32=PLANE('',#2327);
#33=PLANE('',#2330);
#34=PLANE('',#2333);
#35=PLANE('',#2336);
#36=PLANE('',#2339);
#37=PLANE('',#2342);
#38=PLANE('',#2345);
#39=PLANE('',#2348);
#40=PLANE('',#2351);
#41=PLANE('',#2354);
#42=PLANE('',#2357);
#43=PLANE('',#2360);
#44=PLANE('',#2363);
#45=PLANE('',#2366);
#46=PLANE('',#2369);
#47=PLANE('',#2372);
#48=PLANE('',#2375);
#49=PLANE('',#2378);
#50=PLANE('',#2381);
#51=PLANE('',#2384);
#52=PLANE('',#2390);
#53=PLANE('',#2391);
#54=PLANE('',#2421);
#55=PLANE('',#2422);
#56=PLANE('',#2452);
#57=PLANE('',#2453);
#58=PLANE('',#2455);
#59=PLANE('',#2457);
#60=PLANE('',#2459);
#61=PLANE('',#2461);
#62=PLANE('',#2463);
#63=PLANE('',#2465);
#64=PLANE('',#2467);
#65=PLANE('',#2469);
#66=PLANE('',#2471);
#67=PLANE('',#2473);
#68=PLANE('',#2475);
#69=PLANE('',#2477);
#70=PLANE('',#2479);
#71=PLANE('',#2481);
#72=PLANE('',#2483);
#73=PLANE('',#2485);
#74=PLANE('',#2487);
#75=PLANE('',#2489);
#76=PLANE('',#2491);
#77=PLANE('',#2493);
#78=PLANE('',#2495);
#79=PLANE('',#2497);
#80=PLANE('',#2499);
#81=PLANE('',#2501);
#82=PLANE('',#2503);
#83=FACE_OUTER_BOUND('',#201,.T.);
#84=FACE_OUTER_BOUND('',#202,.T.);
#85=FACE_OUTER_BOUND('',#203,.T.);
#86=FACE_OUTER_BOUND('',#205,.T.);
#87=FACE_OUTER_BOUND('',#207,.T.);
#88=FACE_OUTER_BOUND('',#208,.T.);
#89=FACE_OUTER_BOUND('',#210,.T.);
#90=FACE_OUTER_BOUND('',#211,.T.);
#91=FACE_OUTER_BOUND('',#212,.T.);
#92=FACE_OUTER_BOUND('',#213,.T.);
#93=FACE_OUTER_BOUND('',#214,.T.);
#94=FACE_OUTER_BOUND('',#215,.T.);
#95=FACE_OUTER_BOUND('',#216,.T.);
#96=FACE_OUTER_BOUND('',#217,.T.);
#97=FACE_OUTER_BOUND('',#218,.T.);
#98=FACE_OUTER_BOUND('',#219,.T.);
#99=FACE_OUTER_BOUND('',#220,.T.);
#100=FACE_OUTER_BOUND('',#221,.T.);
#101=FACE_OUTER_BOUND('',#222,.T.);
#102=FACE_OUTER_BOUND('',#223,.T.);
#103=FACE_OUTER_BOUND('',#224,.T.);
#104=FACE_OUTER_BOUND('',#225,.T.);
#105=FACE_OUTER_BOUND('',#226,.T.);
#106=FACE_OUTER_BOUND('',#227,.T.);
#107=FACE_OUTER_BOUND('',#228,.T.);
#108=FACE_OUTER_BOUND('',#229,.T.);
#109=FACE_OUTER_BOUND('',#230,.T.);
#110=FACE_OUTER_BOUND('',#231,.T.);
#111=FACE_OUTER_BOUND('',#232,.T.);
#112=FACE_OUTER_BOUND('',#233,.T.);
#113=FACE_OUTER_BOUND('',#234,.T.);
#114=FACE_OUTER_BOUND('',#235,.T.);
#115=FACE_OUTER_BOUND('',#236,.T.);
#116=FACE_OUTER_BOUND('',#237,.T.);
#117=FACE_OUTER_BOUND('',#238,.T.);
#118=FACE_OUTER_BOUND('',#239,.T.);
#119=FACE_OUTER_BOUND('',#240,.T.);
#120=FACE_OUTER_BOUND('',#241,.T.);
#121=FACE_OUTER_BOUND('',#242,.T.);
#122=FACE_OUTER_BOUND('',#243,.T.);
#123=FACE_OUTER_BOUND('',#244,.T.);
#124=FACE_OUTER_BOUND('',#245,.T.);
#125=FACE_OUTER_BOUND('',#246,.T.);
#126=FACE_OUTER_BOUND('',#247,.T.);
#127=FACE_OUTER_BOUND('',#248,.T.);
#128=FACE_OUTER_BOUND('',#249,.T.);
#129=FACE_OUTER_BOUND('',#250,.T.);
#130=FACE_OUTER_BOUND('',#251,.T.);
#131=FACE_OUTER_BOUND('',#252,.T.);
#132=FACE_OUTER_BOUND('',#253,.T.);
#133=FACE_OUTER_BOUND('',#254,.T.);
#134=FACE_OUTER_BOUND('',#255,.T.);
#135=FACE_OUTER_BOUND('',#256,.T.);
#136=FACE_OUTER_BOUND('',#257,.T.);
#137=FACE_OUTER_BOUND('',#258,.T.);
#138=FACE_OUTER_BOUND('',#259,.T.);
#139=FACE_OUTER_BOUND('',#260,.T.);
#140=FACE_OUTER_BOUND('',#261,.T.);
#141=FACE_OUTER_BOUND('',#262,.T.);
#142=FACE_OUTER_BOUND('',#263,.T.);
#143=FACE_OUTER_BOUND('',#265,.T.);
#144=FACE_OUTER_BOUND('',#267,.T.);
#145=FACE_OUTER_BOUND('',#268,.T.);
#146=FACE_OUTER_BOUND('',#270,.T.);
#147=FACE_OUTER_BOUND('',#272,.T.);
#148=FACE_OUTER_BOUND('',#273,.T.);
#149=FACE_OUTER_BOUND('',#275,.T.);
#150=FACE_OUTER_BOUND('',#276,.T.);
#151=FACE_OUTER_BOUND('',#277,.T.);
#152=FACE_OUTER_BOUND('',#278,.T.);
#153=FACE_OUTER_BOUND('',#279,.T.);
#154=FACE_OUTER_BOUND('',#280,.T.);
#155=FACE_OUTER_BOUND('',#281,.T.);
#156=FACE_OUTER_BOUND('',#282,.T.);
#157=FACE_OUTER_BOUND('',#283,.T.);
#158=FACE_OUTER_BOUND('',#284,.T.);
#159=FACE_OUTER_BOUND('',#285,.T.);
#160=FACE_OUTER_BOUND('',#286,.T.);
#161=FACE_OUTER_BOUND('',#287,.T.);
#162=FACE_OUTER_BOUND('',#288,.T.);
#163=FACE_OUTER_BOUND('',#289,.T.);
#164=FACE_OUTER_BOUND('',#290,.T.);
#165=FACE_OUTER_BOUND('',#291,.T.);
#166=FACE_OUTER_BOUND('',#292,.T.);
#167=FACE_OUTER_BOUND('',#293,.T.);
#168=FACE_OUTER_BOUND('',#294,.T.);
#169=FACE_OUTER_BOUND('',#295,.T.);
#170=FACE_OUTER_BOUND('',#296,.T.);
#171=FACE_OUTER_BOUND('',#297,.T.);
#172=FACE_OUTER_BOUND('',#298,.T.);
#173=FACE_OUTER_BOUND('',#299,.T.);
#174=FACE_OUTER_BOUND('',#300,.T.);
#175=FACE_OUTER_BOUND('',#301,.T.);
#176=FACE_OUTER_BOUND('',#302,.T.);
#177=FACE_OUTER_BOUND('',#303,.T.);
#178=FACE_OUTER_BOUND('',#304,.T.);
#179=FACE_OUTER_BOUND('',#305,.T.);
#180=FACE_OUTER_BOUND('',#306,.T.);
#181=FACE_OUTER_BOUND('',#307,.T.);
#182=FACE_OUTER_BOUND('',#308,.T.);
#183=FACE_OUTER_BOUND('',#309,.T.);
#184=FACE_OUTER_BOUND('',#310,.T.);
#185=FACE_OUTER_BOUND('',#311,.T.);
#186=FACE_OUTER_BOUND('',#312,.T.);
#187=FACE_OUTER_BOUND('',#313,.T.);
#188=FACE_OUTER_BOUND('',#314,.T.);
#189=FACE_OUTER_BOUND('',#315,.T.);
#190=FACE_OUTER_BOUND('',#316,.T.);
#191=FACE_OUTER_BOUND('',#317,.T.);
#192=FACE_OUTER_BOUND('',#318,.T.);
#193=FACE_OUTER_BOUND('',#319,.T.);
#194=FACE_OUTER_BOUND('',#320,.T.);
#195=FACE_OUTER_BOUND('',#321,.T.);
#196=FACE_OUTER_BOUND('',#322,.T.);
#197=FACE_OUTER_BOUND('',#323,.T.);
#198=FACE_OUTER_BOUND('',#324,.T.);
#199=FACE_OUTER_BOUND('',#325,.T.);
#200=FACE_OUTER_BOUND('',#326,.T.);
#201=EDGE_LOOP('',(#1421,#1422,#1423,#1424));
#202=EDGE_LOOP('',(#1425,#1426,#1427,#1428));
#203=EDGE_LOOP('',(#1429));
#204=EDGE_LOOP('',(#1430));
#205=EDGE_LOOP('',(#1431));
#206=EDGE_LOOP('',(#1432,#1433,#1434,#1435,#1436,#1437,#1438,#1439,#1440,
#1441,#1442,#1443,#1444,#1445,#1446,#1447,#1448,#1449,#1450,#1451,#1452,
#1453,#1454,#1455,#1456,#1457,#1458,#1459,#1460,#1461,#1462,#1463,#1464,
#1465,#1466,#1467,#1468,#1469,#1470,#1471,#1472,#1473,#1474,#1475,#1476,
#1477,#1478,#1479,#1480,#1481,#1482,#1483));
#207=EDGE_LOOP('',(#1484,#1485,#1486,#1487));
#208=EDGE_LOOP('',(#1488));
#209=EDGE_LOOP('',(#1489));
#210=EDGE_LOOP('',(#1490,#1491,#1492,#1493));
#211=EDGE_LOOP('',(#1494,#1495,#1496,#1497));
#212=EDGE_LOOP('',(#1498,#1499,#1500,#1501));
#213=EDGE_LOOP('',(#1502,#1503,#1504,#1505));
#214=EDGE_LOOP('',(#1506,#1507,#1508,#1509));
#215=EDGE_LOOP('',(#1510,#1511,#1512,#1513));
#216=EDGE_LOOP('',(#1514,#1515,#1516,#1517));
#217=EDGE_LOOP('',(#1518,#1519,#1520,#1521));
#218=EDGE_LOOP('',(#1522,#1523,#1524,#1525));
#219=EDGE_LOOP('',(#1526,#1527,#1528,#1529));
#220=EDGE_LOOP('',(#1530,#1531,#1532,#1533));
#221=EDGE_LOOP('',(#1534,#1535,#1536,#1537));
#222=EDGE_LOOP('',(#1538,#1539,#1540,#1541));
#223=EDGE_LOOP('',(#1542,#1543,#1544,#1545));
#224=EDGE_LOOP('',(#1546,#1547,#1548,#1549));
#225=EDGE_LOOP('',(#1550,#1551,#1552,#1553));
#226=EDGE_LOOP('',(#1554,#1555,#1556,#1557));
#227=EDGE_LOOP('',(#1558,#1559,#1560,#1561));
#228=EDGE_LOOP('',(#1562,#1563,#1564,#1565));
#229=EDGE_LOOP('',(#1566,#1567,#1568,#1569));
#230=EDGE_LOOP('',(#1570,#1571,#1572,#1573));
#231=EDGE_LOOP('',(#1574,#1575,#1576,#1577));
#232=EDGE_LOOP('',(#1578,#1579,#1580,#1581));
#233=EDGE_LOOP('',(#1582,#1583,#1584,#1585));
#234=EDGE_LOOP('',(#1586,#1587,#1588,#1589));
#235=EDGE_LOOP('',(#1590,#1591,#1592,#1593));
#236=EDGE_LOOP('',(#1594,#1595,#1596,#1597));
#237=EDGE_LOOP('',(#1598,#1599,#1600,#1601));
#238=EDGE_LOOP('',(#1602,#1603,#1604,#1605));
#239=EDGE_LOOP('',(#1606,#1607,#1608,#1609));
#240=EDGE_LOOP('',(#1610,#1611,#1612,#1613));
#241=EDGE_LOOP('',(#1614,#1615,#1616,#1617));
#242=EDGE_LOOP('',(#1618,#1619,#1620,#1621));
#243=EDGE_LOOP('',(#1622,#1623,#1624,#1625));
#244=EDGE_LOOP('',(#1626,#1627,#1628,#1629));
#245=EDGE_LOOP('',(#1630,#1631,#1632,#1633));
#246=EDGE_LOOP('',(#1634,#1635,#1636,#1637));
#247=EDGE_LOOP('',(#1638,#1639,#1640,#1641));
#248=EDGE_LOOP('',(#1642,#1643,#1644,#1645));
#249=EDGE_LOOP('',(#1646,#1647,#1648,#1649));
#250=EDGE_LOOP('',(#1650,#1651,#1652,#1653));
#251=EDGE_LOOP('',(#1654,#1655,#1656,#1657));
#252=EDGE_LOOP('',(#1658,#1659,#1660,#1661));
#253=EDGE_LOOP('',(#1662,#1663,#1664,#1665));
#254=EDGE_LOOP('',(#1666,#1667,#1668,#1669));
#255=EDGE_LOOP('',(#1670,#1671,#1672,#1673));
#256=EDGE_LOOP('',(#1674,#1675,#1676,#1677));
#257=EDGE_LOOP('',(#1678,#1679,#1680,#1681));
#258=EDGE_LOOP('',(#1682,#1683,#1684,#1685));
#259=EDGE_LOOP('',(#1686,#1687,#1688,#1689));
#260=EDGE_LOOP('',(#1690,#1691,#1692,#1693));
#261=EDGE_LOOP('',(#1694,#1695,#1696,#1697));
#262=EDGE_LOOP('',(#1698,#1699,#1700,#1701));
#263=EDGE_LOOP('',(#1702));
#264=EDGE_LOOP('',(#1703));
#265=EDGE_LOOP('',(#1704));
#266=EDGE_LOOP('',(#1705,#1706,#1707,#1708,#1709,#1710,#1711,#1712,#1713,
#1714,#1715,#1716,#1717,#1718,#1719,#1720,#1721,#1722,#1723,#1724,#1725,
#1726,#1727,#1728,#1729,#1730,#1731,#1732,#1733,#1734,#1735,#1736,#1737,
#1738,#1739,#1740,#1741,#1742,#1743,#1744,#1745,#1746,#1747,#1748,#1749,
#1750,#1751,#1752,#1753,#1754,#1755,#1756));
#267=EDGE_LOOP('',(#1757,#1758,#1759,#1760));
#268=EDGE_LOOP('',(#1761));
#269=EDGE_LOOP('',(#1762));
#270=EDGE_LOOP('',(#1763));
#271=EDGE_LOOP('',(#1764,#1765,#1766,#1767,#1768,#1769,#1770,#1771,#1772,
#1773,#1774,#1775,#1776,#1777,#1778,#1779,#1780,#1781,#1782,#1783,#1784,
#1785,#1786,#1787,#1788,#1789,#1790,#1791,#1792,#1793,#1794,#1795,#1796,
#1797,#1798,#1799,#1800,#1801,#1802,#1803,#1804,#1805,#1806,#1807,#1808,
#1809,#1810,#1811,#1812,#1813,#1814,#1815));
#272=EDGE_LOOP('',(#1816,#1817,#1818,#1819));
#273=EDGE_LOOP('',(#1820));
#274=EDGE_LOOP('',(#1821,#1822,#1823,#1824,#1825,#1826,#1827,#1828,#1829,
#1830,#1831,#1832,#1833,#1834,#1835,#1836,#1837,#1838,#1839,#1840,#1841,
#1842,#1843,#1844,#1845,#1846,#1847,#1848,#1849,#1850,#1851,#1852,#1853,
#1854,#1855,#1856,#1857,#1858,#1859,#1860,#1861,#1862,#1863,#1864,#1865,
#1866,#1867,#1868,#1869,#1870,#1871,#1872));
#275=EDGE_LOOP('',(#1873,#1874,#1875,#1876));
#276=EDGE_LOOP('',(#1877,#1878,#1879,#1880));
#277=EDGE_LOOP('',(#1881,#1882,#1883,#1884));
#278=EDGE_LOOP('',(#1885,#1886,#1887,#1888));
#279=EDGE_LOOP('',(#1889,#1890,#1891,#1892));
#280=EDGE_LOOP('',(#1893,#1894,#1895,#1896));
#281=EDGE_LOOP('',(#1897,#1898,#1899,#1900));
#282=EDGE_LOOP('',(#1901,#1902,#1903,#1904));
#283=EDGE_LOOP('',(#1905,#1906,#1907,#1908));
#284=EDGE_LOOP('',(#1909,#1910,#1911,#1912));
#285=EDGE_LOOP('',(#1913,#1914,#1915,#1916));
#286=EDGE_LOOP('',(#1917,#1918,#1919,#1920));
#287=EDGE_LOOP('',(#1921,#1922,#1923,#1924));
#288=EDGE_LOOP('',(#1925,#1926,#1927,#1928));
#289=EDGE_LOOP('',(#1929,#1930,#1931,#1932));
#290=EDGE_LOOP('',(#1933,#1934,#1935,#1936));
#291=EDGE_LOOP('',(#1937,#1938,#1939,#1940));
#292=EDGE_LOOP('',(#1941,#1942,#1943,#1944));
#293=EDGE_LOOP('',(#1945,#1946,#1947,#1948));
#294=EDGE_LOOP('',(#1949,#1950,#1951,#1952));
#295=EDGE_LOOP('',(#1953,#1954,#1955,#1956));
#296=EDGE_LOOP('',(#1957,#1958,#1959,#1960));
#297=EDGE_LOOP('',(#1961,#1962,#1963,#1964));
#298=EDGE_LOOP('',(#1965,#1966,#1967,#1968));
#299=EDGE_LOOP('',(#1969,#1970,#1971,#1972));
#300=EDGE_LOOP('',(#1973,#1974,#1975,#1976));
#301=EDGE_LOOP('',(#1977,#1978,#1979,#1980));
#302=EDGE_LOOP('',(#1981,#1982,#1983,#1984));
#303=EDGE_LOOP('',(#1985,#1986,#1987,#1988));
#304=EDGE_LOOP('',(#1989,#1990,#1991,#1992));
#305=EDGE_LOOP('',(#1993,#1994,#1995,#1996));
#306=EDGE_LOOP('',(#1997,#1998,#1999,#2000));
#307=EDGE_LOOP('',(#2001,#2002,#2003,#2004));
#308=EDGE_LOOP('',(#2005,#2006,#2007,#2008));
#309=EDGE_LOOP('',(#2009,#2010,#2011,#2012));
#310=EDGE_LOOP('',(#2013,#2014,#2015,#2016));
#311=EDGE_LOOP('',(#2017,#2018,#2019,#2020));
#312=EDGE_LOOP('',(#2021,#2022,#2023,#2024));
#313=EDGE_LOOP('',(#2025,#2026,#2027,#2028));
#314=EDGE_LOOP('',(#2029,#2030,#2031,#2032));
#315=EDGE_LOOP('',(#2033,#2034,#2035,#2036));
#316=EDGE_LOOP('',(#2037,#2038,#2039,#2040));
#317=EDGE_LOOP('',(#2041,#2042,#2043,#2044));
#318=EDGE_LOOP('',(#2045,#2046,#2047,#2048));
#319=EDGE_LOOP('',(#2049,#2050,#2051,#2052));
#320=EDGE_LOOP('',(#2053,#2054,#2055,#2056));
#321=EDGE_LOOP('',(#2057,#2058,#2059,#2060));
#322=EDGE_LOOP('',(#2061,#2062,#2063,#2064));
#323=EDGE_LOOP('',(#2065,#2066,#2067,#2068));
#324=EDGE_LOOP('',(#2069,#2070,#2071,#2072));
#325=EDGE_LOOP('',(#2073,#2074,#2075,#2076));
#326=EDGE_LOOP('',(#2077,#2078,#2079,#2080));
#327=LINE('',#3194,#541);
#328=LINE('',#3200,#542);
#329=LINE('',#3208,#543);
#330=LINE('',#3212,#544);
#331=LINE('',#3216,#545);
#332=LINE('',#3220,#546);
#333=LINE('',#3224,#547);
#334=LINE('',#3228,#548);
#335=LINE('',#3232,#549);
#336=LINE('',#3236,#550);
#337=LINE('',#3240,#551);
#338=LINE('',#3244,#552);
#339=LINE('',#3248,#553);
#340=LINE('',#3252,#554);
#341=LINE('',#3256,#555);
#342=LINE('',#3260,#556);
#343=LINE('',#3264,#557);
#344=LINE('',#3268,#558);
#345=LINE('',#3272,#559);
#346=LINE('',#3276,#560);
#347=LINE('',#3280,#561);
#348=LINE('',#3284,#562);
#349=LINE('',#3288,#563);
#350=LINE('',#3292,#564);
#351=LINE('',#3296,#565);
#352=LINE('',#3300,#566);
#353=LINE('',#3304,#567);
#354=LINE('',#3308,#568);
#355=LINE('',#3313,#569);
#356=LINE('',#3317,#570);
#357=LINE('',#3319,#571);
#358=LINE('',#3320,#572);
#359=LINE('',#3324,#573);
#360=LINE('',#3327,#574);
#361=LINE('',#3328,#575);
#362=LINE('',#3332,#576);
#363=LINE('',#3335,#577);
#364=LINE('',#3336,#578);
#365=LINE('',#3340,#579);
#366=LINE('',#3343,#580);
#367=LINE('',#3344,#581);
#368=LINE('',#3348,#582);
#369=LINE('',#3351,#583);
#370=LINE('',#3352,#584);
#371=LINE('',#3356,#585);
#372=LINE('',#3359,#586);
#373=LINE('',#3360,#587);
#374=LINE('',#3364,#588);
#375=LINE('',#3367,#589);
#376=LINE('',#3368,#590);
#377=LINE('',#3372,#591);
#378=LINE('',#3375,#592);
#379=LINE('',#3376,#593);
#380=LINE('',#3380,#594);
#381=LINE('',#3383,#595);
#382=LINE('',#3384,#596);
#383=LINE('',#3388,#597);
#384=LINE('',#3391,#598);
#385=LINE('',#3392,#599);
#386=LINE('',#3396,#600);
#387=LINE('',#3399,#601);
#388=LINE('',#3400,#602);
#389=LINE('',#3404,#603);
#390=LINE('',#3407,#604);
#391=LINE('',#3408,#605);
#392=LINE('',#3412,#606);
#393=LINE('',#3415,#607);
#394=LINE('',#3416,#608);
#395=LINE('',#3420,#609);
#396=LINE('',#3423,#610);
#397=LINE('',#3424,#611);
#398=LINE('',#3428,#612);
#399=LINE('',#3431,#613);
#400=LINE('',#3432,#614);
#401=LINE('',#3436,#615);
#402=LINE('',#3439,#616);
#403=LINE('',#3440,#617);
#404=LINE('',#3444,#618);
#405=LINE('',#3447,#619);
#406=LINE('',#3448,#620);
#407=LINE('',#3452,#621);
#408=LINE('',#3455,#622);
#409=LINE('',#3456,#623);
#410=LINE('',#3460,#624);
#411=LINE('',#3463,#625);
#412=LINE('',#3464,#626);
#413=LINE('',#3468,#627);
#414=LINE('',#3471,#628);
#415=LINE('',#3472,#629);
#416=LINE('',#3476,#630);
#417=LINE('',#3479,#631);
#418=LINE('',#3480,#632);
#419=LINE('',#3484,#633);
#420=LINE('',#3487,#634);
#421=LINE('',#3488,#635);
#422=LINE('',#3492,#636);
#423=LINE('',#3495,#637);
#424=LINE('',#3496,#638);
#425=LINE('',#3500,#639);
#426=LINE('',#3503,#640);
#427=LINE('',#3504,#641);
#428=LINE('',#3508,#642);
#429=LINE('',#3511,#643);
#430=LINE('',#3512,#644);
#431=LINE('',#3516,#645);
#432=LINE('',#3519,#646);
#433=LINE('',#3520,#647);
#434=LINE('',#3527,#648);
#435=LINE('',#3535,#649);
#436=LINE('',#3539,#650);
#437=LINE('',#3543,#651);
#438=LINE('',#3547,#652);
#439=LINE('',#3551,#653);
#440=LINE('',#3555,#654);
#441=LINE('',#3559,#655);
#442=LINE('',#3563,#656);
#443=LINE('',#3567,#657);
#444=LINE('',#3571,#658);
#445=LINE('',#3575,#659);
#446=LINE('',#3579,#660);
#447=LINE('',#3583,#661);
#448=LINE('',#3587,#662);
#449=LINE('',#3591,#663);
#450=LINE('',#3595,#664);
#451=LINE('',#3599,#665);
#452=LINE('',#3603,#666);
#453=LINE('',#3607,#667);
#454=LINE('',#3611,#668);
#455=LINE('',#3615,#669);
#456=LINE('',#3619,#670);
#457=LINE('',#3623,#671);
#458=LINE('',#3627,#672);
#459=LINE('',#3631,#673);
#460=LINE('',#3635,#674);
#461=LINE('',#3640,#675);
#462=LINE('',#3647,#676);
#463=LINE('',#3651,#677);
#464=LINE('',#3655,#678);
#465=LINE('',#3659,#679);
#466=LINE('',#3663,#680);
#467=LINE('',#3667,#681);
#468=LINE('',#3671,#682);
#469=LINE('',#3675,#683);
#470=LINE('',#3679,#684);
#471=LINE('',#3683,#685);
#472=LINE('',#3687,#686);
#473=LINE('',#3691,#687);
#474=LINE('',#3695,#688);
#475=LINE('',#3699,#689);
#476=LINE('',#3703,#690);
#477=LINE('',#3707,#691);
#478=LINE('',#3711,#692);
#479=LINE('',#3715,#693);
#480=LINE('',#3719,#694);
#481=LINE('',#3723,#695);
#482=LINE('',#3727,#696);
#483=LINE('',#3731,#697);
#484=LINE('',#3735,#698);
#485=LINE('',#3739,#699);
#486=LINE('',#3743,#700);
#487=LINE('',#3747,#701);
#488=LINE('',#3752,#702);
#489=LINE('',#3755,#703);
#490=LINE('',#3756,#704);
#491=LINE('',#3758,#705);
#492=LINE('',#3760,#706);
#493=LINE('',#3762,#707);
#494=LINE('',#3764,#708);
#495=LINE('',#3766,#709);
#496=LINE('',#3768,#710);
#497=LINE('',#3770,#711);
#498=LINE('',#3772,#712);
#499=LINE('',#3774,#713);
#500=LINE('',#3776,#714);
#501=LINE('',#3778,#715);
#502=LINE('',#3780,#716);
#503=LINE('',#3782,#717);
#504=LINE('',#3784,#718);
#505=LINE('',#3786,#719);
#506=LINE('',#3788,#720);
#507=LINE('',#3790,#721);
#508=LINE('',#3792,#722);
#509=LINE('',#3794,#723);
#510=LINE('',#3796,#724);
#511=LINE('',#3798,#725);
#512=LINE('',#3800,#726);
#513=LINE('',#3802,#727);
#514=LINE('',#3804,#728);
#515=LINE('',#3806,#729);
#516=LINE('',#3808,#730);
#517=LINE('',#3810,#731);
#518=LINE('',#3812,#732);
#519=LINE('',#3814,#733);
#520=LINE('',#3816,#734);
#521=LINE('',#3818,#735);
#522=LINE('',#3820,#736);
#523=LINE('',#3822,#737);
#524=LINE('',#3824,#738);
#525=LINE('',#3826,#739);
#526=LINE('',#3828,#740);
#527=LINE('',#3830,#741);
#528=LINE('',#3832,#742);
#529=LINE('',#3834,#743);
#530=LINE('',#3836,#744);
#531=LINE('',#3838,#745);
#532=LINE('',#3840,#746);
#533=LINE('',#3842,#747);
#534=LINE('',#3844,#748);
#535=LINE('',#3846,#749);
#536=LINE('',#3848,#750);
#537=LINE('',#3850,#751);
#538=LINE('',#3852,#752);
#539=LINE('',#3854,#753);
#540=LINE('',#3856,#754);
#541=VECTOR('',#2511,4.49999999999999);
#542=VECTOR('',#2518,11.25);
#543=VECTOR('',#2527,10.);
#544=VECTOR('',#2530,10.);
#545=VECTOR('',#2533,10.);
#546=VECTOR('',#2536,10.);
#547=VECTOR('',#2539,10.);
#548=VECTOR('',#2542,10.);
#549=VECTOR('',#2545,10.);
#550=VECTOR('',#2548,10.);
#551=VECTOR('',#2551,10.);
#552=VECTOR('',#2554,10.);
#553=VECTOR('',#2557,10.);
#554=VECTOR('',#2560,10.);
#555=VECTOR('',#2563,10.);
#556=VECTOR('',#2566,10.);
#557=VECTOR('',#2569,10.);
#558=VECTOR('',#2572,10.);
#559=VECTOR('',#2575,10.);
#560=VECTOR('',#2578,10.);
#561=VECTOR('',#2581,10.);
#562=VECTOR('',#2584,10.);
#563=VECTOR('',#2587,10.);
#564=VECTOR('',#2590,10.);
#565=VECTOR('',#2593,10.);
#566=VECTOR('',#2596,10.);
#567=VECTOR('',#2599,10.);
#568=VECTOR('',#2602,10.);
#569=VECTOR('',#2609,47.5);
#570=VECTOR('',#2614,10.);
#571=VECTOR('',#2615,10.);
#572=VECTOR('',#2616,10.);
#573=VECTOR('',#2621,10.);
#574=VECTOR('',#2624,10.);
#575=VECTOR('',#2625,10.);
#576=VECTOR('',#2630,10.);
#577=VECTOR('',#2633,10.);
#578=VECTOR('',#2634,10.);
#579=VECTOR('',#2639,10.);
#580=VECTOR('',#2642,10.);
#581=VECTOR('',#2643,10.);
#582=VECTOR('',#2648,10.);
#583=VECTOR('',#2651,10.);
#584=VECTOR('',#2652,10.);
#585=VECTOR('',#2657,10.);
#586=VECTOR('',#2660,10.);
#587=VECTOR('',#2661,10.);
#588=VECTOR('',#2666,10.);
#589=VECTOR('',#2669,10.);
#590=VECTOR('',#2670,10.);
#591=VECTOR('',#2675,10.);
#592=VECTOR('',#2678,10.);
#593=VECTOR('',#2679,10.);
#594=VECTOR('',#2684,10.);
#595=VECTOR('',#2687,10.);
#596=VECTOR('',#2688,10.);
#597=VECTOR('',#2693,10.);
#598=VECTOR('',#2696,10.);
#599=VECTOR('',#2697,10.);
#600=VECTOR('',#2702,10.);
#601=VECTOR('',#2705,10.);
#602=VECTOR('',#2706,10.);
#603=VECTOR('',#2711,10.);
#604=VECTOR('',#2714,10.);
#605=VECTOR('',#2715,10.);
#606=VECTOR('',#2720,10.);
#607=VECTOR('',#2723,10.);
#608=VECTOR('',#2724,10.);
#609=VECTOR('',#2729,10.);
#610=VECTOR('',#2732,10.);
#611=VECTOR('',#2733,10.);
#612=VECTOR('',#2738,10.);
#613=VECTOR('',#2741,10.);
#614=VECTOR('',#2742,10.);
#615=VECTOR('',#2747,10.);
#616=VECTOR('',#2750,10.);
#617=VECTOR('',#2751,10.);
#618=VECTOR('',#2756,10.);
#619=VECTOR('',#2759,10.);
#620=VECTOR('',#2760,10.);
#621=VECTOR('',#2765,10.);
#622=VECTOR('',#2768,10.);
#623=VECTOR('',#2769,10.);
#624=VECTOR('',#2774,10.);
#625=VECTOR('',#2777,10.);
#626=VECTOR('',#2778,10.);
#627=VECTOR('',#2783,10.);
#628=VECTOR('',#2786,10.);
#629=VECTOR('',#2787,10.);
#630=VECTOR('',#2792,10.);
#631=VECTOR('',#2795,10.);
#632=VECTOR('',#2796,10.);
#633=VECTOR('',#2801,10.);
#634=VECTOR('',#2804,10.);
#635=VECTOR('',#2805,10.);
#636=VECTOR('',#2810,10.);
#637=VECTOR('',#2813,10.);
#638=VECTOR('',#2814,10.);
#639=VECTOR('',#2819,10.);
#640=VECTOR('',#2822,10.);
#641=VECTOR('',#2823,10.);
#642=VECTOR('',#2828,10.);
#643=VECTOR('',#2831,10.);
#644=VECTOR('',#2832,10.);
#645=VECTOR('',#2837,10.);
#646=VECTOR('',#2840,10.);
#647=VECTOR('',#2841,10.);
#648=VECTOR('',#2850,11.25);
#649=VECTOR('',#2859,10.);
#650=VECTOR('',#2862,10.);
#651=VECTOR('',#2865,10.);
#652=VECTOR('',#2868,10.);
#653=VECTOR('',#2871,10.);
#654=VECTOR('',#2874,10.);
#655=VECTOR('',#2877,10.);
#656=VECTOR('',#2880,10.);
#657=VECTOR('',#2883,10.);
#658=VECTOR('',#2886,10.);
#659=VECTOR('',#2889,10.);
#660=VECTOR('',#2892,10.);
#661=VECTOR('',#2895,10.);
#662=VECTOR('',#2898,10.);
#663=VECTOR('',#2901,10.);
#664=VECTOR('',#2904,10.);
#665=VECTOR('',#2907,10.);
#666=VECTOR('',#2910,10.);
#667=VECTOR('',#2913,10.);
#668=VECTOR('',#2916,10.);
#669=VECTOR('',#2919,10.);
#670=VECTOR('',#2922,10.);
#671=VECTOR('',#2925,10.);
#672=VECTOR('',#2928,10.);
#673=VECTOR('',#2931,10.);
#674=VECTOR('',#2934,10.);
#675=VECTOR('',#2941,47.5);
#676=VECTOR('',#2948,10.);
#677=VECTOR('',#2951,10.);
#678=VECTOR('',#2954,10.);
#679=VECTOR('',#2957,10.);
#680=VECTOR('',#2960,10.);
#681=VECTOR('',#2963,10.);
#682=VECTOR('',#2966,10.);
#683=VECTOR('',#2969,10.);
#684=VECTOR('',#2972,10.);
#685=VECTOR('',#2975,10.);
#686=VECTOR('',#2978,10.);
#687=VECTOR('',#2981,10.);
#688=VECTOR('',#2984,10.);
#689=VECTOR('',#2987,10.);
#690=VECTOR('',#2990,10.);
#691=VECTOR('',#2993,10.);
#692=VECTOR('',#2996,10.);
#693=VECTOR('',#2999,10.);
#694=VECTOR('',#3002,10.);
#695=VECTOR('',#3005,10.);
#696=VECTOR('',#3008,10.);
#697=VECTOR('',#3011,10.);
#698=VECTOR('',#3014,10.);
#699=VECTOR('',#3017,10.);
#700=VECTOR('',#3020,10.);
#701=VECTOR('',#3023,10.);
#702=VECTOR('',#3030,47.5);
#703=VECTOR('',#3035,10.);
#704=VECTOR('',#3036,10.);
#705=VECTOR('',#3039,10.);
#706=VECTOR('',#3042,10.);
#707=VECTOR('',#3045,10.);
#708=VECTOR('',#3048,10.);
#709=VECTOR('',#3051,10.);
#710=VECTOR('',#3054,10.);
#711=VECTOR('',#3057,10.);
#712=VECTOR('',#3060,10.);
#713=VECTOR('',#3063,10.);
#714=VECTOR('',#3066,10.);
#715=VECTOR('',#3069,10.);
#716=VECTOR('',#3072,10.);
#717=VECTOR('',#3075,10.);
#718=VECTOR('',#3078,10.);
#719=VECTOR('',#3081,10.);
#720=VECTOR('',#3084,10.);
#721=VECTOR('',#3087,10.);
#722=VECTOR('',#3090,10.);
#723=VECTOR('',#3093,10.);
#724=VECTOR('',#3096,10.);
#725=VECTOR('',#3099,10.);
#726=VECTOR('',#3102,10.);
#727=VECTOR('',#3105,10.);
#728=VECTOR('',#3108,10.);
#729=VECTOR('',#3111,10.);
#730=VECTOR('',#3114,10.);
#731=VECTOR('',#3117,10.);
#732=VECTOR('',#3120,10.);
#733=VECTOR('',#3123,10.);
#734=VECTOR('',#3126,10.);
#735=VECTOR('',#3129,10.);
#736=VECTOR('',#3132,10.);
#737=VECTOR('',#3135,10.);
#738=VECTOR('',#3138,10.);
#739=VECTOR('',#3141,10.);
#740=VECTOR('',#3144,10.);
#741=VECTOR('',#3147,10.);
#742=VECTOR('',#3150,10.);
#743=VECTOR('',#3153,10.);
#744=VECTOR('',#3156,10.);
#745=VECTOR('',#3159,10.);
#746=VECTOR('',#3162,10.);
#747=VECTOR('',#3165,10.);
#748=VECTOR('',#3168,10.);
#749=VECTOR('',#3171,10.);
#750=VECTOR('',#3174,10.);
#751=VECTOR('',#3177,10.);
#752=VECTOR('',#3180,10.);
#753=VECTOR('',#3183,10.);
#754=VECTOR('',#3186,10.);
#755=CIRCLE('',#2272,4.49999999999999);
#756=CIRCLE('',#2273,4.49999999999999);
#757=CIRCLE('',#2275,11.25);
#758=CIRCLE('',#2276,11.25);
#759=CIRCLE('',#2279,47.5);
#760=CIRCLE('',#2280,42.5);
#761=CIRCLE('',#2281,33.);
#762=CIRCLE('',#2282,42.5);
#763=CIRCLE('',#2283,33.);
#764=CIRCLE('',#2284,42.5);
#765=CIRCLE('',#2285,33.);
#766=CIRCLE('',#2286,42.5);
#767=CIRCLE('',#2287,33.);
#768=CIRCLE('',#2288,42.5);
#769=CIRCLE('',#2289,33.);
#770=CIRCLE('',#2290,42.5);
#771=CIRCLE('',#2291,33.);
#772=CIRCLE('',#2292,42.5);
#773=CIRCLE('',#2293,33.);
#774=CIRCLE('',#2294,42.5);
#775=CIRCLE('',#2295,33.);
#776=CIRCLE('',#2296,42.5);
#777=CIRCLE('',#2297,33.);
#778=CIRCLE('',#2298,42.5);
#779=CIRCLE('',#2299,33.);
#780=CIRCLE('',#2300,42.5);
#781=CIRCLE('',#2301,33.);
#782=CIRCLE('',#2302,42.5);
#783=CIRCLE('',#2303,33.);
#784=CIRCLE('',#2304,42.5);
#785=CIRCLE('',#2305,33.);
#786=CIRCLE('',#2307,47.5);
#787=CIRCLE('',#2311,42.5);
#788=CIRCLE('',#2314,33.);
#789=CIRCLE('',#2317,42.5);
#790=CIRCLE('',#2320,33.);
#791=CIRCLE('',#2323,42.5);
#792=CIRCLE('',#2326,33.);
#793=CIRCLE('',#2329,42.5);
#794=CIRCLE('',#2332,33.);
#795=CIRCLE('',#2335,42.5);
#796=CIRCLE('',#2338,33.);
#797=CIRCLE('',#2341,42.5);
#798=CIRCLE('',#2344,33.);
#799=CIRCLE('',#2347,42.5);
#800=CIRCLE('',#2350,33.);
#801=CIRCLE('',#2353,42.5);
#802=CIRCLE('',#2356,33.);
#803=CIRCLE('',#2359,42.5);
#804=CIRCLE('',#2362,33.);
#805=CIRCLE('',#2365,42.5);
#806=CIRCLE('',#2368,33.);
#807=CIRCLE('',#2371,42.5);
#808=CIRCLE('',#2374,33.);
#809=CIRCLE('',#2377,42.5);
#810=CIRCLE('',#2380,33.);
#811=CIRCLE('',#2383,42.5);
#812=CIRCLE('',#2386,33.);
#813=CIRCLE('',#2388,11.25);
#814=CIRCLE('',#2389,11.25);
#815=CIRCLE('',#2392,47.5);
#816=CIRCLE('',#2393,33.);
#817=CIRCLE('',#2394,42.5);
#818=CIRCLE('',#2395,33.);
#819=CIRCLE('',#2396,42.5);
#820=CIRCLE('',#2397,33.);
#821=CIRCLE('',#2398,42.5);
#822=CIRCLE('',#2399,33.);
#823=CIRCLE('',#2400,42.5);
#824=CIRCLE('',#2401,33.);
#825=CIRCLE('',#2402,42.5);
#826=CIRCLE('',#2403,33.);
#827=CIRCLE('',#2404,42.5);
#828=CIRCLE('',#2405,33.);
#829=CIRCLE('',#2406,42.5);
#830=CIRCLE('',#2407,33.);
#831=CIRCLE('',#2408,42.5);
#832=CIRCLE('',#2409,33.);
#833=CIRCLE('',#2410,42.5);
#834=CIRCLE('',#2411,33.);
#835=CIRCLE('',#2412,42.5);
#836=CIRCLE('',#2413,33.);
#837=CIRCLE('',#2414,42.5);
#838=CIRCLE('',#2415,33.);
#839=CIRCLE('',#2416,42.5);
#840=CIRCLE('',#2417,33.);
#841=CIRCLE('',#2418,42.5);
#842=CIRCLE('',#2420,47.5);
#843=CIRCLE('',#2423,47.5);
#844=CIRCLE('',#2424,42.5);
#845=CIRCLE('',#2425,33.);
#846=CIRCLE('',#2426,42.5);
#847=CIRCLE('',#2427,33.);
#848=CIRCLE('',#2428,42.5);
#849=CIRCLE('',#2429,33.);
#850=CIRCLE('',#2430,42.5);
#851=CIRCLE('',#2431,33.);
#852=CIRCLE('',#2432,42.5);
#853=CIRCLE('',#2433,33.);
#854=CIRCLE('',#2434,42.5);
#855=CIRCLE('',#2435,33.);
#856=CIRCLE('',#2436,42.5);
#857=CIRCLE('',#2437,33.);
#858=CIRCLE('',#2438,42.5);
#859=CIRCLE('',#2439,33.);
#860=CIRCLE('',#2440,42.5);
#861=CIRCLE('',#2441,33.);
#862=CIRCLE('',#2442,42.5);
#863=CIRCLE('',#2443,33.);
#864=CIRCLE('',#2444,42.5);
#865=CIRCLE('',#2445,33.);
#866=CIRCLE('',#2446,42.5);
#867=CIRCLE('',#2447,33.);
#868=CIRCLE('',#2448,42.5);
#869=CIRCLE('',#2449,33.);
#870=CIRCLE('',#2451,47.5);
#871=VERTEX_POINT('',#3191);
#872=VERTEX_POINT('',#3193);
#873=VERTEX_POINT('',#3197);
#874=VERTEX_POINT('',#3199);
#875=VERTEX_POINT('',#3204);
#876=VERTEX_POINT('',#3206);
#877=VERTEX_POINT('',#3207);
#878=VERTEX_POINT('',#3209);
#879=VERTEX_POINT('',#3211);
#880=VERTEX_POINT('',#3213);
#881=VERTEX_POINT('',#3215);
#882=VERTEX_POINT('',#3217);
#883=VERTEX_POINT('',#3219);
#884=VERTEX_POINT('',#3221);
#885=VERTEX_POINT('',#3223);
#886=VERTEX_POINT('',#3225);
#887=VERTEX_POINT('',#3227);
#888=VERTEX_POINT('',#3229);
#889=VERTEX_POINT('',#3231);
#890=VERTEX_POINT('',#3233);
#891=VERTEX_POINT('',#3235);
#892=VERTEX_POINT('',#3237);
#893=VERTEX_POINT('',#3239);
#894=VERTEX_POINT('',#3241);
#895=VERTEX_POINT('',#3243);
#896=VERTEX_POINT('',#3245);
#897=VERTEX_POINT('',#3247);
#898=VERTEX_POINT('',#3249);
#899=VERTEX_POINT('',#3251);
#900=VERTEX_POINT('',#3253);
#901=VERTEX_POINT('',#3255);
#902=VERTEX_POINT('',#3257);
#903=VERTEX_POINT('',#3259);
#904=VERTEX_POINT('',#3261);
#905=VERTEX_POINT('',#3263);
#906=VERTEX_POINT('',#3265);
#907=VERTEX_POINT('',#3267);
#908=VERTEX_POINT('',#3269);
#909=VERTEX_POINT('',#3271);
#910=VERTEX_POINT('',#3273);
#911=VERTEX_POINT('',#3275);
#912=VERTEX_POINT('',#3277);
#913=VERTEX_POINT('',#3279);
#914=VERTEX_POINT('',#3281);
#915=VERTEX_POINT('',#3283);
#916=VERTEX_POINT('',#3285);
#917=VERTEX_POINT('',#3287);
#918=VERTEX_POINT('',#3289);
#919=VERTEX_POINT('',#3291);
#920=VERTEX_POINT('',#3293);
#921=VERTEX_POINT('',#3295);
#922=VERTEX_POINT('',#3297);
#923=VERTEX_POINT('',#3299);
#924=VERTEX_POINT('',#3301);
#925=VERTEX_POINT('',#3303);
#926=VERTEX_POINT('',#3305);
#927=VERTEX_POINT('',#3307);
#928=VERTEX_POINT('',#3311);
#929=VERTEX_POINT('',#3316);
#930=VERTEX_POINT('',#3318);
#931=VERTEX_POINT('',#3322);
#932=VERTEX_POINT('',#3326);
#933=VERTEX_POINT('',#3330);
#934=VERTEX_POINT('',#3334);
#935=VERTEX_POINT('',#3338);
#936=VERTEX_POINT('',#3342);
#937=VERTEX_POINT('',#3346);
#938=VERTEX_POINT('',#3350);
#939=VERTEX_POINT('',#3354);
#940=VERTEX_POINT('',#3358);
#941=VERTEX_POINT('',#3362);
#942=VERTEX_POINT('',#3366);
#943=VERTEX_POINT('',#3370);
#944=VERTEX_POINT('',#3374);
#945=VERTEX_POINT('',#3378);
#946=VERTEX_POINT('',#3382);
#947=VERTEX_POINT('',#3386);
#948=VERTEX_POINT('',#3390);
#949=VERTEX_POINT('',#3394);
#950=VERTEX_POINT('',#3398);
#951=VERTEX_POINT('',#3402);
#952=VERTEX_POINT('',#3406);
#953=VERTEX_POINT('',#3410);
#954=VERTEX_POINT('',#3414);
#955=VERTEX_POINT('',#3418);
#956=VERTEX_POINT('',#3422);
#957=VERTEX_POINT('',#3426);
#958=VERTEX_POINT('',#3430);
#959=VERTEX_POINT('',#3434);
#960=VERTEX_POINT('',#3438);
#961=VERTEX_POINT('',#3442);
#962=VERTEX_POINT('',#3446);
#963=VERTEX_POINT('',#3450);
#964=VERTEX_POINT('',#3454);
#965=VERTEX_POINT('',#3458);
#966=VERTEX_POINT('',#3462);
#967=VERTEX_POINT('',#3466);
#968=VERTEX_POINT('',#3470);
#969=VERTEX_POINT('',#3474);
#970=VERTEX_POINT('',#3478);
#971=VERTEX_POINT('',#3482);
#972=VERTEX_POINT('',#3486);
#973=VERTEX_POINT('',#3490);
#974=VERTEX_POINT('',#3494);
#975=VERTEX_POINT('',#3498);
#976=VERTEX_POINT('',#3502);
#977=VERTEX_POINT('',#3506);
#978=VERTEX_POINT('',#3510);
#979=VERTEX_POINT('',#3514);
#980=VERTEX_POINT('',#3518);
#981=VERTEX_POINT('',#3524);
#982=VERTEX_POINT('',#3526);
#983=VERTEX_POINT('',#3531);
#984=VERTEX_POINT('',#3533);
#985=VERTEX_POINT('',#3534);
#986=VERTEX_POINT('',#3536);
#987=VERTEX_POINT('',#3538);
#988=VERTEX_POINT('',#3540);
#989=VERTEX_POINT('',#3542);
#990=VERTEX_POINT('',#3544);
#991=VERTEX_POINT('',#3546);
#992=VERTEX_POINT('',#3548);
#993=VERTEX_POINT('',#3550);
#994=VERTEX_POINT('',#3552);
#995=VERTEX_POINT('',#3554);
#996=VERTEX_POINT('',#3556);
#997=VERTEX_POINT('',#3558);
#998=VERTEX_POINT('',#3560);
#999=VERTEX_POINT('',#3562);
#1000=VERTEX_POINT('',#3564);
#1001=VERTEX_POINT('',#3566);
#1002=VERTEX_POINT('',#3568);
#1003=VERTEX_POINT('',#3570);
#1004=VERTEX_POINT('',#3572);
#1005=VERTEX_POINT('',#3574);
#1006=VERTEX_POINT('',#3576);
#1007=VERTEX_POINT('',#3578);
#1008=VERTEX_POINT('',#3580);
#1009=VERTEX_POINT('',#3582);
#1010=VERTEX_POINT('',#3584);
#1011=VERTEX_POINT('',#3586);
#1012=VERTEX_POINT('',#3588);
#1013=VERTEX_POINT('',#3590);
#1014=VERTEX_POINT('',#3592);
#1015=VERTEX_POINT('',#3594);
#1016=VERTEX_POINT('',#3596);
#1017=VERTEX_POINT('',#3598);
#1018=VERTEX_POINT('',#3600);
#1019=VERTEX_POINT('',#3602);
#1020=VERTEX_POINT('',#3604);
#1021=VERTEX_POINT('',#3606);
#1022=VERTEX_POINT('',#3608);
#1023=VERTEX_POINT('',#3610);
#1024=VERTEX_POINT('',#3612);
#1025=VERTEX_POINT('',#3614);
#1026=VERTEX_POINT('',#3616);
#1027=VERTEX_POINT('',#3618);
#1028=VERTEX_POINT('',#3620);
#1029=VERTEX_POINT('',#3622);
#1030=VERTEX_POINT('',#3624);
#1031=VERTEX_POINT('',#3626);
#1032=VERTEX_POINT('',#3628);
#1033=VERTEX_POINT('',#3630);
#1034=VERTEX_POINT('',#3632);
#1035=VERTEX_POINT('',#3634);
#1036=VERTEX_POINT('',#3638);
#1037=VERTEX_POINT('',#3643);
#1038=VERTEX_POINT('',#3645);
#1039=VERTEX_POINT('',#3646);
#1040=VERTEX_POINT('',#3648);
#1041=VERTEX_POINT('',#3650);
#1042=VERTEX_POINT('',#3652);
#1043=VERTEX_POINT('',#3654);
#1044=VERTEX_POINT('',#3656);
#1045=VERTEX_POINT('',#3658);
#1046=VERTEX_POINT('',#3660);
#1047=VERTEX_POINT('',#3662);
#1048=VERTEX_POINT('',#3664);
#1049=VERTEX_POINT('',#3666);
#1050=VERTEX_POINT('',#3668);
#1051=VERTEX_POINT('',#3670);
#1052=VERTEX_POINT('',#3672);
#1053=VERTEX_POINT('',#3674);
#1054=VERTEX_POINT('',#3676);
#1055=VERTEX_POINT('',#3678);
#1056=VERTEX_POINT('',#3680);
#1057=VERTEX_POINT('',#3682);
#1058=VERTEX_POINT('',#3684);
#1059=VERTEX_POINT('',#3686);
#1060=VERTEX_POINT('',#3688);
#1061=VERTEX_POINT('',#3690);
#1062=VERTEX_POINT('',#3692);
#1063=VERTEX_POINT('',#3694);
#1064=VERTEX_POINT('',#3696);
#1065=VERTEX_POINT('',#3698);
#1066=VERTEX_POINT('',#3700);
#1067=VERTEX_POINT('',#3702);
#1068=VERTEX_POINT('',#3704);
#1069=VERTEX_POINT('',#3706);
#1070=VERTEX_POINT('',#3708);
#1071=VERTEX_POINT('',#3710);
#1072=VERTEX_POINT('',#3712);
#1073=VERTEX_POINT('',#3714);
#1074=VERTEX_POINT('',#3716);
#1075=VERTEX_POINT('',#3718);
#1076=VERTEX_POINT('',#3720);
#1077=VERTEX_POINT('',#3722);
#1078=VERTEX_POINT('',#3724);
#1079=VERTEX_POINT('',#3726);
#1080=VERTEX_POINT('',#3728);
#1081=VERTEX_POINT('',#3730);
#1082=VERTEX_POINT('',#3732);
#1083=VERTEX_POINT('',#3734);
#1084=VERTEX_POINT('',#3736);
#1085=VERTEX_POINT('',#3738);
#1086=VERTEX_POINT('',#3740);
#1087=VERTEX_POINT('',#3742);
#1088=VERTEX_POINT('',#3744);
#1089=VERTEX_POINT('',#3746);
#1090=VERTEX_POINT('',#3750);
#1091=EDGE_CURVE('',#871,#871,#755,.T.);
#1092=EDGE_CURVE('',#871,#872,#327,.T.);
#1093=EDGE_CURVE('',#872,#872,#756,.T.);
#1094=EDGE_CURVE('',#873,#873,#757,.T.);
#1095=EDGE_CURVE('',#873,#874,#328,.T.);
#1096=EDGE_CURVE('',#874,#874,#758,.T.);
#1097=EDGE_CURVE('',#875,#875,#759,.T.);
#1098=EDGE_CURVE('',#876,#877,#329,.T.);
#1099=EDGE_CURVE('',#877,#878,#760,.T.);
#1100=EDGE_CURVE('',#879,#878,#330,.T.);
#1101=EDGE_CURVE('',#879,#880,#761,.T.);
#1102=EDGE_CURVE('',#880,#881,#331,.T.);
#1103=EDGE_CURVE('',#881,#882,#762,.T.);
#1104=EDGE_CURVE('',#883,#882,#332,.T.);
#1105=EDGE_CURVE('',#883,#884,#763,.T.);
#1106=EDGE_CURVE('',#884,#885,#333,.T.);
#1107=EDGE_CURVE('',#885,#886,#764,.T.);
#1108=EDGE_CURVE('',#887,#886,#334,.T.);
#1109=EDGE_CURVE('',#887,#888,#765,.T.);
#1110=EDGE_CURVE('',#888,#889,#335,.T.);
#1111=EDGE_CURVE('',#889,#890,#766,.T.);
#1112=EDGE_CURVE('',#891,#890,#336,.T.);
#1113=EDGE_CURVE('',#891,#892,#767,.T.);
#1114=EDGE_CURVE('',#892,#893,#337,.T.);
#1115=EDGE_CURVE('',#893,#894,#768,.T.);
#1116=EDGE_CURVE('',#895,#894,#338,.T.);
#1117=EDGE_CURVE('',#895,#896,#769,.T.);
#1118=EDGE_CURVE('',#896,#897,#339,.T.);
#1119=EDGE_CURVE('',#897,#898,#770,.T.);
#1120=EDGE_CURVE('',#899,#898,#340,.T.);
#1121=EDGE_CURVE('',#899,#900,#771,.T.);
#1122=EDGE_CURVE('',#900,#901,#341,.T.);
#1123=EDGE_CURVE('',#901,#902,#772,.T.);
#1124=EDGE_CURVE('',#903,#902,#342,.T.);
#1125=EDGE_CURVE('',#903,#904,#773,.T.);
#1126=EDGE_CURVE('',#904,#905,#343,.T.);
#1127=EDGE_CURVE('',#905,#906,#774,.T.);
#1128=EDGE_CURVE('',#907,#906,#344,.T.);
#1129=EDGE_CURVE('',#907,#908,#775,.T.);
#1130=EDGE_CURVE('',#908,#909,#345,.T.);
#1131=EDGE_CURVE('',#909,#910,#776,.T.);
#1132=EDGE_CURVE('',#911,#910,#346,.T.);
#1133=EDGE_CURVE('',#911,#912,#777,.T.);
#1134=EDGE_CURVE('',#912,#913,#347,.T.);
#1135=EDGE_CURVE('',#913,#914,#778,.T.);
#1136=EDGE_CURVE('',#915,#914,#348,.T.);
#1137=EDGE_CURVE('',#915,#916,#779,.T.);
#1138=EDGE_CURVE('',#916,#917,#349,.T.);
#1139=EDGE_CURVE('',#917,#918,#780,.T.);
#1140=EDGE_CURVE('',#919,#918,#350,.T.);
#1141=EDGE_CURVE('',#919,#920,#781,.T.);
#1142=EDGE_CURVE('',#920,#921,#351,.T.);
#1143=EDGE_CURVE('',#921,#922,#782,.T.);
#1144=EDGE_CURVE('',#923,#922,#352,.T.);
#1145=EDGE_CURVE('',#923,#924,#783,.T.);
#1146=EDGE_CURVE('',#924,#925,#353,.T.);
#1147=EDGE_CURVE('',#925,#926,#784,.T.);
#1148=EDGE_CURVE('',#927,#926,#354,.T.);
#1149=EDGE_CURVE('',#927,#876,#785,.T.);
#1150=EDGE_CURVE('',#928,#928,#786,.T.);
#1151=EDGE_CURVE('',#928,#875,#355,.T.);
#1152=EDGE_CURVE('',#876,#929,#356,.T.);
#1153=EDGE_CURVE('',#930,#929,#357,.T.);
#1154=EDGE_CURVE('',#877,#930,#358,.T.);
#1155=EDGE_CURVE('',#931,#930,#787,.T.);
#1156=EDGE_CURVE('',#878,#931,#359,.T.);
#1157=EDGE_CURVE('',#932,#931,#360,.T.);
#1158=EDGE_CURVE('',#879,#932,#361,.T.);
#1159=EDGE_CURVE('',#933,#932,#788,.T.);
#1160=EDGE_CURVE('',#880,#933,#362,.T.);
#1161=EDGE_CURVE('',#934,#933,#363,.T.);
#1162=EDGE_CURVE('',#881,#934,#364,.T.);
#1163=EDGE_CURVE('',#935,#934,#789,.T.);
#1164=EDGE_CURVE('',#882,#935,#365,.T.);
#1165=EDGE_CURVE('',#936,#935,#366,.T.);
#1166=EDGE_CURVE('',#883,#936,#367,.T.);
#1167=EDGE_CURVE('',#937,#936,#790,.T.);
#1168=EDGE_CURVE('',#884,#937,#368,.T.);
#1169=EDGE_CURVE('',#938,#937,#369,.T.);
#1170=EDGE_CURVE('',#885,#938,#370,.T.);
#1171=EDGE_CURVE('',#939,#938,#791,.T.);
#1172=EDGE_CURVE('',#886,#939,#371,.T.);
#1173=EDGE_CURVE('',#940,#939,#372,.T.);
#1174=EDGE_CURVE('',#887,#940,#373,.T.);
#1175=EDGE_CURVE('',#941,#940,#792,.T.);
#1176=EDGE_CURVE('',#888,#941,#374,.T.);
#1177=EDGE_CURVE('',#942,#941,#375,.T.);
#1178=EDGE_CURVE('',#889,#942,#376,.T.);
#1179=EDGE_CURVE('',#943,#942,#793,.T.);
#1180=EDGE_CURVE('',#890,#943,#377,.T.);
#1181=EDGE_CURVE('',#944,#943,#378,.T.);
#1182=EDGE_CURVE('',#891,#944,#379,.T.);
#1183=EDGE_CURVE('',#945,#944,#794,.T.);
#1184=EDGE_CURVE('',#892,#945,#380,.T.);
#1185=EDGE_CURVE('',#946,#945,#381,.T.);
#1186=EDGE_CURVE('',#893,#946,#382,.T.);
#1187=EDGE_CURVE('',#947,#946,#795,.T.);
#1188=EDGE_CURVE('',#894,#947,#383,.T.);
#1189=EDGE_CURVE('',#948,#947,#384,.T.);
#1190=EDGE_CURVE('',#895,#948,#385,.T.);
#1191=EDGE_CURVE('',#949,#948,#796,.T.);
#1192=EDGE_CURVE('',#896,#949,#386,.T.);
#1193=EDGE_CURVE('',#950,#949,#387,.T.);
#1194=EDGE_CURVE('',#897,#950,#388,.T.);
#1195=EDGE_CURVE('',#951,#950,#797,.T.);
#1196=EDGE_CURVE('',#898,#951,#389,.T.);
#1197=EDGE_CURVE('',#952,#951,#390,.T.);
#1198=EDGE_CURVE('',#899,#952,#391,.T.);
#1199=EDGE_CURVE('',#953,#952,#798,.T.);
#1200=EDGE_CURVE('',#900,#953,#392,.T.);
#1201=EDGE_CURVE('',#954,#953,#393,.T.);
#1202=EDGE_CURVE('',#901,#954,#394,.T.);
#1203=EDGE_CURVE('',#955,#954,#799,.T.);
#1204=EDGE_CURVE('',#902,#955,#395,.T.);
#1205=EDGE_CURVE('',#956,#955,#396,.T.);
#1206=EDGE_CURVE('',#903,#956,#397,.T.);
#1207=EDGE_CURVE('',#957,#956,#800,.T.);
#1208=EDGE_CURVE('',#904,#957,#398,.T.);
#1209=EDGE_CURVE('',#958,#957,#399,.T.);
#1210=EDGE_CURVE('',#905,#958,#400,.T.);
#1211=EDGE_CURVE('',#959,#958,#801,.T.);
#1212=EDGE_CURVE('',#906,#959,#401,.T.);
#1213=EDGE_CURVE('',#960,#959,#402,.T.);
#1214=EDGE_CURVE('',#907,#960,#403,.T.);
#1215=EDGE_CURVE('',#961,#960,#802,.T.);
#1216=EDGE_CURVE('',#908,#961,#404,.T.);
#1217=EDGE_CURVE('',#962,#961,#405,.T.);
#1218=EDGE_CURVE('',#909,#962,#406,.T.);
#1219=EDGE_CURVE('',#963,#962,#803,.T.);
#1220=EDGE_CURVE('',#910,#963,#407,.T.);
#1221=EDGE_CURVE('',#964,#963,#408,.T.);
#1222=EDGE_CURVE('',#911,#964,#409,.T.);
#1223=EDGE_CURVE('',#965,#964,#804,.T.);
#1224=EDGE_CURVE('',#912,#965,#410,.T.);
#1225=EDGE_CURVE('',#966,#965,#411,.T.);
#1226=EDGE_CURVE('',#913,#966,#412,.T.);
#1227=EDGE_CURVE('',#967,#966,#805,.T.);
#1228=EDGE_CURVE('',#914,#967,#413,.T.);
#1229=EDGE_CURVE('',#968,#967,#414,.T.);
#1230=EDGE_CURVE('',#915,#968,#415,.T.);
#1231=EDGE_CURVE('',#969,#968,#806,.T.);
#1232=EDGE_CURVE('',#916,#969,#416,.T.);
#1233=EDGE_CURVE('',#970,#969,#417,.T.);
#1234=EDGE_CURVE('',#917,#970,#418,.T.);
#1235=EDGE_CURVE('',#971,#970,#807,.T.);
#1236=EDGE_CURVE('',#918,#971,#419,.T.);
#1237=EDGE_CURVE('',#972,#971,#420,.T.);
#1238=EDGE_CURVE('',#919,#972,#421,.T.);
#1239=EDGE_CURVE('',#973,#972,#808,.T.);
#1240=EDGE_CURVE('',#920,#973,#422,.T.);
#1241=EDGE_CURVE('',#974,#973,#423,.T.);
#1242=EDGE_CURVE('',#921,#974,#424,.T.);
#1243=EDGE_CURVE('',#975,#974,#809,.T.);
#1244=EDGE_CURVE('',#922,#975,#425,.T.);
#1245=EDGE_CURVE('',#976,#975,#426,.T.);
#1246=EDGE_CURVE('',#923,#976,#427,.T.);
#1247=EDGE_CURVE('',#977,#976,#810,.T.);
#1248=EDGE_CURVE('',#924,#977,#428,.T.);
#1249=EDGE_CURVE('',#978,#977,#429,.T.);
#1250=EDGE_CURVE('',#925,#978,#430,.T.);
#1251=EDGE_CURVE('',#979,#978,#811,.T.);
#1252=EDGE_CURVE('',#926,#979,#431,.T.);
#1253=EDGE_CURVE('',#980,#979,#432,.T.);
#1254=EDGE_CURVE('',#927,#980,#433,.T.);
#1255=EDGE_CURVE('',#929,#980,#812,.T.);
#1256=EDGE_CURVE('',#981,#981,#813,.T.);
#1257=EDGE_CURVE('',#981,#982,#434,.T.);
#1258=EDGE_CURVE('',#982,#982,#814,.T.);
#1259=EDGE_CURVE('',#983,#983,#815,.T.);
#1260=EDGE_CURVE('',#984,#985,#435,.T.);
#1261=EDGE_CURVE('',#985,#986,#816,.T.);
#1262=EDGE_CURVE('',#986,#987,#436,.T.);
#1263=EDGE_CURVE('',#987,#988,#817,.T.);
#1264=EDGE_CURVE('',#988,#989,#437,.T.);
#1265=EDGE_CURVE('',#989,#990,#818,.T.);
#1266=EDGE_CURVE('',#990,#991,#438,.T.);
#1267=EDGE_CURVE('',#991,#992,#819,.T.);
#1268=EDGE_CURVE('',#992,#993,#439,.T.);
#1269=EDGE_CURVE('',#993,#994,#820,.T.);
#1270=EDGE_CURVE('',#994,#995,#440,.T.);
#1271=EDGE_CURVE('',#995,#996,#821,.T.);
#1272=EDGE_CURVE('',#996,#997,#441,.T.);
#1273=EDGE_CURVE('',#997,#998,#822,.T.);
#1274=EDGE_CURVE('',#998,#999,#442,.T.);
#1275=EDGE_CURVE('',#999,#1000,#823,.T.);
#1276=EDGE_CURVE('',#1000,#1001,#443,.T.);
#1277=EDGE_CURVE('',#1001,#1002,#824,.T.);
#1278=EDGE_CURVE('',#1002,#1003,#444,.T.);
#1279=EDGE_CURVE('',#1003,#1004,#825,.T.);
#1280=EDGE_CURVE('',#1004,#1005,#445,.T.);
#1281=EDGE_CURVE('',#1005,#1006,#826,.T.);
#1282=EDGE_CURVE('',#1006,#1007,#446,.T.);
#1283=EDGE_CURVE('',#1007,#1008,#827,.T.);
#1284=EDGE_CURVE('',#1008,#1009,#447,.T.);
#1285=EDGE_CURVE('',#1009,#1010,#828,.T.);
#1286=EDGE_CURVE('',#1010,#1011,#448,.T.);
#1287=EDGE_CURVE('',#1011,#1012,#829,.T.);
#1288=EDGE_CURVE('',#1012,#1013,#449,.T.);
#1289=EDGE_CURVE('',#1013,#1014,#830,.T.);
#1290=EDGE_CURVE('',#1014,#1015,#450,.T.);
#1291=EDGE_CURVE('',#1015,#1016,#831,.T.);
#1292=EDGE_CURVE('',#1016,#1017,#451,.T.);
#1293=EDGE_CURVE('',#1017,#1018,#832,.T.);
#1294=EDGE_CURVE('',#1018,#1019,#452,.T.);
#1295=EDGE_CURVE('',#1019,#1020,#833,.T.);
#1296=EDGE_CURVE('',#1020,#1021,#453,.T.);
#1297=EDGE_CURVE('',#1021,#1022,#834,.T.);
#1298=EDGE_CURVE('',#1022,#1023,#454,.T.);
#1299=EDGE_CURVE('',#1023,#1024,#835,.T.);
#1300=EDGE_CURVE('',#1024,#1025,#455,.T.);
#1301=EDGE_CURVE('',#1025,#1026,#836,.T.);
#1302=EDGE_CURVE('',#1026,#1027,#456,.T.);
#1303=EDGE_CURVE('',#1027,#1028,#837,.T.);
#1304=EDGE_CURVE('',#1028,#1029,#457,.T.);
#1305=EDGE_CURVE('',#1029,#1030,#838,.T.);
#1306=EDGE_CURVE('',#1030,#1031,#458,.T.);
#1307=EDGE_CURVE('',#1031,#1032,#839,.T.);
#1308=EDGE_CURVE('',#1032,#1033,#459,.T.);
#1309=EDGE_CURVE('',#1033,#1034,#840,.T.);
#1310=EDGE_CURVE('',#1034,#1035,#460,.T.);
#1311=EDGE_CURVE('',#1035,#984,#841,.T.);
#1312=EDGE_CURVE('',#1036,#1036,#842,.T.);
#1313=EDGE_CURVE('',#1036,#983,#461,.T.);
#1314=EDGE_CURVE('',#1037,#1037,#843,.T.);
#1315=EDGE_CURVE('',#1038,#1039,#462,.T.);
#1316=EDGE_CURVE('',#1039,#1040,#844,.T.);
#1317=EDGE_CURVE('',#1041,#1040,#463,.T.);
#1318=EDGE_CURVE('',#1041,#1042,#845,.T.);
#1319=EDGE_CURVE('',#1042,#1043,#464,.T.);
#1320=EDGE_CURVE('',#1043,#1044,#846,.T.);
#1321=EDGE_CURVE('',#1045,#1044,#465,.T.);
#1322=EDGE_CURVE('',#1045,#1046,#847,.T.);
#1323=EDGE_CURVE('',#1046,#1047,#466,.T.);
#1324=EDGE_CURVE('',#1047,#1048,#848,.T.);
#1325=EDGE_CURVE('',#1049,#1048,#467,.T.);
#1326=EDGE_CURVE('',#1049,#1050,#849,.T.);
#1327=EDGE_CURVE('',#1050,#1051,#468,.T.);
#1328=EDGE_CURVE('',#1051,#1052,#850,.T.);
#1329=EDGE_CURVE('',#1053,#1052,#469,.T.);
#1330=EDGE_CURVE('',#1053,#1054,#851,.T.);
#1331=EDGE_CURVE('',#1054,#1055,#470,.T.);
#1332=EDGE_CURVE('',#1055,#1056,#852,.T.);
#1333=EDGE_CURVE('',#1057,#1056,#471,.T.);
#1334=EDGE_CURVE('',#1057,#1058,#853,.T.);
#1335=EDGE_CURVE('',#1058,#1059,#472,.T.);
#1336=EDGE_CURVE('',#1059,#1060,#854,.T.);
#1337=EDGE_CURVE('',#1061,#1060,#473,.T.);
#1338=EDGE_CURVE('',#1061,#1062,#855,.T.);
#1339=EDGE_CURVE('',#1062,#1063,#474,.T.);
#1340=EDGE_CURVE('',#1063,#1064,#856,.T.);
#1341=EDGE_CURVE('',#1065,#1064,#475,.T.);
#1342=EDGE_CURVE('',#1065,#1066,#857,.T.);
#1343=EDGE_CURVE('',#1066,#1067,#476,.T.);
#1344=EDGE_CURVE('',#1067,#1068,#858,.T.);
#1345=EDGE_CURVE('',#1069,#1068,#477,.T.);
#1346=EDGE_CURVE('',#1069,#1070,#859,.T.);
#1347=EDGE_CURVE('',#1070,#1071,#478,.T.);
#1348=EDGE_CURVE('',#1071,#1072,#860,.T.);
#1349=EDGE_CURVE('',#1073,#1072,#479,.T.);
#1350=EDGE_CURVE('',#1073,#1074,#861,.T.);
#1351=EDGE_CURVE('',#1074,#1075,#480,.T.);
#1352=EDGE_CURVE('',#1075,#1076,#862,.T.);
#1353=EDGE_CURVE('',#1077,#1076,#481,.T.);
#1354=EDGE_CURVE('',#1077,#1078,#863,.T.);
#1355=EDGE_CURVE('',#1078,#1079,#482,.T.);
#1356=EDGE_CURVE('',#1079,#1080,#864,.T.);
#1357=EDGE_CURVE('',#1081,#1080,#483,.T.);
#1358=EDGE_CURVE('',#1081,#1082,#865,.T.);
#1359=EDGE_CURVE('',#1082,#1083,#484,.T.);
#1360=EDGE_CURVE('',#1083,#1084,#866,.T.);
#1361=EDGE_CURVE('',#1085,#1084,#485,.T.);
#1362=EDGE_CURVE('',#1085,#1086,#867,.T.);
#1363=EDGE_CURVE('',#1086,#1087,#486,.T.);
#1364=EDGE_CURVE('',#1087,#1088,#868,.T.);
#1365=EDGE_CURVE('',#1089,#1088,#487,.T.);
#1366=EDGE_CURVE('',#1089,#1038,#869,.T.);
#1367=EDGE_CURVE('',#1090,#1090,#870,.T.);
#1368=EDGE_CURVE('',#1090,#1037,#488,.T.);
#1369=EDGE_CURVE('',#1038,#985,#489,.T.);
#1370=EDGE_CURVE('',#1039,#984,#490,.T.);
#1371=EDGE_CURVE('',#1040,#1035,#491,.T.);
#1372=EDGE_CURVE('',#1041,#1034,#492,.T.);
#1373=EDGE_CURVE('',#1042,#1033,#493,.T.);
#1374=EDGE_CURVE('',#1043,#1032,#494,.T.);
#1375=EDGE_CURVE('',#1044,#1031,#495,.T.);
#1376=EDGE_CURVE('',#1045,#1030,#496,.T.);
#1377=EDGE_CURVE('',#1046,#1029,#497,.T.);
#1378=EDGE_CURVE('',#1047,#1028,#498,.T.);
#1379=EDGE_CURVE('',#1048,#1027,#499,.T.);
#1380=EDGE_CURVE('',#1049,#1026,#500,.T.);
#1381=EDGE_CURVE('',#1050,#1025,#501,.T.);
#1382=EDGE_CURVE('',#1051,#1024,#502,.T.);
#1383=EDGE_CURVE('',#1052,#1023,#503,.T.);
#1384=EDGE_CURVE('',#1053,#1022,#504,.T.);
#1385=EDGE_CURVE('',#1054,#1021,#505,.T.);
#1386=EDGE_CURVE('',#1055,#1020,#506,.T.);
#1387=EDGE_CURVE('',#1056,#1019,#507,.T.);
#1388=EDGE_CURVE('',#1057,#1018,#508,.T.);
#1389=EDGE_CURVE('',#1058,#1017,#509,.T.);
#1390=EDGE_CURVE('',#1059,#1016,#510,.T.);
#1391=EDGE_CURVE('',#1060,#1015,#511,.T.);
#1392=EDGE_CURVE('',#1061,#1014,#512,.T.);
#1393=EDGE_CURVE('',#1062,#1013,#513,.T.);
#1394=EDGE_CURVE('',#1063,#1012,#514,.T.);
#1395=EDGE_CURVE('',#1064,#1011,#515,.T.);
#1396=EDGE_CURVE('',#1065,#1010,#516,.T.);
#1397=EDGE_CURVE('',#1066,#1009,#517,.T.);
#1398=EDGE_CURVE('',#1067,#1008,#518,.T.);
#1399=EDGE_CURVE('',#1068,#1007,#519,.T.);
#1400=EDGE_CURVE('',#1069,#1006,#520,.T.);
#1401=EDGE_CURVE('',#1070,#1005,#521,.T.);
#1402=EDGE_CURVE('',#1071,#1004,#522,.T.);
#1403=EDGE_CURVE('',#1072,#1003,#523,.T.);
#1404=EDGE_CURVE('',#1073,#1002,#524,.T.);
#1405=EDGE_CURVE('',#1074,#1001,#525,.T.);
#1406=EDGE_CURVE('',#1075,#1000,#526,.T.);
#1407=EDGE_CURVE('',#1076,#999,#527,.T.);
#1408=EDGE_CURVE('',#1077,#998,#528,.T.);
#1409=EDGE_CURVE('',#1078,#997,#529,.T.);
#1410=EDGE_CURVE('',#1079,#996,#530,.T.);
#1411=EDGE_CURVE('',#1080,#995,#531,.T.);
#1412=EDGE_CURVE('',#1081,#994,#532,.T.);
#1413=EDGE_CURVE('',#1082,#993,#533,.T.);
#1414=EDGE_CURVE('',#1083,#992,#534,.T.);
#1415=EDGE_CURVE('',#1084,#991,#535,.T.);
#1416=EDGE_CURVE('',#1085,#990,#536,.T.);
#1417=EDGE_CURVE('',#1086,#989,#537,.T.);
#1418=EDGE_CURVE('',#1087,#988,#538,.T.);
#1419=EDGE_CURVE('',#1088,#987,#539,.T.);
#1420=EDGE_CURVE('',#1089,#986,#540,.T.);
#1421=ORIENTED_EDGE('',*,*,#1091,.F.);
#1422=ORIENTED_EDGE('',*,*,#1092,.T.);
#1423=ORIENTED_EDGE('',*,*,#1093,.F.);
#1424=ORIENTED_EDGE('',*,*,#1092,.F.);
#1425=ORIENTED_EDGE('',*,*,#1094,.F.);
#1426=ORIENTED_EDGE('',*,*,#1095,.T.);
#1427=ORIENTED_EDGE('',*,*,#1096,.T.);
#1428=ORIENTED_EDGE('',*,*,#1095,.F.);
#1429=ORIENTED_EDGE('',*,*,#1096,.F.);
#1430=ORIENTED_EDGE('',*,*,#1091,.T.);
#1431=ORIENTED_EDGE('',*,*,#1097,.F.);
#1432=ORIENTED_EDGE('',*,*,#1098,.T.);
#1433=ORIENTED_EDGE('',*,*,#1099,.T.);
#1434=ORIENTED_EDGE('',*,*,#1100,.F.);
#1435=ORIENTED_EDGE('',*,*,#1101,.T.);
#1436=ORIENTED_EDGE('',*,*,#1102,.T.);
#1437=ORIENTED_EDGE('',*,*,#1103,.T.);
#1438=ORIENTED_EDGE('',*,*,#1104,.F.);
#1439=ORIENTED_EDGE('',*,*,#1105,.T.);
#1440=ORIENTED_EDGE('',*,*,#1106,.T.);
#1441=ORIENTED_EDGE('',*,*,#1107,.T.);
#1442=ORIENTED_EDGE('',*,*,#1108,.F.);
#1443=ORIENTED_EDGE('',*,*,#1109,.T.);
#1444=ORIENTED_EDGE('',*,*,#1110,.T.);
#1445=ORIENTED_EDGE('',*,*,#1111,.T.);
#1446=ORIENTED_EDGE('',*,*,#1112,.F.);
#1447=ORIENTED_EDGE('',*,*,#1113,.T.);
#1448=ORIENTED_EDGE('',*,*,#1114,.T.);
#1449=ORIENTED_EDGE('',*,*,#1115,.T.);
#1450=ORIENTED_EDGE('',*,*,#1116,.F.);
#1451=ORIENTED_EDGE('',*,*,#1117,.T.);
#1452=ORIENTED_EDGE('',*,*,#1118,.T.);
#1453=ORIENTED_EDGE('',*,*,#1119,.T.);
#1454=ORIENTED_EDGE('',*,*,#1120,.F.);
#1455=ORIENTED_EDGE('',*,*,#1121,.T.);
#1456=ORIENTED_EDGE('',*,*,#1122,.T.);
#1457=ORIENTED_EDGE('',*,*,#1123,.T.);
#1458=ORIENTED_EDGE('',*,*,#1124,.F.);
#1459=ORIENTED_EDGE('',*,*,#1125,.T.);
#1460=ORIENTED_EDGE('',*,*,#1126,.T.);
#1461=ORIENTED_EDGE('',*,*,#1127,.T.);
#1462=ORIENTED_EDGE('',*,*,#1128,.F.);
#1463=ORIENTED_EDGE('',*,*,#1129,.T.);
#1464=ORIENTED_EDGE('',*,*,#1130,.T.);
#1465=ORIENTED_EDGE('',*,*,#1131,.T.);
#1466=ORIENTED_EDGE('',*,*,#1132,.F.);
#1467=ORIENTED_EDGE('',*,*,#1133,.T.);
#1468=ORIENTED_EDGE('',*,*,#1134,.T.);
#1469=ORIENTED_EDGE('',*,*,#1135,.T.);
#1470=ORIENTED_EDGE('',*,*,#1136,.F.);
#1471=ORIENTED_EDGE('',*,*,#1137,.T.);
#1472=ORIENTED_EDGE('',*,*,#1138,.T.);
#1473=ORIENTED_EDGE('',*,*,#1139,.T.);
#1474=ORIENTED_EDGE('',*,*,#1140,.F.);
#1475=ORIENTED_EDGE('',*,*,#1141,.T.);
#1476=ORIENTED_EDGE('',*,*,#1142,.T.);
#1477=ORIENTED_EDGE('',*,*,#1143,.T.);
#1478=ORIENTED_EDGE('',*,*,#1144,.F.);
#1479=ORIENTED_EDGE('',*,*,#1145,.T.);
#1480=ORIENTED_EDGE('',*,*,#1146,.T.);
#1481=ORIENTED_EDGE('',*,*,#1147,.T.);
#1482=ORIENTED_EDGE('',*,*,#1148,.F.);
#1483=ORIENTED_EDGE('',*,*,#1149,.T.);
#1484=ORIENTED_EDGE('',*,*,#1150,.F.);
#1485=ORIENTED_EDGE('',*,*,#1151,.T.);
#1486=ORIENTED_EDGE('',*,*,#1097,.T.);
#1487=ORIENTED_EDGE('',*,*,#1151,.F.);
#1488=ORIENTED_EDGE('',*,*,#1150,.T.);
#1489=ORIENTED_EDGE('',*,*,#1094,.T.);
#1490=ORIENTED_EDGE('',*,*,#1098,.F.);
#1491=ORIENTED_EDGE('',*,*,#1152,.T.);
#1492=ORIENTED_EDGE('',*,*,#1153,.F.);
#1493=ORIENTED_EDGE('',*,*,#1154,.F.);
#1494=ORIENTED_EDGE('',*,*,#1099,.F.);
#1495=ORIENTED_EDGE('',*,*,#1154,.T.);
#1496=ORIENTED_EDGE('',*,*,#1155,.F.);
#1497=ORIENTED_EDGE('',*,*,#1156,.F.);
#1498=ORIENTED_EDGE('',*,*,#1100,.T.);
#1499=ORIENTED_EDGE('',*,*,#1156,.T.);
#1500=ORIENTED_EDGE('',*,*,#1157,.F.);
#1501=ORIENTED_EDGE('',*,*,#1158,.F.);
#1502=ORIENTED_EDGE('',*,*,#1101,.F.);
#1503=ORIENTED_EDGE('',*,*,#1158,.T.);
#1504=ORIENTED_EDGE('',*,*,#1159,.F.);
#1505=ORIENTED_EDGE('',*,*,#1160,.F.);
#1506=ORIENTED_EDGE('',*,*,#1102,.F.);
#1507=ORIENTED_EDGE('',*,*,#1160,.T.);
#1508=ORIENTED_EDGE('',*,*,#1161,.F.);
#1509=ORIENTED_EDGE('',*,*,#1162,.F.);
#1510=ORIENTED_EDGE('',*,*,#1103,.F.);
#1511=ORIENTED_EDGE('',*,*,#1162,.T.);
#1512=ORIENTED_EDGE('',*,*,#1163,.F.);
#1513=ORIENTED_EDGE('',*,*,#1164,.F.);
#1514=ORIENTED_EDGE('',*,*,#1104,.T.);
#1515=ORIENTED_EDGE('',*,*,#1164,.T.);
#1516=ORIENTED_EDGE('',*,*,#1165,.F.);
#1517=ORIENTED_EDGE('',*,*,#1166,.F.);
#1518=ORIENTED_EDGE('',*,*,#1105,.F.);
#1519=ORIENTED_EDGE('',*,*,#1166,.T.);
#1520=ORIENTED_EDGE('',*,*,#1167,.F.);
#1521=ORIENTED_EDGE('',*,*,#1168,.F.);
#1522=ORIENTED_EDGE('',*,*,#1106,.F.);
#1523=ORIENTED_EDGE('',*,*,#1168,.T.);
#1524=ORIENTED_EDGE('',*,*,#1169,.F.);
#1525=ORIENTED_EDGE('',*,*,#1170,.F.);
#1526=ORIENTED_EDGE('',*,*,#1107,.F.);
#1527=ORIENTED_EDGE('',*,*,#1170,.T.);
#1528=ORIENTED_EDGE('',*,*,#1171,.F.);
#1529=ORIENTED_EDGE('',*,*,#1172,.F.);
#1530=ORIENTED_EDGE('',*,*,#1108,.T.);
#1531=ORIENTED_EDGE('',*,*,#1172,.T.);
#1532=ORIENTED_EDGE('',*,*,#1173,.F.);
#1533=ORIENTED_EDGE('',*,*,#1174,.F.);
#1534=ORIENTED_EDGE('',*,*,#1109,.F.);
#1535=ORIENTED_EDGE('',*,*,#1174,.T.);
#1536=ORIENTED_EDGE('',*,*,#1175,.F.);
#1537=ORIENTED_EDGE('',*,*,#1176,.F.);
#1538=ORIENTED_EDGE('',*,*,#1110,.F.);
#1539=ORIENTED_EDGE('',*,*,#1176,.T.);
#1540=ORIENTED_EDGE('',*,*,#1177,.F.);
#1541=ORIENTED_EDGE('',*,*,#1178,.F.);
#1542=ORIENTED_EDGE('',*,*,#1111,.F.);
#1543=ORIENTED_EDGE('',*,*,#1178,.T.);
#1544=ORIENTED_EDGE('',*,*,#1179,.F.);
#1545=ORIENTED_EDGE('',*,*,#1180,.F.);
#1546=ORIENTED_EDGE('',*,*,#1112,.T.);
#1547=ORIENTED_EDGE('',*,*,#1180,.T.);
#1548=ORIENTED_EDGE('',*,*,#1181,.F.);
#1549=ORIENTED_EDGE('',*,*,#1182,.F.);
#1550=ORIENTED_EDGE('',*,*,#1113,.F.);
#1551=ORIENTED_EDGE('',*,*,#1182,.T.);
#1552=ORIENTED_EDGE('',*,*,#1183,.F.);
#1553=ORIENTED_EDGE('',*,*,#1184,.F.);
#1554=ORIENTED_EDGE('',*,*,#1114,.F.);
#1555=ORIENTED_EDGE('',*,*,#1184,.T.);
#1556=ORIENTED_EDGE('',*,*,#1185,.F.);
#1557=ORIENTED_EDGE('',*,*,#1186,.F.);
#1558=ORIENTED_EDGE('',*,*,#1115,.F.);
#1559=ORIENTED_EDGE('',*,*,#1186,.T.);
#1560=ORIENTED_EDGE('',*,*,#1187,.F.);
#1561=ORIENTED_EDGE('',*,*,#1188,.F.);
#1562=ORIENTED_EDGE('',*,*,#1116,.T.);
#1563=ORIENTED_EDGE('',*,*,#1188,.T.);
#1564=ORIENTED_EDGE('',*,*,#1189,.F.);
#1565=ORIENTED_EDGE('',*,*,#1190,.F.);
#1566=ORIENTED_EDGE('',*,*,#1117,.F.);
#1567=ORIENTED_EDGE('',*,*,#1190,.T.);
#1568=ORIENTED_EDGE('',*,*,#1191,.F.);
#1569=ORIENTED_EDGE('',*,*,#1192,.F.);
#1570=ORIENTED_EDGE('',*,*,#1118,.F.);
#1571=ORIENTED_EDGE('',*,*,#1192,.T.);
#1572=ORIENTED_EDGE('',*,*,#1193,.F.);
#1573=ORIENTED_EDGE('',*,*,#1194,.F.);
#1574=ORIENTED_EDGE('',*,*,#1119,.F.);
#1575=ORIENTED_EDGE('',*,*,#1194,.T.);
#1576=ORIENTED_EDGE('',*,*,#1195,.F.);
#1577=ORIENTED_EDGE('',*,*,#1196,.F.);
#1578=ORIENTED_EDGE('',*,*,#1120,.T.);
#1579=ORIENTED_EDGE('',*,*,#1196,.T.);
#1580=ORIENTED_EDGE('',*,*,#1197,.F.);
#1581=ORIENTED_EDGE('',*,*,#1198,.F.);
#1582=ORIENTED_EDGE('',*,*,#1121,.F.);
#1583=ORIENTED_EDGE('',*,*,#1198,.T.);
#1584=ORIENTED_EDGE('',*,*,#1199,.F.);
#1585=ORIENTED_EDGE('',*,*,#1200,.F.);
#1586=ORIENTED_EDGE('',*,*,#1122,.F.);
#1587=ORIENTED_EDGE('',*,*,#1200,.T.);
#1588=ORIENTED_EDGE('',*,*,#1201,.F.);
#1589=ORIENTED_EDGE('',*,*,#1202,.F.);
#1590=ORIENTED_EDGE('',*,*,#1123,.F.);
#1591=ORIENTED_EDGE('',*,*,#1202,.T.);
#1592=ORIENTED_EDGE('',*,*,#1203,.F.);
#1593=ORIENTED_EDGE('',*,*,#1204,.F.);
#1594=ORIENTED_EDGE('',*,*,#1124,.T.);
#1595=ORIENTED_EDGE('',*,*,#1204,.T.);
#1596=ORIENTED_EDGE('',*,*,#1205,.F.);
#1597=ORIENTED_EDGE('',*,*,#1206,.F.);
#1598=ORIENTED_EDGE('',*,*,#1125,.F.);
#1599=ORIENTED_EDGE('',*,*,#1206,.T.);
#1600=ORIENTED_EDGE('',*,*,#1207,.F.);
#1601=ORIENTED_EDGE('',*,*,#1208,.F.);
#1602=ORIENTED_EDGE('',*,*,#1126,.F.);
#1603=ORIENTED_EDGE('',*,*,#1208,.T.);
#1604=ORIENTED_EDGE('',*,*,#1209,.F.);
#1605=ORIENTED_EDGE('',*,*,#1210,.F.);
#1606=ORIENTED_EDGE('',*,*,#1127,.F.);
#1607=ORIENTED_EDGE('',*,*,#1210,.T.);
#1608=ORIENTED_EDGE('',*,*,#1211,.F.);
#1609=ORIENTED_EDGE('',*,*,#1212,.F.);
#1610=ORIENTED_EDGE('',*,*,#1128,.T.);
#1611=ORIENTED_EDGE('',*,*,#1212,.T.);
#1612=ORIENTED_EDGE('',*,*,#1213,.F.);
#1613=ORIENTED_EDGE('',*,*,#1214,.F.);
#1614=ORIENTED_EDGE('',*,*,#1129,.F.);
#1615=ORIENTED_EDGE('',*,*,#1214,.T.);
#1616=ORIENTED_EDGE('',*,*,#1215,.F.);
#1617=ORIENTED_EDGE('',*,*,#1216,.F.);
#1618=ORIENTED_EDGE('',*,*,#1130,.F.);
#1619=ORIENTED_EDGE('',*,*,#1216,.T.);
#1620=ORIENTED_EDGE('',*,*,#1217,.F.);
#1621=ORIENTED_EDGE('',*,*,#1218,.F.);
#1622=ORIENTED_EDGE('',*,*,#1131,.F.);
#1623=ORIENTED_EDGE('',*,*,#1218,.T.);
#1624=ORIENTED_EDGE('',*,*,#1219,.F.);
#1625=ORIENTED_EDGE('',*,*,#1220,.F.);
#1626=ORIENTED_EDGE('',*,*,#1132,.T.);
#1627=ORIENTED_EDGE('',*,*,#1220,.T.);
#1628=ORIENTED_EDGE('',*,*,#1221,.F.);
#1629=ORIENTED_EDGE('',*,*,#1222,.F.);
#1630=ORIENTED_EDGE('',*,*,#1133,.F.);
#1631=ORIENTED_EDGE('',*,*,#1222,.T.);
#1632=ORIENTED_EDGE('',*,*,#1223,.F.);
#1633=ORIENTED_EDGE('',*,*,#1224,.F.);
#1634=ORIENTED_EDGE('',*,*,#1134,.F.);
#1635=ORIENTED_EDGE('',*,*,#1224,.T.);
#1636=ORIENTED_EDGE('',*,*,#1225,.F.);
#1637=ORIENTED_EDGE('',*,*,#1226,.F.);
#1638=ORIENTED_EDGE('',*,*,#1135,.F.);
#1639=ORIENTED_EDGE('',*,*,#1226,.T.);
#1640=ORIENTED_EDGE('',*,*,#1227,.F.);
#1641=ORIENTED_EDGE('',*,*,#1228,.F.);
#1642=ORIENTED_EDGE('',*,*,#1136,.T.);
#1643=ORIENTED_EDGE('',*,*,#1228,.T.);
#1644=ORIENTED_EDGE('',*,*,#1229,.F.);
#1645=ORIENTED_EDGE('',*,*,#1230,.F.);
#1646=ORIENTED_EDGE('',*,*,#1137,.F.);
#1647=ORIENTED_EDGE('',*,*,#1230,.T.);
#1648=ORIENTED_EDGE('',*,*,#1231,.F.);
#1649=ORIENTED_EDGE('',*,*,#1232,.F.);
#1650=ORIENTED_EDGE('',*,*,#1138,.F.);
#1651=ORIENTED_EDGE('',*,*,#1232,.T.);
#1652=ORIENTED_EDGE('',*,*,#1233,.F.);
#1653=ORIENTED_EDGE('',*,*,#1234,.F.);
#1654=ORIENTED_EDGE('',*,*,#1139,.F.);
#1655=ORIENTED_EDGE('',*,*,#1234,.T.);
#1656=ORIENTED_EDGE('',*,*,#1235,.F.);
#1657=ORIENTED_EDGE('',*,*,#1236,.F.);
#1658=ORIENTED_EDGE('',*,*,#1140,.T.);
#1659=ORIENTED_EDGE('',*,*,#1236,.T.);
#1660=ORIENTED_EDGE('',*,*,#1237,.F.);
#1661=ORIENTED_EDGE('',*,*,#1238,.F.);
#1662=ORIENTED_EDGE('',*,*,#1141,.F.);
#1663=ORIENTED_EDGE('',*,*,#1238,.T.);
#1664=ORIENTED_EDGE('',*,*,#1239,.F.);
#1665=ORIENTED_EDGE('',*,*,#1240,.F.);
#1666=ORIENTED_EDGE('',*,*,#1142,.F.);
#1667=ORIENTED_EDGE('',*,*,#1240,.T.);
#1668=ORIENTED_EDGE('',*,*,#1241,.F.);
#1669=ORIENTED_EDGE('',*,*,#1242,.F.);
#1670=ORIENTED_EDGE('',*,*,#1143,.F.);
#1671=ORIENTED_EDGE('',*,*,#1242,.T.);
#1672=ORIENTED_EDGE('',*,*,#1243,.F.);
#1673=ORIENTED_EDGE('',*,*,#1244,.F.);
#1674=ORIENTED_EDGE('',*,*,#1144,.T.);
#1675=ORIENTED_EDGE('',*,*,#1244,.T.);
#1676=ORIENTED_EDGE('',*,*,#1245,.F.);
#1677=ORIENTED_EDGE('',*,*,#1246,.F.);
#1678=ORIENTED_EDGE('',*,*,#1145,.F.);
#1679=ORIENTED_EDGE('',*,*,#1246,.T.);
#1680=ORIENTED_EDGE('',*,*,#1247,.F.);
#1681=ORIENTED_EDGE('',*,*,#1248,.F.);
#1682=ORIENTED_EDGE('',*,*,#1146,.F.);
#1683=ORIENTED_EDGE('',*,*,#1248,.T.);
#1684=ORIENTED_EDGE('',*,*,#1249,.F.);
#1685=ORIENTED_EDGE('',*,*,#1250,.F.);
#1686=ORIENTED_EDGE('',*,*,#1147,.F.);
#1687=ORIENTED_EDGE('',*,*,#1250,.T.);
#1688=ORIENTED_EDGE('',*,*,#1251,.F.);
#1689=ORIENTED_EDGE('',*,*,#1252,.F.);
#1690=ORIENTED_EDGE('',*,*,#1148,.T.);
#1691=ORIENTED_EDGE('',*,*,#1252,.T.);
#1692=ORIENTED_EDGE('',*,*,#1253,.F.);
#1693=ORIENTED_EDGE('',*,*,#1254,.F.);
#1694=ORIENTED_EDGE('',*,*,#1149,.F.);
#1695=ORIENTED_EDGE('',*,*,#1254,.T.);
#1696=ORIENTED_EDGE('',*,*,#1255,.F.);
#1697=ORIENTED_EDGE('',*,*,#1152,.F.);
#1698=ORIENTED_EDGE('',*,*,#1256,.F.);
#1699=ORIENTED_EDGE('',*,*,#1257,.T.);
#1700=ORIENTED_EDGE('',*,*,#1258,.F.);
#1701=ORIENTED_EDGE('',*,*,#1257,.F.);
#1702=ORIENTED_EDGE('',*,*,#1258,.T.);
#1703=ORIENTED_EDGE('',*,*,#1093,.T.);
#1704=ORIENTED_EDGE('',*,*,#1259,.F.);
#1705=ORIENTED_EDGE('',*,*,#1260,.T.);
#1706=ORIENTED_EDGE('',*,*,#1261,.T.);
#1707=ORIENTED_EDGE('',*,*,#1262,.T.);
#1708=ORIENTED_EDGE('',*,*,#1263,.T.);
#1709=ORIENTED_EDGE('',*,*,#1264,.T.);
#1710=ORIENTED_EDGE('',*,*,#1265,.T.);
#1711=ORIENTED_EDGE('',*,*,#1266,.T.);
#1712=ORIENTED_EDGE('',*,*,#1267,.T.);
#1713=ORIENTED_EDGE('',*,*,#1268,.T.);
#1714=ORIENTED_EDGE('',*,*,#1269,.T.);
#1715=ORIENTED_EDGE('',*,*,#1270,.T.);
#1716=ORIENTED_EDGE('',*,*,#1271,.T.);
#1717=ORIENTED_EDGE('',*,*,#1272,.T.);
#1718=ORIENTED_EDGE('',*,*,#1273,.T.);
#1719=ORIENTED_EDGE('',*,*,#1274,.T.);
#1720=ORIENTED_EDGE('',*,*,#1275,.T.);
#1721=ORIENTED_EDGE('',*,*,#1276,.T.);
#1722=ORIENTED_EDGE('',*,*,#1277,.T.);
#1723=ORIENTED_EDGE('',*,*,#1278,.T.);
#1724=ORIENTED_EDGE('',*,*,#1279,.T.);
#1725=ORIENTED_EDGE('',*,*,#1280,.T.);
#1726=ORIENTED_EDGE('',*,*,#1281,.T.);
#1727=ORIENTED_EDGE('',*,*,#1282,.T.);
#1728=ORIENTED_EDGE('',*,*,#1283,.T.);
#1729=ORIENTED_EDGE('',*,*,#1284,.T.);
#1730=ORIENTED_EDGE('',*,*,#1285,.T.);
#1731=ORIENTED_EDGE('',*,*,#1286,.T.);
#1732=ORIENTED_EDGE('',*,*,#1287,.T.);
#1733=ORIENTED_EDGE('',*,*,#1288,.T.);
#1734=ORIENTED_EDGE('',*,*,#1289,.T.);
#1735=ORIENTED_EDGE('',*,*,#1290,.T.);
#1736=ORIENTED_EDGE('',*,*,#1291,.T.);
#1737=ORIENTED_EDGE('',*,*,#1292,.T.);
#1738=ORIENTED_EDGE('',*,*,#1293,.T.);
#1739=ORIENTED_EDGE('',*,*,#1294,.T.);
#1740=ORIENTED_EDGE('',*,*,#1295,.T.);
#1741=ORIENTED_EDGE('',*,*,#1296,.T.);
#1742=ORIENTED_EDGE('',*,*,#1297,.T.);
#1743=ORIENTED_EDGE('',*,*,#1298,.T.);
#1744=ORIENTED_EDGE('',*,*,#1299,.T.);
#1745=ORIENTED_EDGE('',*,*,#1300,.T.);
#1746=ORIENTED_EDGE('',*,*,#1301,.T.);
#1747=ORIENTED_EDGE('',*,*,#1302,.T.);
#1748=ORIENTED_EDGE('',*,*,#1303,.T.);
#1749=ORIENTED_EDGE('',*,*,#1304,.T.);
#1750=ORIENTED_EDGE('',*,*,#1305,.T.);
#1751=ORIENTED_EDGE('',*,*,#1306,.T.);
#1752=ORIENTED_EDGE('',*,*,#1307,.T.);
#1753=ORIENTED_EDGE('',*,*,#1308,.T.);
#1754=ORIENTED_EDGE('',*,*,#1309,.T.);
#1755=ORIENTED_EDGE('',*,*,#1310,.T.);
#1756=ORIENTED_EDGE('',*,*,#1311,.T.);
#1757=ORIENTED_EDGE('',*,*,#1312,.F.);
#1758=ORIENTED_EDGE('',*,*,#1313,.T.);
#1759=ORIENTED_EDGE('',*,*,#1259,.T.);
#1760=ORIENTED_EDGE('',*,*,#1313,.F.);
#1761=ORIENTED_EDGE('',*,*,#1312,.T.);
#1762=ORIENTED_EDGE('',*,*,#1256,.T.);
#1763=ORIENTED_EDGE('',*,*,#1314,.F.);
#1764=ORIENTED_EDGE('',*,*,#1315,.T.);
#1765=ORIENTED_EDGE('',*,*,#1316,.T.);
#1766=ORIENTED_EDGE('',*,*,#1317,.F.);
#1767=ORIENTED_EDGE('',*,*,#1318,.T.);
#1768=ORIENTED_EDGE('',*,*,#1319,.T.);
#1769=ORIENTED_EDGE('',*,*,#1320,.T.);
#1770=ORIENTED_EDGE('',*,*,#1321,.F.);
#1771=ORIENTED_EDGE('',*,*,#1322,.T.);
#1772=ORIENTED_EDGE('',*,*,#1323,.T.);
#1773=ORIENTED_EDGE('',*,*,#1324,.T.);
#1774=ORIENTED_EDGE('',*,*,#1325,.F.);
#1775=ORIENTED_EDGE('',*,*,#1326,.T.);
#1776=ORIENTED_EDGE('',*,*,#1327,.T.);
#1777=ORIENTED_EDGE('',*,*,#1328,.T.);
#1778=ORIENTED_EDGE('',*,*,#1329,.F.);
#1779=ORIENTED_EDGE('',*,*,#1330,.T.);
#1780=ORIENTED_EDGE('',*,*,#1331,.T.);
#1781=ORIENTED_EDGE('',*,*,#1332,.T.);
#1782=ORIENTED_EDGE('',*,*,#1333,.F.);
#1783=ORIENTED_EDGE('',*,*,#1334,.T.);
#1784=ORIENTED_EDGE('',*,*,#1335,.T.);
#1785=ORIENTED_EDGE('',*,*,#1336,.T.);
#1786=ORIENTED_EDGE('',*,*,#1337,.F.);
#1787=ORIENTED_EDGE('',*,*,#1338,.T.);
#1788=ORIENTED_EDGE('',*,*,#1339,.T.);
#1789=ORIENTED_EDGE('',*,*,#1340,.T.);
#1790=ORIENTED_EDGE('',*,*,#1341,.F.);
#1791=ORIENTED_EDGE('',*,*,#1342,.T.);
#1792=ORIENTED_EDGE('',*,*,#1343,.T.);
#1793=ORIENTED_EDGE('',*,*,#1344,.T.);
#1794=ORIENTED_EDGE('',*,*,#1345,.F.);
#1795=ORIENTED_EDGE('',*,*,#1346,.T.);
#1796=ORIENTED_EDGE('',*,*,#1347,.T.);
#1797=ORIENTED_EDGE('',*,*,#1348,.T.);
#1798=ORIENTED_EDGE('',*,*,#1349,.F.);
#1799=ORIENTED_EDGE('',*,*,#1350,.T.);
#1800=ORIENTED_EDGE('',*,*,#1351,.T.);
#1801=ORIENTED_EDGE('',*,*,#1352,.T.);
#1802=ORIENTED_EDGE('',*,*,#1353,.F.);
#1803=ORIENTED_EDGE('',*,*,#1354,.T.);
#1804=ORIENTED_EDGE('',*,*,#1355,.T.);
#1805=ORIENTED_EDGE('',*,*,#1356,.T.);
#1806=ORIENTED_EDGE('',*,*,#1357,.F.);
#1807=ORIENTED_EDGE('',*,*,#1358,.T.);
#1808=ORIENTED_EDGE('',*,*,#1359,.T.);
#1809=ORIENTED_EDGE('',*,*,#1360,.T.);
#1810=ORIENTED_EDGE('',*,*,#1361,.F.);
#1811=ORIENTED_EDGE('',*,*,#1362,.T.);
#1812=ORIENTED_EDGE('',*,*,#1363,.T.);
#1813=ORIENTED_EDGE('',*,*,#1364,.T.);
#1814=ORIENTED_EDGE('',*,*,#1365,.F.);
#1815=ORIENTED_EDGE('',*,*,#1366,.T.);
#1816=ORIENTED_EDGE('',*,*,#1367,.F.);
#1817=ORIENTED_EDGE('',*,*,#1368,.T.);
#1818=ORIENTED_EDGE('',*,*,#1314,.T.);
#1819=ORIENTED_EDGE('',*,*,#1368,.F.);
#1820=ORIENTED_EDGE('',*,*,#1367,.T.);
#1821=ORIENTED_EDGE('',*,*,#1153,.T.);
#1822=ORIENTED_EDGE('',*,*,#1255,.T.);
#1823=ORIENTED_EDGE('',*,*,#1253,.T.);
#1824=ORIENTED_EDGE('',*,*,#1251,.T.);
#1825=ORIENTED_EDGE('',*,*,#1249,.T.);
#1826=ORIENTED_EDGE('',*,*,#1247,.T.);
#1827=ORIENTED_EDGE('',*,*,#1245,.T.);
#1828=ORIENTED_EDGE('',*,*,#1243,.T.);
#1829=ORIENTED_EDGE('',*,*,#1241,.T.);
#1830=ORIENTED_EDGE('',*,*,#1239,.T.);
#1831=ORIENTED_EDGE('',*,*,#1237,.T.);
#1832=ORIENTED_EDGE('',*,*,#1235,.T.);
#1833=ORIENTED_EDGE('',*,*,#1233,.T.);
#1834=ORIENTED_EDGE('',*,*,#1231,.T.);
#1835=ORIENTED_EDGE('',*,*,#1229,.T.);
#1836=ORIENTED_EDGE('',*,*,#1227,.T.);
#1837=ORIENTED_EDGE('',*,*,#1225,.T.);
#1838=ORIENTED_EDGE('',*,*,#1223,.T.);
#1839=ORIENTED_EDGE('',*,*,#1221,.T.);
#1840=ORIENTED_EDGE('',*,*,#1219,.T.);
#1841=ORIENTED_EDGE('',*,*,#1217,.T.);
#1842=ORIENTED_EDGE('',*,*,#1215,.T.);
#1843=ORIENTED_EDGE('',*,*,#1213,.T.);
#1844=ORIENTED_EDGE('',*,*,#1211,.T.);
#1845=ORIENTED_EDGE('',*,*,#1209,.T.);
#1846=ORIENTED_EDGE('',*,*,#1207,.T.);
#1847=ORIENTED_EDGE('',*,*,#1205,.T.);
#1848=ORIENTED_EDGE('',*,*,#1203,.T.);
#1849=ORIENTED_EDGE('',*,*,#1201,.T.);
#1850=ORIENTED_EDGE('',*,*,#1199,.T.);
#1851=ORIENTED_EDGE('',*,*,#1197,.T.);
#1852=ORIENTED_EDGE('',*,*,#1195,.T.);
#1853=ORIENTED_EDGE('',*,*,#1193,.T.);
#1854=ORIENTED_EDGE('',*,*,#1191,.T.);
#1855=ORIENTED_EDGE('',*,*,#1189,.T.);
#1856=ORIENTED_EDGE('',*,*,#1187,.T.);
#1857=ORIENTED_EDGE('',*,*,#1185,.T.);
#1858=ORIENTED_EDGE('',*,*,#1183,.T.);
#1859=ORIENTED_EDGE('',*,*,#1181,.T.);
#1860=ORIENTED_EDGE('',*,*,#1179,.T.);
#1861=ORIENTED_EDGE('',*,*,#1177,.T.);
#1862=ORIENTED_EDGE('',*,*,#1175,.T.);
#1863=ORIENTED_EDGE('',*,*,#1173,.T.);
#1864=ORIENTED_EDGE('',*,*,#1171,.T.);
#1865=ORIENTED_EDGE('',*,*,#1169,.T.);
#1866=ORIENTED_EDGE('',*,*,#1167,.T.);
#1867=ORIENTED_EDGE('',*,*,#1165,.T.);
#1868=ORIENTED_EDGE('',*,*,#1163,.T.);
#1869=ORIENTED_EDGE('',*,*,#1161,.T.);
#1870=ORIENTED_EDGE('',*,*,#1159,.T.);
#1871=ORIENTED_EDGE('',*,*,#1157,.T.);
#1872=ORIENTED_EDGE('',*,*,#1155,.T.);
#1873=ORIENTED_EDGE('',*,*,#1315,.F.);
#1874=ORIENTED_EDGE('',*,*,#1369,.T.);
#1875=ORIENTED_EDGE('',*,*,#1260,.F.);
#1876=ORIENTED_EDGE('',*,*,#1370,.F.);
#1877=ORIENTED_EDGE('',*,*,#1316,.F.);
#1878=ORIENTED_EDGE('',*,*,#1370,.T.);
#1879=ORIENTED_EDGE('',*,*,#1311,.F.);
#1880=ORIENTED_EDGE('',*,*,#1371,.F.);
#1881=ORIENTED_EDGE('',*,*,#1317,.T.);
#1882=ORIENTED_EDGE('',*,*,#1371,.T.);
#1883=ORIENTED_EDGE('',*,*,#1310,.F.);
#1884=ORIENTED_EDGE('',*,*,#1372,.F.);
#1885=ORIENTED_EDGE('',*,*,#1318,.F.);
#1886=ORIENTED_EDGE('',*,*,#1372,.T.);
#1887=ORIENTED_EDGE('',*,*,#1309,.F.);
#1888=ORIENTED_EDGE('',*,*,#1373,.F.);
#1889=ORIENTED_EDGE('',*,*,#1319,.F.);
#1890=ORIENTED_EDGE('',*,*,#1373,.T.);
#1891=ORIENTED_EDGE('',*,*,#1308,.F.);
#1892=ORIENTED_EDGE('',*,*,#1374,.F.);
#1893=ORIENTED_EDGE('',*,*,#1320,.F.);
#1894=ORIENTED_EDGE('',*,*,#1374,.T.);
#1895=ORIENTED_EDGE('',*,*,#1307,.F.);
#1896=ORIENTED_EDGE('',*,*,#1375,.F.);
#1897=ORIENTED_EDGE('',*,*,#1321,.T.);
#1898=ORIENTED_EDGE('',*,*,#1375,.T.);
#1899=ORIENTED_EDGE('',*,*,#1306,.F.);
#1900=ORIENTED_EDGE('',*,*,#1376,.F.);
#1901=ORIENTED_EDGE('',*,*,#1322,.F.);
#1902=ORIENTED_EDGE('',*,*,#1376,.T.);
#1903=ORIENTED_EDGE('',*,*,#1305,.F.);
#1904=ORIENTED_EDGE('',*,*,#1377,.F.);
#1905=ORIENTED_EDGE('',*,*,#1323,.F.);
#1906=ORIENTED_EDGE('',*,*,#1377,.T.);
#1907=ORIENTED_EDGE('',*,*,#1304,.F.);
#1908=ORIENTED_EDGE('',*,*,#1378,.F.);
#1909=ORIENTED_EDGE('',*,*,#1324,.F.);
#1910=ORIENTED_EDGE('',*,*,#1378,.T.);
#1911=ORIENTED_EDGE('',*,*,#1303,.F.);
#1912=ORIENTED_EDGE('',*,*,#1379,.F.);
#1913=ORIENTED_EDGE('',*,*,#1325,.T.);
#1914=ORIENTED_EDGE('',*,*,#1379,.T.);
#1915=ORIENTED_EDGE('',*,*,#1302,.F.);
#1916=ORIENTED_EDGE('',*,*,#1380,.F.);
#1917=ORIENTED_EDGE('',*,*,#1326,.F.);
#1918=ORIENTED_EDGE('',*,*,#1380,.T.);
#1919=ORIENTED_EDGE('',*,*,#1301,.F.);
#1920=ORIENTED_EDGE('',*,*,#1381,.F.);
#1921=ORIENTED_EDGE('',*,*,#1327,.F.);
#1922=ORIENTED_EDGE('',*,*,#1381,.T.);
#1923=ORIENTED_EDGE('',*,*,#1300,.F.);
#1924=ORIENTED_EDGE('',*,*,#1382,.F.);
#1925=ORIENTED_EDGE('',*,*,#1328,.F.);
#1926=ORIENTED_EDGE('',*,*,#1382,.T.);
#1927=ORIENTED_EDGE('',*,*,#1299,.F.);
#1928=ORIENTED_EDGE('',*,*,#1383,.F.);
#1929=ORIENTED_EDGE('',*,*,#1329,.T.);
#1930=ORIENTED_EDGE('',*,*,#1383,.T.);
#1931=ORIENTED_EDGE('',*,*,#1298,.F.);
#1932=ORIENTED_EDGE('',*,*,#1384,.F.);
#1933=ORIENTED_EDGE('',*,*,#1330,.F.);
#1934=ORIENTED_EDGE('',*,*,#1384,.T.);
#1935=ORIENTED_EDGE('',*,*,#1297,.F.);
#1936=ORIENTED_EDGE('',*,*,#1385,.F.);
#1937=ORIENTED_EDGE('',*,*,#1331,.F.);
#1938=ORIENTED_EDGE('',*,*,#1385,.T.);
#1939=ORIENTED_EDGE('',*,*,#1296,.F.);
#1940=ORIENTED_EDGE('',*,*,#1386,.F.);
#1941=ORIENTED_EDGE('',*,*,#1332,.F.);
#1942=ORIENTED_EDGE('',*,*,#1386,.T.);
#1943=ORIENTED_EDGE('',*,*,#1295,.F.);
#1944=ORIENTED_EDGE('',*,*,#1387,.F.);
#1945=ORIENTED_EDGE('',*,*,#1333,.T.);
#1946=ORIENTED_EDGE('',*,*,#1387,.T.);
#1947=ORIENTED_EDGE('',*,*,#1294,.F.);
#1948=ORIENTED_EDGE('',*,*,#1388,.F.);
#1949=ORIENTED_EDGE('',*,*,#1334,.F.);
#1950=ORIENTED_EDGE('',*,*,#1388,.T.);
#1951=ORIENTED_EDGE('',*,*,#1293,.F.);
#1952=ORIENTED_EDGE('',*,*,#1389,.F.);
#1953=ORIENTED_EDGE('',*,*,#1335,.F.);
#1954=ORIENTED_EDGE('',*,*,#1389,.T.);
#1955=ORIENTED_EDGE('',*,*,#1292,.F.);
#1956=ORIENTED_EDGE('',*,*,#1390,.F.);
#1957=ORIENTED_EDGE('',*,*,#1336,.F.);
#1958=ORIENTED_EDGE('',*,*,#1390,.T.);
#1959=ORIENTED_EDGE('',*,*,#1291,.F.);
#1960=ORIENTED_EDGE('',*,*,#1391,.F.);
#1961=ORIENTED_EDGE('',*,*,#1337,.T.);
#1962=ORIENTED_EDGE('',*,*,#1391,.T.);
#1963=ORIENTED_EDGE('',*,*,#1290,.F.);
#1964=ORIENTED_EDGE('',*,*,#1392,.F.);
#1965=ORIENTED_EDGE('',*,*,#1338,.F.);
#1966=ORIENTED_EDGE('',*,*,#1392,.T.);
#1967=ORIENTED_EDGE('',*,*,#1289,.F.);
#1968=ORIENTED_EDGE('',*,*,#1393,.F.);
#1969=ORIENTED_EDGE('',*,*,#1339,.F.);
#1970=ORIENTED_EDGE('',*,*,#1393,.T.);
#1971=ORIENTED_EDGE('',*,*,#1288,.F.);
#1972=ORIENTED_EDGE('',*,*,#1394,.F.);
#1973=ORIENTED_EDGE('',*,*,#1340,.F.);
#1974=ORIENTED_EDGE('',*,*,#1394,.T.);
#1975=ORIENTED_EDGE('',*,*,#1287,.F.);
#1976=ORIENTED_EDGE('',*,*,#1395,.F.);
#1977=ORIENTED_EDGE('',*,*,#1341,.T.);
#1978=ORIENTED_EDGE('',*,*,#1395,.T.);
#1979=ORIENTED_EDGE('',*,*,#1286,.F.);
#1980=ORIENTED_EDGE('',*,*,#1396,.F.);
#1981=ORIENTED_EDGE('',*,*,#1342,.F.);
#1982=ORIENTED_EDGE('',*,*,#1396,.T.);
#1983=ORIENTED_EDGE('',*,*,#1285,.F.);
#1984=ORIENTED_EDGE('',*,*,#1397,.F.);
#1985=ORIENTED_EDGE('',*,*,#1343,.F.);
#1986=ORIENTED_EDGE('',*,*,#1397,.T.);
#1987=ORIENTED_EDGE('',*,*,#1284,.F.);
#1988=ORIENTED_EDGE('',*,*,#1398,.F.);
#1989=ORIENTED_EDGE('',*,*,#1344,.F.);
#1990=ORIENTED_EDGE('',*,*,#1398,.T.);
#1991=ORIENTED_EDGE('',*,*,#1283,.F.);
#1992=ORIENTED_EDGE('',*,*,#1399,.F.);
#1993=ORIENTED_EDGE('',*,*,#1345,.T.);
#1994=ORIENTED_EDGE('',*,*,#1399,.T.);
#1995=ORIENTED_EDGE('',*,*,#1282,.F.);
#1996=ORIENTED_EDGE('',*,*,#1400,.F.);
#1997=ORIENTED_EDGE('',*,*,#1346,.F.);
#1998=ORIENTED_EDGE('',*,*,#1400,.T.);
#1999=ORIENTED_EDGE('',*,*,#1281,.F.);
#2000=ORIENTED_EDGE('',*,*,#1401,.F.);
#2001=ORIENTED_EDGE('',*,*,#1347,.F.);
#2002=ORIENTED_EDGE('',*,*,#1401,.T.);
#2003=ORIENTED_EDGE('',*,*,#1280,.F.);
#2004=ORIENTED_EDGE('',*,*,#1402,.F.);
#2005=ORIENTED_EDGE('',*,*,#1348,.F.);
#2006=ORIENTED_EDGE('',*,*,#1402,.T.);
#2007=ORIENTED_EDGE('',*,*,#1279,.F.);
#2008=ORIENTED_EDGE('',*,*,#1403,.F.);
#2009=ORIENTED_EDGE('',*,*,#1349,.T.);
#2010=ORIENTED_EDGE('',*,*,#1403,.T.);
#2011=ORIENTED_EDGE('',*,*,#1278,.F.);
#2012=ORIENTED_EDGE('',*,*,#1404,.F.);
#2013=ORIENTED_EDGE('',*,*,#1350,.F.);
#2014=ORIENTED_EDGE('',*,*,#1404,.T.);
#2015=ORIENTED_EDGE('',*,*,#1277,.F.);
#2016=ORIENTED_EDGE('',*,*,#1405,.F.);
#2017=ORIENTED_EDGE('',*,*,#1351,.F.);
#2018=ORIENTED_EDGE('',*,*,#1405,.T.);
#2019=ORIENTED_EDGE('',*,*,#1276,.F.);
#2020=ORIENTED_EDGE('',*,*,#1406,.F.);
#2021=ORIENTED_EDGE('',*,*,#1352,.F.);
#2022=ORIENTED_EDGE('',*,*,#1406,.T.);
#2023=ORIENTED_EDGE('',*,*,#1275,.F.);
#2024=ORIENTED_EDGE('',*,*,#1407,.F.);
#2025=ORIENTED_EDGE('',*,*,#1353,.T.);
#2026=ORIENTED_EDGE('',*,*,#1407,.T.);
#2027=ORIENTED_EDGE('',*,*,#1274,.F.);
#2028=ORIENTED_EDGE('',*,*,#1408,.F.);
#2029=ORIENTED_EDGE('',*,*,#1354,.F.);
#2030=ORIENTED_EDGE('',*,*,#1408,.T.);
#2031=ORIENTED_EDGE('',*,*,#1273,.F.);
#2032=ORIENTED_EDGE('',*,*,#1409,.F.);
#2033=ORIENTED_EDGE('',*,*,#1355,.F.);
#2034=ORIENTED_EDGE('',*,*,#1409,.T.);
#2035=ORIENTED_EDGE('',*,*,#1272,.F.);
#2036=ORIENTED_EDGE('',*,*,#1410,.F.);
#2037=ORIENTED_EDGE('',*,*,#1356,.F.);
#2038=ORIENTED_EDGE('',*,*,#1410,.T.);
#2039=ORIENTED_EDGE('',*,*,#1271,.F.);
#2040=ORIENTED_EDGE('',*,*,#1411,.F.);
#2041=ORIENTED_EDGE('',*,*,#1357,.T.);
#2042=ORIENTED_EDGE('',*,*,#1411,.T.);
#2043=ORIENTED_EDGE('',*,*,#1270,.F.);
#2044=ORIENTED_EDGE('',*,*,#1412,.F.);
#2045=ORIENTED_EDGE('',*,*,#1358,.F.);
#2046=ORIENTED_EDGE('',*,*,#1412,.T.);
#2047=ORIENTED_EDGE('',*,*,#1269,.F.);
#2048=ORIENTED_EDGE('',*,*,#1413,.F.);
#2049=ORIENTED_EDGE('',*,*,#1359,.F.);
#2050=ORIENTED_EDGE('',*,*,#1413,.T.);
#2051=ORIENTED_EDGE('',*,*,#1268,.F.);
#2052=ORIENTED_EDGE('',*,*,#1414,.F.);
#2053=ORIENTED_EDGE('',*,*,#1360,.F.);
#2054=ORIENTED_EDGE('',*,*,#1414,.T.);
#2055=ORIENTED_EDGE('',*,*,#1267,.F.);
#2056=ORIENTED_EDGE('',*,*,#1415,.F.);
#2057=ORIENTED_EDGE('',*,*,#1361,.T.);
#2058=ORIENTED_EDGE('',*,*,#1415,.T.);
#2059=ORIENTED_EDGE('',*,*,#1266,.F.);
#2060=ORIENTED_EDGE('',*,*,#1416,.F.);
#2061=ORIENTED_EDGE('',*,*,#1362,.F.);
#2062=ORIENTED_EDGE('',*,*,#1416,.T.);
#2063=ORIENTED_EDGE('',*,*,#1265,.F.);
#2064=ORIENTED_EDGE('',*,*,#1417,.F.);
#2065=ORIENTED_EDGE('',*,*,#1363,.F.);
#2066=ORIENTED_EDGE('',*,*,#1417,.T.);
#2067=ORIENTED_EDGE('',*,*,#1264,.F.);
#2068=ORIENTED_EDGE('',*,*,#1418,.F.);
#2069=ORIENTED_EDGE('',*,*,#1364,.F.);
#2070=ORIENTED_EDGE('',*,*,#1418,.T.);
#2071=ORIENTED_EDGE('',*,*,#1263,.F.);
#2072=ORIENTED_EDGE('',*,*,#1419,.F.);
#2073=ORIENTED_EDGE('',*,*,#1365,.T.);
#2074=ORIENTED_EDGE('',*,*,#1419,.T.);
#2075=ORIENTED_EDGE('',*,*,#1262,.F.);
#2076=ORIENTED_EDGE('',*,*,#1420,.F.);
#2077=ORIENTED_EDGE('',*,*,#1366,.F.);
#2078=ORIENTED_EDGE('',*,*,#1420,.T.);
#2079=ORIENTED_EDGE('',*,*,#1261,.F.);
#2080=ORIENTED_EDGE('',*,*,#1369,.F.);
#2081=CYLINDRICAL_SURFACE('',#2271,4.49999999999999);
#2082=CYLINDRICAL_SURFACE('',#2274,11.25);
#2083=CYLINDRICAL_SURFACE('',#2306,47.5);
#2084=CYLINDRICAL_SURFACE('',#2310,42.5);
#2085=CYLINDRICAL_SURFACE('',#2313,33.);
#2086=CYLINDRICAL_SURFACE('',#2316,42.5);
#2087=CYLINDRICAL_SURFACE('',#2319,33.);
#2088=CYLINDRICAL_SURFACE('',#2322,42.5);
#2089=CYLINDRICAL_SURFACE('',#2325,33.);
#2090=CYLINDRICAL_SURFACE('',#2328,42.5);
#2091=CYLINDRICAL_SURFACE('',#2331,33.);
#2092=CYLINDRICAL_SURFACE('',#2334,42.5);
#2093=CYLINDRICAL_SURFACE('',#2337,33.);
#2094=CYLINDRICAL_SURFACE('',#2340,42.5);
#2095=CYLINDRICAL_SURFACE('',#2343,33.);
#2096=CYLINDRICAL_SURFACE('',#2346,42.5);
#2097=CYLINDRICAL_SURFACE('',#2349,33.);
#2098=CYLINDRICAL_SURFACE('',#2352,42.5);
#2099=CYLINDRICAL_SURFACE('',#2355,33.);
#2100=CYLINDRICAL_SURFACE('',#2358,42.5);
#2101=CYLINDRICAL_SURFACE('',#2361,33.);
#2102=CYLINDRICAL_SURFACE('',#2364,42.5);
#2103=CYLINDRICAL_SURFACE('',#2367,33.);
#2104=CYLINDRICAL_SURFACE('',#2370,42.5);
#2105=CYLINDRICAL_SURFACE('',#2373,33.);
#2106=CYLINDRICAL_SURFACE('',#2376,42.5);
#2107=CYLINDRICAL_SURFACE('',#2379,33.);
#2108=CYLINDRICAL_SURFACE('',#2382,42.5);
#2109=CYLINDRICAL_SURFACE('',#2385,33.);
#2110=CYLINDRICAL_SURFACE('',#2387,11.25);
#2111=CYLINDRICAL_SURFACE('',#2419,47.5);
#2112=CYLINDRICAL_SURFACE('',#2450,47.5);
#2113=CYLINDRICAL_SURFACE('',#2454,42.5);
#2114=CYLINDRICAL_SURFACE('',#2456,33.);
#2115=CYLINDRICAL_SURFACE('',#2458,42.5);
#2116=CYLINDRICAL_SURFACE('',#2460,33.);
#2117=CYLINDRICAL_SURFACE('',#2462,42.5);
#2118=CYLINDRICAL_SURFACE('',#2464,33.);
#2119=CYLINDRICAL_SURFACE('',#2466,42.5);
#2120=CYLINDRICAL_SURFACE('',#2468,33.);
#2121=CYLINDRICAL_SURFACE('',#2470,42.5);
#2122=CYLINDRICAL_SURFACE('',#2472,33.);
#2123=CYLINDRICAL_SURFACE('',#2474,42.5);
#2124=CYLINDRICAL_SURFACE('',#2476,33.);
#2125=CYLINDRICAL_SURFACE('',#2478,42.5);
#2126=CYLINDRICAL_SURFACE('',#2480,33.);
#2127=CYLINDRICAL_SURFACE('',#2482,42.5);
#2128=CYLINDRICAL_SURFACE('',#2484,33.);
#2129=CYLINDRICAL_SURFACE('',#2486,42.5);
#2130=CYLINDRICAL_SURFACE('',#2488,33.);
#2131=CYLINDRICAL_SURFACE('',#2490,42.5);
#2132=CYLINDRICAL_SURFACE('',#2492,33.);
#2133=CYLINDRICAL_SURFACE('',#2494,42.5);
#2134=CYLINDRICAL_SURFACE('',#2496,33.);
#2135=CYLINDRICAL_SURFACE('',#2498,42.5);
#2136=CYLINDRICAL_SURFACE('',#2500,33.);
#2137=CYLINDRICAL_SURFACE('',#2502,42.5);
#2138=CYLINDRICAL_SURFACE('',#2504,33.);
#2139=ADVANCED_FACE('',(#83),#2081,.F.);
#2140=ADVANCED_FACE('',(#84),#2082,.F.);
#2141=ADVANCED_FACE('',(#85,#15),#23,.T.);
#2142=ADVANCED_FACE('',(#86,#16),#24,.F.);
#2143=ADVANCED_FACE('',(#87),#2083,.T.);
#2144=ADVANCED_FACE('',(#88,#17),#25,.T.);
#2145=ADVANCED_FACE('',(#89),#26,.T.);
#2146=ADVANCED_FACE('',(#90),#2084,.T.);
#2147=ADVANCED_FACE('',(#91),#27,.T.);
#2148=ADVANCED_FACE('',(#92),#2085,.T.);
#2149=ADVANCED_FACE('',(#93),#28,.T.);
#2150=ADVANCED_FACE('',(#94),#2086,.T.);
#2151=ADVANCED_FACE('',(#95),#29,.T.);
#2152=ADVANCED_FACE('',(#96),#2087,.T.);
#2153=ADVANCED_FACE('',(#97),#30,.T.);
#2154=ADVANCED_FACE('',(#98),#2088,.T.);
#2155=ADVANCED_FACE('',(#99),#31,.T.);
#2156=ADVANCED_FACE('',(#100),#2089,.T.);
#2157=ADVANCED_FACE('',(#101),#32,.T.);
#2158=ADVANCED_FACE('',(#102),#2090,.T.);
#2159=ADVANCED_FACE('',(#103),#33,.T.);
#2160=ADVANCED_FACE('',(#104),#2091,.T.);
#2161=ADVANCED_FACE('',(#105),#34,.T.);
#2162=ADVANCED_FACE('',(#106),#2092,.T.);
#2163=ADVANCED_FACE('',(#107),#35,.T.);
#2164=ADVANCED_FACE('',(#108),#2093,.T.);
#2165=ADVANCED_FACE('',(#109),#36,.T.);
#2166=ADVANCED_FACE('',(#110),#2094,.T.);
#2167=ADVANCED_FACE('',(#111),#37,.T.);
#2168=ADVANCED_FACE('',(#112),#2095,.T.);
#2169=ADVANCED_FACE('',(#113),#38,.T.);
#2170=ADVANCED_FACE('',(#114),#2096,.T.);
#2171=ADVANCED_FACE('',(#115),#39,.T.);
#2172=ADVANCED_FACE('',(#116),#2097,.T.);
#2173=ADVANCED_FACE('',(#117),#40,.T.);
#2174=ADVANCED_FACE('',(#118),#2098,.T.);
#2175=ADVANCED_FACE('',(#119),#41,.T.);
#2176=ADVANCED_FACE('',(#120),#2099,.T.);
#2177=ADVANCED_FACE('',(#121),#42,.T.);
#2178=ADVANCED_FACE('',(#122),#2100,.T.);
#2179=ADVANCED_FACE('',(#123),#43,.T.);
#2180=ADVANCED_FACE('',(#124),#2101,.T.);
#2181=ADVANCED_FACE('',(#125),#44,.T.);
#2182=ADVANCED_FACE('',(#126),#2102,.T.);
#2183=ADVANCED_FACE('',(#127),#45,.T.);
#2184=ADVANCED_FACE('',(#128),#2103,.T.);
#2185=ADVANCED_FACE('',(#129),#46,.T.);
#2186=ADVANCED_FACE('',(#130),#2104,.T.);
#2187=ADVANCED_FACE('',(#131),#47,.T.);
#2188=ADVANCED_FACE('',(#132),#2105,.T.);
#2189=ADVANCED_FACE('',(#133),#48,.T.);
#2190=ADVANCED_FACE('',(#134),#2106,.T.);
#2191=ADVANCED_FACE('',(#135),#49,.T.);
#2192=ADVANCED_FACE('',(#136),#2107,.T.);
#2193=ADVANCED_FACE('',(#137),#50,.T.);
#2194=ADVANCED_FACE('',(#138),#2108,.T.);
#2195=ADVANCED_FACE('',(#139),#51,.T.);
#2196=ADVANCED_FACE('',(#140),#2109,.T.);
#2197=ADVANCED_FACE('',(#141),#2110,.F.);
#2198=ADVANCED_FACE('',(#142,#18),#52,.F.);
#2199=ADVANCED_FACE('',(#143,#19),#53,.F.);
#2200=ADVANCED_FACE('',(#144),#2111,.T.);
#2201=ADVANCED_FACE('',(#145,#20),#54,.T.);
#2202=ADVANCED_FACE('',(#146,#21),#55,.F.);
#2203=ADVANCED_FACE('',(#147),#2112,.T.);
#2204=ADVANCED_FACE('',(#148,#22),#56,.T.);
#2205=ADVANCED_FACE('',(#149),#57,.T.);
#2206=ADVANCED_FACE('',(#150),#2113,.T.);
#2207=ADVANCED_FACE('',(#151),#58,.T.);
#2208=ADVANCED_FACE('',(#152),#2114,.T.);
#2209=ADVANCED_FACE('',(#153),#59,.T.);
#2210=ADVANCED_FACE('',(#154),#2115,.T.);
#2211=ADVANCED_FACE('',(#155),#60,.T.);
#2212=ADVANCED_FACE('',(#156),#2116,.T.);
#2213=ADVANCED_FACE('',(#157),#61,.T.);
#2214=ADVANCED_FACE('',(#158),#2117,.T.);
#2215=ADVANCED_FACE('',(#159),#62,.T.);
#2216=ADVANCED_FACE('',(#160),#2118,.T.);
#2217=ADVANCED_FACE('',(#161),#63,.T.);
#2218=ADVANCED_FACE('',(#162),#2119,.T.);
#2219=ADVANCED_FACE('',(#163),#64,.T.);
#2220=ADVANCED_FACE('',(#164),#2120,.T.);
#2221=ADVANCED_FACE('',(#165),#65,.T.);
#2222=ADVANCED_FACE('',(#166),#2121,.T.);
#2223=ADVANCED_FACE('',(#167),#66,.T.);
#2224=ADVANCED_FACE('',(#168),#2122,.T.);
#2225=ADVANCED_FACE('',(#169),#67,.T.);
#2226=ADVANCED_FACE('',(#170),#2123,.T.);
#2227=ADVANCED_FACE('',(#171),#68,.T.);
#2228=ADVANCED_FACE('',(#172),#2124,.T.);
#2229=ADVANCED_FACE('',(#173),#69,.T.);
#2230=ADVANCED_FACE('',(#174),#2125,.T.);
#2231=ADVANCED_FACE('',(#175),#70,.T.);
#2232=ADVANCED_FACE('',(#176),#2126,.T.);
#2233=ADVANCED_FACE('',(#177),#71,.T.);
#2234=ADVANCED_FACE('',(#178),#2127,.T.);
#2235=ADVANCED_FACE('',(#179),#72,.T.);
#2236=ADVANCED_FACE('',(#180),#2128,.T.);
#2237=ADVANCED_FACE('',(#181),#73,.T.);
#2238=ADVANCED_FACE('',(#182),#2129,.T.);
#2239=ADVANCED_FACE('',(#183),#74,.T.);
#2240=ADVANCED_FACE('',(#184),#2130,.T.);
#2241=ADVANCED_FACE('',(#185),#75,.T.);
#2242=ADVANCED_FACE('',(#186),#2131,.T.);
#2243=ADVANCED_FACE('',(#187),#76,.T.);
#2244=ADVANCED_FACE('',(#188),#2132,.T.);
#2245=ADVANCED_FACE('',(#189),#77,.T.);
#2246=ADVANCED_FACE('',(#190),#2133,.T.);
#2247=ADVANCED_FACE('',(#191),#78,.T.);
#2248=ADVANCED_FACE('',(#192),#2134,.T.);
#2249=ADVANCED_FACE('',(#193),#79,.T.);
#2250=ADVANCED_FACE('',(#194),#2135,.T.);
#2251=ADVANCED_FACE('',(#195),#80,.T.);
#2252=ADVANCED_FACE('',(#196),#2136,.T.);
#2253=ADVANCED_FACE('',(#197),#81,.T.);
#2254=ADVANCED_FACE('',(#198),#2137,.T.);
#2255=ADVANCED_FACE('',(#199),#82,.T.);
#2256=ADVANCED_FACE('',(#200),#2138,.T.);
#2257=CLOSED_SHELL('',(#2139,#2140,#2141,#2142,#2143,#2144,#2145,#2146,
#2147,#2148,#2149,#2150,#2151,#2152,#2153,#2154,#2155,#2156,#2157,#2158,
#2159,#2160,#2161,#2162,#2163,#2164,#2165,#2166,#2167,#2168,#2169,#2170,
#2171,#2172,#2173,#2174,#2175,#2176,#2177,#2178,#2179,#2180,#2181,#2182,
#2183,#2184,#2185,#2186,#2187,#2188,#2189,#2190,#2191,#2192,#2193,#2194,
#2195,#2196,#2197,#2198,#2199,#2200,#2201,#2202,#2203,#2204,#2205,#2206,
#2207,#2208,#2209,#2210,#2211,#2212,#2213,#2214,#2215,#2216,#2217,#2218,
#2219,#2220,#2221,#2222,#2223,#2224,#2225,#2226,#2227,#2228,#2229,#2230,
#2231,#2232,#2233,#2234,#2235,#2236,#2237,#2238,#2239,#2240,#2241,#2242,
#2243,#2244,#2245,#2246,#2247,#2248,#2249,#2250,#2251,#2252,#2253,#2254,
#2255,#2256));
#2258=DERIVED_UNIT_ELEMENT(#2260,1.);
#2259=DERIVED_UNIT_ELEMENT(#3863,-3.);
#2260=(
MASS_UNIT()
NAMED_UNIT(*)
SI_UNIT(.KILO.,.GRAM.)
);
#2261=DERIVED_UNIT((#2258,#2259));
#2262=MEASURE_REPRESENTATION_ITEM('density measure',
POSITIVE_RATIO_MEASURE(7850.),#2261);
#2263=PROPERTY_DEFINITION_REPRESENTATION(#2268,#2265);
#2264=PROPERTY_DEFINITION_REPRESENTATION(#2269,#2266);
#2265=REPRESENTATION('material name',(#2267),#3860);
#2266=REPRESENTATION('density',(#2262),#3860);
#2267=DESCRIPTIVE_REPRESENTATION_ITEM('Steel','Steel');
#2268=PROPERTY_DEFINITION('material property','material name',#3870);
#2269=PROPERTY_DEFINITION('material property','density of part',#3870);
#2270=AXIS2_PLACEMENT_3D('',#3189,#2505,#2506);
#2271=AXIS2_PLACEMENT_3D('',#3190,#2507,#2508);
#2272=AXIS2_PLACEMENT_3D('',#3192,#2509,#2510);
#2273=AXIS2_PLACEMENT_3D('',#3195,#2512,#2513);
#2274=AXIS2_PLACEMENT_3D('',#3196,#2514,#2515);
#2275=AXIS2_PLACEMENT_3D('',#3198,#2516,#2517);
#2276=AXIS2_PLACEMENT_3D('',#3201,#2519,#2520);
#2277=AXIS2_PLACEMENT_3D('',#3202,#2521,#2522);
#2278=AXIS2_PLACEMENT_3D('',#3203,#2523,#2524);
#2279=AXIS2_PLACEMENT_3D('',#3205,#2525,#2526);
#2280=AXIS2_PLACEMENT_3D('',#3210,#2528,#2529);
#2281=AXIS2_PLACEMENT_3D('',#3214,#2531,#2532);
#2282=AXIS2_PLACEMENT_3D('',#3218,#2534,#2535);
#2283=AXIS2_PLACEMENT_3D('',#3222,#2537,#2538);
#2284=AXIS2_PLACEMENT_3D('',#3226,#2540,#2541);
#2285=AXIS2_PLACEMENT_3D('',#3230,#2543,#2544);
#2286=AXIS2_PLACEMENT_3D('',#3234,#2546,#2547);
#2287=AXIS2_PLACEMENT_3D('',#3238,#2549,#2550);
#2288=AXIS2_PLACEMENT_3D('',#3242,#2552,#2553);
#2289=AXIS2_PLACEMENT_3D('',#3246,#2555,#2556);
#2290=AXIS2_PLACEMENT_3D('',#3250,#2558,#2559);
#2291=AXIS2_PLACEMENT_3D('',#3254,#2561,#2562);
#2292=AXIS2_PLACEMENT_3D('',#3258,#2564,#2565);
#2293=AXIS2_PLACEMENT_3D('',#3262,#2567,#2568);
#2294=AXIS2_PLACEMENT_3D('',#3266,#2570,#2571);
#2295=AXIS2_PLACEMENT_3D('',#3270,#2573,#2574);
#2296=AXIS2_PLACEMENT_3D('',#3274,#2576,#2577);
#2297=AXIS2_PLACEMENT_3D('',#3278,#2579,#2580);
#2298=AXIS2_PLACEMENT_3D('',#3282,#2582,#2583);
#2299=AXIS2_PLACEMENT_3D('',#3286,#2585,#2586);
#2300=AXIS2_PLACEMENT_3D('',#3290,#2588,#2589);
#2301=AXIS2_PLACEMENT_3D('',#3294,#2591,#2592);
#2302=AXIS2_PLACEMENT_3D('',#3298,#2594,#2595);
#2303=AXIS2_PLACEMENT_3D('',#3302,#2597,#2598);
#2304=AXIS2_PLACEMENT_3D('',#3306,#2600,#2601);
#2305=AXIS2_PLACEMENT_3D('',#3309,#2603,#2604);
#2306=AXIS2_PLACEMENT_3D('',#3310,#2605,#2606);
#2307=AXIS2_PLACEMENT_3D('',#3312,#2607,#2608);
#2308=AXIS2_PLACEMENT_3D('',#3314,#2610,#2611);
#2309=AXIS2_PLACEMENT_3D('',#3315,#2612,#2613);
#2310=AXIS2_PLACEMENT_3D('',#3321,#2617,#2618);
#2311=AXIS2_PLACEMENT_3D('',#3323,#2619,#2620);
#2312=AXIS2_PLACEMENT_3D('',#3325,#2622,#2623);
#2313=AXIS2_PLACEMENT_3D('',#3329,#2626,#2627);
#2314=AXIS2_PLACEMENT_3D('',#3331,#2628,#2629);
#2315=AXIS2_PLACEMENT_3D('',#3333,#2631,#2632);
#2316=AXIS2_PLACEMENT_3D('',#3337,#2635,#2636);
#2317=AXIS2_PLACEMENT_3D('',#3339,#2637,#2638);
#2318=AXIS2_PLACEMENT_3D('',#3341,#2640,#2641);
#2319=AXIS2_PLACEMENT_3D('',#3345,#2644,#2645);
#2320=AXIS2_PLACEMENT_3D('',#3347,#2646,#2647);
#2321=AXIS2_PLACEMENT_3D('',#3349,#2649,#2650);
#2322=AXIS2_PLACEMENT_3D('',#3353,#2653,#2654);
#2323=AXIS2_PLACEMENT_3D('',#3355,#2655,#2656);
#2324=AXIS2_PLACEMENT_3D('',#3357,#2658,#2659);
#2325=AXIS2_PLACEMENT_3D('',#3361,#2662,#2663);
#2326=AXIS2_PLACEMENT_3D('',#3363,#2664,#2665);
#2327=AXIS2_PLACEMENT_3D('',#3365,#2667,#2668);
#2328=AXIS2_PLACEMENT_3D('',#3369,#2671,#2672);
#2329=AXIS2_PLACEMENT_3D('',#3371,#2673,#2674);
#2330=AXIS2_PLACEMENT_3D('',#3373,#2676,#2677);
#2331=AXIS2_PLACEMENT_3D('',#3377,#2680,#2681);
#2332=AXIS2_PLACEMENT_3D('',#3379,#2682,#2683);
#2333=AXIS2_PLACEMENT_3D('',#3381,#2685,#2686);
#2334=AXIS2_PLACEMENT_3D('',#3385,#2689,#2690);
#2335=AXIS2_PLACEMENT_3D('',#3387,#2691,#2692);
#2336=AXIS2_PLACEMENT_3D('',#3389,#2694,#2695);
#2337=AXIS2_PLACEMENT_3D('',#3393,#2698,#2699);
#2338=AXIS2_PLACEMENT_3D('',#3395,#2700,#2701);
#2339=AXIS2_PLACEMENT_3D('',#3397,#2703,#2704);
#2340=AXIS2_PLACEMENT_3D('',#3401,#2707,#2708);
#2341=AXIS2_PLACEMENT_3D('',#3403,#2709,#2710);
#2342=AXIS2_PLACEMENT_3D('',#3405,#2712,#2713);
#2343=AXIS2_PLACEMENT_3D('',#3409,#2716,#2717);
#2344=AXIS2_PLACEMENT_3D('',#3411,#2718,#2719);
#2345=AXIS2_PLACEMENT_3D('',#3413,#2721,#2722);
#2346=AXIS2_PLACEMENT_3D('',#3417,#2725,#2726);
#2347=AXIS2_PLACEMENT_3D('',#3419,#2727,#2728);
#2348=AXIS2_PLACEMENT_3D('',#3421,#2730,#2731);
#2349=AXIS2_PLACEMENT_3D('',#3425,#2734,#2735);
#2350=AXIS2_PLACEMENT_3D('',#3427,#2736,#2737);
#2351=AXIS2_PLACEMENT_3D('',#3429,#2739,#2740);
#2352=AXIS2_PLACEMENT_3D('',#3433,#2743,#2744);
#2353=AXIS2_PLACEMENT_3D('',#3435,#2745,#2746);
#2354=AXIS2_PLACEMENT_3D('',#3437,#2748,#2749);
#2355=AXIS2_PLACEMENT_3D('',#3441,#2752,#2753);
#2356=AXIS2_PLACEMENT_3D('',#3443,#2754,#2755);
#2357=AXIS2_PLACEMENT_3D('',#3445,#2757,#2758);
#2358=AXIS2_PLACEMENT_3D('',#3449,#2761,#2762);
#2359=AXIS2_PLACEMENT_3D('',#3451,#2763,#2764);
#2360=AXIS2_PLACEMENT_3D('',#3453,#2766,#2767);
#2361=AXIS2_PLACEMENT_3D('',#3457,#2770,#2771);
#2362=AXIS2_PLACEMENT_3D('',#3459,#2772,#2773);
#2363=AXIS2_PLACEMENT_3D('',#3461,#2775,#2776);
#2364=AXIS2_PLACEMENT_3D('',#3465,#2779,#2780);
#2365=AXIS2_PLACEMENT_3D('',#3467,#2781,#2782);
#2366=AXIS2_PLACEMENT_3D('',#3469,#2784,#2785);
#2367=AXIS2_PLACEMENT_3D('',#3473,#2788,#2789);
#2368=AXIS2_PLACEMENT_3D('',#3475,#2790,#2791);
#2369=AXIS2_PLACEMENT_3D('',#3477,#2793,#2794);
#2370=AXIS2_PLACEMENT_3D('',#3481,#2797,#2798);
#2371=AXIS2_PLACEMENT_3D('',#3483,#2799,#2800);
#2372=AXIS2_PLACEMENT_3D('',#3485,#2802,#2803);
#2373=AXIS2_PLACEMENT_3D('',#3489,#2806,#2807);
#2374=AXIS2_PLACEMENT_3D('',#3491,#2808,#2809);
#2375=AXIS2_PLACEMENT_3D('',#3493,#2811,#2812);
#2376=AXIS2_PLACEMENT_3D('',#3497,#2815,#2816);
#2377=AXIS2_PLACEMENT_3D('',#3499,#2817,#2818);
#2378=AXIS2_PLACEMENT_3D('',#3501,#2820,#2821);
#2379=AXIS2_PLACEMENT_3D('',#3505,#2824,#2825);
#2380=AXIS2_PLACEMENT_3D('',#3507,#2826,#2827);
#2381=AXIS2_PLACEMENT_3D('',#3509,#2829,#2830);
#2382=AXIS2_PLACEMENT_3D('',#3513,#2833,#2834);
#2383=AXIS2_PLACEMENT_3D('',#3515,#2835,#2836);
#2384=AXIS2_PLACEMENT_3D('',#3517,#2838,#2839);
#2385=AXIS2_PLACEMENT_3D('',#3521,#2842,#2843);
#2386=AXIS2_PLACEMENT_3D('',#3522,#2844,#2845);
#2387=AXIS2_PLACEMENT_3D('',#3523,#2846,#2847);
#2388=AXIS2_PLACEMENT_3D('',#3525,#2848,#2849);
#2389=AXIS2_PLACEMENT_3D('',#3528,#2851,#2852);
#2390=AXIS2_PLACEMENT_3D('',#3529,#2853,#2854);
#2391=AXIS2_PLACEMENT_3D('',#3530,#2855,#2856);
#2392=AXIS2_PLACEMENT_3D('',#3532,#2857,#2858);
#2393=AXIS2_PLACEMENT_3D('',#3537,#2860,#2861);
#2394=AXIS2_PLACEMENT_3D('',#3541,#2863,#2864);
#2395=AXIS2_PLACEMENT_3D('',#3545,#2866,#2867);
#2396=AXIS2_PLACEMENT_3D('',#3549,#2869,#2870);
#2397=AXIS2_PLACEMENT_3D('',#3553,#2872,#2873);
#2398=AXIS2_PLACEMENT_3D('',#3557,#2875,#2876);
#2399=AXIS2_PLACEMENT_3D('',#3561,#2878,#2879);
#2400=AXIS2_PLACEMENT_3D('',#3565,#2881,#2882);
#2401=AXIS2_PLACEMENT_3D('',#3569,#2884,#2885);
#2402=AXIS2_PLACEMENT_3D('',#3573,#2887,#2888);
#2403=AXIS2_PLACEMENT_3D('',#3577,#2890,#2891);
#2404=AXIS2_PLACEMENT_3D('',#3581,#2893,#2894);
#2405=AXIS2_PLACEMENT_3D('',#3585,#2896,#2897);
#2406=AXIS2_PLACEMENT_3D('',#3589,#2899,#2900);
#2407=AXIS2_PLACEMENT_3D('',#3593,#2902,#2903);
#2408=AXIS2_PLACEMENT_3D('',#3597,#2905,#2906);
#2409=AXIS2_PLACEMENT_3D('',#3601,#2908,#2909);
#2410=AXIS2_PLACEMENT_3D('',#3605,#2911,#2912);
#2411=AXIS2_PLACEMENT_3D('',#3609,#2914,#2915);
#2412=AXIS2_PLACEMENT_3D('',#3613,#2917,#2918);
#2413=AXIS2_PLACEMENT_3D('',#3617,#2920,#2921);
#2414=AXIS2_PLACEMENT_3D('',#3621,#2923,#2924);
#2415=AXIS2_PLACEMENT_3D('',#3625,#2926,#2927);
#2416=AXIS2_PLACEMENT_3D('',#3629,#2929,#2930);
#2417=AXIS2_PLACEMENT_3D('',#3633,#2932,#2933);
#2418=AXIS2_PLACEMENT_3D('',#3636,#2935,#2936);
#2419=AXIS2_PLACEMENT_3D('',#3637,#2937,#2938);
#2420=AXIS2_PLACEMENT_3D('',#3639,#2939,#2940);
#2421=AXIS2_PLACEMENT_3D('',#3641,#2942,#2943);
#2422=AXIS2_PLACEMENT_3D('',#3642,#2944,#2945);
#2423=AXIS2_PLACEMENT_3D('',#3644,#2946,#2947);
#2424=AXIS2_PLACEMENT_3D('',#3649,#2949,#2950);
#2425=AXIS2_PLACEMENT_3D('',#3653,#2952,#2953);
#2426=AXIS2_PLACEMENT_3D('',#3657,#2955,#2956);
#2427=AXIS2_PLACEMENT_3D('',#3661,#2958,#2959);
#2428=AXIS2_PLACEMENT_3D('',#3665,#2961,#2962);
#2429=AXIS2_PLACEMENT_3D('',#3669,#2964,#2965);
#2430=AXIS2_PLACEMENT_3D('',#3673,#2967,#2968);
#2431=AXIS2_PLACEMENT_3D('',#3677,#2970,#2971);
#2432=AXIS2_PLACEMENT_3D('',#3681,#2973,#2974);
#2433=AXIS2_PLACEMENT_3D('',#3685,#2976,#2977);
#2434=AXIS2_PLACEMENT_3D('',#3689,#2979,#2980);
#2435=AXIS2_PLACEMENT_3D('',#3693,#2982,#2983);
#2436=AXIS2_PLACEMENT_3D('',#3697,#2985,#2986);
#2437=AXIS2_PLACEMENT_3D('',#3701,#2988,#2989);
#2438=AXIS2_PLACEMENT_3D('',#3705,#2991,#2992);
#2439=AXIS2_PLACEMENT_3D('',#3709,#2994,#2995);
#2440=AXIS2_PLACEMENT_3D('',#3713,#2997,#2998);
#2441=AXIS2_PLACEMENT_3D('',#3717,#3000,#3001);
#2442=AXIS2_PLACEMENT_3D('',#3721,#3003,#3004);
#2443=AXIS2_PLACEMENT_3D('',#3725,#3006,#3007);
#2444=AXIS2_PLACEMENT_3D('',#3729,#3009,#3010);
#2445=AXIS2_PLACEMENT_3D('',#3733,#3012,#3013);
#2446=AXIS2_PLACEMENT_3D('',#3737,#3015,#3016);
#2447=AXIS2_PLACEMENT_3D('',#3741,#3018,#3019);
#2448=AXIS2_PLACEMENT_3D('',#3745,#3021,#3022);
#2449=AXIS2_PLACEMENT_3D('',#3748,#3024,#3025);
#2450=AXIS2_PLACEMENT_3D('',#3749,#3026,#3027);
#2451=AXIS2_PLACEMENT_3D('',#3751,#3028,#3029);
#2452=AXIS2_PLACEMENT_3D('',#3753,#3031,#3032);
#2453=AXIS2_PLACEMENT_3D('',#3754,#3033,#3034);
#2454=AXIS2_PLACEMENT_3D('',#3757,#3037,#3038);
#2455=AXIS2_PLACEMENT_3D('',#3759,#3040,#3041);
#2456=AXIS2_PLACEMENT_3D('',#3761,#3043,#3044);
#2457=AXIS2_PLACEMENT_3D('',#3763,#3046,#3047);
#2458=AXIS2_PLACEMENT_3D('',#3765,#3049,#3050);
#2459=AXIS2_PLACEMENT_3D('',#3767,#3052,#3053);
#2460=AXIS2_PLACEMENT_3D('',#3769,#3055,#3056);
#2461=AXIS2_PLACEMENT_3D('',#3771,#3058,#3059);
#2462=AXIS2_PLACEMENT_3D('',#3773,#3061,#3062);
#2463=AXIS2_PLACEMENT_3D('',#3775,#3064,#3065);
#2464=AXIS2_PLACEMENT_3D('',#3777,#3067,#3068);
#2465=AXIS2_PLACEMENT_3D('',#3779,#3070,#3071);
#2466=AXIS2_PLACEMENT_3D('',#3781,#3073,#3074);
#2467=AXIS2_PLACEMENT_3D('',#3783,#3076,#3077);
#2468=AXIS2_PLACEMENT_3D('',#3785,#3079,#3080);
#2469=AXIS2_PLACEMENT_3D('',#3787,#3082,#3083);
#2470=AXIS2_PLACEMENT_3D('',#3789,#3085,#3086);
#2471=AXIS2_PLACEMENT_3D('',#3791,#3088,#3089);
#2472=AXIS2_PLACEMENT_3D('',#3793,#3091,#3092);
#2473=AXIS2_PLACEMENT_3D('',#3795,#3094,#3095);
#2474=AXIS2_PLACEMENT_3D('',#3797,#3097,#3098);
#2475=AXIS2_PLACEMENT_3D('',#3799,#3100,#3101);
#2476=AXIS2_PLACEMENT_3D('',#3801,#3103,#3104);
#2477=AXIS2_PLACEMENT_3D('',#3803,#3106,#3107);
#2478=AXIS2_PLACEMENT_3D('',#3805,#3109,#3110);
#2479=AXIS2_PLACEMENT_3D('',#3807,#3112,#3113);
#2480=AXIS2_PLACEMENT_3D('',#3809,#3115,#3116);
#2481=AXIS2_PLACEMENT_3D('',#3811,#3118,#3119);
#2482=AXIS2_PLACEMENT_3D('',#3813,#3121,#3122);
#2483=AXIS2_PLACEMENT_3D('',#3815,#3124,#3125);
#2484=AXIS2_PLACEMENT_3D('',#3817,#3127,#3128);
#2485=AXIS2_PLACEMENT_3D('',#3819,#3130,#3131);
#2486=AXIS2_PLACEMENT_3D('',#3821,#3133,#3134);
#2487=AXIS2_PLACEMENT_3D('',#3823,#3136,#3137);
#2488=AXIS2_PLACEMENT_3D('',#3825,#3139,#3140);
#2489=AXIS2_PLACEMENT_3D('',#3827,#3142,#3143);
#2490=AXIS2_PLACEMENT_3D('',#3829,#3145,#3146);
#2491=AXIS2_PLACEMENT_3D('',#3831,#3148,#3149);
#2492=AXIS2_PLACEMENT_3D('',#3833,#3151,#3152);
#2493=AXIS2_PLACEMENT_3D('',#3835,#3154,#3155);
#2494=AXIS2_PLACEMENT_3D('',#3837,#3157,#3158);
#2495=AXIS2_PLACEMENT_3D('',#3839,#3160,#3161);
#2496=AXIS2_PLACEMENT_3D('',#3841,#3163,#3164);
#2497=AXIS2_PLACEMENT_3D('',#3843,#3166,#3167);
#2498=AXIS2_PLACEMENT_3D('',#3845,#3169,#3170);
#2499=AXIS2_PLACEMENT_3D('',#3847,#3172,#3173);
#2500=AXIS2_PLACEMENT_3D('',#3849,#3175,#3176);
#2501=AXIS2_PLACEMENT_3D('',#3851,#3178,#3179);
#2502=AXIS2_PLACEMENT_3D('',#3853,#3181,#3182);
#2503=AXIS2_PLACEMENT_3D('',#3855,#3184,#3185);
#2504=AXIS2_PLACEMENT_3D('',#3857,#3187,#3188);
#2505=DIRECTION('axis',(0.,0.,1.));
#2506=DIRECTION('refdir',(1.,0.,0.));
#2507=DIRECTION('center_axis',(0.,-1.,0.));
#2508=DIRECTION('ref_axis',(-1.,0.,0.));
#2509=DIRECTION('center_axis',(0.,-1.,0.));
#2510=DIRECTION('ref_axis',(-1.,0.,0.));
#2511=DIRECTION('',(0.,-1.,0.));
#2512=DIRECTION('center_axis',(0.,1.,0.));
#2513=DIRECTION('ref_axis',(-1.,0.,0.));
#2514=DIRECTION('center_axis',(0.,-1.,0.));
#2515=DIRECTION('ref_axis',(-1.,0.,0.));
#2516=DIRECTION('center_axis',(0.,-1.,0.));
#2517=DIRECTION('ref_axis',(-1.,0.,0.));
#2518=DIRECTION('',(0.,-1.,0.));
#2519=DIRECTION('center_axis',(0.,-1.,0.));
#2520=DIRECTION('ref_axis',(-1.,0.,0.));
#2521=DIRECTION('center_axis',(0.,1.,0.));
#2522=DIRECTION('ref_axis',(-1.,0.,0.));
#2523=DIRECTION('center_axis',(0.,1.,0.));
#2524=DIRECTION('ref_axis',(-1.,0.,0.));
#2525=DIRECTION('center_axis',(0.,1.,0.));
#2526=DIRECTION('ref_axis',(-1.,0.,0.));
#2527=DIRECTION('',(-0.851586206835983,0.,0.52421458614455));
#2528=DIRECTION('center_axis',(0.,1.,0.));
#2529=DIRECTION('ref_axis',(-0.851586206835984,0.,0.52421458614455));
#2530=DIRECTION('',(-0.792125783379822,0.,0.610357881332668));
#2531=DIRECTION('center_axis',(0.,1.,0.));
#2532=DIRECTION('ref_axis',(0.0523359562429435,0.,0.998629534754574));
#2533=DIRECTION('',(-0.510427472901376,0.,0.859920807346534));
#2534=DIRECTION('center_axis',(0.,1.,0.));
#2535=DIRECTION('ref_axis',(-0.510427472901376,0.,0.859920807346534));
#2536=DIRECTION('',(-0.417745097274102,0.,0.908564270540863));
#2537=DIRECTION('center_axis',(0.,1.,0.));
#2538=DIRECTION('ref_axis',(0.0523359562429435,0.,0.998629534754574));
#2539=DIRECTION('',(-0.0523359562429436,0.,0.998629534754574));
#2540=DIRECTION('center_axis',(0.,1.,0.));
#2541=DIRECTION('ref_axis',(-0.0523359562429436,0.,0.998629534754574));
#2542=DIRECTION('',(0.0523359562429436,0.,0.998629534754574));
#2543=DIRECTION('center_axis',(0.,1.,0.));
#2544=DIRECTION('ref_axis',(0.0523359562429435,0.,0.998629534754574));
#2545=DIRECTION('',(0.417745097274101,0.,0.908564270540864));
#2546=DIRECTION('center_axis',(0.,1.,0.));
#2547=DIRECTION('ref_axis',(0.417745097274101,0.,0.908564270540864));
#2548=DIRECTION('',(0.510427472901375,0.,0.859920807346535));
#2549=DIRECTION('center_axis',(0.,1.,0.));
#2550=DIRECTION('ref_axis',(0.0523359562429435,0.,0.998629534754574));
#2551=DIRECTION('',(0.792125783379822,0.,0.610357881332668));
#2552=DIRECTION('center_axis',(0.,1.,0.));
#2553=DIRECTION('ref_axis',(0.792125783379822,0.,0.610357881332668));
#2554=DIRECTION('',(0.851586206835983,0.,0.52421458614455));
#2555=DIRECTION('center_axis',(0.,1.,0.));
#2556=DIRECTION('ref_axis',(0.0523359562429435,0.,0.998629534754574));
#2557=DIRECTION('',(0.985039998663764,0.,0.172325857121012));
#2558=DIRECTION('center_axis',(0.,1.,0.));
#2559=DIRECTION('ref_axis',(0.985039998663764,0.,0.172325857121012));
#2560=DIRECTION('',(0.997656803510789,0.,0.0684171207274569));
#2561=DIRECTION('center_axis',(0.,1.,0.));
#2562=DIRECTION('ref_axis',(0.0523359562429435,0.,0.998629534754574));
#2563=DIRECTION('',(0.952293421272698,0.,-0.30518394420536));
#2564=DIRECTION('center_axis',(0.,1.,0.));
#2565=DIRECTION('ref_axis',(0.952293421272698,0.,-0.30518394420536));
#2566=DIRECTION('',(0.915176249569114,0.,-0.403053882532611));
#2567=DIRECTION('center_axis',(0.,1.,0.));
#2568=DIRECTION('ref_axis',(0.0523359562429435,0.,0.998629534754574));
#2569=DIRECTION('',(0.701387897447878,0.,-0.71277978177951));
#2570=DIRECTION('center_axis',(0.,1.,0.));
#2571=DIRECTION('ref_axis',(0.701387897447878,0.,-0.71277978177951));
#2572=DIRECTION('',(0.623039845920566,0.,-0.782190098630299));
#2573=DIRECTION('center_axis',(0.,1.,0.));
#2574=DIRECTION('ref_axis',(0.0523359562429435,0.,0.998629534754574));
#2575=DIRECTION('',(0.28980285895822,0.,-0.957086361275534));
#2576=DIRECTION('center_axis',(0.,1.,0.));
#2577=DIRECTION('ref_axis',(0.28980285895822,0.,-0.957086361275534));
#2578=DIRECTION('',(0.188172522015712,0.,-0.982135989544343));
#2579=DIRECTION('center_axis',(0.,1.,0.));
#2580=DIRECTION('ref_axis',(0.0523359562429435,0.,0.998629534754574));
#2581=DIRECTION('',(-0.188172522015711,0.,-0.982135989544343));
#2582=DIRECTION('center_axis',(0.,1.,0.));
#2583=DIRECTION('ref_axis',(-0.188172522015711,0.,-0.982135989544343));
#2584=DIRECTION('',(-0.289802858958219,0.,-0.957086361275534));
#2585=DIRECTION('center_axis',(0.,1.,0.));
#2586=DIRECTION('ref_axis',(0.0523359562429435,0.,0.998629534754574));
#2587=DIRECTION('',(-0.623039845920566,0.,-0.7821900986303));
#2588=DIRECTION('center_axis',(0.,1.,0.));
#2589=DIRECTION('ref_axis',(-0.623039845920566,0.,-0.7821900986303));
#2590=DIRECTION('',(-0.701387897447877,0.,-0.71277978177951));
#2591=DIRECTION('center_axis',(0.,1.,0.));
#2592=DIRECTION('ref_axis',(0.0523359562429435,0.,0.998629534754574));
#2593=DIRECTION('',(-0.915176249569113,0.,-0.403053882532611));
#2594=DIRECTION('center_axis',(0.,1.,0.));
#2595=DIRECTION('ref_axis',(-0.915176249569113,0.,-0.403053882532611));
#2596=DIRECTION('',(-0.952293421272697,0.,-0.305183944205361));
#2597=DIRECTION('center_axis',(0.,1.,0.));
#2598=DIRECTION('ref_axis',(0.0523359562429435,0.,0.998629534754574));
#2599=DIRECTION('',(-0.997656803510789,0.,0.0684171207274556));
#2600=DIRECTION('center_axis',(0.,1.,0.));
#2601=DIRECTION('ref_axis',(-0.997656803510789,0.,0.0684171207274556));
#2602=DIRECTION('',(-0.985039998663764,0.,0.172325857121011));
#2603=DIRECTION('center_axis',(0.,1.,0.));
#2604=DIRECTION('ref_axis',(0.0523359562429435,0.,0.998629534754574));
#2605=DIRECTION('center_axis',(0.,1.,0.));
#2606=DIRECTION('ref_axis',(-1.,0.,0.));
#2607=DIRECTION('center_axis',(0.,1.,0.));
#2608=DIRECTION('ref_axis',(-1.,0.,0.));
#2609=DIRECTION('',(0.,-1.,0.));
#2610=DIRECTION('center_axis',(0.,1.,0.));
#2611=DIRECTION('ref_axis',(-1.,0.,0.));
#2612=DIRECTION('center_axis',(-0.52421458614455,0.,-0.851586206835984));
#2613=DIRECTION('ref_axis',(0.851586206835983,0.,-0.52421458614455));
#2614=DIRECTION('',(0.,-1.,0.));
#2615=DIRECTION('',(0.851586206835983,0.,-0.52421458614455));
#2616=DIRECTION('',(0.,-1.,0.));
#2617=DIRECTION('center_axis',(0.,-1.,0.));
#2618=DIRECTION('ref_axis',(-0.851586206835984,0.,0.52421458614455));
#2619=DIRECTION('center_axis',(0.,-1.,0.));
#2620=DIRECTION('ref_axis',(-0.851586206835984,0.,0.52421458614455));
#2621=DIRECTION('',(0.,-1.,0.));
#2622=DIRECTION('center_axis',(0.610357881332668,0.,0.792125783379822));
#2623=DIRECTION('ref_axis',(-0.792125783379822,0.,0.610357881332668));
#2624=DIRECTION('',(-0.792125783379822,0.,0.610357881332668));
#2625=DIRECTION('',(0.,-1.,0.));
#2626=DIRECTION('center_axis',(0.,-1.,0.));
#2627=DIRECTION('ref_axis',(0.0523359562429435,0.,0.998629534754574));
#2628=DIRECTION('center_axis',(0.,-1.,0.));
#2629=DIRECTION('ref_axis',(0.0523359562429435,0.,0.998629534754574));
#2630=DIRECTION('',(0.,-1.,0.));
#2631=DIRECTION('center_axis',(-0.859920807346534,0.,-0.510427472901376));
#2632=DIRECTION('ref_axis',(0.510427472901376,0.,-0.859920807346534));
#2633=DIRECTION('',(0.510427472901376,0.,-0.859920807346534));
#2634=DIRECTION('',(0.,-1.,0.));
#2635=DIRECTION('center_axis',(0.,-1.,0.));
#2636=DIRECTION('ref_axis',(-0.510427472901376,0.,0.859920807346534));
#2637=DIRECTION('center_axis',(0.,-1.,0.));
#2638=DIRECTION('ref_axis',(-0.510427472901376,0.,0.859920807346534));
#2639=DIRECTION('',(0.,-1.,0.));
#2640=DIRECTION('center_axis',(0.908564270540863,0.,0.417745097274102));
#2641=DIRECTION('ref_axis',(-0.417745097274102,0.,0.908564270540863));
#2642=DIRECTION('',(-0.417745097274102,0.,0.908564270540863));
#2643=DIRECTION('',(0.,-1.,0.));
#2644=DIRECTION('center_axis',(0.,-1.,0.));
#2645=DIRECTION('ref_axis',(0.0523359562429435,0.,0.998629534754574));
#2646=DIRECTION('center_axis',(0.,-1.,0.));
#2647=DIRECTION('ref_axis',(0.0523359562429435,0.,0.998629534754574));
#2648=DIRECTION('',(0.,-1.,0.));
#2649=DIRECTION('center_axis',(-0.998629534754574,0.,-0.0523359562429436));
#2650=DIRECTION('ref_axis',(0.0523359562429436,0.,-0.998629534754574));
#2651=DIRECTION('',(0.0523359562429436,0.,-0.998629534754574));
#2652=DIRECTION('',(0.,-1.,0.));
#2653=DIRECTION('center_axis',(0.,-1.,0.));
#2654=DIRECTION('ref_axis',(-0.0523359562429436,0.,0.998629534754574));
#2655=DIRECTION('center_axis',(0.,-1.,0.));
#2656=DIRECTION('ref_axis',(-0.0523359562429436,0.,0.998629534754574));
#2657=DIRECTION('',(0.,-1.,0.));
#2658=DIRECTION('center_axis',(0.998629534754574,0.,-0.0523359562429436));
#2659=DIRECTION('ref_axis',(0.0523359562429436,0.,0.998629534754574));
#2660=DIRECTION('',(0.0523359562429436,0.,0.998629534754574));
#2661=DIRECTION('',(0.,-1.,0.));
#2662=DIRECTION('center_axis',(0.,-1.,0.));
#2663=DIRECTION('ref_axis',(0.0523359562429435,0.,0.998629534754574));
#2664=DIRECTION('center_axis',(0.,-1.,0.));
#2665=DIRECTION('ref_axis',(0.0523359562429435,0.,0.998629534754574));
#2666=DIRECTION('',(0.,-1.,0.));
#2667=DIRECTION('center_axis',(-0.908564270540864,0.,0.417745097274101));
#2668=DIRECTION('ref_axis',(-0.417745097274101,0.,-0.908564270540864));
#2669=DIRECTION('',(-0.417745097274101,0.,-0.908564270540864));
#2670=DIRECTION('',(0.,-1.,0.));
#2671=DIRECTION('center_axis',(0.,-1.,0.));
#2672=DIRECTION('ref_axis',(0.417745097274101,0.,0.908564270540864));
#2673=DIRECTION('center_axis',(0.,-1.,0.));
#2674=DIRECTION('ref_axis',(0.417745097274101,0.,0.908564270540864));
#2675=DIRECTION('',(0.,-1.,0.));
#2676=DIRECTION('center_axis',(0.859920807346534,0.,-0.510427472901375));
#2677=DIRECTION('ref_axis',(0.510427472901375,0.,0.859920807346535));
#2678=DIRECTION('',(0.510427472901375,0.,0.859920807346535));
#2679=DIRECTION('',(0.,-1.,0.));
#2680=DIRECTION('center_axis',(0.,-1.,0.));
#2681=DIRECTION('ref_axis',(0.0523359562429435,0.,0.998629534754574));
#2682=DIRECTION('center_axis',(0.,-1.,0.));
#2683=DIRECTION('ref_axis',(0.0523359562429435,0.,0.998629534754574));
#2684=DIRECTION('',(0.,-1.,0.));
#2685=DIRECTION('center_axis',(-0.610357881332668,0.,0.792125783379822));
#2686=DIRECTION('ref_axis',(-0.792125783379822,0.,-0.610357881332668));
#2687=DIRECTION('',(-0.792125783379822,0.,-0.610357881332668));
#2688=DIRECTION('',(0.,-1.,0.));
#2689=DIRECTION('center_axis',(0.,-1.,0.));
#2690=DIRECTION('ref_axis',(0.792125783379822,0.,0.610357881332668));
#2691=DIRECTION('center_axis',(0.,-1.,0.));
#2692=DIRECTION('ref_axis',(0.792125783379822,0.,0.610357881332668));
#2693=DIRECTION('',(0.,-1.,0.));
#2694=DIRECTION('center_axis',(0.52421458614455,0.,-0.851586206835983));
#2695=DIRECTION('ref_axis',(0.851586206835983,0.,0.52421458614455));
#2696=DIRECTION('',(0.851586206835983,0.,0.52421458614455));
#2697=DIRECTION('',(0.,-1.,0.));
#2698=DIRECTION('center_axis',(0.,-1.,0.));
#2699=DIRECTION('ref_axis',(0.0523359562429435,0.,0.998629534754574));
#2700=DIRECTION('center_axis',(0.,-1.,0.));
#2701=DIRECTION('ref_axis',(0.0523359562429435,0.,0.998629534754574));
#2702=DIRECTION('',(0.,-1.,0.));
#2703=DIRECTION('center_axis',(-0.172325857121012,0.,0.985039998663764));
#2704=DIRECTION('ref_axis',(-0.985039998663764,0.,-0.172325857121012));
#2705=DIRECTION('',(-0.985039998663764,0.,-0.172325857121012));
#2706=DIRECTION('',(0.,-1.,0.));
#2707=DIRECTION('center_axis',(0.,-1.,0.));
#2708=DIRECTION('ref_axis',(0.985039998663764,0.,0.172325857121012));
#2709=DIRECTION('center_axis',(0.,-1.,0.));
#2710=DIRECTION('ref_axis',(0.985039998663764,0.,0.172325857121012));
#2711=DIRECTION('',(0.,-1.,0.));
#2712=DIRECTION('center_axis',(0.0684171207274569,0.,-0.997656803510789));
#2713=DIRECTION('ref_axis',(0.997656803510789,0.,0.0684171207274569));
#2714=DIRECTION('',(0.997656803510789,0.,0.0684171207274569));
#2715=DIRECTION('',(0.,-1.,0.));
#2716=DIRECTION('center_axis',(0.,-1.,0.));
#2717=DIRECTION('ref_axis',(0.0523359562429435,0.,0.998629534754574));
#2718=DIRECTION('center_axis',(0.,-1.,0.));
#2719=DIRECTION('ref_axis',(0.0523359562429435,0.,0.998629534754574));
#2720=DIRECTION('',(0.,-1.,0.));
#2721=DIRECTION('center_axis',(0.30518394420536,0.,0.952293421272698));
#2722=DIRECTION('ref_axis',(-0.952293421272698,0.,0.30518394420536));
#2723=DIRECTION('',(-0.952293421272698,0.,0.30518394420536));
#2724=DIRECTION('',(0.,-1.,0.));
#2725=DIRECTION('center_axis',(0.,-1.,0.));
#2726=DIRECTION('ref_axis',(0.952293421272698,0.,-0.30518394420536));
#2727=DIRECTION('center_axis',(0.,-1.,0.));
#2728=DIRECTION('ref_axis',(0.952293421272698,0.,-0.30518394420536));
#2729=DIRECTION('',(0.,-1.,0.));
#2730=DIRECTION('center_axis',(-0.403053882532611,0.,-0.915176249569113));
#2731=DIRECTION('ref_axis',(0.915176249569113,0.,-0.403053882532611));
#2732=DIRECTION('',(0.915176249569113,0.,-0.403053882532611));
#2733=DIRECTION('',(0.,-1.,0.));
#2734=DIRECTION('center_axis',(0.,-1.,0.));
#2735=DIRECTION('ref_axis',(0.0523359562429435,0.,0.998629534754574));
#2736=DIRECTION('center_axis',(0.,-1.,0.));
#2737=DIRECTION('ref_axis',(0.0523359562429435,0.,0.998629534754574));
#2738=DIRECTION('',(0.,-1.,0.));
#2739=DIRECTION('center_axis',(0.71277978177951,0.,0.701387897447878));
#2740=DIRECTION('ref_axis',(-0.701387897447878,0.,0.71277978177951));
#2741=DIRECTION('',(-0.701387897447878,0.,0.71277978177951));
#2742=DIRECTION('',(0.,-1.,0.));
#2743=DIRECTION('center_axis',(0.,-1.,0.));
#2744=DIRECTION('ref_axis',(0.701387897447878,0.,-0.71277978177951));
#2745=DIRECTION('center_axis',(0.,-1.,0.));
#2746=DIRECTION('ref_axis',(0.701387897447878,0.,-0.71277978177951));
#2747=DIRECTION('',(0.,-1.,0.));
#2748=DIRECTION('center_axis',(-0.782190098630299,0.,-0.623039845920566));
#2749=DIRECTION('ref_axis',(0.623039845920566,0.,-0.782190098630299));
#2750=DIRECTION('',(0.623039845920566,0.,-0.782190098630299));
#2751=DIRECTION('',(0.,-1.,0.));
#2752=DIRECTION('center_axis',(0.,-1.,0.));
#2753=DIRECTION('ref_axis',(0.0523359562429435,0.,0.998629534754574));
#2754=DIRECTION('center_axis',(0.,-1.,0.));
#2755=DIRECTION('ref_axis',(0.0523359562429435,0.,0.998629534754574));
#2756=DIRECTION('',(0.,-1.,0.));
#2757=DIRECTION('center_axis',(0.957086361275534,0.,0.28980285895822));
#2758=DIRECTION('ref_axis',(-0.28980285895822,0.,0.957086361275534));
#2759=DIRECTION('',(-0.28980285895822,0.,0.957086361275534));
#2760=DIRECTION('',(0.,-1.,0.));
#2761=DIRECTION('center_axis',(0.,-1.,0.));
#2762=DIRECTION('ref_axis',(0.28980285895822,0.,-0.957086361275534));
#2763=DIRECTION('center_axis',(0.,-1.,0.));
#2764=DIRECTION('ref_axis',(0.28980285895822,0.,-0.957086361275534));
#2765=DIRECTION('',(0.,-1.,0.));
#2766=DIRECTION('center_axis',(-0.982135989544343,0.,-0.188172522015712));
#2767=DIRECTION('ref_axis',(0.188172522015712,0.,-0.982135989544343));
#2768=DIRECTION('',(0.188172522015712,0.,-0.982135989544343));
#2769=DIRECTION('',(0.,-1.,0.));
#2770=DIRECTION('center_axis',(0.,-1.,0.));
#2771=DIRECTION('ref_axis',(5.38289951333409E-16,0.,-1.));
#2772=DIRECTION('center_axis',(0.,-1.,0.));
#2773=DIRECTION('ref_axis',(0.0523359562429435,0.,0.998629534754574));
#2774=DIRECTION('',(0.,-1.,0.));
#2775=DIRECTION('center_axis',(0.982135989544343,0.,-0.188172522015711));
#2776=DIRECTION('ref_axis',(0.188172522015711,0.,0.982135989544343));
#2777=DIRECTION('',(0.188172522015711,0.,0.982135989544343));
#2778=DIRECTION('',(0.,-1.,0.));
#2779=DIRECTION('center_axis',(0.,-1.,0.));
#2780=DIRECTION('ref_axis',(-0.188172522015711,0.,-0.982135989544343));
#2781=DIRECTION('center_axis',(0.,-1.,0.));
#2782=DIRECTION('ref_axis',(-0.188172522015711,0.,-0.982135989544343));
#2783=DIRECTION('',(0.,-1.,0.));
#2784=DIRECTION('center_axis',(-0.957086361275534,0.,0.289802858958219));
#2785=DIRECTION('ref_axis',(-0.289802858958219,0.,-0.957086361275534));
#2786=DIRECTION('',(-0.289802858958219,0.,-0.957086361275534));
#2787=DIRECTION('',(0.,-1.,0.));
#2788=DIRECTION('center_axis',(0.,-1.,0.));
#2789=DIRECTION('ref_axis',(0.0523359562429435,0.,0.998629534754574));
#2790=DIRECTION('center_axis',(0.,-1.,0.));
#2791=DIRECTION('ref_axis',(0.0523359562429435,0.,0.998629534754574));
#2792=DIRECTION('',(0.,-1.,0.));
#2793=DIRECTION('center_axis',(0.7821900986303,0.,-0.623039845920566));
#2794=DIRECTION('ref_axis',(0.623039845920566,0.,0.7821900986303));
#2795=DIRECTION('',(0.623039845920566,0.,0.7821900986303));
#2796=DIRECTION('',(0.,-1.,0.));
#2797=DIRECTION('center_axis',(0.,-1.,0.));
#2798=DIRECTION('ref_axis',(-0.623039845920566,0.,-0.7821900986303));
#2799=DIRECTION('center_axis',(0.,-1.,0.));
#2800=DIRECTION('ref_axis',(-0.623039845920566,0.,-0.7821900986303));
#2801=DIRECTION('',(0.,-1.,0.));
#2802=DIRECTION('center_axis',(-0.71277978177951,0.,0.701387897447877));
#2803=DIRECTION('ref_axis',(-0.701387897447877,0.,-0.71277978177951));
#2804=DIRECTION('',(-0.701387897447877,0.,-0.71277978177951));
#2805=DIRECTION('',(0.,-1.,0.));
#2806=DIRECTION('center_axis',(0.,-1.,0.));
#2807=DIRECTION('ref_axis',(0.0523359562429435,0.,0.998629534754574));
#2808=DIRECTION('center_axis',(0.,-1.,0.));
#2809=DIRECTION('ref_axis',(0.0523359562429435,0.,0.998629534754574));
#2810=DIRECTION('',(0.,-1.,0.));
#2811=DIRECTION('center_axis',(0.403053882532611,0.,-0.915176249569113));
#2812=DIRECTION('ref_axis',(0.915176249569113,0.,0.403053882532611));
#2813=DIRECTION('',(0.915176249569113,0.,0.403053882532611));
#2814=DIRECTION('',(0.,-1.,0.));
#2815=DIRECTION('center_axis',(0.,-1.,0.));
#2816=DIRECTION('ref_axis',(-0.915176249569113,0.,-0.403053882532611));
#2817=DIRECTION('center_axis',(0.,-1.,0.));
#2818=DIRECTION('ref_axis',(-0.915176249569113,0.,-0.403053882532611));
#2819=DIRECTION('',(0.,-1.,0.));
#2820=DIRECTION('center_axis',(-0.305183944205361,0.,0.952293421272698));
#2821=DIRECTION('ref_axis',(-0.952293421272697,0.,-0.305183944205361));
#2822=DIRECTION('',(-0.952293421272697,0.,-0.305183944205361));
#2823=DIRECTION('',(0.,-1.,0.));
#2824=DIRECTION('center_axis',(0.,-1.,0.));
#2825=DIRECTION('ref_axis',(0.0523359562429435,0.,0.998629534754574));
#2826=DIRECTION('center_axis',(0.,-1.,0.));
#2827=DIRECTION('ref_axis',(0.0523359562429435,0.,0.998629534754574));
#2828=DIRECTION('',(0.,-1.,0.));
#2829=DIRECTION('center_axis',(-0.0684171207274556,0.,-0.997656803510789));
#2830=DIRECTION('ref_axis',(0.997656803510789,0.,-0.0684171207274556));
#2831=DIRECTION('',(0.997656803510789,0.,-0.0684171207274556));
#2832=DIRECTION('',(0.,-1.,0.));
#2833=DIRECTION('center_axis',(0.,-1.,0.));
#2834=DIRECTION('ref_axis',(-0.997656803510789,0.,0.0684171207274556));
#2835=DIRECTION('center_axis',(0.,-1.,0.));
#2836=DIRECTION('ref_axis',(-0.997656803510789,0.,0.0684171207274556));
#2837=DIRECTION('',(0.,-1.,0.));
#2838=DIRECTION('center_axis',(0.172325857121011,0.,0.985039998663764));
#2839=DIRECTION('ref_axis',(-0.985039998663764,0.,0.172325857121011));
#2840=DIRECTION('',(-0.985039998663764,0.,0.172325857121011));
#2841=DIRECTION('',(0.,-1.,0.));
#2842=DIRECTION('center_axis',(0.,-1.,0.));
#2843=DIRECTION('ref_axis',(0.0523359562429435,0.,0.998629534754574));
#2844=DIRECTION('center_axis',(0.,-1.,0.));
#2845=DIRECTION('ref_axis',(0.0523359562429435,0.,0.998629534754574));
#2846=DIRECTION('center_axis',(0.,-1.,0.));
#2847=DIRECTION('ref_axis',(-1.,0.,0.));
#2848=DIRECTION('center_axis',(0.,1.,0.));
#2849=DIRECTION('ref_axis',(-1.,0.,0.));
#2850=DIRECTION('',(0.,1.,0.));
#2851=DIRECTION('center_axis',(0.,-1.,0.));
#2852=DIRECTION('ref_axis',(-1.,0.,0.));
#2853=DIRECTION('center_axis',(0.,1.,0.));
#2854=DIRECTION('ref_axis',(-1.,0.,0.));
#2855=DIRECTION('center_axis',(0.,-1.,0.));
#2856=DIRECTION('ref_axis',(1.,0.,0.));
#2857=DIRECTION('center_axis',(0.,-1.,0.));
#2858=DIRECTION('ref_axis',(1.,0.,0.));
#2859=DIRECTION('',(0.851586206835983,0.,-0.52421458614455));
#2860=DIRECTION('center_axis',(0.,-1.,0.));
#2861=DIRECTION('ref_axis',(0.0523359562429435,0.,0.998629534754574));
#2862=DIRECTION('',(-0.985039998663764,0.,0.172325857121011));
#2863=DIRECTION('center_axis',(0.,-1.,0.));
#2864=DIRECTION('ref_axis',(-0.997656803510789,0.,0.0684171207274556));
#2865=DIRECTION('',(0.997656803510789,0.,-0.0684171207274556));
#2866=DIRECTION('center_axis',(0.,-1.,0.));
#2867=DIRECTION('ref_axis',(0.0523359562429435,0.,0.998629534754574));
#2868=DIRECTION('',(-0.952293421272697,0.,-0.305183944205361));
#2869=DIRECTION('center_axis',(0.,-1.,0.));
#2870=DIRECTION('ref_axis',(-0.915176249569113,0.,-0.403053882532611));
#2871=DIRECTION('',(0.915176249569113,0.,0.403053882532611));
#2872=DIRECTION('center_axis',(0.,-1.,0.));
#2873=DIRECTION('ref_axis',(0.0523359562429435,0.,0.998629534754574));
#2874=DIRECTION('',(-0.701387897447877,0.,-0.71277978177951));
#2875=DIRECTION('center_axis',(0.,-1.,0.));
#2876=DIRECTION('ref_axis',(-0.623039845920566,0.,-0.7821900986303));
#2877=DIRECTION('',(0.623039845920566,0.,0.7821900986303));
#2878=DIRECTION('center_axis',(0.,-1.,0.));
#2879=DIRECTION('ref_axis',(0.0523359562429435,0.,0.998629534754574));
#2880=DIRECTION('',(-0.289802858958219,0.,-0.957086361275534));
#2881=DIRECTION('center_axis',(0.,-1.,0.));
#2882=DIRECTION('ref_axis',(-0.188172522015711,0.,-0.982135989544343));
#2883=DIRECTION('',(0.188172522015711,0.,0.982135989544343));
#2884=DIRECTION('center_axis',(0.,-1.,0.));
#2885=DIRECTION('ref_axis',(0.0523359562429435,0.,0.998629534754574));
#2886=DIRECTION('',(0.188172522015712,0.,-0.982135989544343));
#2887=DIRECTION('center_axis',(0.,-1.,0.));
#2888=DIRECTION('ref_axis',(0.28980285895822,0.,-0.957086361275534));
#2889=DIRECTION('',(-0.28980285895822,0.,0.957086361275534));
#2890=DIRECTION('center_axis',(0.,-1.,0.));
#2891=DIRECTION('ref_axis',(0.0523359562429435,0.,0.998629534754574));
#2892=DIRECTION('',(0.623039845920566,0.,-0.782190098630299));
#2893=DIRECTION('center_axis',(0.,-1.,0.));
#2894=DIRECTION('ref_axis',(0.701387897447878,0.,-0.71277978177951));
#2895=DIRECTION('',(-0.701387897447878,0.,0.71277978177951));
#2896=DIRECTION('center_axis',(0.,-1.,0.));
#2897=DIRECTION('ref_axis',(0.0523359562429435,0.,0.998629534754574));
#2898=DIRECTION('',(0.915176249569113,0.,-0.403053882532611));
#2899=DIRECTION('center_axis',(0.,-1.,0.));
#2900=DIRECTION('ref_axis',(0.952293421272698,0.,-0.30518394420536));
#2901=DIRECTION('',(-0.952293421272698,0.,0.30518394420536));
#2902=DIRECTION('center_axis',(0.,-1.,0.));
#2903=DIRECTION('ref_axis',(0.0523359562429435,0.,0.998629534754574));
#2904=DIRECTION('',(0.997656803510789,0.,0.0684171207274569));
#2905=DIRECTION('center_axis',(0.,-1.,0.));
#2906=DIRECTION('ref_axis',(0.985039998663764,0.,0.172325857121012));
#2907=DIRECTION('',(-0.985039998663764,0.,-0.172325857121012));
#2908=DIRECTION('center_axis',(0.,-1.,0.));
#2909=DIRECTION('ref_axis',(0.0523359562429435,0.,0.998629534754574));
#2910=DIRECTION('',(0.851586206835983,0.,0.52421458614455));
#2911=DIRECTION('center_axis',(0.,-1.,0.));
#2912=DIRECTION('ref_axis',(0.792125783379822,0.,0.610357881332668));
#2913=DIRECTION('',(-0.792125783379822,0.,-0.610357881332668));
#2914=DIRECTION('center_axis',(0.,-1.,0.));
#2915=DIRECTION('ref_axis',(0.0523359562429435,0.,0.998629534754574));
#2916=DIRECTION('',(0.510427472901375,0.,0.859920807346535));
#2917=DIRECTION('center_axis',(0.,-1.,0.));
#2918=DIRECTION('ref_axis',(0.417745097274101,0.,0.908564270540864));
#2919=DIRECTION('',(-0.417745097274101,0.,-0.908564270540864));
#2920=DIRECTION('center_axis',(0.,-1.,0.));
#2921=DIRECTION('ref_axis',(0.0523359562429435,0.,0.998629534754574));
#2922=DIRECTION('',(0.0523359562429436,0.,0.998629534754574));
#2923=DIRECTION('center_axis',(0.,-1.,0.));
#2924=DIRECTION('ref_axis',(-0.0523359562429436,0.,0.998629534754574));
#2925=DIRECTION('',(0.0523359562429436,0.,-0.998629534754574));
#2926=DIRECTION('center_axis',(0.,-1.,0.));
#2927=DIRECTION('ref_axis',(0.0523359562429435,0.,0.998629534754574));
#2928=DIRECTION('',(-0.417745097274102,0.,0.908564270540863));
#2929=DIRECTION('center_axis',(0.,-1.,0.));
#2930=DIRECTION('ref_axis',(-0.510427472901376,0.,0.859920807346534));
#2931=DIRECTION('',(0.510427472901376,0.,-0.859920807346534));
#2932=DIRECTION('center_axis',(0.,-1.,0.));
#2933=DIRECTION('ref_axis',(0.0523359562429435,0.,0.998629534754574));
#2934=DIRECTION('',(-0.792125783379822,0.,0.610357881332668));
#2935=DIRECTION('center_axis',(0.,-1.,0.));
#2936=DIRECTION('ref_axis',(-0.851586206835984,0.,0.52421458614455));
#2937=DIRECTION('center_axis',(0.,-1.,0.));
#2938=DIRECTION('ref_axis',(1.,0.,0.));
#2939=DIRECTION('center_axis',(0.,-1.,0.));
#2940=DIRECTION('ref_axis',(1.,0.,0.));
#2941=DIRECTION('',(0.,1.,0.));
#2942=DIRECTION('center_axis',(0.,-1.,0.));
#2943=DIRECTION('ref_axis',(1.,0.,0.));
#2944=DIRECTION('center_axis',(0.,1.,0.));
#2945=DIRECTION('ref_axis',(-1.,0.,0.));
#2946=DIRECTION('center_axis',(0.,1.,0.));
#2947=DIRECTION('ref_axis',(-1.,0.,0.));
#2948=DIRECTION('',(-0.851586206835983,0.,0.52421458614455));
#2949=DIRECTION('center_axis',(0.,1.,0.));
#2950=DIRECTION('ref_axis',(-0.851586206835984,0.,0.52421458614455));
#2951=DIRECTION('',(-0.792125783379822,0.,0.610357881332668));
#2952=DIRECTION('center_axis',(0.,1.,0.));
#2953=DIRECTION('ref_axis',(0.0523359562429435,0.,0.998629534754574));
#2954=DIRECTION('',(-0.510427472901376,0.,0.859920807346534));
#2955=DIRECTION('center_axis',(0.,1.,0.));
#2956=DIRECTION('ref_axis',(-0.510427472901376,0.,0.859920807346534));
#2957=DIRECTION('',(-0.417745097274102,0.,0.908564270540863));
#2958=DIRECTION('center_axis',(0.,1.,0.));
#2959=DIRECTION('ref_axis',(0.0523359562429435,0.,0.998629534754574));
#2960=DIRECTION('',(-0.0523359562429436,0.,0.998629534754574));
#2961=DIRECTION('center_axis',(0.,1.,0.));
#2962=DIRECTION('ref_axis',(-0.0523359562429436,0.,0.998629534754574));
#2963=DIRECTION('',(0.0523359562429436,0.,0.998629534754574));
#2964=DIRECTION('center_axis',(0.,1.,0.));
#2965=DIRECTION('ref_axis',(0.0523359562429435,0.,0.998629534754574));
#2966=DIRECTION('',(0.417745097274101,0.,0.908564270540864));
#2967=DIRECTION('center_axis',(0.,1.,0.));
#2968=DIRECTION('ref_axis',(0.417745097274101,0.,0.908564270540864));
#2969=DIRECTION('',(0.510427472901375,0.,0.859920807346535));
#2970=DIRECTION('center_axis',(0.,1.,0.));
#2971=DIRECTION('ref_axis',(0.0523359562429435,0.,0.998629534754574));
#2972=DIRECTION('',(0.792125783379822,0.,0.610357881332668));
#2973=DIRECTION('center_axis',(0.,1.,0.));
#2974=DIRECTION('ref_axis',(0.792125783379822,0.,0.610357881332668));
#2975=DIRECTION('',(0.851586206835983,0.,0.52421458614455));
#2976=DIRECTION('center_axis',(0.,1.,0.));
#2977=DIRECTION('ref_axis',(0.0523359562429435,0.,0.998629534754574));
#2978=DIRECTION('',(0.985039998663764,0.,0.172325857121012));
#2979=DIRECTION('center_axis',(0.,1.,0.));
#2980=DIRECTION('ref_axis',(0.985039998663764,0.,0.172325857121012));
#2981=DIRECTION('',(0.997656803510789,0.,0.0684171207274569));
#2982=DIRECTION('center_axis',(0.,1.,0.));
#2983=DIRECTION('ref_axis',(0.0523359562429435,0.,0.998629534754574));
#2984=DIRECTION('',(0.952293421272698,0.,-0.30518394420536));
#2985=DIRECTION('center_axis',(0.,1.,0.));
#2986=DIRECTION('ref_axis',(0.952293421272698,0.,-0.30518394420536));
#2987=DIRECTION('',(0.915176249569114,0.,-0.403053882532611));
#2988=DIRECTION('center_axis',(0.,1.,0.));
#2989=DIRECTION('ref_axis',(0.0523359562429435,0.,0.998629534754574));
#2990=DIRECTION('',(0.701387897447878,0.,-0.71277978177951));
#2991=DIRECTION('center_axis',(0.,1.,0.));
#2992=DIRECTION('ref_axis',(0.701387897447878,0.,-0.71277978177951));
#2993=DIRECTION('',(0.623039845920566,0.,-0.782190098630299));
#2994=DIRECTION('center_axis',(0.,1.,0.));
#2995=DIRECTION('ref_axis',(0.0523359562429435,0.,0.998629534754574));
#2996=DIRECTION('',(0.28980285895822,0.,-0.957086361275534));
#2997=DIRECTION('center_axis',(0.,1.,0.));
#2998=DIRECTION('ref_axis',(0.28980285895822,0.,-0.957086361275534));
#2999=DIRECTION('',(0.188172522015712,0.,-0.982135989544343));
#3000=DIRECTION('center_axis',(0.,1.,0.));
#3001=DIRECTION('ref_axis',(0.0523359562429435,0.,0.998629534754574));
#3002=DIRECTION('',(-0.188172522015711,0.,-0.982135989544343));
#3003=DIRECTION('center_axis',(0.,1.,0.));
#3004=DIRECTION('ref_axis',(-0.188172522015711,0.,-0.982135989544343));
#3005=DIRECTION('',(-0.289802858958219,0.,-0.957086361275534));
#3006=DIRECTION('center_axis',(0.,1.,0.));
#3007=DIRECTION('ref_axis',(0.0523359562429435,0.,0.998629534754574));
#3008=DIRECTION('',(-0.623039845920566,0.,-0.7821900986303));
#3009=DIRECTION('center_axis',(0.,1.,0.));
#3010=DIRECTION('ref_axis',(-0.623039845920566,0.,-0.7821900986303));
#3011=DIRECTION('',(-0.701387897447877,0.,-0.71277978177951));
#3012=DIRECTION('center_axis',(0.,1.,0.));
#3013=DIRECTION('ref_axis',(0.0523359562429435,0.,0.998629534754574));
#3014=DIRECTION('',(-0.915176249569113,0.,-0.403053882532611));
#3015=DIRECTION('center_axis',(0.,1.,0.));
#3016=DIRECTION('ref_axis',(-0.915176249569113,0.,-0.403053882532611));
#3017=DIRECTION('',(-0.952293421272697,0.,-0.305183944205361));
#3018=DIRECTION('center_axis',(0.,1.,0.));
#3019=DIRECTION('ref_axis',(0.0523359562429435,0.,0.998629534754574));
#3020=DIRECTION('',(-0.997656803510789,0.,0.0684171207274556));
#3021=DIRECTION('center_axis',(0.,1.,0.));
#3022=DIRECTION('ref_axis',(-0.997656803510789,0.,0.0684171207274556));
#3023=DIRECTION('',(-0.985039998663764,0.,0.172325857121011));
#3024=DIRECTION('center_axis',(0.,1.,0.));
#3025=DIRECTION('ref_axis',(0.0523359562429435,0.,0.998629534754574));
#3026=DIRECTION('center_axis',(0.,1.,0.));
#3027=DIRECTION('ref_axis',(-1.,0.,0.));
#3028=DIRECTION('center_axis',(0.,1.,0.));
#3029=DIRECTION('ref_axis',(-1.,0.,0.));
#3030=DIRECTION('',(0.,-1.,0.));
#3031=DIRECTION('center_axis',(0.,1.,0.));
#3032=DIRECTION('ref_axis',(-1.,0.,0.));
#3033=DIRECTION('center_axis',(-0.52421458614455,0.,-0.851586206835984));
#3034=DIRECTION('ref_axis',(0.851586206835983,0.,-0.52421458614455));
#3035=DIRECTION('',(0.,-1.,0.));
#3036=DIRECTION('',(0.,-1.,0.));
#3037=DIRECTION('center_axis',(0.,-1.,0.));
#3038=DIRECTION('ref_axis',(-0.851586206835984,0.,0.52421458614455));
#3039=DIRECTION('',(0.,-1.,0.));
#3040=DIRECTION('center_axis',(0.610357881332668,0.,0.792125783379822));
#3041=DIRECTION('ref_axis',(-0.792125783379822,0.,0.610357881332668));
#3042=DIRECTION('',(0.,-1.,0.));
#3043=DIRECTION('center_axis',(0.,-1.,0.));
#3044=DIRECTION('ref_axis',(0.0523359562429435,0.,0.998629534754574));
#3045=DIRECTION('',(0.,-1.,0.));
#3046=DIRECTION('center_axis',(-0.859920807346534,0.,-0.510427472901376));
#3047=DIRECTION('ref_axis',(0.510427472901376,0.,-0.859920807346534));
#3048=DIRECTION('',(0.,-1.,0.));
#3049=DIRECTION('center_axis',(0.,-1.,0.));
#3050=DIRECTION('ref_axis',(-0.510427472901376,0.,0.859920807346534));
#3051=DIRECTION('',(0.,-1.,0.));
#3052=DIRECTION('center_axis',(0.908564270540863,0.,0.417745097274102));
#3053=DIRECTION('ref_axis',(-0.417745097274102,0.,0.908564270540863));
#3054=DIRECTION('',(0.,-1.,0.));
#3055=DIRECTION('center_axis',(0.,-1.,0.));
#3056=DIRECTION('ref_axis',(0.0523359562429435,0.,0.998629534754574));
#3057=DIRECTION('',(0.,-1.,0.));
#3058=DIRECTION('center_axis',(-0.998629534754574,0.,-0.0523359562429436));
#3059=DIRECTION('ref_axis',(0.0523359562429436,0.,-0.998629534754574));
#3060=DIRECTION('',(0.,-1.,0.));
#3061=DIRECTION('center_axis',(0.,-1.,0.));
#3062=DIRECTION('ref_axis',(-0.0523359562429436,0.,0.998629534754574));
#3063=DIRECTION('',(0.,-1.,0.));
#3064=DIRECTION('center_axis',(0.998629534754574,0.,-0.0523359562429436));
#3065=DIRECTION('ref_axis',(0.0523359562429436,0.,0.998629534754574));
#3066=DIRECTION('',(0.,-1.,0.));
#3067=DIRECTION('center_axis',(0.,-1.,0.));
#3068=DIRECTION('ref_axis',(0.0523359562429435,0.,0.998629534754574));
#3069=DIRECTION('',(0.,-1.,0.));
#3070=DIRECTION('center_axis',(-0.908564270540864,0.,0.417745097274101));
#3071=DIRECTION('ref_axis',(-0.417745097274101,0.,-0.908564270540864));
#3072=DIRECTION('',(0.,-1.,0.));
#3073=DIRECTION('center_axis',(0.,-1.,0.));
#3074=DIRECTION('ref_axis',(0.417745097274101,0.,0.908564270540864));
#3075=DIRECTION('',(0.,-1.,0.));
#3076=DIRECTION('center_axis',(0.859920807346534,0.,-0.510427472901375));
#3077=DIRECTION('ref_axis',(0.510427472901375,0.,0.859920807346535));
#3078=DIRECTION('',(0.,-1.,0.));
#3079=DIRECTION('center_axis',(0.,-1.,0.));
#3080=DIRECTION('ref_axis',(0.0523359562429435,0.,0.998629534754574));
#3081=DIRECTION('',(0.,-1.,0.));
#3082=DIRECTION('center_axis',(-0.610357881332668,0.,0.792125783379822));
#3083=DIRECTION('ref_axis',(-0.792125783379822,0.,-0.610357881332668));
#3084=DIRECTION('',(0.,-1.,0.));
#3085=DIRECTION('center_axis',(0.,-1.,0.));
#3086=DIRECTION('ref_axis',(0.792125783379822,0.,0.610357881332668));
#3087=DIRECTION('',(0.,-1.,0.));
#3088=DIRECTION('center_axis',(0.52421458614455,0.,-0.851586206835983));
#3089=DIRECTION('ref_axis',(0.851586206835983,0.,0.52421458614455));
#3090=DIRECTION('',(0.,-1.,0.));
#3091=DIRECTION('center_axis',(0.,-1.,0.));
#3092=DIRECTION('ref_axis',(0.0523359562429435,0.,0.998629534754574));
#3093=DIRECTION('',(0.,-1.,0.));
#3094=DIRECTION('center_axis',(-0.172325857121012,0.,0.985039998663764));
#3095=DIRECTION('ref_axis',(-0.985039998663764,0.,-0.172325857121012));
#3096=DIRECTION('',(0.,-1.,0.));
#3097=DIRECTION('center_axis',(0.,-1.,0.));
#3098=DIRECTION('ref_axis',(0.985039998663764,0.,0.172325857121012));
#3099=DIRECTION('',(0.,-1.,0.));
#3100=DIRECTION('center_axis',(0.0684171207274569,0.,-0.997656803510789));
#3101=DIRECTION('ref_axis',(0.997656803510789,0.,0.0684171207274569));
#3102=DIRECTION('',(0.,-1.,0.));
#3103=DIRECTION('center_axis',(0.,-1.,0.));
#3104=DIRECTION('ref_axis',(0.0523359562429435,0.,0.998629534754574));
#3105=DIRECTION('',(0.,-1.,0.));
#3106=DIRECTION('center_axis',(0.30518394420536,0.,0.952293421272698));
#3107=DIRECTION('ref_axis',(-0.952293421272698,0.,0.30518394420536));
#3108=DIRECTION('',(0.,-1.,0.));
#3109=DIRECTION('center_axis',(0.,-1.,0.));
#3110=DIRECTION('ref_axis',(0.952293421272698,0.,-0.30518394420536));
#3111=DIRECTION('',(0.,-1.,0.));
#3112=DIRECTION('center_axis',(-0.403053882532611,0.,-0.915176249569113));
#3113=DIRECTION('ref_axis',(0.915176249569113,0.,-0.403053882532611));
#3114=DIRECTION('',(0.,-1.,0.));
#3115=DIRECTION('center_axis',(0.,-1.,0.));
#3116=DIRECTION('ref_axis',(0.0523359562429435,0.,0.998629534754574));
#3117=DIRECTION('',(0.,-1.,0.));
#3118=DIRECTION('center_axis',(0.71277978177951,0.,0.701387897447878));
#3119=DIRECTION('ref_axis',(-0.701387897447878,0.,0.71277978177951));
#3120=DIRECTION('',(0.,-1.,0.));
#3121=DIRECTION('center_axis',(0.,-1.,0.));
#3122=DIRECTION('ref_axis',(0.701387897447878,0.,-0.71277978177951));
#3123=DIRECTION('',(0.,-1.,0.));
#3124=DIRECTION('center_axis',(-0.782190098630299,0.,-0.623039845920566));
#3125=DIRECTION('ref_axis',(0.623039845920566,0.,-0.782190098630299));
#3126=DIRECTION('',(0.,-1.,0.));
#3127=DIRECTION('center_axis',(0.,-1.,0.));
#3128=DIRECTION('ref_axis',(0.0523359562429435,0.,0.998629534754574));
#3129=DIRECTION('',(0.,-1.,0.));
#3130=DIRECTION('center_axis',(0.957086361275534,0.,0.28980285895822));
#3131=DIRECTION('ref_axis',(-0.28980285895822,0.,0.957086361275534));
#3132=DIRECTION('',(0.,-1.,0.));
#3133=DIRECTION('center_axis',(0.,-1.,0.));
#3134=DIRECTION('ref_axis',(0.28980285895822,0.,-0.957086361275534));
#3135=DIRECTION('',(0.,-1.,0.));
#3136=DIRECTION('center_axis',(-0.982135989544343,0.,-0.188172522015712));
#3137=DIRECTION('ref_axis',(0.188172522015712,0.,-0.982135989544343));
#3138=DIRECTION('',(0.,-1.,0.));
#3139=DIRECTION('center_axis',(0.,-1.,0.));
#3140=DIRECTION('ref_axis',(5.38289951333409E-16,0.,-1.));
#3141=DIRECTION('',(0.,-1.,0.));
#3142=DIRECTION('center_axis',(0.982135989544343,0.,-0.188172522015711));
#3143=DIRECTION('ref_axis',(0.188172522015711,0.,0.982135989544343));
#3144=DIRECTION('',(0.,-1.,0.));
#3145=DIRECTION('center_axis',(0.,-1.,0.));
#3146=DIRECTION('ref_axis',(-0.188172522015711,0.,-0.982135989544343));
#3147=DIRECTION('',(0.,-1.,0.));
#3148=DIRECTION('center_axis',(-0.957086361275534,0.,0.289802858958219));
#3149=DIRECTION('ref_axis',(-0.289802858958219,0.,-0.957086361275534));
#3150=DIRECTION('',(0.,-1.,0.));
#3151=DIRECTION('center_axis',(0.,-1.,0.));
#3152=DIRECTION('ref_axis',(0.0523359562429435,0.,0.998629534754574));
#3153=DIRECTION('',(0.,-1.,0.));
#3154=DIRECTION('center_axis',(0.7821900986303,0.,-0.623039845920566));
#3155=DIRECTION('ref_axis',(0.623039845920566,0.,0.7821900986303));
#3156=DIRECTION('',(0.,-1.,0.));
#3157=DIRECTION('center_axis',(0.,-1.,0.));
#3158=DIRECTION('ref_axis',(-0.623039845920566,0.,-0.7821900986303));
#3159=DIRECTION('',(0.,-1.,0.));
#3160=DIRECTION('center_axis',(-0.71277978177951,0.,0.701387897447877));
#3161=DIRECTION('ref_axis',(-0.701387897447877,0.,-0.71277978177951));
#3162=DIRECTION('',(0.,-1.,0.));
#3163=DIRECTION('center_axis',(0.,-1.,0.));
#3164=DIRECTION('ref_axis',(0.0523359562429435,0.,0.998629534754574));
#3165=DIRECTION('',(0.,-1.,0.));
#3166=DIRECTION('center_axis',(0.403053882532611,0.,-0.915176249569113));
#3167=DIRECTION('ref_axis',(0.915176249569113,0.,0.403053882532611));
#3168=DIRECTION('',(0.,-1.,0.));
#3169=DIRECTION('center_axis',(0.,-1.,0.));
#3170=DIRECTION('ref_axis',(-0.915176249569113,0.,-0.403053882532611));
#3171=DIRECTION('',(0.,-1.,0.));
#3172=DIRECTION('center_axis',(-0.305183944205361,0.,0.952293421272698));
#3173=DIRECTION('ref_axis',(-0.952293421272697,0.,-0.305183944205361));
#3174=DIRECTION('',(0.,-1.,0.));
#3175=DIRECTION('center_axis',(0.,-1.,0.));
#3176=DIRECTION('ref_axis',(0.0523359562429435,0.,0.998629534754574));
#3177=DIRECTION('',(0.,-1.,0.));
#3178=DIRECTION('center_axis',(-0.0684171207274556,0.,-0.997656803510789));
#3179=DIRECTION('ref_axis',(0.997656803510789,0.,-0.0684171207274556));
#3180=DIRECTION('',(0.,-1.,0.));
#3181=DIRECTION('center_axis',(0.,-1.,0.));
#3182=DIRECTION('ref_axis',(-0.997656803510789,0.,0.0684171207274556));
#3183=DIRECTION('',(0.,-1.,0.));
#3184=DIRECTION('center_axis',(0.172325857121011,0.,0.985039998663764));
#3185=DIRECTION('ref_axis',(-0.985039998663764,0.,0.172325857121011));
#3186=DIRECTION('',(0.,-1.,0.));
#3187=DIRECTION('center_axis',(0.,-1.,0.));
#3188=DIRECTION('ref_axis',(0.0523359562429435,0.,0.998629534754574));
#3189=CARTESIAN_POINT('',(0.,0.,0.));
#3190=CARTESIAN_POINT('Origin',(-90.,34.,0.));
#3191=CARTESIAN_POINT('',(-85.5,34.,-5.51091059616308E-16));
#3192=CARTESIAN_POINT('Origin',(-90.,34.,0.));
#3193=CARTESIAN_POINT('',(-85.5,-32.,-5.51091059616308E-16));
#3194=CARTESIAN_POINT('',(-85.5,34.,5.51091059616308E-16));
#3195=CARTESIAN_POINT('Origin',(-90.,-32.,0.));
#3196=CARTESIAN_POINT('Origin',(-90.,41.,0.));
#3197=CARTESIAN_POINT('',(-78.75,41.,-1.37772764904077E-15));
#3198=CARTESIAN_POINT('Origin',(-90.,41.,0.));
#3199=CARTESIAN_POINT('',(-78.75,34.,-1.37772764904077E-15));
#3200=CARTESIAN_POINT('',(-78.75,41.,1.37772764904077E-15));
#3201=CARTESIAN_POINT('Origin',(-90.,34.,0.));
#3202=CARTESIAN_POINT('Origin',(-90.,34.,0.));
#3203=CARTESIAN_POINT('Origin',(-90.,39.,0.));
#3204=CARTESIAN_POINT('',(-42.5,39.,-5.81707229594993E-15));
#3205=CARTESIAN_POINT('Origin',(-90.,39.,0.));
#3206=CARTESIAN_POINT('',(-118.102344825587,39.,17.2990813427701));
#3207=CARTESIAN_POINT('',(-126.192413790529,39.,22.2791199111434));
#3208=CARTESIAN_POINT('',(-90.,39.,0.));
#3209=CARTESIAN_POINT('',(-123.665345793642,39.,25.9402099566385));
#3210=CARTESIAN_POINT('Origin',(-90.,39.,0.));
#3211=CARTESIAN_POINT('',(-116.140150851534,39.,20.141810083978));
#3212=CARTESIAN_POINT('',(-90.,39.,0.));
#3213=CARTESIAN_POINT('',(-106.844106605745,39.,28.3773866424356));
#3214=CARTESIAN_POINT('Origin',(-90.,39.,0.));
#3215=CARTESIAN_POINT('',(-111.693167598308,39.,36.5466343122277));
#3216=CARTESIAN_POINT('',(-90.,39.,0.));
#3217=CARTESIAN_POINT('',(-107.754166634149,39.,38.6139814979867));
#3218=CARTESIAN_POINT('Origin',(-90.,39.,0.));
#3219=CARTESIAN_POINT('',(-103.785588210045,39.,29.9826209278485));
#3220=CARTESIAN_POINT('',(-90.,39.,0.));
#3221=CARTESIAN_POINT('',(-91.7270865560172,39.,32.9547746469009));
#3222=CARTESIAN_POINT('Origin',(-90.,39.,0.));
#3223=CARTESIAN_POINT('',(-92.2242781403251,39.,42.4417552270694));
#3224=CARTESIAN_POINT('',(-90.,39.,0.));
#3225=CARTESIAN_POINT('',(-87.7757218596749,39.,42.4417552270694));
#3226=CARTESIAN_POINT('Origin',(-90.,39.,0.));
#3227=CARTESIAN_POINT('',(-88.2729134439829,39.,32.9547746469009));
#3228=CARTESIAN_POINT('',(-90.,39.,0.));
#3229=CARTESIAN_POINT('',(-76.2144117899547,39.,29.9826209278485));
#3230=CARTESIAN_POINT('Origin',(-90.,39.,0.));
#3231=CARTESIAN_POINT('',(-72.2458333658507,39.,38.6139814979867));
#3232=CARTESIAN_POINT('',(-90.,39.,0.));
#3233=CARTESIAN_POINT('',(-68.3068324016916,39.,36.5466343122277));
#3234=CARTESIAN_POINT('Origin',(-90.,39.,0.));
#3235=CARTESIAN_POINT('',(-73.1558933942546,39.,28.3773866424356));
#3236=CARTESIAN_POINT('',(-90.,39.,0.));
#3237=CARTESIAN_POINT('',(-63.8598491484659,39.,20.1418100839781));
#3238=CARTESIAN_POINT('Origin',(-90.,39.,0.));
#3239=CARTESIAN_POINT('',(-56.3346542063576,39.,25.9402099566384));
#3240=CARTESIAN_POINT('',(-90.,39.,0.));
#3241=CARTESIAN_POINT('',(-53.8075862094707,39.,22.2791199111433));
#3242=CARTESIAN_POINT('Origin',(-90.,39.,0.));
#3243=CARTESIAN_POINT('',(-61.8976551744126,39.,17.2990813427702));
#3244=CARTESIAN_POINT('',(-90.,39.,0.));
#3245=CARTESIAN_POINT('',(-57.4936800440958,39.,5.6867532849934));
#3246=CARTESIAN_POINT('Origin',(-90.,39.,0.));
#3247=CARTESIAN_POINT('',(-48.13580005679,39.,7.32384892764301));
#3248=CARTESIAN_POINT('',(-90.,39.,0.));
#3249=CARTESIAN_POINT('',(-47.5995858507915,39.,2.90772763091693));
#3250=CARTESIAN_POINT('Origin',(-90.,39.,0.));
#3251=CARTESIAN_POINT('',(-57.077325484144,39.,2.25776498400608));
#3252=CARTESIAN_POINT('',(-90.,39.,0.));
#3253=CARTESIAN_POINT('',(-58.574317098001,39.,-10.0710701587769));
#3254=CARTESIAN_POINT('Origin',(-90.,39.,0.));
#3255=CARTESIAN_POINT('',(-49.5275295959104,39.,-12.9703176287278));
#3256=CARTESIAN_POINT('',(-90.,39.,0.));
#3257=CARTESIAN_POINT('',(-51.1050093933127,39.,-17.129790007636));
#3258=CARTESIAN_POINT('Origin',(-90.,39.,0.));
#3259=CARTESIAN_POINT('',(-59.7991837642193,39.,-13.3007781235762));
#3260=CARTESIAN_POINT('',(-90.,39.,0.));
#3261=CARTESIAN_POINT('',(-66.85419938422,39.,-23.5217327987238));
#3262=CARTESIAN_POINT('Origin',(-90.,39.,0.));
#3263=CARTESIAN_POINT('',(-60.1910143584652,39.,-30.2931407256292));
#3264=CARTESIAN_POINT('',(-90.,39.,0.));
#3265=CARTESIAN_POINT('',(-63.5208065483759,39.,-33.2430791917877));
#3266=CARTESIAN_POINT('Origin',(-90.,39.,0.));
#3267=CARTESIAN_POINT('',(-69.4396850846213,39.,-25.8122732547999));
#3268=CARTESIAN_POINT('',(-90.,39.,0.));
#3269=CARTESIAN_POINT('',(-80.4365056543787,39.,-31.5838499220926));
#3270=CARTESIAN_POINT('Origin',(-90.,39.,0.));
#3271=CARTESIAN_POINT('',(-77.6833784942757,39.,-40.6761703542102));
#3272=CARTESIAN_POINT('',(-90.,39.,0.));
#3273=CARTESIAN_POINT('',(-82.0026678143323,39.,-41.7407795556346));
#3274=CARTESIAN_POINT('Origin',(-90.,39.,0.));
#3275=CARTESIAN_POINT('',(-83.7903067734815,39.,-32.4104876549633));
#3276=CARTESIAN_POINT('',(-90.,39.,0.));
#3277=CARTESIAN_POINT('',(-96.2096932265185,39.,-32.4104876549633));
#3278=CARTESIAN_POINT('Origin',(-90.,39.,0.));
#3279=CARTESIAN_POINT('',(-97.9973321856677,39.,-41.7407795556346));
#3280=CARTESIAN_POINT('',(-90.,39.,0.));
#3281=CARTESIAN_POINT('',(-102.316621505724,39.,-40.6761703542102));
#3282=CARTESIAN_POINT('Origin',(-90.,39.,0.));
#3283=CARTESIAN_POINT('',(-99.5634943456212,39.,-31.5838499220926));
#3284=CARTESIAN_POINT('',(-90.,39.,0.));
#3285=CARTESIAN_POINT('',(-110.560314915379,39.,-25.8122732547999));
#3286=CARTESIAN_POINT('Origin',(-90.,39.,0.));
#3287=CARTESIAN_POINT('',(-116.479193451624,39.,-33.2430791917877));
#3288=CARTESIAN_POINT('',(-90.,39.,0.));
#3289=CARTESIAN_POINT('',(-119.808985641535,39.,-30.2931407256292));
#3290=CARTESIAN_POINT('Origin',(-90.,39.,0.));
#3291=CARTESIAN_POINT('',(-113.14580061578,39.,-23.5217327987238));
#3292=CARTESIAN_POINT('',(-90.,39.,0.));
#3293=CARTESIAN_POINT('',(-120.200816235781,39.,-13.3007781235762));
#3294=CARTESIAN_POINT('Origin',(-90.,39.,0.));
#3295=CARTESIAN_POINT('',(-128.894990606687,39.,-17.129790007636));
#3296=CARTESIAN_POINT('',(-90.,39.,0.));
#3297=CARTESIAN_POINT('',(-130.47247040409,39.,-12.9703176287278));
#3298=CARTESIAN_POINT('Origin',(-90.,39.,0.));
#3299=CARTESIAN_POINT('',(-121.425682901999,39.,-10.0710701587769));
#3300=CARTESIAN_POINT('',(-90.,39.,0.));
#3301=CARTESIAN_POINT('',(-122.922674515856,39.,2.25776498400604));
#3302=CARTESIAN_POINT('Origin',(-90.,39.,0.));
#3303=CARTESIAN_POINT('',(-132.400414149209,39.,2.90772763091686));
#3304=CARTESIAN_POINT('',(-90.,39.,0.));
#3305=CARTESIAN_POINT('',(-131.86419994321,39.,7.32384892764295));
#3306=CARTESIAN_POINT('Origin',(-90.,39.,0.));
#3307=CARTESIAN_POINT('',(-122.506319955904,39.,5.68675328499336));
#3308=CARTESIAN_POINT('',(-90.,39.,0.));
#3309=CARTESIAN_POINT('Origin',(-90.,39.,0.));
#3310=CARTESIAN_POINT('Origin',(-90.,39.,0.));
#3311=CARTESIAN_POINT('',(-42.5,41.,-5.81707229594993E-15));
#3312=CARTESIAN_POINT('Origin',(-90.,41.,0.));
#3313=CARTESIAN_POINT('',(-42.5,39.,-5.81707229594993E-15));
#3314=CARTESIAN_POINT('Origin',(-90.,41.,0.));
#3315=CARTESIAN_POINT('Origin',(-126.192413790529,39.,22.2791199111434));
#3316=CARTESIAN_POINT('',(-118.102344825587,2.00000000000001,17.2990813427701));
#3317=CARTESIAN_POINT('',(-118.102344825587,39.,17.2990813427701));
#3318=CARTESIAN_POINT('',(-126.192413790529,2.00000000000001,22.2791199111434));
#3319=CARTESIAN_POINT('',(-108.096206895265,2.,11.1395599555717));
#3320=CARTESIAN_POINT('',(-126.192413790529,39.,22.2791199111434));
#3321=CARTESIAN_POINT('Origin',(-90.,39.,0.));
#3322=CARTESIAN_POINT('',(-123.665345793642,2.00000000000001,25.9402099566385));
#3323=CARTESIAN_POINT('Origin',(-90.,2.,0.));
#3324=CARTESIAN_POINT('',(-123.665345793642,39.,25.9402099566385));
#3325=CARTESIAN_POINT('Origin',(-116.140150851534,39.,20.141810083978));
#3326=CARTESIAN_POINT('',(-116.140150851534,2.00000000000001,20.141810083978));
#3327=CARTESIAN_POINT('',(-103.070075425767,2.,10.070905041989));
#3328=CARTESIAN_POINT('',(-116.140150851534,39.,20.141810083978));
#3329=CARTESIAN_POINT('Origin',(-90.,39.,0.));
#3330=CARTESIAN_POINT('',(-106.844106605745,2.00000000000001,28.3773866424356));
#3331=CARTESIAN_POINT('Origin',(-90.,2.,0.));
#3332=CARTESIAN_POINT('',(-106.844106605745,39.,28.3773866424356));
#3333=CARTESIAN_POINT('Origin',(-111.693167598308,39.,36.5466343122277));
#3334=CARTESIAN_POINT('',(-111.693167598308,2.00000000000001,36.5466343122277));
#3335=CARTESIAN_POINT('',(-100.846583799154,2.,18.2733171561138));
#3336=CARTESIAN_POINT('',(-111.693167598308,39.,36.5466343122277));
#3337=CARTESIAN_POINT('Origin',(-90.,39.,0.));
#3338=CARTESIAN_POINT('',(-107.754166634149,2.00000000000001,38.6139814979867));
#3339=CARTESIAN_POINT('Origin',(-90.,2.,0.));
#3340=CARTESIAN_POINT('',(-107.754166634149,39.,38.6139814979867));
#3341=CARTESIAN_POINT('Origin',(-103.785588210045,39.,29.9826209278485));
#3342=CARTESIAN_POINT('',(-103.785588210045,2.00000000000001,29.9826209278485));
#3343=CARTESIAN_POINT('',(-96.8927941050227,2.,14.9913104639243));
#3344=CARTESIAN_POINT('',(-103.785588210045,39.,29.9826209278485));
#3345=CARTESIAN_POINT('Origin',(-90.,39.,0.));
#3346=CARTESIAN_POINT('',(-91.7270865560172,2.00000000000001,32.9547746469009));
#3347=CARTESIAN_POINT('Origin',(-90.,2.,0.));
#3348=CARTESIAN_POINT('',(-91.7270865560172,39.,32.9547746469009));
#3349=CARTESIAN_POINT('Origin',(-92.2242781403251,39.,42.4417552270694));
#3350=CARTESIAN_POINT('',(-92.2242781403251,2.00000000000001,42.4417552270694));
#3351=CARTESIAN_POINT('',(-91.1121390701626,2.,21.2208776135347));
#3352=CARTESIAN_POINT('',(-92.2242781403251,39.,42.4417552270694));
#3353=CARTESIAN_POINT('Origin',(-90.,39.,0.));
#3354=CARTESIAN_POINT('',(-87.7757218596749,2.00000000000001,42.4417552270694));
#3355=CARTESIAN_POINT('Origin',(-90.,2.,0.));
#3356=CARTESIAN_POINT('',(-87.7757218596749,39.,42.4417552270694));
#3357=CARTESIAN_POINT('Origin',(-88.2729134439829,39.,32.9547746469009));
#3358=CARTESIAN_POINT('',(-88.2729134439829,2.00000000000001,32.9547746469009));
#3359=CARTESIAN_POINT('',(-89.1364567219914,2.,16.4773873234505));
#3360=CARTESIAN_POINT('',(-88.2729134439829,39.,32.9547746469009));
#3361=CARTESIAN_POINT('Origin',(-90.,39.,0.));
#3362=CARTESIAN_POINT('',(-76.2144117899547,2.00000000000001,29.9826209278485));
#3363=CARTESIAN_POINT('Origin',(-90.,2.,0.));
#3364=CARTESIAN_POINT('',(-76.2144117899547,39.,29.9826209278485));
#3365=CARTESIAN_POINT('Origin',(-72.2458333658507,39.,38.6139814979867));
#3366=CARTESIAN_POINT('',(-72.2458333658507,2.00000000000001,38.6139814979867));
#3367=CARTESIAN_POINT('',(-81.1229166829254,2.,19.3069907489933));
#3368=CARTESIAN_POINT('',(-72.2458333658507,39.,38.6139814979867));
#3369=CARTESIAN_POINT('Origin',(-90.,39.,0.));
#3370=CARTESIAN_POINT('',(-68.3068324016916,2.00000000000001,36.5466343122277));
#3371=CARTESIAN_POINT('Origin',(-90.,2.,0.));
#3372=CARTESIAN_POINT('',(-68.3068324016916,39.,36.5466343122277));
#3373=CARTESIAN_POINT('Origin',(-73.1558933942546,39.,28.3773866424356));
#3374=CARTESIAN_POINT('',(-73.1558933942546,2.00000000000001,28.3773866424356));
#3375=CARTESIAN_POINT('',(-81.5779466971273,2.,14.1886933212178));
#3376=CARTESIAN_POINT('',(-73.1558933942546,39.,28.3773866424356));
#3377=CARTESIAN_POINT('Origin',(-90.,39.,0.));
#3378=CARTESIAN_POINT('',(-63.8598491484659,2.00000000000001,20.1418100839781));
#3379=CARTESIAN_POINT('Origin',(-90.,2.,0.));
#3380=CARTESIAN_POINT('',(-63.8598491484659,39.,20.1418100839781));
#3381=CARTESIAN_POINT('Origin',(-56.3346542063576,39.,25.9402099566384));
#3382=CARTESIAN_POINT('',(-56.3346542063576,2.00000000000001,25.9402099566384));
#3383=CARTESIAN_POINT('',(-73.1673271031788,2.,12.9701049783192));
#3384=CARTESIAN_POINT('',(-56.3346542063576,39.,25.9402099566384));
#3385=CARTESIAN_POINT('Origin',(-90.,39.,0.));
#3386=CARTESIAN_POINT('',(-53.8075862094707,2.00000000000001,22.2791199111433));
#3387=CARTESIAN_POINT('Origin',(-90.,2.,0.));
#3388=CARTESIAN_POINT('',(-53.8075862094707,39.,22.2791199111433));
#3389=CARTESIAN_POINT('Origin',(-61.8976551744126,39.,17.2990813427702));
#3390=CARTESIAN_POINT('',(-61.8976551744126,2.00000000000001,17.2990813427702));
#3391=CARTESIAN_POINT('',(-75.9488275872063,2.,8.64954067138508));
#3392=CARTESIAN_POINT('',(-61.8976551744126,39.,17.2990813427702));
#3393=CARTESIAN_POINT('Origin',(-90.,39.,0.));
#3394=CARTESIAN_POINT('',(-57.4936800440958,2.00000000000001,5.6867532849934));
#3395=CARTESIAN_POINT('Origin',(-90.,2.,0.));
#3396=CARTESIAN_POINT('',(-57.4936800440958,39.,5.6867532849934));
#3397=CARTESIAN_POINT('Origin',(-48.13580005679,39.,7.32384892764301));
#3398=CARTESIAN_POINT('',(-48.13580005679,2.00000000000001,7.32384892764301));
#3399=CARTESIAN_POINT('',(-69.067900028395,2.,3.66192446382151));
#3400=CARTESIAN_POINT('',(-48.13580005679,39.,7.32384892764301));
#3401=CARTESIAN_POINT('Origin',(-90.,39.,0.));
#3402=CARTESIAN_POINT('',(-47.5995858507915,2.00000000000001,2.90772763091693));
#3403=CARTESIAN_POINT('Origin',(-90.,2.,0.));
#3404=CARTESIAN_POINT('',(-47.5995858507915,39.,2.90772763091693));
#3405=CARTESIAN_POINT('Origin',(-57.077325484144,39.,2.25776498400608));
#3406=CARTESIAN_POINT('',(-57.077325484144,2.00000000000001,2.25776498400608));
#3407=CARTESIAN_POINT('',(-73.538662742072,2.,1.12888249200304));
#3408=CARTESIAN_POINT('',(-57.077325484144,39.,2.25776498400608));
#3409=CARTESIAN_POINT('Origin',(-90.,39.,0.));
#3410=CARTESIAN_POINT('',(-58.574317098001,2.00000000000001,-10.0710701587769));
#3411=CARTESIAN_POINT('Origin',(-90.,2.,0.));
#3412=CARTESIAN_POINT('',(-58.574317098001,39.,-10.0710701587769));
#3413=CARTESIAN_POINT('Origin',(-49.5275295959104,39.,-12.9703176287278));
#3414=CARTESIAN_POINT('',(-49.5275295959104,2.00000000000001,-12.9703176287278));
#3415=CARTESIAN_POINT('',(-69.7637647979552,2.,-6.48515881436389));
#3416=CARTESIAN_POINT('',(-49.5275295959104,39.,-12.9703176287278));
#3417=CARTESIAN_POINT('Origin',(-90.,39.,0.));
#3418=CARTESIAN_POINT('',(-51.1050093933127,2.00000000000001,-17.129790007636));
#3419=CARTESIAN_POINT('Origin',(-90.,2.,0.));
#3420=CARTESIAN_POINT('',(-51.1050093933127,39.,-17.129790007636));
#3421=CARTESIAN_POINT('Origin',(-59.7991837642193,39.,-13.3007781235762));
#3422=CARTESIAN_POINT('',(-59.7991837642193,2.00000000000001,-13.3007781235762));
#3423=CARTESIAN_POINT('',(-74.8995918821096,2.,-6.65038906178808));
#3424=CARTESIAN_POINT('',(-59.7991837642193,39.,-13.3007781235762));
#3425=CARTESIAN_POINT('Origin',(-90.,39.,0.));
#3426=CARTESIAN_POINT('',(-66.85419938422,2.00000000000001,-23.5217327987238));
#3427=CARTESIAN_POINT('Origin',(-90.,2.,0.));
#3428=CARTESIAN_POINT('',(-66.85419938422,39.,-23.5217327987238));
#3429=CARTESIAN_POINT('Origin',(-60.1910143584652,39.,-30.2931407256292));
#3430=CARTESIAN_POINT('',(-60.1910143584652,2.00000000000001,-30.2931407256292));
#3431=CARTESIAN_POINT('',(-75.0955071792326,2.,-15.1465703628146));
#3432=CARTESIAN_POINT('',(-60.1910143584652,39.,-30.2931407256292));
#3433=CARTESIAN_POINT('Origin',(-90.,39.,0.));
#3434=CARTESIAN_POINT('',(-63.5208065483759,2.00000000000001,-33.2430791917877));
#3435=CARTESIAN_POINT('Origin',(-90.,2.,0.));
#3436=CARTESIAN_POINT('',(-63.5208065483759,39.,-33.2430791917877));
#3437=CARTESIAN_POINT('Origin',(-69.4396850846213,39.,-25.8122732547999));
#3438=CARTESIAN_POINT('',(-69.4396850846213,2.00000000000001,-25.8122732547999));
#3439=CARTESIAN_POINT('',(-79.7198425423107,2.,-12.9061366273999));
#3440=CARTESIAN_POINT('',(-69.4396850846213,39.,-25.8122732547999));
#3441=CARTESIAN_POINT('Origin',(-90.,39.,0.));
#3442=CARTESIAN_POINT('',(-80.4365056543787,2.00000000000001,-31.5838499220926));
#3443=CARTESIAN_POINT('Origin',(-90.,2.,0.));
#3444=CARTESIAN_POINT('',(-80.4365056543787,39.,-31.5838499220926));
#3445=CARTESIAN_POINT('Origin',(-77.6833784942757,39.,-40.6761703542102));
#3446=CARTESIAN_POINT('',(-77.6833784942757,2.00000000000001,-40.6761703542102));
#3447=CARTESIAN_POINT('',(-83.8416892471378,2.,-20.3380851771051));
#3448=CARTESIAN_POINT('',(-77.6833784942757,39.,-40.6761703542102));
#3449=CARTESIAN_POINT('Origin',(-90.,39.,0.));
#3450=CARTESIAN_POINT('',(-82.0026678143323,2.00000000000001,-41.7407795556346));
#3451=CARTESIAN_POINT('Origin',(-90.,2.,0.));
#3452=CARTESIAN_POINT('',(-82.0026678143323,39.,-41.7407795556346));
#3453=CARTESIAN_POINT('Origin',(-83.7903067734815,39.,-32.4104876549633));
#3454=CARTESIAN_POINT('',(-83.7903067734815,2.00000000000001,-32.4104876549633));
#3455=CARTESIAN_POINT('',(-86.8951533867407,2.,-16.2052438274817));
#3456=CARTESIAN_POINT('',(-83.7903067734815,39.,-32.4104876549633));
#3457=CARTESIAN_POINT('Origin',(-90.,39.,0.));
#3458=CARTESIAN_POINT('',(-96.2096932265185,2.00000000000001,-32.4104876549633));
#3459=CARTESIAN_POINT('Origin',(-90.,2.,0.));
#3460=CARTESIAN_POINT('',(-96.2096932265185,39.,-32.4104876549633));
#3461=CARTESIAN_POINT('Origin',(-97.9973321856677,39.,-41.7407795556346));
#3462=CARTESIAN_POINT('',(-97.9973321856677,2.00000000000001,-41.7407795556346));
#3463=CARTESIAN_POINT('',(-93.9986660928339,2.,-20.8703897778173));
#3464=CARTESIAN_POINT('',(-97.9973321856677,39.,-41.7407795556346));
#3465=CARTESIAN_POINT('Origin',(-90.,39.,0.));
#3466=CARTESIAN_POINT('',(-102.316621505724,2.00000000000001,-40.6761703542102));
#3467=CARTESIAN_POINT('Origin',(-90.,2.,0.));
#3468=CARTESIAN_POINT('',(-102.316621505724,39.,-40.6761703542102));
#3469=CARTESIAN_POINT('Origin',(-99.5634943456212,39.,-31.5838499220926));
#3470=CARTESIAN_POINT('',(-99.5634943456212,2.00000000000001,-31.5838499220926));
#3471=CARTESIAN_POINT('',(-94.7817471728106,2.,-15.7919249610463));
#3472=CARTESIAN_POINT('',(-99.5634943456212,39.,-31.5838499220926));
#3473=CARTESIAN_POINT('Origin',(-90.,39.,0.));
#3474=CARTESIAN_POINT('',(-110.560314915379,2.00000000000001,-25.8122732547999));
#3475=CARTESIAN_POINT('Origin',(-90.,2.,0.));
#3476=CARTESIAN_POINT('',(-110.560314915379,39.,-25.8122732547999));
#3477=CARTESIAN_POINT('Origin',(-116.479193451624,39.,-33.2430791917877));
#3478=CARTESIAN_POINT('',(-116.479193451624,2.00000000000001,-33.2430791917877));
#3479=CARTESIAN_POINT('',(-103.239596725812,2.,-16.6215395958939));
#3480=CARTESIAN_POINT('',(-116.479193451624,39.,-33.2430791917877));
#3481=CARTESIAN_POINT('Origin',(-90.,39.,0.));
#3482=CARTESIAN_POINT('',(-119.808985641535,2.00000000000001,-30.2931407256292));
#3483=CARTESIAN_POINT('Origin',(-90.,2.,0.));
#3484=CARTESIAN_POINT('',(-119.808985641535,39.,-30.2931407256292));
#3485=CARTESIAN_POINT('Origin',(-113.14580061578,39.,-23.5217327987238));
#3486=CARTESIAN_POINT('',(-113.14580061578,2.00000000000001,-23.5217327987238));
#3487=CARTESIAN_POINT('',(-101.57290030789,2.,-11.7608663993619));
#3488=CARTESIAN_POINT('',(-113.14580061578,39.,-23.5217327987238));
#3489=CARTESIAN_POINT('Origin',(-90.,39.,0.));
#3490=CARTESIAN_POINT('',(-120.200816235781,2.00000000000001,-13.3007781235762));
#3491=CARTESIAN_POINT('Origin',(-90.,2.,0.));
#3492=CARTESIAN_POINT('',(-120.200816235781,39.,-13.3007781235762));
#3493=CARTESIAN_POINT('Origin',(-128.894990606687,39.,-17.129790007636));
#3494=CARTESIAN_POINT('',(-128.894990606687,2.00000000000001,-17.129790007636));
#3495=CARTESIAN_POINT('',(-109.447495303344,2.,-8.56489500381799));
#3496=CARTESIAN_POINT('',(-128.894990606687,39.,-17.129790007636));
#3497=CARTESIAN_POINT('Origin',(-90.,39.,0.));
#3498=CARTESIAN_POINT('',(-130.47247040409,2.00000000000001,-12.9703176287278));
#3499=CARTESIAN_POINT('Origin',(-90.,2.,0.));
#3500=CARTESIAN_POINT('',(-130.47247040409,39.,-12.9703176287278));
#3501=CARTESIAN_POINT('Origin',(-121.425682901999,39.,-10.0710701587769));
#3502=CARTESIAN_POINT('',(-121.425682901999,2.00000000000001,-10.0710701587769));
#3503=CARTESIAN_POINT('',(-105.712841451,2.,-5.03553507938845));
#3504=CARTESIAN_POINT('',(-121.425682901999,39.,-10.0710701587769));
#3505=CARTESIAN_POINT('Origin',(-90.,39.,0.));
#3506=CARTESIAN_POINT('',(-122.922674515856,2.00000000000001,2.25776498400604));
#3507=CARTESIAN_POINT('Origin',(-90.,2.,0.));
#3508=CARTESIAN_POINT('',(-122.922674515856,39.,2.25776498400604));
#3509=CARTESIAN_POINT('Origin',(-132.400414149209,39.,2.90772763091686));
#3510=CARTESIAN_POINT('',(-132.400414149209,2.00000000000001,2.90772763091686));
#3511=CARTESIAN_POINT('',(-111.200207074604,2.,1.45386381545843));
#3512=CARTESIAN_POINT('',(-132.400414149209,39.,2.90772763091686));
#3513=CARTESIAN_POINT('Origin',(-90.,39.,0.));
#3514=CARTESIAN_POINT('',(-131.86419994321,2.00000000000001,7.32384892764295));
#3515=CARTESIAN_POINT('Origin',(-90.,2.,0.));
#3516=CARTESIAN_POINT('',(-131.86419994321,39.,7.32384892764295));
#3517=CARTESIAN_POINT('Origin',(-122.506319955904,39.,5.68675328499336));
#3518=CARTESIAN_POINT('',(-122.506319955904,2.00000000000001,5.68675328499336));
#3519=CARTESIAN_POINT('',(-106.253159977952,2.,2.84337664249668));
#3520=CARTESIAN_POINT('',(-122.506319955904,39.,5.68675328499336));
#3521=CARTESIAN_POINT('Origin',(-90.,39.,0.));
#3522=CARTESIAN_POINT('Origin',(-90.,2.,0.));
#3523=CARTESIAN_POINT('Origin',(-90.,-39.,0.));
#3524=CARTESIAN_POINT('',(-78.75,-39.,-1.37772764904077E-15));
#3525=CARTESIAN_POINT('Origin',(-90.,-39.,0.));
#3526=CARTESIAN_POINT('',(-78.75,-32.,-1.37772764904077E-15));
#3527=CARTESIAN_POINT('',(-78.75,-39.,1.37772764904077E-15));
#3528=CARTESIAN_POINT('Origin',(-90.,-32.,0.));
#3529=CARTESIAN_POINT('Origin',(-90.,-32.,0.));
#3530=CARTESIAN_POINT('Origin',(-90.,-37.,0.));
#3531=CARTESIAN_POINT('',(-137.5,-37.,-5.81707229594993E-15));
#3532=CARTESIAN_POINT('Origin',(-90.,-37.,0.));
#3533=CARTESIAN_POINT('',(-126.192413790529,-37.,22.2791199111434));
#3534=CARTESIAN_POINT('',(-118.102344825587,-37.,17.2990813427701));
#3535=CARTESIAN_POINT('',(-90.,-37.,0.));
#3536=CARTESIAN_POINT('',(-122.506319955904,-37.,5.68675328499336));
#3537=CARTESIAN_POINT('Origin',(-90.,-37.,0.));
#3538=CARTESIAN_POINT('',(-131.86419994321,-37.,7.32384892764295));
#3539=CARTESIAN_POINT('',(-90.,-37.,0.));
#3540=CARTESIAN_POINT('',(-132.400414149209,-37.,2.90772763091686));
#3541=CARTESIAN_POINT('Origin',(-90.,-37.,0.));
#3542=CARTESIAN_POINT('',(-122.922674515856,-37.,2.25776498400604));
#3543=CARTESIAN_POINT('',(-90.,-37.,0.));
#3544=CARTESIAN_POINT('',(-121.425682901999,-37.,-10.0710701587769));
#3545=CARTESIAN_POINT('Origin',(-90.,-37.,0.));
#3546=CARTESIAN_POINT('',(-130.47247040409,-37.,-12.9703176287278));
#3547=CARTESIAN_POINT('',(-90.,-37.,0.));
#3548=CARTESIAN_POINT('',(-128.894990606687,-37.,-17.129790007636));
#3549=CARTESIAN_POINT('Origin',(-90.,-37.,0.));
#3550=CARTESIAN_POINT('',(-120.200816235781,-37.,-13.3007781235762));
#3551=CARTESIAN_POINT('',(-90.,-37.,0.));
#3552=CARTESIAN_POINT('',(-113.14580061578,-37.,-23.5217327987238));
#3553=CARTESIAN_POINT('Origin',(-90.,-37.,0.));
#3554=CARTESIAN_POINT('',(-119.808985641535,-37.,-30.2931407256292));
#3555=CARTESIAN_POINT('',(-90.,-37.,0.));
#3556=CARTESIAN_POINT('',(-116.479193451624,-37.,-33.2430791917877));
#3557=CARTESIAN_POINT('Origin',(-90.,-37.,0.));
#3558=CARTESIAN_POINT('',(-110.560314915379,-37.,-25.8122732547999));
#3559=CARTESIAN_POINT('',(-90.,-37.,0.));
#3560=CARTESIAN_POINT('',(-99.5634943456212,-37.,-31.5838499220926));
#3561=CARTESIAN_POINT('Origin',(-90.,-37.,0.));
#3562=CARTESIAN_POINT('',(-102.316621505724,-37.,-40.6761703542102));
#3563=CARTESIAN_POINT('',(-90.,-37.,0.));
#3564=CARTESIAN_POINT('',(-97.9973321856677,-37.,-41.7407795556346));
#3565=CARTESIAN_POINT('Origin',(-90.,-37.,0.));
#3566=CARTESIAN_POINT('',(-96.2096932265185,-37.,-32.4104876549633));
#3567=CARTESIAN_POINT('',(-90.,-37.,0.));
#3568=CARTESIAN_POINT('',(-83.7903067734815,-37.,-32.4104876549633));
#3569=CARTESIAN_POINT('Origin',(-90.,-37.,0.));
#3570=CARTESIAN_POINT('',(-82.0026678143323,-37.,-41.7407795556346));
#3571=CARTESIAN_POINT('',(-90.,-37.,0.));
#3572=CARTESIAN_POINT('',(-77.6833784942757,-37.,-40.6761703542102));
#3573=CARTESIAN_POINT('Origin',(-90.,-37.,0.));
#3574=CARTESIAN_POINT('',(-80.4365056543787,-37.,-31.5838499220926));
#3575=CARTESIAN_POINT('',(-90.,-37.,0.));
#3576=CARTESIAN_POINT('',(-69.4396850846213,-37.,-25.8122732547999));
#3577=CARTESIAN_POINT('Origin',(-90.,-37.,0.));
#3578=CARTESIAN_POINT('',(-63.5208065483759,-37.,-33.2430791917877));
#3579=CARTESIAN_POINT('',(-90.,-37.,0.));
#3580=CARTESIAN_POINT('',(-60.1910143584652,-37.,-30.2931407256292));
#3581=CARTESIAN_POINT('Origin',(-90.,-37.,0.));
#3582=CARTESIAN_POINT('',(-66.85419938422,-37.,-23.5217327987238));
#3583=CARTESIAN_POINT('',(-90.,-37.,0.));
#3584=CARTESIAN_POINT('',(-59.7991837642193,-37.,-13.3007781235762));
#3585=CARTESIAN_POINT('Origin',(-90.,-37.,0.));
#3586=CARTESIAN_POINT('',(-51.1050093933127,-37.,-17.129790007636));
#3587=CARTESIAN_POINT('',(-90.,-37.,0.));
#3588=CARTESIAN_POINT('',(-49.5275295959104,-37.,-12.9703176287278));
#3589=CARTESIAN_POINT('Origin',(-90.,-37.,0.));
#3590=CARTESIAN_POINT('',(-58.574317098001,-37.,-10.0710701587769));
#3591=CARTESIAN_POINT('',(-90.,-37.,0.));
#3592=CARTESIAN_POINT('',(-57.077325484144,-37.,2.25776498400608));
#3593=CARTESIAN_POINT('Origin',(-90.,-37.,0.));
#3594=CARTESIAN_POINT('',(-47.5995858507915,-37.,2.90772763091693));
#3595=CARTESIAN_POINT('',(-90.,-37.,0.));
#3596=CARTESIAN_POINT('',(-48.13580005679,-37.,7.32384892764301));
#3597=CARTESIAN_POINT('Origin',(-90.,-37.,0.));
#3598=CARTESIAN_POINT('',(-57.4936800440958,-37.,5.6867532849934));
#3599=CARTESIAN_POINT('',(-90.,-37.,0.));
#3600=CARTESIAN_POINT('',(-61.8976551744126,-37.,17.2990813427702));
#3601=CARTESIAN_POINT('Origin',(-90.,-37.,0.));
#3602=CARTESIAN_POINT('',(-53.8075862094707,-37.,22.2791199111433));
#3603=CARTESIAN_POINT('',(-90.,-37.,0.));
#3604=CARTESIAN_POINT('',(-56.3346542063576,-37.,25.9402099566384));
#3605=CARTESIAN_POINT('Origin',(-90.,-37.,0.));
#3606=CARTESIAN_POINT('',(-63.8598491484659,-37.,20.1418100839781));
#3607=CARTESIAN_POINT('',(-90.,-37.,0.));
#3608=CARTESIAN_POINT('',(-73.1558933942546,-37.,28.3773866424356));
#3609=CARTESIAN_POINT('Origin',(-90.,-37.,0.));
#3610=CARTESIAN_POINT('',(-68.3068324016916,-37.,36.5466343122277));
#3611=CARTESIAN_POINT('',(-90.,-37.,0.));
#3612=CARTESIAN_POINT('',(-72.2458333658507,-37.,38.6139814979867));
#3613=CARTESIAN_POINT('Origin',(-90.,-37.,0.));
#3614=CARTESIAN_POINT('',(-76.2144117899547,-37.,29.9826209278485));
#3615=CARTESIAN_POINT('',(-90.,-37.,0.));
#3616=CARTESIAN_POINT('',(-88.2729134439829,-37.,32.9547746469009));
#3617=CARTESIAN_POINT('Origin',(-90.,-37.,0.));
#3618=CARTESIAN_POINT('',(-87.7757218596749,-37.,42.4417552270694));
#3619=CARTESIAN_POINT('',(-90.,-37.,0.));
#3620=CARTESIAN_POINT('',(-92.2242781403251,-37.,42.4417552270694));
#3621=CARTESIAN_POINT('Origin',(-90.,-37.,0.));
#3622=CARTESIAN_POINT('',(-91.7270865560172,-37.,32.9547746469009));
#3623=CARTESIAN_POINT('',(-90.,-37.,0.));
#3624=CARTESIAN_POINT('',(-103.785588210045,-37.,29.9826209278485));
#3625=CARTESIAN_POINT('Origin',(-90.,-37.,0.));
#3626=CARTESIAN_POINT('',(-107.754166634149,-37.,38.6139814979867));
#3627=CARTESIAN_POINT('',(-90.,-37.,0.));
#3628=CARTESIAN_POINT('',(-111.693167598308,-37.,36.5466343122277));
#3629=CARTESIAN_POINT('Origin',(-90.,-37.,0.));
#3630=CARTESIAN_POINT('',(-106.844106605745,-37.,28.3773866424356));
#3631=CARTESIAN_POINT('',(-90.,-37.,0.));
#3632=CARTESIAN_POINT('',(-116.140150851534,-37.,20.141810083978));
#3633=CARTESIAN_POINT('Origin',(-90.,-37.,0.));
#3634=CARTESIAN_POINT('',(-123.665345793642,-37.,25.9402099566385));
#3635=CARTESIAN_POINT('',(-90.,-37.,0.));
#3636=CARTESIAN_POINT('Origin',(-90.,-37.,0.));
#3637=CARTESIAN_POINT('Origin',(-90.,-37.,0.));
#3638=CARTESIAN_POINT('',(-137.5,-39.,-5.81707229594993E-15));
#3639=CARTESIAN_POINT('Origin',(-90.,-39.,0.));
#3640=CARTESIAN_POINT('',(-137.5,-37.,-5.81707229594993E-15));
#3641=CARTESIAN_POINT('Origin',(-90.,-39.,0.));
#3642=CARTESIAN_POINT('Origin',(-90.,0.,0.));
#3643=CARTESIAN_POINT('',(-42.5,0.,-5.81707229594993E-15));
#3644=CARTESIAN_POINT('Origin',(-90.,0.,0.));
#3645=CARTESIAN_POINT('',(-118.102344825587,0.,17.2990813427701));
#3646=CARTESIAN_POINT('',(-126.192413790529,0.,22.2791199111434));
#3647=CARTESIAN_POINT('',(-90.,0.,0.));
#3648=CARTESIAN_POINT('',(-123.665345793642,0.,25.9402099566385));
#3649=CARTESIAN_POINT('Origin',(-90.,0.,0.));
#3650=CARTESIAN_POINT('',(-116.140150851534,0.,20.141810083978));
#3651=CARTESIAN_POINT('',(-90.,0.,0.));
#3652=CARTESIAN_POINT('',(-106.844106605745,0.,28.3773866424356));
#3653=CARTESIAN_POINT('Origin',(-90.,0.,0.));
#3654=CARTESIAN_POINT('',(-111.693167598308,0.,36.5466343122277));
#3655=CARTESIAN_POINT('',(-90.,0.,0.));
#3656=CARTESIAN_POINT('',(-107.754166634149,0.,38.6139814979867));
#3657=CARTESIAN_POINT('Origin',(-90.,0.,0.));
#3658=CARTESIAN_POINT('',(-103.785588210045,0.,29.9826209278485));
#3659=CARTESIAN_POINT('',(-90.,0.,0.));
#3660=CARTESIAN_POINT('',(-91.7270865560172,0.,32.9547746469009));
#3661=CARTESIAN_POINT('Origin',(-90.,0.,0.));
#3662=CARTESIAN_POINT('',(-92.2242781403251,0.,42.4417552270694));
#3663=CARTESIAN_POINT('',(-90.,0.,0.));
#3664=CARTESIAN_POINT('',(-87.7757218596749,0.,42.4417552270694));
#3665=CARTESIAN_POINT('Origin',(-90.,0.,0.));
#3666=CARTESIAN_POINT('',(-88.2729134439829,0.,32.9547746469009));
#3667=CARTESIAN_POINT('',(-90.,0.,0.));
#3668=CARTESIAN_POINT('',(-76.2144117899547,0.,29.9826209278485));
#3669=CARTESIAN_POINT('Origin',(-90.,0.,0.));
#3670=CARTESIAN_POINT('',(-72.2458333658507,0.,38.6139814979867));
#3671=CARTESIAN_POINT('',(-90.,0.,0.));
#3672=CARTESIAN_POINT('',(-68.3068324016916,0.,36.5466343122277));
#3673=CARTESIAN_POINT('Origin',(-90.,0.,0.));
#3674=CARTESIAN_POINT('',(-73.1558933942546,0.,28.3773866424356));
#3675=CARTESIAN_POINT('',(-90.,0.,0.));
#3676=CARTESIAN_POINT('',(-63.8598491484659,0.,20.1418100839781));
#3677=CARTESIAN_POINT('Origin',(-90.,0.,0.));
#3678=CARTESIAN_POINT('',(-56.3346542063576,0.,25.9402099566384));
#3679=CARTESIAN_POINT('',(-90.,0.,0.));
#3680=CARTESIAN_POINT('',(-53.8075862094707,0.,22.2791199111433));
#3681=CARTESIAN_POINT('Origin',(-90.,0.,0.));
#3682=CARTESIAN_POINT('',(-61.8976551744126,0.,17.2990813427702));
#3683=CARTESIAN_POINT('',(-90.,0.,0.));
#3684=CARTESIAN_POINT('',(-57.4936800440958,0.,5.6867532849934));
#3685=CARTESIAN_POINT('Origin',(-90.,0.,0.));
#3686=CARTESIAN_POINT('',(-48.13580005679,0.,7.32384892764301));
#3687=CARTESIAN_POINT('',(-90.,0.,0.));
#3688=CARTESIAN_POINT('',(-47.5995858507915,0.,2.90772763091693));
#3689=CARTESIAN_POINT('Origin',(-90.,0.,0.));
#3690=CARTESIAN_POINT('',(-57.077325484144,0.,2.25776498400608));
#3691=CARTESIAN_POINT('',(-90.,0.,0.));
#3692=CARTESIAN_POINT('',(-58.574317098001,0.,-10.0710701587769));
#3693=CARTESIAN_POINT('Origin',(-90.,0.,0.));
#3694=CARTESIAN_POINT('',(-49.5275295959104,0.,-12.9703176287278));
#3695=CARTESIAN_POINT('',(-90.,0.,0.));
#3696=CARTESIAN_POINT('',(-51.1050093933127,0.,-17.129790007636));
#3697=CARTESIAN_POINT('Origin',(-90.,0.,0.));
#3698=CARTESIAN_POINT('',(-59.7991837642193,0.,-13.3007781235762));
#3699=CARTESIAN_POINT('',(-90.,0.,0.));
#3700=CARTESIAN_POINT('',(-66.85419938422,0.,-23.5217327987238));
#3701=CARTESIAN_POINT('Origin',(-90.,0.,0.));
#3702=CARTESIAN_POINT('',(-60.1910143584652,0.,-30.2931407256292));
#3703=CARTESIAN_POINT('',(-90.,0.,0.));
#3704=CARTESIAN_POINT('',(-63.5208065483759,0.,-33.2430791917877));
#3705=CARTESIAN_POINT('Origin',(-90.,0.,0.));
#3706=CARTESIAN_POINT('',(-69.4396850846213,0.,-25.8122732547999));
#3707=CARTESIAN_POINT('',(-90.,0.,0.));
#3708=CARTESIAN_POINT('',(-80.4365056543787,0.,-31.5838499220926));
#3709=CARTESIAN_POINT('Origin',(-90.,0.,0.));
#3710=CARTESIAN_POINT('',(-77.6833784942757,0.,-40.6761703542102));
#3711=CARTESIAN_POINT('',(-90.,0.,0.));
#3712=CARTESIAN_POINT('',(-82.0026678143323,0.,-41.7407795556346));
#3713=CARTESIAN_POINT('Origin',(-90.,0.,0.));
#3714=CARTESIAN_POINT('',(-83.7903067734815,0.,-32.4104876549633));
#3715=CARTESIAN_POINT('',(-90.,0.,0.));
#3716=CARTESIAN_POINT('',(-96.2096932265185,0.,-32.4104876549633));
#3717=CARTESIAN_POINT('Origin',(-90.,0.,0.));
#3718=CARTESIAN_POINT('',(-97.9973321856677,0.,-41.7407795556346));
#3719=CARTESIAN_POINT('',(-90.,0.,0.));
#3720=CARTESIAN_POINT('',(-102.316621505724,0.,-40.6761703542102));
#3721=CARTESIAN_POINT('Origin',(-90.,0.,0.));
#3722=CARTESIAN_POINT('',(-99.5634943456212,0.,-31.5838499220926));
#3723=CARTESIAN_POINT('',(-90.,0.,0.));
#3724=CARTESIAN_POINT('',(-110.560314915379,0.,-25.8122732547999));
#3725=CARTESIAN_POINT('Origin',(-90.,0.,0.));
#3726=CARTESIAN_POINT('',(-116.479193451624,0.,-33.2430791917877));
#3727=CARTESIAN_POINT('',(-90.,0.,0.));
#3728=CARTESIAN_POINT('',(-119.808985641535,0.,-30.2931407256292));
#3729=CARTESIAN_POINT('Origin',(-90.,0.,0.));
#3730=CARTESIAN_POINT('',(-113.14580061578,0.,-23.5217327987238));
#3731=CARTESIAN_POINT('',(-90.,0.,0.));
#3732=CARTESIAN_POINT('',(-120.200816235781,0.,-13.3007781235762));
#3733=CARTESIAN_POINT('Origin',(-90.,0.,0.));
#3734=CARTESIAN_POINT('',(-128.894990606687,0.,-17.129790007636));
#3735=CARTESIAN_POINT('',(-90.,0.,0.));
#3736=CARTESIAN_POINT('',(-130.47247040409,0.,-12.9703176287278));
#3737=CARTESIAN_POINT('Origin',(-90.,0.,0.));
#3738=CARTESIAN_POINT('',(-121.425682901999,0.,-10.0710701587769));
#3739=CARTESIAN_POINT('',(-90.,0.,0.));
#3740=CARTESIAN_POINT('',(-122.922674515856,0.,2.25776498400604));
#3741=CARTESIAN_POINT('Origin',(-90.,0.,0.));
#3742=CARTESIAN_POINT('',(-132.400414149209,0.,2.90772763091686));
#3743=CARTESIAN_POINT('',(-90.,0.,0.));
#3744=CARTESIAN_POINT('',(-131.86419994321,0.,7.32384892764295));
#3745=CARTESIAN_POINT('Origin',(-90.,0.,0.));
#3746=CARTESIAN_POINT('',(-122.506319955904,0.,5.68675328499336));
#3747=CARTESIAN_POINT('',(-90.,0.,0.));
#3748=CARTESIAN_POINT('Origin',(-90.,0.,0.));
#3749=CARTESIAN_POINT('Origin',(-90.,0.,0.));
#3750=CARTESIAN_POINT('',(-42.5,2.,-5.81707229594993E-15));
#3751=CARTESIAN_POINT('Origin',(-90.,2.,0.));
#3752=CARTESIAN_POINT('',(-42.5,0.,-5.81707229594993E-15));
#3753=CARTESIAN_POINT('Origin',(-90.,2.,0.));
#3754=CARTESIAN_POINT('Origin',(-126.192413790529,0.,22.2791199111434));
#3755=CARTESIAN_POINT('',(-118.102344825587,0.,17.2990813427701));
#3756=CARTESIAN_POINT('',(-126.192413790529,0.,22.2791199111434));
#3757=CARTESIAN_POINT('Origin',(-90.,0.,0.));
#3758=CARTESIAN_POINT('',(-123.665345793642,0.,25.9402099566385));
#3759=CARTESIAN_POINT('Origin',(-116.140150851534,0.,20.141810083978));
#3760=CARTESIAN_POINT('',(-116.140150851534,0.,20.141810083978));
#3761=CARTESIAN_POINT('Origin',(-90.,0.,0.));
#3762=CARTESIAN_POINT('',(-106.844106605745,0.,28.3773866424356));
#3763=CARTESIAN_POINT('Origin',(-111.693167598308,0.,36.5466343122277));
#3764=CARTESIAN_POINT('',(-111.693167598308,0.,36.5466343122277));
#3765=CARTESIAN_POINT('Origin',(-90.,0.,0.));
#3766=CARTESIAN_POINT('',(-107.754166634149,0.,38.6139814979867));
#3767=CARTESIAN_POINT('Origin',(-103.785588210045,0.,29.9826209278485));
#3768=CARTESIAN_POINT('',(-103.785588210045,0.,29.9826209278485));
#3769=CARTESIAN_POINT('Origin',(-90.,0.,0.));
#3770=CARTESIAN_POINT('',(-91.7270865560172,0.,32.9547746469009));
#3771=CARTESIAN_POINT('Origin',(-92.2242781403251,0.,42.4417552270694));
#3772=CARTESIAN_POINT('',(-92.2242781403251,0.,42.4417552270694));
#3773=CARTESIAN_POINT('Origin',(-90.,0.,0.));
#3774=CARTESIAN_POINT('',(-87.7757218596749,0.,42.4417552270694));
#3775=CARTESIAN_POINT('Origin',(-88.2729134439829,0.,32.9547746469009));
#3776=CARTESIAN_POINT('',(-88.2729134439829,0.,32.9547746469009));
#3777=CARTESIAN_POINT('Origin',(-90.,0.,0.));
#3778=CARTESIAN_POINT('',(-76.2144117899547,0.,29.9826209278485));
#3779=CARTESIAN_POINT('Origin',(-72.2458333658507,0.,38.6139814979867));
#3780=CARTESIAN_POINT('',(-72.2458333658507,0.,38.6139814979867));
#3781=CARTESIAN_POINT('Origin',(-90.,0.,0.));
#3782=CARTESIAN_POINT('',(-68.3068324016916,0.,36.5466343122277));
#3783=CARTESIAN_POINT('Origin',(-73.1558933942546,0.,28.3773866424356));
#3784=CARTESIAN_POINT('',(-73.1558933942546,0.,28.3773866424356));
#3785=CARTESIAN_POINT('Origin',(-90.,0.,0.));
#3786=CARTESIAN_POINT('',(-63.8598491484659,0.,20.1418100839781));
#3787=CARTESIAN_POINT('Origin',(-56.3346542063576,0.,25.9402099566384));
#3788=CARTESIAN_POINT('',(-56.3346542063576,0.,25.9402099566384));
#3789=CARTESIAN_POINT('Origin',(-90.,0.,0.));
#3790=CARTESIAN_POINT('',(-53.8075862094707,0.,22.2791199111433));
#3791=CARTESIAN_POINT('Origin',(-61.8976551744126,0.,17.2990813427702));
#3792=CARTESIAN_POINT('',(-61.8976551744126,0.,17.2990813427702));
#3793=CARTESIAN_POINT('Origin',(-90.,0.,0.));
#3794=CARTESIAN_POINT('',(-57.4936800440958,0.,5.6867532849934));
#3795=CARTESIAN_POINT('Origin',(-48.13580005679,0.,7.32384892764301));
#3796=CARTESIAN_POINT('',(-48.13580005679,0.,7.32384892764301));
#3797=CARTESIAN_POINT('Origin',(-90.,0.,0.));
#3798=CARTESIAN_POINT('',(-47.5995858507915,0.,2.90772763091693));
#3799=CARTESIAN_POINT('Origin',(-57.077325484144,0.,2.25776498400608));
#3800=CARTESIAN_POINT('',(-57.077325484144,0.,2.25776498400608));
#3801=CARTESIAN_POINT('Origin',(-90.,0.,0.));
#3802=CARTESIAN_POINT('',(-58.574317098001,0.,-10.0710701587769));
#3803=CARTESIAN_POINT('Origin',(-49.5275295959104,0.,-12.9703176287278));
#3804=CARTESIAN_POINT('',(-49.5275295959104,0.,-12.9703176287278));
#3805=CARTESIAN_POINT('Origin',(-90.,0.,0.));
#3806=CARTESIAN_POINT('',(-51.1050093933127,0.,-17.129790007636));
#3807=CARTESIAN_POINT('Origin',(-59.7991837642193,0.,-13.3007781235762));
#3808=CARTESIAN_POINT('',(-59.7991837642193,0.,-13.3007781235762));
#3809=CARTESIAN_POINT('Origin',(-90.,0.,0.));
#3810=CARTESIAN_POINT('',(-66.85419938422,0.,-23.5217327987238));
#3811=CARTESIAN_POINT('Origin',(-60.1910143584652,0.,-30.2931407256292));
#3812=CARTESIAN_POINT('',(-60.1910143584652,0.,-30.2931407256292));
#3813=CARTESIAN_POINT('Origin',(-90.,0.,0.));
#3814=CARTESIAN_POINT('',(-63.5208065483759,0.,-33.2430791917877));
#3815=CARTESIAN_POINT('Origin',(-69.4396850846213,0.,-25.8122732547999));
#3816=CARTESIAN_POINT('',(-69.4396850846213,0.,-25.8122732547999));
#3817=CARTESIAN_POINT('Origin',(-90.,0.,0.));
#3818=CARTESIAN_POINT('',(-80.4365056543787,0.,-31.5838499220926));
#3819=CARTESIAN_POINT('Origin',(-77.6833784942757,0.,-40.6761703542102));
#3820=CARTESIAN_POINT('',(-77.6833784942757,0.,-40.6761703542102));
#3821=CARTESIAN_POINT('Origin',(-90.,0.,0.));
#3822=CARTESIAN_POINT('',(-82.0026678143323,0.,-41.7407795556346));
#3823=CARTESIAN_POINT('Origin',(-83.7903067734815,0.,-32.4104876549633));
#3824=CARTESIAN_POINT('',(-83.7903067734815,0.,-32.4104876549633));
#3825=CARTESIAN_POINT('Origin',(-90.,0.,0.));
#3826=CARTESIAN_POINT('',(-96.2096932265185,0.,-32.4104876549633));
#3827=CARTESIAN_POINT('Origin',(-97.9973321856677,0.,-41.7407795556346));
#3828=CARTESIAN_POINT('',(-97.9973321856677,0.,-41.7407795556346));
#3829=CARTESIAN_POINT('Origin',(-90.,0.,0.));
#3830=CARTESIAN_POINT('',(-102.316621505724,0.,-40.6761703542102));
#3831=CARTESIAN_POINT('Origin',(-99.5634943456212,0.,-31.5838499220926));
#3832=CARTESIAN_POINT('',(-99.5634943456212,0.,-31.5838499220926));
#3833=CARTESIAN_POINT('Origin',(-90.,0.,0.));
#3834=CARTESIAN_POINT('',(-110.560314915379,0.,-25.8122732547999));
#3835=CARTESIAN_POINT('Origin',(-116.479193451624,0.,-33.2430791917877));
#3836=CARTESIAN_POINT('',(-116.479193451624,0.,-33.2430791917877));
#3837=CARTESIAN_POINT('Origin',(-90.,0.,0.));
#3838=CARTESIAN_POINT('',(-119.808985641535,0.,-30.2931407256292));
#3839=CARTESIAN_POINT('Origin',(-113.14580061578,0.,-23.5217327987238));
#3840=CARTESIAN_POINT('',(-113.14580061578,0.,-23.5217327987238));
#3841=CARTESIAN_POINT('Origin',(-90.,0.,0.));
#3842=CARTESIAN_POINT('',(-120.200816235781,0.,-13.3007781235762));
#3843=CARTESIAN_POINT('Origin',(-128.894990606687,0.,-17.129790007636));
#3844=CARTESIAN_POINT('',(-128.894990606687,0.,-17.129790007636));
#3845=CARTESIAN_POINT('Origin',(-90.,0.,0.));
#3846=CARTESIAN_POINT('',(-130.47247040409,0.,-12.9703176287278));
#3847=CARTESIAN_POINT('Origin',(-121.425682901999,0.,-10.0710701587769));
#3848=CARTESIAN_POINT('',(-121.425682901999,0.,-10.0710701587769));
#3849=CARTESIAN_POINT('Origin',(-90.,0.,0.));
#3850=CARTESIAN_POINT('',(-122.922674515856,0.,2.25776498400604));
#3851=CARTESIAN_POINT('Origin',(-132.400414149209,0.,2.90772763091686));
#3852=CARTESIAN_POINT('',(-132.400414149209,0.,2.90772763091686));
#3853=CARTESIAN_POINT('Origin',(-90.,0.,0.));
#3854=CARTESIAN_POINT('',(-131.86419994321,0.,7.32384892764295));
#3855=CARTESIAN_POINT('Origin',(-122.506319955904,0.,5.68675328499336));
#3856=CARTESIAN_POINT('',(-122.506319955904,0.,5.68675328499336));
#3857=CARTESIAN_POINT('Origin',(-90.,0.,0.));
#3858=UNCERTAINTY_MEASURE_WITH_UNIT(LENGTH_MEASURE(0.01),#3862,
'DISTANCE_ACCURACY_VALUE',
'Maximum model space distance between geometric entities at asserted c
onnectivities');
#3859=UNCERTAINTY_MEASURE_WITH_UNIT(LENGTH_MEASURE(0.01),#3862,
'DISTANCE_ACCURACY_VALUE',
'Maximum model space distance between geometric entities at asserted c
onnectivities');
#3860=(
GEOMETRIC_REPRESENTATION_CONTEXT(3)
GLOBAL_UNCERTAINTY_ASSIGNED_CONTEXT((#3858))
GLOBAL_UNIT_ASSIGNED_CONTEXT((#3862,#3864,#3865))
REPRESENTATION_CONTEXT('','3D')
);
#3861=(
GEOMETRIC_REPRESENTATION_CONTEXT(3)
GLOBAL_UNCERTAINTY_ASSIGNED_CONTEXT((#3859))
GLOBAL_UNIT_ASSIGNED_CONTEXT((#3862,#3864,#3865))
REPRESENTATION_CONTEXT('','3D')
);
#3862=(
LENGTH_UNIT()
NAMED_UNIT(*)
SI_UNIT(.MILLI.,.METRE.)
);
#3863=(
LENGTH_UNIT()
NAMED_UNIT(*)
SI_UNIT($,.METRE.)
);
#3864=(
NAMED_UNIT(*)
PLANE_ANGLE_UNIT()
SI_UNIT($,.RADIAN.)
);
#3865=(
NAMED_UNIT(*)
SI_UNIT($,.STERADIAN.)
SOLID_ANGLE_UNIT()
);
#3866=SHAPE_DEFINITION_REPRESENTATION(#3867,#3868);
#3867=PRODUCT_DEFINITION_SHAPE('',$,#3870);
#3868=SHAPE_REPRESENTATION('',(#2270),#3860);
#3869=PRODUCT_DEFINITION_CONTEXT('part definition',#3874,'design');
#3870=PRODUCT_DEFINITION('2025-12-04-19-24-42-015','Flipper_sprocket',#3871,
#3869);
#3871=PRODUCT_DEFINITION_FORMATION('',$,#3876);
#3872=PRODUCT_RELATED_PRODUCT_CATEGORY('Flipper_sprocket',
'Flipper_sprocket',(#3876));
#3873=APPLICATION_PROTOCOL_DEFINITION('international standard',
'automotive_design',2009,#3874);
#3874=APPLICATION_CONTEXT(
'Core Data for Automotive Mechanical Design Process');
#3875=PRODUCT_CONTEXT('part definition',#3874,'mechanical');
#3876=PRODUCT('2025-12-04-19-24-42-015','Flipper_sprocket',$,(#3875));
#3877=PRESENTATION_STYLE_ASSIGNMENT((#3878));
#3878=SURFACE_STYLE_USAGE(.BOTH.,#3879);
#3879=SURFACE_SIDE_STYLE('',(#3880));
#3880=SURFACE_STYLE_FILL_AREA(#3881);
#3881=FILL_AREA_STYLE('Plate',(#3882));
#3882=FILL_AREA_STYLE_COLOUR('Plate',#3883);
#3883=COLOUR_RGB('Plate',0.6,0.6,0.6);
ENDSEC;
END-ISO-10303-21;
